review_item_id,native_case_id,source_case_id,product_id,language,split,field,expected_item,source_page,automated_support_method,monograph_id,monograph_sha256,source_url,human_review_status,reviewer,reviewed_at_utc,notes
pm_review_052281bcacb5654f,hc_pm_pdf_0e64b57edf3df6c4_en,hc_dpd_0e64b57edf3df6c4_en,hc_dpd_0e64b57edf3df6c4,en,development,active_ingredients,"{""name"":""ALLOPURINOL"",""strength"":100,""unit"":""MG""}",1,normalized_name_and_strength,00076177,64a9d380d4c4630e49503040118c5c20ff6b6ce503b1cb026831c955452bd0c8,https://pdf.hres.ca/dpd_pm/00076177.PDF,pending,,,
pm_review_7ae0ae8017837713,hc_pm_pdf_0e64b57edf3df6c4_en,hc_dpd_0e64b57edf3df6c4_en,hc_dpd_0e64b57edf3df6c4,en,development,active_ingredients,"{""name"":""ALLOPURINOL"",""strength"":200,""unit"":""MG""}",1,normalized_name_and_strength,00076177,64a9d380d4c4630e49503040118c5c20ff6b6ce503b1cb026831c955452bd0c8,https://pdf.hres.ca/dpd_pm/00076177.PDF,pending,,,
pm_review_05cfd6843fc91d16,hc_pm_pdf_0e64b57edf3df6c4_en,hc_dpd_0e64b57edf3df6c4_en,hc_dpd_0e64b57edf3df6c4,en,development,active_ingredients,"{""name"":""ALLOPURINOL"",""strength"":300,""unit"":""MG""}",1,normalized_name_and_strength,00076177,64a9d380d4c4630e49503040118c5c20ff6b6ce503b1cb026831c955452bd0c8,https://pdf.hres.ca/dpd_pm/00076177.PDF,pending,,,
pm_review_bbdb5aee39369af8,hc_pm_pdf_0e64b57edf3df6c4_en,hc_dpd_0e64b57edf3df6c4_en,hc_dpd_0e64b57edf3df6c4,en,development,brand_name,APO-ALLOPURINOL TABLETS,1,normalized_exact,00076177,64a9d380d4c4630e49503040118c5c20ff6b6ce503b1cb026831c955452bd0c8,https://pdf.hres.ca/dpd_pm/00076177.PDF,pending,,,
pm_review_abed6c1f844aa0bd,hc_pm_pdf_0e64b57edf3df6c4_en,hc_dpd_0e64b57edf3df6c4_en,hc_dpd_0e64b57edf3df6c4,en,development,dosage_forms,TABLET,1,normalized_exact,00076177,64a9d380d4c4630e49503040118c5c20ff6b6ce503b1cb026831c955452bd0c8,https://pdf.hres.ca/dpd_pm/00076177.PDF,pending,,,
pm_review_e7e8e0c4c3149696,hc_pm_pdf_0e64b57edf3df6c4_en,hc_dpd_0e64b57edf3df6c4_en,hc_dpd_0e64b57edf3df6c4,en,development,routes,ORAL,1,normalized_exact,00076177,64a9d380d4c4630e49503040118c5c20ff6b6ce503b1cb026831c955452bd0c8,https://pdf.hres.ca/dpd_pm/00076177.PDF,pending,,,
pm_review_f93cd990770374a3,hc_pm_pdf_0e64b57edf3df6c4_fr,hc_dpd_0e64b57edf3df6c4_fr,hc_dpd_0e64b57edf3df6c4,fr,development,active_ingredients,"{""name"":""Allopurinol"",""strength"":100,""unit"":""MG""}",1,normalized_name_and_strength,00076178,01c2ec7ee2418efa1da2ebde546187191c4cdcea9201ba151136b86919fd3de1,https://pdf.hres.ca/dpd_pm/00076178.PDF,pending,,,
pm_review_299a4d946ab452c4,hc_pm_pdf_0e64b57edf3df6c4_fr,hc_dpd_0e64b57edf3df6c4_fr,hc_dpd_0e64b57edf3df6c4,fr,development,active_ingredients,"{""name"":""Allopurinol"",""strength"":200,""unit"":""MG""}",1,normalized_name_and_strength,00076178,01c2ec7ee2418efa1da2ebde546187191c4cdcea9201ba151136b86919fd3de1,https://pdf.hres.ca/dpd_pm/00076178.PDF,pending,,,
pm_review_6bd0816c58be32e8,hc_pm_pdf_0e64b57edf3df6c4_fr,hc_dpd_0e64b57edf3df6c4_fr,hc_dpd_0e64b57edf3df6c4,fr,development,active_ingredients,"{""name"":""Allopurinol"",""strength"":300,""unit"":""MG""}",1,normalized_name_and_strength,00076178,01c2ec7ee2418efa1da2ebde546187191c4cdcea9201ba151136b86919fd3de1,https://pdf.hres.ca/dpd_pm/00076178.PDF,pending,,,
pm_review_2dde13ed6f125378,hc_pm_pdf_0e64b57edf3df6c4_fr,hc_dpd_0e64b57edf3df6c4_fr,hc_dpd_0e64b57edf3df6c4,fr,development,brand_name,APO-ALLOPURINOL TABLETS,1,normalized_exact,00076178,01c2ec7ee2418efa1da2ebde546187191c4cdcea9201ba151136b86919fd3de1,https://pdf.hres.ca/dpd_pm/00076178.PDF,pending,,,
pm_review_e10ce89efcd50fa7,hc_pm_pdf_0e64b57edf3df6c4_fr,hc_dpd_0e64b57edf3df6c4_fr,hc_dpd_0e64b57edf3df6c4,fr,development,dosage_forms,Comprimé,1,normalized_exact,00076178,01c2ec7ee2418efa1da2ebde546187191c4cdcea9201ba151136b86919fd3de1,https://pdf.hres.ca/dpd_pm/00076178.PDF,pending,,,
pm_review_a1f34c740478ab0c,hc_pm_pdf_0e64b57edf3df6c4_fr,hc_dpd_0e64b57edf3df6c4_fr,hc_dpd_0e64b57edf3df6c4,fr,development,routes,Orale,1,normalized_exact,00076178,01c2ec7ee2418efa1da2ebde546187191c4cdcea9201ba151136b86919fd3de1,https://pdf.hres.ca/dpd_pm/00076178.PDF,pending,,,
pm_review_0b3729110930adb6,hc_pm_pdf_1189b6a74cab5ab2_en,hc_dpd_1189b6a74cab5ab2_en,hc_dpd_1189b6a74cab5ab2,en,development,active_ingredients,"{""name"":""VARDENAFIL"",""strength"":10,""unit"":""MG""}",1,normalized_name_and_strength,00057041,4d0688800e05b61859a465d03d5e8863d4908fd1317b322405214537c53d6e19,https://pdf.hres.ca/dpd_pm/00057041.PDF,pending,,,
pm_review_0a1773ff29229f64,hc_pm_pdf_1189b6a74cab5ab2_en,hc_dpd_1189b6a74cab5ab2_en,hc_dpd_1189b6a74cab5ab2,en,development,active_ingredients,"{""name"":""VARDENAFIL"",""strength"":20,""unit"":""MG""}",1,normalized_name_and_strength,00057041,4d0688800e05b61859a465d03d5e8863d4908fd1317b322405214537c53d6e19,https://pdf.hres.ca/dpd_pm/00057041.PDF,pending,,,
pm_review_49f63f8796e09e05,hc_pm_pdf_1189b6a74cab5ab2_en,hc_dpd_1189b6a74cab5ab2_en,hc_dpd_1189b6a74cab5ab2,en,development,active_ingredients,"{""name"":""VARDENAFIL"",""strength"":5,""unit"":""MG""}",1,normalized_name_and_strength,00057041,4d0688800e05b61859a465d03d5e8863d4908fd1317b322405214537c53d6e19,https://pdf.hres.ca/dpd_pm/00057041.PDF,pending,,,
pm_review_ed81c6e5205b7b32,hc_pm_pdf_1189b6a74cab5ab2_en,hc_dpd_1189b6a74cab5ab2_en,hc_dpd_1189b6a74cab5ab2,en,development,brand_name,MYLAN-VARDENAFIL,1,normalized_exact,00057041,4d0688800e05b61859a465d03d5e8863d4908fd1317b322405214537c53d6e19,https://pdf.hres.ca/dpd_pm/00057041.PDF,pending,,,
pm_review_066aa1c41c7883d4,hc_pm_pdf_1189b6a74cab5ab2_en,hc_dpd_1189b6a74cab5ab2_en,hc_dpd_1189b6a74cab5ab2,en,development,dosage_forms,TABLET,1,normalized_exact,00057041,4d0688800e05b61859a465d03d5e8863d4908fd1317b322405214537c53d6e19,https://pdf.hres.ca/dpd_pm/00057041.PDF,pending,,,
pm_review_16d98b4bd90c78c4,hc_pm_pdf_1189b6a74cab5ab2_en,hc_dpd_1189b6a74cab5ab2_en,hc_dpd_1189b6a74cab5ab2,en,development,routes,ORAL,3,normalized_exact,00057041,4d0688800e05b61859a465d03d5e8863d4908fd1317b322405214537c53d6e19,https://pdf.hres.ca/dpd_pm/00057041.PDF,pending,,,
pm_review_7a0a650d45ca3383,hc_pm_pdf_1189b6a74cab5ab2_fr,hc_dpd_1189b6a74cab5ab2_fr,hc_dpd_1189b6a74cab5ab2,fr,development,active_ingredients,"{""name"":""Vardénafil"",""strength"":10,""unit"":""MG""}",1,normalized_name_and_strength,00057623,5cd835284ad7fd0e01a2daaa69d465e8dc3872be98f5670087ffe8c235cbec88,https://pdf.hres.ca/dpd_pm/00057623.PDF,pending,,,
pm_review_f3702ebef80c1bad,hc_pm_pdf_1189b6a74cab5ab2_fr,hc_dpd_1189b6a74cab5ab2_fr,hc_dpd_1189b6a74cab5ab2,fr,development,active_ingredients,"{""name"":""Vardénafil"",""strength"":20,""unit"":""MG""}",1,normalized_name_and_strength,00057623,5cd835284ad7fd0e01a2daaa69d465e8dc3872be98f5670087ffe8c235cbec88,https://pdf.hres.ca/dpd_pm/00057623.PDF,pending,,,
pm_review_a0f8c0ab265e24cb,hc_pm_pdf_1189b6a74cab5ab2_fr,hc_dpd_1189b6a74cab5ab2_fr,hc_dpd_1189b6a74cab5ab2,fr,development,active_ingredients,"{""name"":""Vardénafil"",""strength"":5,""unit"":""MG""}",1,normalized_name_and_strength,00057623,5cd835284ad7fd0e01a2daaa69d465e8dc3872be98f5670087ffe8c235cbec88,https://pdf.hres.ca/dpd_pm/00057623.PDF,pending,,,
pm_review_c952915b235068c0,hc_pm_pdf_1189b6a74cab5ab2_fr,hc_dpd_1189b6a74cab5ab2_fr,hc_dpd_1189b6a74cab5ab2,fr,development,brand_name,MYLAN-VARDENAFIL,1,normalized_exact,00057623,5cd835284ad7fd0e01a2daaa69d465e8dc3872be98f5670087ffe8c235cbec88,https://pdf.hres.ca/dpd_pm/00057623.PDF,pending,,,
pm_review_96ac64d5882709cd,hc_pm_pdf_1189b6a74cab5ab2_fr,hc_dpd_1189b6a74cab5ab2_fr,hc_dpd_1189b6a74cab5ab2,fr,development,dosage_forms,Comprimé,1,normalized_exact,00057623,5cd835284ad7fd0e01a2daaa69d465e8dc3872be98f5670087ffe8c235cbec88,https://pdf.hres.ca/dpd_pm/00057623.PDF,pending,,,
pm_review_852331a613efd394,hc_pm_pdf_1189b6a74cab5ab2_fr,hc_dpd_1189b6a74cab5ab2_fr,hc_dpd_1189b6a74cab5ab2,fr,development,routes,Orale,3,normalized_exact,00057623,5cd835284ad7fd0e01a2daaa69d465e8dc3872be98f5670087ffe8c235cbec88,https://pdf.hres.ca/dpd_pm/00057623.PDF,pending,,,
pm_review_03ad2dff5d54787d,hc_pm_pdf_1bcde8f71d81c99f_en,hc_dpd_1bcde8f71d81c99f_en,hc_dpd_1bcde8f71d81c99f,en,development,active_ingredients,"{""name"":""HYDROCORTISONE ACETATE"",""strength"":0.5,""unit"":""%""}",1,normalized_name_and_strength,00069693,8aa5b98848a4325ee6e7dd111d68f9a189c7adda78cc114636f0b76b8eeb85d5,https://pdf.hres.ca/dpd_pm/00069693.PDF,pending,,,
pm_review_6d61006a626d1128,hc_pm_pdf_1bcde8f71d81c99f_en,hc_dpd_1bcde8f71d81c99f_en,hc_dpd_1bcde8f71d81c99f,en,development,active_ingredients,"{""name"":""ZINC SULFATE"",""strength"":0.5,""unit"":""%""}",1,normalized_name_and_strength,00069693,8aa5b98848a4325ee6e7dd111d68f9a189c7adda78cc114636f0b76b8eeb85d5,https://pdf.hres.ca/dpd_pm/00069693.PDF,pending,,,
pm_review_a222dc353370f82d,hc_pm_pdf_1bcde8f71d81c99f_en,hc_dpd_1bcde8f71d81c99f_en,hc_dpd_1bcde8f71d81c99f,en,development,brand_name,ANUSOL-HC OINTMENT,2,normalized_exact,00069693,8aa5b98848a4325ee6e7dd111d68f9a189c7adda78cc114636f0b76b8eeb85d5,https://pdf.hres.ca/dpd_pm/00069693.PDF,pending,,,
pm_review_46756b6d703c6c3b,hc_pm_pdf_1bcde8f71d81c99f_en,hc_dpd_1bcde8f71d81c99f_en,hc_dpd_1bcde8f71d81c99f,en,development,dosage_forms,OINTMENT,1,normalized_exact,00069693,8aa5b98848a4325ee6e7dd111d68f9a189c7adda78cc114636f0b76b8eeb85d5,https://pdf.hres.ca/dpd_pm/00069693.PDF,pending,,,
pm_review_152bbb0f44a6ab80,hc_pm_pdf_1bcde8f71d81c99f_en,hc_dpd_1bcde8f71d81c99f_en,hc_dpd_1bcde8f71d81c99f,en,development,routes,RECTAL,2,normalized_exact,00069693,8aa5b98848a4325ee6e7dd111d68f9a189c7adda78cc114636f0b76b8eeb85d5,https://pdf.hres.ca/dpd_pm/00069693.PDF,pending,,,
pm_review_97b6cc02cded0f14,hc_pm_pdf_1bcde8f71d81c99f_fr,hc_dpd_1bcde8f71d81c99f_fr,hc_dpd_1bcde8f71d81c99f,fr,development,active_ingredients,"{""name"":""Acétate d'hydrocortisone"",""strength"":0.5,""unit"":""%""}",1,normalized_name_and_strength,00068568,83de4203c4fda3168799c553e94dd5298b3cbe39b748c845d45a35daec4ef8e6,https://pdf.hres.ca/dpd_pm/00068568.PDF,pending,,,
pm_review_11ca9765eccdab03,hc_pm_pdf_1bcde8f71d81c99f_fr,hc_dpd_1bcde8f71d81c99f_fr,hc_dpd_1bcde8f71d81c99f,fr,development,active_ingredients,"{""name"":""Sulfate de zinc"",""strength"":0.5,""unit"":""%""}",1,normalized_name_and_strength,00068568,83de4203c4fda3168799c553e94dd5298b3cbe39b748c845d45a35daec4ef8e6,https://pdf.hres.ca/dpd_pm/00068568.PDF,pending,,,
pm_review_516ce9ed5c6eaff3,hc_pm_pdf_1bcde8f71d81c99f_fr,hc_dpd_1bcde8f71d81c99f_fr,hc_dpd_1bcde8f71d81c99f,fr,development,brand_name,ANUSOL-HC ONGUENT,2,normalized_exact,00068568,83de4203c4fda3168799c553e94dd5298b3cbe39b748c845d45a35daec4ef8e6,https://pdf.hres.ca/dpd_pm/00068568.PDF,pending,,,
pm_review_56771f3c98ce2b86,hc_pm_pdf_1bcde8f71d81c99f_fr,hc_dpd_1bcde8f71d81c99f_fr,hc_dpd_1bcde8f71d81c99f,fr,development,dosage_forms,Pommade,1,declared_alias,00068568,83de4203c4fda3168799c553e94dd5298b3cbe39b748c845d45a35daec4ef8e6,https://pdf.hres.ca/dpd_pm/00068568.PDF,pending,,,
pm_review_7f4b454f07b78a03,hc_pm_pdf_1bcde8f71d81c99f_fr,hc_dpd_1bcde8f71d81c99f_fr,hc_dpd_1bcde8f71d81c99f,fr,development,routes,Rectale,2,normalized_exact,00068568,83de4203c4fda3168799c553e94dd5298b3cbe39b748c845d45a35daec4ef8e6,https://pdf.hres.ca/dpd_pm/00068568.PDF,pending,,,
pm_review_692354736ddadc6d,hc_pm_pdf_28787c405835368e_en,hc_dpd_28787c405835368e_en,hc_dpd_28787c405835368e,en,development,active_ingredients,"{""name"":""VITAMIN D3"",""strength"":10000,""unit"":""UNIT""}",3,normalized_name_and_strength,00076304,6d9d30cc7a3e44f91db99545432e45e6ee0af830074b842b2abc3413d0126b8a,https://pdf.hres.ca/dpd_pm/00076304.PDF,pending,,,
pm_review_cbdfb6a461c5b86f,hc_pm_pdf_28787c405835368e_en,hc_dpd_28787c405835368e_en,hc_dpd_28787c405835368e,en,development,brand_name,AG-VITAMINE D TABLETS,1,normalized_exact,00076304,6d9d30cc7a3e44f91db99545432e45e6ee0af830074b842b2abc3413d0126b8a,https://pdf.hres.ca/dpd_pm/00076304.PDF,pending,,,
pm_review_68f1eddc0cda7ad6,hc_pm_pdf_28787c405835368e_en,hc_dpd_28787c405835368e_en,hc_dpd_28787c405835368e,en,development,dosage_forms,TABLET,1,normalized_exact,00076304,6d9d30cc7a3e44f91db99545432e45e6ee0af830074b842b2abc3413d0126b8a,https://pdf.hres.ca/dpd_pm/00076304.PDF,pending,,,
pm_review_0728c563d62142b5,hc_pm_pdf_28787c405835368e_en,hc_dpd_28787c405835368e_en,hc_dpd_28787c405835368e,en,development,routes,ORAL,1,normalized_exact,00076304,6d9d30cc7a3e44f91db99545432e45e6ee0af830074b842b2abc3413d0126b8a,https://pdf.hres.ca/dpd_pm/00076304.PDF,pending,,,
pm_review_3cb46a1d2beaf123,hc_pm_pdf_28787c405835368e_fr,hc_dpd_28787c405835368e_fr,hc_dpd_28787c405835368e,fr,development,active_ingredients,"{""name"":""Vitamine D3"",""strength"":10000,""unit"":""Unité""}",3,normalized_name_and_strength,00076305,c588f9921d6f69b5339ea65b1dc3cee31e42dd3e2b7d1dbbade57fe353843131,https://pdf.hres.ca/dpd_pm/00076305.PDF,pending,,,
pm_review_ace1c5c9bb9190df,hc_pm_pdf_28787c405835368e_fr,hc_dpd_28787c405835368e_fr,hc_dpd_28787c405835368e,fr,development,brand_name,AG-VITAMINE D TABLETS,1,normalized_exact,00076305,c588f9921d6f69b5339ea65b1dc3cee31e42dd3e2b7d1dbbade57fe353843131,https://pdf.hres.ca/dpd_pm/00076305.PDF,pending,,,
pm_review_51ccc3e9a7ed0d43,hc_pm_pdf_28787c405835368e_fr,hc_dpd_28787c405835368e_fr,hc_dpd_28787c405835368e,fr,development,dosage_forms,Comprimé,1,normalized_exact,00076305,c588f9921d6f69b5339ea65b1dc3cee31e42dd3e2b7d1dbbade57fe353843131,https://pdf.hres.ca/dpd_pm/00076305.PDF,pending,,,
pm_review_8c142e89969b1163,hc_pm_pdf_28787c405835368e_fr,hc_dpd_28787c405835368e_fr,hc_dpd_28787c405835368e,fr,development,routes,Orale,1,normalized_exact,00076305,c588f9921d6f69b5339ea65b1dc3cee31e42dd3e2b7d1dbbade57fe353843131,https://pdf.hres.ca/dpd_pm/00076305.PDF,pending,,,
pm_review_4444a2c7cae1eedd,hc_pm_pdf_2c2174190b036b5a_en,hc_dpd_2c2174190b036b5a_en,hc_dpd_2c2174190b036b5a,en,development,active_ingredients,"{""name"":""RANITIDINE"",""strength"":150,""unit"":""MG""}",1,normalized_name_and_strength,00065142,b014a72320741974de3afc952e3d599b6cfef640d1e4f1dba35102fd0c1f223d,https://pdf.hres.ca/dpd_pm/00065142.PDF,pending,,,
pm_review_c24a855d3cf00dc3,hc_pm_pdf_2c2174190b036b5a_en,hc_dpd_2c2174190b036b5a_en,hc_dpd_2c2174190b036b5a,en,development,brand_name,MAXIMUM STRENGTH ACID REDUCER WITHOUT PRESCRIPTION,1,normalized_exact,00065142,b014a72320741974de3afc952e3d599b6cfef640d1e4f1dba35102fd0c1f223d,https://pdf.hres.ca/dpd_pm/00065142.PDF,pending,,,
pm_review_d773f3b623b70c77,hc_pm_pdf_2c2174190b036b5a_en,hc_dpd_2c2174190b036b5a_en,hc_dpd_2c2174190b036b5a,en,development,dosage_forms,TABLET,1,normalized_exact,00065142,b014a72320741974de3afc952e3d599b6cfef640d1e4f1dba35102fd0c1f223d,https://pdf.hres.ca/dpd_pm/00065142.PDF,pending,,,
pm_review_cceb1e240d7d5457,hc_pm_pdf_2c2174190b036b5a_en,hc_dpd_2c2174190b036b5a_en,hc_dpd_2c2174190b036b5a,en,development,routes,ORAL,3,normalized_exact,00065142,b014a72320741974de3afc952e3d599b6cfef640d1e4f1dba35102fd0c1f223d,https://pdf.hres.ca/dpd_pm/00065142.PDF,pending,,,
pm_review_28c0ee0f4e437436,hc_pm_pdf_2c2174190b036b5a_fr,hc_dpd_2c2174190b036b5a_fr,hc_dpd_2c2174190b036b5a,fr,development,active_ingredients,"{""name"":""Ranitidine"",""strength"":150,""unit"":""MG""}",1,normalized_name_and_strength,00082515,51c6e4d39c9bee7776ae1ab018e6dc97cdb19ec841ad97b171d447704ea78264,https://pdf.hres.ca/dpd_pm/00082515.PDF,pending,,,
pm_review_738eee68c69c1815,hc_pm_pdf_2c2174190b036b5a_fr,hc_dpd_2c2174190b036b5a_fr,hc_dpd_2c2174190b036b5a,fr,development,brand_name,RÉDUCTEUR D'ACIDE DOSE MAXIMUM SANS ORDONNANCE,1,normalized_exact,00082515,51c6e4d39c9bee7776ae1ab018e6dc97cdb19ec841ad97b171d447704ea78264,https://pdf.hres.ca/dpd_pm/00082515.PDF,pending,,,
pm_review_fe4d5d3323bda5b2,hc_pm_pdf_2c2174190b036b5a_fr,hc_dpd_2c2174190b036b5a_fr,hc_dpd_2c2174190b036b5a,fr,development,dosage_forms,Comprimé,1,normalized_exact,00082515,51c6e4d39c9bee7776ae1ab018e6dc97cdb19ec841ad97b171d447704ea78264,https://pdf.hres.ca/dpd_pm/00082515.PDF,pending,,,
pm_review_30b670199c755162,hc_pm_pdf_2c2174190b036b5a_fr,hc_dpd_2c2174190b036b5a_fr,hc_dpd_2c2174190b036b5a,fr,development,routes,Orale,3,normalized_exact,00082515,51c6e4d39c9bee7776ae1ab018e6dc97cdb19ec841ad97b171d447704ea78264,https://pdf.hres.ca/dpd_pm/00082515.PDF,pending,,,
pm_review_a87b7425cd2a8521,hc_pm_pdf_2dcb457e633b3402_en,hc_dpd_2dcb457e633b3402_en,hc_dpd_2dcb457e633b3402,en,development,active_ingredients,"{""name"":""DOLUTEGRAVIR"",""strength"":50,""unit"":""MG""}",1,normalized_name_and_strength,00082175,0fad3665e325677a166a8e8cb20ddfef47f8cc85fffec5b6bebc5b039bcf8ce3,https://pdf.hres.ca/dpd_pm/00082175.PDF,pending,,,
pm_review_7b8b5befabcf57d2,hc_pm_pdf_2dcb457e633b3402_en,hc_dpd_2dcb457e633b3402_en,hc_dpd_2dcb457e633b3402,en,development,active_ingredients,"{""name"":""RILPIVIRINE"",""strength"":25,""unit"":""MG""}",1,normalized_name_and_strength,00082175,0fad3665e325677a166a8e8cb20ddfef47f8cc85fffec5b6bebc5b039bcf8ce3,https://pdf.hres.ca/dpd_pm/00082175.PDF,pending,,,
pm_review_e8fd12d516fe3db2,hc_pm_pdf_2dcb457e633b3402_en,hc_dpd_2dcb457e633b3402_en,hc_dpd_2dcb457e633b3402,en,development,brand_name,JULUCA,1,normalized_exact,00082175,0fad3665e325677a166a8e8cb20ddfef47f8cc85fffec5b6bebc5b039bcf8ce3,https://pdf.hres.ca/dpd_pm/00082175.PDF,pending,,,
pm_review_179ae78ee58a41ee,hc_pm_pdf_2dcb457e633b3402_en,hc_dpd_2dcb457e633b3402_en,hc_dpd_2dcb457e633b3402,en,development,dosage_forms,TABLET,1,normalized_exact,00082175,0fad3665e325677a166a8e8cb20ddfef47f8cc85fffec5b6bebc5b039bcf8ce3,https://pdf.hres.ca/dpd_pm/00082175.PDF,pending,,,
pm_review_740db3f88cf8834c,hc_pm_pdf_2dcb457e633b3402_en,hc_dpd_2dcb457e633b3402_en,hc_dpd_2dcb457e633b3402,en,development,routes,ORAL,1,normalized_exact,00082175,0fad3665e325677a166a8e8cb20ddfef47f8cc85fffec5b6bebc5b039bcf8ce3,https://pdf.hres.ca/dpd_pm/00082175.PDF,pending,,,
pm_review_31ef81798e2d151b,hc_pm_pdf_2dcb457e633b3402_fr,hc_dpd_2dcb457e633b3402_fr,hc_dpd_2dcb457e633b3402,fr,development,active_ingredients,"{""name"":""DOLUTÉGRAVIR"",""strength"":50,""unit"":""MG""}",1,normalized_name_and_strength,00082498,ee5b74bbe99176765cb9664730283228a92066268003b93801516314df6407c3,https://pdf.hres.ca/dpd_pm/00082498.PDF,pending,,,
pm_review_6b539fb7aa963d3c,hc_pm_pdf_2dcb457e633b3402_fr,hc_dpd_2dcb457e633b3402_fr,hc_dpd_2dcb457e633b3402,fr,development,active_ingredients,"{""name"":""Rilpivirine"",""strength"":25,""unit"":""MG""}",1,normalized_name_and_strength,00082498,ee5b74bbe99176765cb9664730283228a92066268003b93801516314df6407c3,https://pdf.hres.ca/dpd_pm/00082498.PDF,pending,,,
pm_review_c71f0000f011d925,hc_pm_pdf_2dcb457e633b3402_fr,hc_dpd_2dcb457e633b3402_fr,hc_dpd_2dcb457e633b3402,fr,development,brand_name,JULUCA,1,normalized_exact,00082498,ee5b74bbe99176765cb9664730283228a92066268003b93801516314df6407c3,https://pdf.hres.ca/dpd_pm/00082498.PDF,pending,,,
pm_review_bb82ad0a8fd2cb0e,hc_pm_pdf_2dcb457e633b3402_fr,hc_dpd_2dcb457e633b3402_fr,hc_dpd_2dcb457e633b3402,fr,development,dosage_forms,Comprimé,1,normalized_exact,00082498,ee5b74bbe99176765cb9664730283228a92066268003b93801516314df6407c3,https://pdf.hres.ca/dpd_pm/00082498.PDF,pending,,,
pm_review_d19d4b837b04812a,hc_pm_pdf_2dcb457e633b3402_fr,hc_dpd_2dcb457e633b3402_fr,hc_dpd_2dcb457e633b3402,fr,development,routes,Orale,1,normalized_exact,00082498,ee5b74bbe99176765cb9664730283228a92066268003b93801516314df6407c3,https://pdf.hres.ca/dpd_pm/00082498.PDF,pending,,,
pm_review_a8a43fcbfb995e1b,hc_pm_pdf_2fc21f129a5c9b0a_en,hc_dpd_2fc21f129a5c9b0a_en,hc_dpd_2fc21f129a5c9b0a,en,heldout,active_ingredients,"{""name"":""RETIFANLIMAB"",""strength"":25,""unit"":""MG""}",1,normalized_name_and_strength,00084862,69fae6be5ad666412a9484addac73318cfadb9afb854435486058e27d0ac68a4,https://pdf.hres.ca/dpd_pm/00084862.PDF,pending,,,
pm_review_0e799c395c57aa74,hc_pm_pdf_2fc21f129a5c9b0a_en,hc_dpd_2fc21f129a5c9b0a_en,hc_dpd_2fc21f129a5c9b0a,en,heldout,brand_name,ZYNYZ,1,normalized_exact,00084862,69fae6be5ad666412a9484addac73318cfadb9afb854435486058e27d0ac68a4,https://pdf.hres.ca/dpd_pm/00084862.PDF,pending,,,
pm_review_42f651c0c6a479fb,hc_pm_pdf_2fc21f129a5c9b0a_en,hc_dpd_2fc21f129a5c9b0a_en,hc_dpd_2fc21f129a5c9b0a,en,heldout,dosage_forms,SOLUTION,1,normalized_exact,00084862,69fae6be5ad666412a9484addac73318cfadb9afb854435486058e27d0ac68a4,https://pdf.hres.ca/dpd_pm/00084862.PDF,pending,,,
pm_review_1f5bcaecf06e9dda,hc_pm_pdf_2fc21f129a5c9b0a_en,hc_dpd_2fc21f129a5c9b0a_en,hc_dpd_2fc21f129a5c9b0a,en,heldout,routes,INTRAVENOUS,1,normalized_exact,00084862,69fae6be5ad666412a9484addac73318cfadb9afb854435486058e27d0ac68a4,https://pdf.hres.ca/dpd_pm/00084862.PDF,pending,,,
pm_review_e1ef73f7cb3228c8,hc_pm_pdf_2fc21f129a5c9b0a_fr,hc_dpd_2fc21f129a5c9b0a_fr,hc_dpd_2fc21f129a5c9b0a,fr,heldout,active_ingredients,"{""name"":""Rétifanlimab"",""strength"":25,""unit"":""MG""}",1,normalized_name_and_strength,00085127,dde5508a233880d53299d91aec917e7872814d0fd7f1305239051010eda9aa59,https://pdf.hres.ca/dpd_pm/00085127.PDF,pending,,,
pm_review_0d7d87dbb9ba9ed5,hc_pm_pdf_2fc21f129a5c9b0a_fr,hc_dpd_2fc21f129a5c9b0a_fr,hc_dpd_2fc21f129a5c9b0a,fr,heldout,brand_name,ZYNYZ,1,normalized_exact,00085127,dde5508a233880d53299d91aec917e7872814d0fd7f1305239051010eda9aa59,https://pdf.hres.ca/dpd_pm/00085127.PDF,pending,,,
pm_review_e46b7c4db1036a78,hc_pm_pdf_2fc21f129a5c9b0a_fr,hc_dpd_2fc21f129a5c9b0a_fr,hc_dpd_2fc21f129a5c9b0a,fr,heldout,dosage_forms,Solution,1,normalized_exact,00085127,dde5508a233880d53299d91aec917e7872814d0fd7f1305239051010eda9aa59,https://pdf.hres.ca/dpd_pm/00085127.PDF,pending,,,
pm_review_759c20942eb713f8,hc_pm_pdf_2fc21f129a5c9b0a_fr,hc_dpd_2fc21f129a5c9b0a_fr,hc_dpd_2fc21f129a5c9b0a,fr,heldout,routes,Intraveineuse,1,normalized_exact,00085127,dde5508a233880d53299d91aec917e7872814d0fd7f1305239051010eda9aa59,https://pdf.hres.ca/dpd_pm/00085127.PDF,pending,,,
pm_review_baf6fe5e96ed61bb,hc_pm_pdf_30aba3a7347bf952_en,hc_dpd_30aba3a7347bf952_en,hc_dpd_30aba3a7347bf952,en,development,active_ingredients,"{""name"":""AMIODARONE HYDROCHLORIDE"",""strength"":200,""unit"":""MG""}",1,normalized_name_and_strength,00067870,eb111d75d7f49c531e2b4aba3ff6f414c18f126d945ae63543f5fd25ccde3ad7,https://pdf.hres.ca/dpd_pm/00067870.PDF,pending,,,
pm_review_38a50c61c1630dbf,hc_pm_pdf_30aba3a7347bf952_en,hc_dpd_30aba3a7347bf952_en,hc_dpd_30aba3a7347bf952,en,development,brand_name,JAMP AMIODARONE,1,normalized_exact,00067870,eb111d75d7f49c531e2b4aba3ff6f414c18f126d945ae63543f5fd25ccde3ad7,https://pdf.hres.ca/dpd_pm/00067870.PDF,pending,,,
pm_review_6dcef62babbe6eed,hc_pm_pdf_30aba3a7347bf952_en,hc_dpd_30aba3a7347bf952_en,hc_dpd_30aba3a7347bf952,en,development,dosage_forms,TABLET,1,normalized_exact,00067870,eb111d75d7f49c531e2b4aba3ff6f414c18f126d945ae63543f5fd25ccde3ad7,https://pdf.hres.ca/dpd_pm/00067870.PDF,pending,,,
pm_review_aea4dbe21cc3699b,hc_pm_pdf_30aba3a7347bf952_en,hc_dpd_30aba3a7347bf952_en,hc_dpd_30aba3a7347bf952,en,development,routes,ORAL,1,normalized_exact,00067870,eb111d75d7f49c531e2b4aba3ff6f414c18f126d945ae63543f5fd25ccde3ad7,https://pdf.hres.ca/dpd_pm/00067870.PDF,pending,,,
pm_review_a9db4ef3ecbd7ca6,hc_pm_pdf_30aba3a7347bf952_fr,hc_dpd_30aba3a7347bf952_fr,hc_dpd_30aba3a7347bf952,fr,development,active_ingredients,"{""name"":""Chlorhydrate d'amiodarone"",""strength"":200,""unit"":""MG""}",1,normalized_name_and_strength,00068521,61432cc2cca0adb07a357b29d341e036b51a9cb04c2008b39dad8699449d76a4,https://pdf.hres.ca/dpd_pm/00068521.PDF,pending,,,
pm_review_986631c8b1061316,hc_pm_pdf_30aba3a7347bf952_fr,hc_dpd_30aba3a7347bf952_fr,hc_dpd_30aba3a7347bf952,fr,development,brand_name,JAMP AMIODARONE,1,normalized_exact,00068521,61432cc2cca0adb07a357b29d341e036b51a9cb04c2008b39dad8699449d76a4,https://pdf.hres.ca/dpd_pm/00068521.PDF,pending,,,
pm_review_f83efb0cee62dd21,hc_pm_pdf_30aba3a7347bf952_fr,hc_dpd_30aba3a7347bf952_fr,hc_dpd_30aba3a7347bf952,fr,development,dosage_forms,Comprimé,1,normalized_exact,00068521,61432cc2cca0adb07a357b29d341e036b51a9cb04c2008b39dad8699449d76a4,https://pdf.hres.ca/dpd_pm/00068521.PDF,pending,,,
pm_review_35f27a879e2897c8,hc_pm_pdf_30aba3a7347bf952_fr,hc_dpd_30aba3a7347bf952_fr,hc_dpd_30aba3a7347bf952,fr,development,routes,Orale,1,normalized_exact,00068521,61432cc2cca0adb07a357b29d341e036b51a9cb04c2008b39dad8699449d76a4,https://pdf.hres.ca/dpd_pm/00068521.PDF,pending,,,
pm_review_7d511465272c11e0,hc_pm_pdf_3188d041219430c6_en,hc_dpd_3188d041219430c6_en,hc_dpd_3188d041219430c6,en,heldout,active_ingredients,"{""name"":""DIMETHICONE"",""strength"":50,""unit"":""%""}",1,normalized_name_and_strength,00066082,a411ed175945d34811b789e0ac9034eccd66992950bfac15638ea7af23a48b6f,https://pdf.hres.ca/dpd_pm/00066082.PDF,pending,,,
pm_review_3d22f96bd734c15b,hc_pm_pdf_3188d041219430c6_en,hc_dpd_3188d041219430c6_en,hc_dpd_3188d041219430c6,en,heldout,brand_name,NYDA,1,normalized_exact,00066082,a411ed175945d34811b789e0ac9034eccd66992950bfac15638ea7af23a48b6f,https://pdf.hres.ca/dpd_pm/00066082.PDF,pending,,,
pm_review_48d45e3ae367671e,hc_pm_pdf_3188d041219430c6_en,hc_dpd_3188d041219430c6_en,hc_dpd_3188d041219430c6,en,heldout,dosage_forms,SOLUTION,1,normalized_exact,00066082,a411ed175945d34811b789e0ac9034eccd66992950bfac15638ea7af23a48b6f,https://pdf.hres.ca/dpd_pm/00066082.PDF,pending,,,
pm_review_2f0660a18652abb2,hc_pm_pdf_3188d041219430c6_en,hc_dpd_3188d041219430c6_en,hc_dpd_3188d041219430c6,en,heldout,routes,TOPICAL,1,normalized_exact,00066082,a411ed175945d34811b789e0ac9034eccd66992950bfac15638ea7af23a48b6f,https://pdf.hres.ca/dpd_pm/00066082.PDF,pending,,,
pm_review_e7feb17df9ab53f0,hc_pm_pdf_3188d041219430c6_fr,hc_dpd_3188d041219430c6_fr,hc_dpd_3188d041219430c6,fr,heldout,active_ingredients,"{""name"":""Diméticone 100 cSt"",""strength"":50,""unit"":""%""}",1,normalized_name_and_strength,00066354,dc23d75795fcf764caf75c455961459a238079f100c9c31d8013bd9aaa12c356,https://pdf.hres.ca/dpd_pm/00066354.PDF,pending,,,
pm_review_f2277f96742c60f0,hc_pm_pdf_3188d041219430c6_fr,hc_dpd_3188d041219430c6_fr,hc_dpd_3188d041219430c6,fr,heldout,brand_name,NYDA,1,normalized_exact,00066354,dc23d75795fcf764caf75c455961459a238079f100c9c31d8013bd9aaa12c356,https://pdf.hres.ca/dpd_pm/00066354.PDF,pending,,,
pm_review_cbbc31ecccb7c3dd,hc_pm_pdf_3188d041219430c6_fr,hc_dpd_3188d041219430c6_fr,hc_dpd_3188d041219430c6,fr,heldout,dosage_forms,Solution,1,normalized_exact,00066354,dc23d75795fcf764caf75c455961459a238079f100c9c31d8013bd9aaa12c356,https://pdf.hres.ca/dpd_pm/00066354.PDF,pending,,,
pm_review_a5fb41362d917660,hc_pm_pdf_3188d041219430c6_fr,hc_dpd_3188d041219430c6_fr,hc_dpd_3188d041219430c6,fr,heldout,routes,Topique,1,normalized_exact,00066354,dc23d75795fcf764caf75c455961459a238079f100c9c31d8013bd9aaa12c356,https://pdf.hres.ca/dpd_pm/00066354.PDF,pending,,,
pm_review_9510f4fdb81a406b,hc_pm_pdf_32f64d7617d42b75_en,hc_dpd_32f64d7617d42b75_en,hc_dpd_32f64d7617d42b75,en,development,active_ingredients,"{""name"":""TISLELIZUMAB"",""strength"":100,""unit"":""MG""}",1,normalized_name_and_strength,00084442,6baacff6eaad2b526e025365ec67f20cdf84952f16a27083945ba4c49951cd3c,https://pdf.hres.ca/dpd_pm/00084442.PDF,pending,,,
pm_review_4b06df4cb4a678fa,hc_pm_pdf_32f64d7617d42b75_en,hc_dpd_32f64d7617d42b75_en,hc_dpd_32f64d7617d42b75,en,development,brand_name,TEVIMBRA,1,normalized_exact,00084442,6baacff6eaad2b526e025365ec67f20cdf84952f16a27083945ba4c49951cd3c,https://pdf.hres.ca/dpd_pm/00084442.PDF,pending,,,
pm_review_087f15aa0be31931,hc_pm_pdf_32f64d7617d42b75_en,hc_dpd_32f64d7617d42b75_en,hc_dpd_32f64d7617d42b75,en,development,dosage_forms,SOLUTION,1,normalized_exact,00084442,6baacff6eaad2b526e025365ec67f20cdf84952f16a27083945ba4c49951cd3c,https://pdf.hres.ca/dpd_pm/00084442.PDF,pending,,,
pm_review_998625461a7822c1,hc_pm_pdf_32f64d7617d42b75_en,hc_dpd_32f64d7617d42b75_en,hc_dpd_32f64d7617d42b75,en,development,routes,INTRAVENOUS,1,normalized_exact,00084442,6baacff6eaad2b526e025365ec67f20cdf84952f16a27083945ba4c49951cd3c,https://pdf.hres.ca/dpd_pm/00084442.PDF,pending,,,
pm_review_b3eae2c1670246a6,hc_pm_pdf_32f64d7617d42b75_fr,hc_dpd_32f64d7617d42b75_fr,hc_dpd_32f64d7617d42b75,fr,development,active_ingredients,"{""name"":""Tislélizumab"",""strength"":100,""unit"":""MG""}",1,normalized_name_and_strength,00084683,b99d6a183e2bd695e44c8242e2ce43bbba9d528d8799f0f96f8b1bdddf420fdf,https://pdf.hres.ca/dpd_pm/00084683.PDF,pending,,,
pm_review_87d7a1a2fc26ab6b,hc_pm_pdf_32f64d7617d42b75_fr,hc_dpd_32f64d7617d42b75_fr,hc_dpd_32f64d7617d42b75,fr,development,brand_name,TEVIMBRA,1,normalized_exact,00084683,b99d6a183e2bd695e44c8242e2ce43bbba9d528d8799f0f96f8b1bdddf420fdf,https://pdf.hres.ca/dpd_pm/00084683.PDF,pending,,,
pm_review_1afca5bf4e10b7d5,hc_pm_pdf_32f64d7617d42b75_fr,hc_dpd_32f64d7617d42b75_fr,hc_dpd_32f64d7617d42b75,fr,development,dosage_forms,Solution,1,normalized_exact,00084683,b99d6a183e2bd695e44c8242e2ce43bbba9d528d8799f0f96f8b1bdddf420fdf,https://pdf.hres.ca/dpd_pm/00084683.PDF,pending,,,
pm_review_64c7d729ebd4c8d8,hc_pm_pdf_32f64d7617d42b75_fr,hc_dpd_32f64d7617d42b75_fr,hc_dpd_32f64d7617d42b75,fr,development,routes,Intraveineuse,1,normalized_exact,00084683,b99d6a183e2bd695e44c8242e2ce43bbba9d528d8799f0f96f8b1bdddf420fdf,https://pdf.hres.ca/dpd_pm/00084683.PDF,pending,,,
pm_review_6b047de398e74eb0,hc_pm_pdf_368497cc07261e3e_en,hc_dpd_368497cc07261e3e_en,hc_dpd_368497cc07261e3e,en,development,active_ingredients,"{""name"":""ATOMOXETINE"",""strength"":10,""unit"":""MG""}",1,normalized_name_and_strength,00036792,962f55952b7fbd66003f4b65a2e65a56c29a07bafc3a0e3f519e91f17a26be94,https://pdf.hres.ca/dpd_pm/00036792.PDF,pending,,,
pm_review_f9c5cc92429c50f3,hc_pm_pdf_368497cc07261e3e_en,hc_dpd_368497cc07261e3e_en,hc_dpd_368497cc07261e3e,en,development,active_ingredients,"{""name"":""ATOMOXETINE"",""strength"":18,""unit"":""MG""}",1,normalized_name_and_strength,00036792,962f55952b7fbd66003f4b65a2e65a56c29a07bafc3a0e3f519e91f17a26be94,https://pdf.hres.ca/dpd_pm/00036792.PDF,pending,,,
pm_review_d539dc7dce32a4f9,hc_pm_pdf_368497cc07261e3e_en,hc_dpd_368497cc07261e3e_en,hc_dpd_368497cc07261e3e,en,development,active_ingredients,"{""name"":""ATOMOXETINE"",""strength"":25,""unit"":""MG""}",1,normalized_name_and_strength,00036792,962f55952b7fbd66003f4b65a2e65a56c29a07bafc3a0e3f519e91f17a26be94,https://pdf.hres.ca/dpd_pm/00036792.PDF,pending,,,
pm_review_b89dbce967752618,hc_pm_pdf_368497cc07261e3e_en,hc_dpd_368497cc07261e3e_en,hc_dpd_368497cc07261e3e,en,development,active_ingredients,"{""name"":""ATOMOXETINE"",""strength"":40,""unit"":""MG""}",1,normalized_name_and_strength,00036792,962f55952b7fbd66003f4b65a2e65a56c29a07bafc3a0e3f519e91f17a26be94,https://pdf.hres.ca/dpd_pm/00036792.PDF,pending,,,
pm_review_38e6b343e10d0ea1,hc_pm_pdf_368497cc07261e3e_en,hc_dpd_368497cc07261e3e_en,hc_dpd_368497cc07261e3e,en,development,active_ingredients,"{""name"":""ATOMOXETINE"",""strength"":60,""unit"":""MG""}",1,normalized_name_and_strength,00036792,962f55952b7fbd66003f4b65a2e65a56c29a07bafc3a0e3f519e91f17a26be94,https://pdf.hres.ca/dpd_pm/00036792.PDF,pending,,,
pm_review_1b2d71c37d36af73,hc_pm_pdf_368497cc07261e3e_en,hc_dpd_368497cc07261e3e_en,hc_dpd_368497cc07261e3e,en,development,brand_name,ATOMOXETINE,1,normalized_exact,00036792,962f55952b7fbd66003f4b65a2e65a56c29a07bafc3a0e3f519e91f17a26be94,https://pdf.hres.ca/dpd_pm/00036792.PDF,pending,,,
pm_review_d625878509d90b3e,hc_pm_pdf_368497cc07261e3e_en,hc_dpd_368497cc07261e3e_en,hc_dpd_368497cc07261e3e,en,development,dosage_forms,CAPSULE,1,normalized_exact,00036792,962f55952b7fbd66003f4b65a2e65a56c29a07bafc3a0e3f519e91f17a26be94,https://pdf.hres.ca/dpd_pm/00036792.PDF,pending,,,
pm_review_c2649591f66f324a,hc_pm_pdf_368497cc07261e3e_en,hc_dpd_368497cc07261e3e_en,hc_dpd_368497cc07261e3e,en,development,routes,ORAL,3,normalized_exact,00036792,962f55952b7fbd66003f4b65a2e65a56c29a07bafc3a0e3f519e91f17a26be94,https://pdf.hres.ca/dpd_pm/00036792.PDF,pending,,,
pm_review_6e8d0130d5c2004c,hc_pm_pdf_368497cc07261e3e_fr,hc_dpd_368497cc07261e3e_fr,hc_dpd_368497cc07261e3e,fr,development,active_ingredients,"{""name"":""Atomoxétine"",""strength"":10,""unit"":""MG""}",1,normalized_name_and_strength,00036793,03633ca12cf41a4bd4e86ad285c030fea3eb00424d35c80dbb6bc035bd2812e6,https://pdf.hres.ca/dpd_pm/00036793.PDF,pending,,,
pm_review_5b05c7a9e1360f86,hc_pm_pdf_368497cc07261e3e_fr,hc_dpd_368497cc07261e3e_fr,hc_dpd_368497cc07261e3e,fr,development,active_ingredients,"{""name"":""Atomoxétine"",""strength"":18,""unit"":""MG""}",1,normalized_name_and_strength,00036793,03633ca12cf41a4bd4e86ad285c030fea3eb00424d35c80dbb6bc035bd2812e6,https://pdf.hres.ca/dpd_pm/00036793.PDF,pending,,,
pm_review_c9a72ff76d946819,hc_pm_pdf_368497cc07261e3e_fr,hc_dpd_368497cc07261e3e_fr,hc_dpd_368497cc07261e3e,fr,development,active_ingredients,"{""name"":""Atomoxétine"",""strength"":25,""unit"":""MG""}",1,normalized_name_and_strength,00036793,03633ca12cf41a4bd4e86ad285c030fea3eb00424d35c80dbb6bc035bd2812e6,https://pdf.hres.ca/dpd_pm/00036793.PDF,pending,,,
pm_review_5bbfaa0c60b6f458,hc_pm_pdf_368497cc07261e3e_fr,hc_dpd_368497cc07261e3e_fr,hc_dpd_368497cc07261e3e,fr,development,active_ingredients,"{""name"":""Atomoxétine"",""strength"":40,""unit"":""MG""}",1,normalized_name_and_strength,00036793,03633ca12cf41a4bd4e86ad285c030fea3eb00424d35c80dbb6bc035bd2812e6,https://pdf.hres.ca/dpd_pm/00036793.PDF,pending,,,
pm_review_8d2045c584a7d7a1,hc_pm_pdf_368497cc07261e3e_fr,hc_dpd_368497cc07261e3e_fr,hc_dpd_368497cc07261e3e,fr,development,active_ingredients,"{""name"":""Atomoxétine"",""strength"":60,""unit"":""MG""}",1,normalized_name_and_strength,00036793,03633ca12cf41a4bd4e86ad285c030fea3eb00424d35c80dbb6bc035bd2812e6,https://pdf.hres.ca/dpd_pm/00036793.PDF,pending,,,
pm_review_0793188443e936fb,hc_pm_pdf_368497cc07261e3e_fr,hc_dpd_368497cc07261e3e_fr,hc_dpd_368497cc07261e3e,fr,development,brand_name,ATOMOXÉTINE,1,normalized_exact,00036793,03633ca12cf41a4bd4e86ad285c030fea3eb00424d35c80dbb6bc035bd2812e6,https://pdf.hres.ca/dpd_pm/00036793.PDF,pending,,,
pm_review_59f9f56956cfe475,hc_pm_pdf_368497cc07261e3e_fr,hc_dpd_368497cc07261e3e_fr,hc_dpd_368497cc07261e3e,fr,development,dosage_forms,Capsule,1,normalized_exact,00036793,03633ca12cf41a4bd4e86ad285c030fea3eb00424d35c80dbb6bc035bd2812e6,https://pdf.hres.ca/dpd_pm/00036793.PDF,pending,,,
pm_review_be4eb0b97652673e,hc_pm_pdf_368497cc07261e3e_fr,hc_dpd_368497cc07261e3e_fr,hc_dpd_368497cc07261e3e,fr,development,routes,Orale,3,normalized_exact,00036793,03633ca12cf41a4bd4e86ad285c030fea3eb00424d35c80dbb6bc035bd2812e6,https://pdf.hres.ca/dpd_pm/00036793.PDF,pending,,,
pm_review_dc8f477e0e2bd58f,hc_pm_pdf_3c7a02c6dfa581f0_en,hc_dpd_3c7a02c6dfa581f0_en,hc_dpd_3c7a02c6dfa581f0,en,heldout,active_ingredients,"{""name"":""FOSTAMATINIB"",""strength"":100,""unit"":""MG""}",1,normalized_name_and_strength,00062151,8683d4d57ed850521e819e0072d06406c37407050823b45b82f2357e827f7efd,https://pdf.hres.ca/dpd_pm/00062151.PDF,pending,,,
pm_review_bccd8b7d27d13ec8,hc_pm_pdf_3c7a02c6dfa581f0_en,hc_dpd_3c7a02c6dfa581f0_en,hc_dpd_3c7a02c6dfa581f0,en,heldout,active_ingredients,"{""name"":""FOSTAMATINIB"",""strength"":150,""unit"":""MG""}",1,normalized_name_and_strength,00062151,8683d4d57ed850521e819e0072d06406c37407050823b45b82f2357e827f7efd,https://pdf.hres.ca/dpd_pm/00062151.PDF,pending,,,
pm_review_ece915a15149f7e4,hc_pm_pdf_3c7a02c6dfa581f0_en,hc_dpd_3c7a02c6dfa581f0_en,hc_dpd_3c7a02c6dfa581f0,en,heldout,brand_name,TAVALISSE,1,normalized_exact,00062151,8683d4d57ed850521e819e0072d06406c37407050823b45b82f2357e827f7efd,https://pdf.hres.ca/dpd_pm/00062151.PDF,pending,,,
pm_review_1ccf17be9249bc6a,hc_pm_pdf_3c7a02c6dfa581f0_en,hc_dpd_3c7a02c6dfa581f0_en,hc_dpd_3c7a02c6dfa581f0,en,heldout,dosage_forms,TABLET,1,normalized_exact,00062151,8683d4d57ed850521e819e0072d06406c37407050823b45b82f2357e827f7efd,https://pdf.hres.ca/dpd_pm/00062151.PDF,pending,,,
pm_review_f9bc9f21ed9d8c6f,hc_pm_pdf_3c7a02c6dfa581f0_en,hc_dpd_3c7a02c6dfa581f0_en,hc_dpd_3c7a02c6dfa581f0,en,heldout,routes,ORAL,4,normalized_exact,00062151,8683d4d57ed850521e819e0072d06406c37407050823b45b82f2357e827f7efd,https://pdf.hres.ca/dpd_pm/00062151.PDF,pending,,,
pm_review_51a5c6ab1003043e,hc_pm_pdf_3c7a02c6dfa581f0_fr,hc_dpd_3c7a02c6dfa581f0_fr,hc_dpd_3c7a02c6dfa581f0,fr,heldout,active_ingredients,"{""name"":""Fostamatinib"",""strength"":100,""unit"":""MG""}",1,normalized_name_and_strength,00063126,e9e3bbef8c68ca3fd2c09e43bc1a3b6db73744fd3f3694b957242202b705f30f,https://pdf.hres.ca/dpd_pm/00063126.PDF,pending,,,
pm_review_27c8e68bf29c625c,hc_pm_pdf_3c7a02c6dfa581f0_fr,hc_dpd_3c7a02c6dfa581f0_fr,hc_dpd_3c7a02c6dfa581f0,fr,heldout,active_ingredients,"{""name"":""Fostamatinib"",""strength"":150,""unit"":""MG""}",1,normalized_name_and_strength,00063126,e9e3bbef8c68ca3fd2c09e43bc1a3b6db73744fd3f3694b957242202b705f30f,https://pdf.hres.ca/dpd_pm/00063126.PDF,pending,,,
pm_review_de075d8a10027135,hc_pm_pdf_3c7a02c6dfa581f0_fr,hc_dpd_3c7a02c6dfa581f0_fr,hc_dpd_3c7a02c6dfa581f0,fr,heldout,brand_name,TAVALISSE,1,normalized_exact,00063126,e9e3bbef8c68ca3fd2c09e43bc1a3b6db73744fd3f3694b957242202b705f30f,https://pdf.hres.ca/dpd_pm/00063126.PDF,pending,,,
pm_review_056372afcc9fd8bb,hc_pm_pdf_3c7a02c6dfa581f0_fr,hc_dpd_3c7a02c6dfa581f0_fr,hc_dpd_3c7a02c6dfa581f0,fr,heldout,dosage_forms,Comprimé,1,normalized_exact,00063126,e9e3bbef8c68ca3fd2c09e43bc1a3b6db73744fd3f3694b957242202b705f30f,https://pdf.hres.ca/dpd_pm/00063126.PDF,pending,,,
pm_review_0fef21b4663c7961,hc_pm_pdf_3c7a02c6dfa581f0_fr,hc_dpd_3c7a02c6dfa581f0_fr,hc_dpd_3c7a02c6dfa581f0,fr,heldout,routes,Orale,4,normalized_exact,00063126,e9e3bbef8c68ca3fd2c09e43bc1a3b6db73744fd3f3694b957242202b705f30f,https://pdf.hres.ca/dpd_pm/00063126.PDF,pending,,,
pm_review_378748960db0021b,hc_pm_pdf_467237d19b6080fa_en,hc_dpd_467237d19b6080fa_en,hc_dpd_467237d19b6080fa,en,development,active_ingredients,"{""name"":""DIPHTHERIA TOXOID"",""strength"":2,""unit"":""LF""}",1,normalized_name_and_strength,00084447,815e7b9515da150af48e82852ec6b7ff3bd3237c9b920959db1223180fda0049,https://pdf.hres.ca/dpd_pm/00084447.PDF,pending,,,
pm_review_89fdd239272f42d1,hc_pm_pdf_467237d19b6080fa_en,hc_dpd_467237d19b6080fa_en,hc_dpd_467237d19b6080fa,en,development,active_ingredients,"{""name"":""FILAMENTOUS HAEMAGGLUTININ"",""strength"":5,""unit"":""MCG""}",1,normalized_name_and_strength,00084447,815e7b9515da150af48e82852ec6b7ff3bd3237c9b920959db1223180fda0049,https://pdf.hres.ca/dpd_pm/00084447.PDF,pending,,,
pm_review_170774fa147744da,hc_pm_pdf_467237d19b6080fa_en,hc_dpd_467237d19b6080fa_en,hc_dpd_467237d19b6080fa,en,development,active_ingredients,"{""name"":""FIMBRIAE TYPES 2 AND 3"",""strength"":5,""unit"":""MCG""}",1,normalized_name_and_strength,00084447,815e7b9515da150af48e82852ec6b7ff3bd3237c9b920959db1223180fda0049,https://pdf.hres.ca/dpd_pm/00084447.PDF,pending,,,
pm_review_b514326002787274,hc_pm_pdf_467237d19b6080fa_en,hc_dpd_467237d19b6080fa_en,hc_dpd_467237d19b6080fa,en,development,active_ingredients,"{""name"":""PERTACTIN"",""strength"":3,""unit"":""MCG""}",1,normalized_name_and_strength,00084447,815e7b9515da150af48e82852ec6b7ff3bd3237c9b920959db1223180fda0049,https://pdf.hres.ca/dpd_pm/00084447.PDF,pending,,,
pm_review_6f58cdcce3349d7b,hc_pm_pdf_467237d19b6080fa_en,hc_dpd_467237d19b6080fa_en,hc_dpd_467237d19b6080fa,en,development,active_ingredients,"{""name"":""PERTUSSIS TOXOID"",""strength"":2.5,""unit"":""MCG""}",1,normalized_name_and_strength,00084447,815e7b9515da150af48e82852ec6b7ff3bd3237c9b920959db1223180fda0049,https://pdf.hres.ca/dpd_pm/00084447.PDF,pending,,,
pm_review_f0361bb8c8c7b1d6,hc_pm_pdf_467237d19b6080fa_en,hc_dpd_467237d19b6080fa_en,hc_dpd_467237d19b6080fa,en,development,active_ingredients,"{""name"":""TETANUS TOXOID"",""strength"":5,""unit"":""LF""}",1,normalized_name_and_strength,00084447,815e7b9515da150af48e82852ec6b7ff3bd3237c9b920959db1223180fda0049,https://pdf.hres.ca/dpd_pm/00084447.PDF,pending,,,
pm_review_769e70ddfaf0cd2a,hc_pm_pdf_467237d19b6080fa_en,hc_dpd_467237d19b6080fa_en,hc_dpd_467237d19b6080fa,en,development,brand_name,ADACEL,1,normalized_exact,00084447,815e7b9515da150af48e82852ec6b7ff3bd3237c9b920959db1223180fda0049,https://pdf.hres.ca/dpd_pm/00084447.PDF,pending,,,
pm_review_8ebac944b028afaa,hc_pm_pdf_467237d19b6080fa_en,hc_dpd_467237d19b6080fa_en,hc_dpd_467237d19b6080fa,en,development,dosage_forms,SUSPENSION,1,normalized_exact,00084447,815e7b9515da150af48e82852ec6b7ff3bd3237c9b920959db1223180fda0049,https://pdf.hres.ca/dpd_pm/00084447.PDF,pending,,,
pm_review_786836efda51c0bc,hc_pm_pdf_467237d19b6080fa_en,hc_dpd_467237d19b6080fa_en,hc_dpd_467237d19b6080fa,en,development,routes,INTRAMUSCULAR,5,normalized_exact,00084447,815e7b9515da150af48e82852ec6b7ff3bd3237c9b920959db1223180fda0049,https://pdf.hres.ca/dpd_pm/00084447.PDF,pending,,,
pm_review_cb28efb0381f1aca,hc_pm_pdf_467237d19b6080fa_fr,hc_dpd_467237d19b6080fa_fr,hc_dpd_467237d19b6080fa,fr,development,active_ingredients,"{""name"":""Anatoxine coquelucheuse"",""strength"":2.5,""unit"":""MCG""}",1,normalized_name_and_strength,00084680,c6ec6520bd8db200d1eb5359819f9adfac1dcd09ef5bd552fb5990974b0d9784,https://pdf.hres.ca/dpd_pm/00084680.PDF,pending,,,
pm_review_d87d68f980697a34,hc_pm_pdf_467237d19b6080fa_fr,hc_dpd_467237d19b6080fa_fr,hc_dpd_467237d19b6080fa,fr,development,active_ingredients,"{""name"":""Anatoxine diphtérique"",""strength"":2,""unit"":""LF""}",7,normalized_name_and_strength,00084680,c6ec6520bd8db200d1eb5359819f9adfac1dcd09ef5bd552fb5990974b0d9784,https://pdf.hres.ca/dpd_pm/00084680.PDF,pending,,,
pm_review_15313d4738f5e986,hc_pm_pdf_467237d19b6080fa_fr,hc_dpd_467237d19b6080fa_fr,hc_dpd_467237d19b6080fa,fr,development,active_ingredients,"{""name"":""Anatoxine tétanique"",""strength"":5,""unit"":""LF""}",7,normalized_name_and_strength,00084680,c6ec6520bd8db200d1eb5359819f9adfac1dcd09ef5bd552fb5990974b0d9784,https://pdf.hres.ca/dpd_pm/00084680.PDF,pending,,,
pm_review_809c56c1b1cdd8b9,hc_pm_pdf_467237d19b6080fa_fr,hc_dpd_467237d19b6080fa_fr,hc_dpd_467237d19b6080fa,fr,development,active_ingredients,"{""name"":""Fimbriae de types 2 et 3"",""strength"":5,""unit"":""MCG""}",7,normalized_name_and_strength,00084680,c6ec6520bd8db200d1eb5359819f9adfac1dcd09ef5bd552fb5990974b0d9784,https://pdf.hres.ca/dpd_pm/00084680.PDF,pending,,,
pm_review_71ff66f535ed9852,hc_pm_pdf_467237d19b6080fa_fr,hc_dpd_467237d19b6080fa_fr,hc_dpd_467237d19b6080fa,fr,development,active_ingredients,"{""name"":""Hémagglutinine filamenteuse"",""strength"":5,""unit"":""MCG""}",1,normalized_name_and_strength,00084680,c6ec6520bd8db200d1eb5359819f9adfac1dcd09ef5bd552fb5990974b0d9784,https://pdf.hres.ca/dpd_pm/00084680.PDF,pending,,,
pm_review_b35dd21dc354c4ee,hc_pm_pdf_467237d19b6080fa_fr,hc_dpd_467237d19b6080fa_fr,hc_dpd_467237d19b6080fa,fr,development,active_ingredients,"{""name"":""Pertactine"",""strength"":3,""unit"":""MCG""}",1,normalized_name_and_strength,00084680,c6ec6520bd8db200d1eb5359819f9adfac1dcd09ef5bd552fb5990974b0d9784,https://pdf.hres.ca/dpd_pm/00084680.PDF,pending,,,
pm_review_3b1b2026da7b658f,hc_pm_pdf_467237d19b6080fa_fr,hc_dpd_467237d19b6080fa_fr,hc_dpd_467237d19b6080fa,fr,development,brand_name,ADACEL,1,normalized_exact,00084680,c6ec6520bd8db200d1eb5359819f9adfac1dcd09ef5bd552fb5990974b0d9784,https://pdf.hres.ca/dpd_pm/00084680.PDF,pending,,,
pm_review_f2d537621cebd92a,hc_pm_pdf_467237d19b6080fa_fr,hc_dpd_467237d19b6080fa_fr,hc_dpd_467237d19b6080fa,fr,development,dosage_forms,Suspension,1,normalized_exact,00084680,c6ec6520bd8db200d1eb5359819f9adfac1dcd09ef5bd552fb5990974b0d9784,https://pdf.hres.ca/dpd_pm/00084680.PDF,pending,,,
pm_review_90a2a371838c2615,hc_pm_pdf_467237d19b6080fa_fr,hc_dpd_467237d19b6080fa_fr,hc_dpd_467237d19b6080fa,fr,development,routes,Intramusculaire,5,normalized_exact,00084680,c6ec6520bd8db200d1eb5359819f9adfac1dcd09ef5bd552fb5990974b0d9784,https://pdf.hres.ca/dpd_pm/00084680.PDF,pending,,,
pm_review_031424cee292d312,hc_pm_pdf_486e43c7e5c72b57_en,hc_dpd_486e43c7e5c72b57_en,hc_dpd_486e43c7e5c72b57,en,heldout,active_ingredients,"{""name"":""ACETAMINOPHEN"",""strength"":325,""unit"":""MG""}",1,normalized_name_and_strength,00082277,5fea5e651700b1cf124f0550a6a28b5c91d68428932232c4192e30bcefa0eb82,https://pdf.hres.ca/dpd_pm/00082277.PDF,pending,,,
pm_review_4da629a64722857a,hc_pm_pdf_486e43c7e5c72b57_en,hc_dpd_486e43c7e5c72b57_en,hc_dpd_486e43c7e5c72b57,en,heldout,active_ingredients,"{""name"":""IBUPROFEN"",""strength"":97.5,""unit"":""MG""}",1,normalized_name_and_strength,00082277,5fea5e651700b1cf124f0550a6a28b5c91d68428932232c4192e30bcefa0eb82,https://pdf.hres.ca/dpd_pm/00082277.PDF,pending,,,
pm_review_8dc6a333a9c938e9,hc_pm_pdf_486e43c7e5c72b57_en,hc_dpd_486e43c7e5c72b57_en,hc_dpd_486e43c7e5c72b57,en,heldout,brand_name,COMBOGESIC,1,normalized_exact,00082277,5fea5e651700b1cf124f0550a6a28b5c91d68428932232c4192e30bcefa0eb82,https://pdf.hres.ca/dpd_pm/00082277.PDF,pending,,,
pm_review_c208e33a859f4348,hc_pm_pdf_486e43c7e5c72b57_en,hc_dpd_486e43c7e5c72b57_en,hc_dpd_486e43c7e5c72b57,en,heldout,dosage_forms,TABLET,1,normalized_exact,00082277,5fea5e651700b1cf124f0550a6a28b5c91d68428932232c4192e30bcefa0eb82,https://pdf.hres.ca/dpd_pm/00082277.PDF,pending,,,
pm_review_bf01f67f6f61dcb7,hc_pm_pdf_486e43c7e5c72b57_en,hc_dpd_486e43c7e5c72b57_en,hc_dpd_486e43c7e5c72b57,en,heldout,routes,ORAL,7,normalized_exact,00082277,5fea5e651700b1cf124f0550a6a28b5c91d68428932232c4192e30bcefa0eb82,https://pdf.hres.ca/dpd_pm/00082277.PDF,pending,,,
pm_review_23a27ad212a352bf,hc_pm_pdf_486e43c7e5c72b57_fr,hc_dpd_486e43c7e5c72b57_fr,hc_dpd_486e43c7e5c72b57,fr,heldout,active_ingredients,"{""name"":""Acétaminophène"",""strength"":325,""unit"":""MG""}",1,normalized_name_and_strength,00082482,a9cbf17f99e5019dc17c5d0d4ea2e8bc8fb41bafcf802c3976f6b2abed978b64,https://pdf.hres.ca/dpd_pm/00082482.PDF,pending,,,
pm_review_449ebe5238bf2f8a,hc_pm_pdf_486e43c7e5c72b57_fr,hc_dpd_486e43c7e5c72b57_fr,hc_dpd_486e43c7e5c72b57,fr,heldout,active_ingredients,"{""name"":""Ibuprofène"",""strength"":97.5,""unit"":""MG""}",1,normalized_name_and_strength,00082482,a9cbf17f99e5019dc17c5d0d4ea2e8bc8fb41bafcf802c3976f6b2abed978b64,https://pdf.hres.ca/dpd_pm/00082482.PDF,pending,,,
pm_review_af9c69f440183c3a,hc_pm_pdf_486e43c7e5c72b57_fr,hc_dpd_486e43c7e5c72b57_fr,hc_dpd_486e43c7e5c72b57,fr,heldout,brand_name,COMBOGESIC,1,normalized_exact,00082482,a9cbf17f99e5019dc17c5d0d4ea2e8bc8fb41bafcf802c3976f6b2abed978b64,https://pdf.hres.ca/dpd_pm/00082482.PDF,pending,,,
pm_review_c8acdac384d459b1,hc_pm_pdf_486e43c7e5c72b57_fr,hc_dpd_486e43c7e5c72b57_fr,hc_dpd_486e43c7e5c72b57,fr,heldout,dosage_forms,Comprimé,1,normalized_exact,00082482,a9cbf17f99e5019dc17c5d0d4ea2e8bc8fb41bafcf802c3976f6b2abed978b64,https://pdf.hres.ca/dpd_pm/00082482.PDF,pending,,,
pm_review_9bfaa1d61681741b,hc_pm_pdf_486e43c7e5c72b57_fr,hc_dpd_486e43c7e5c72b57_fr,hc_dpd_486e43c7e5c72b57,fr,heldout,routes,Orale,6,normalized_exact,00082482,a9cbf17f99e5019dc17c5d0d4ea2e8bc8fb41bafcf802c3976f6b2abed978b64,https://pdf.hres.ca/dpd_pm/00082482.PDF,pending,,,
pm_review_ee5d2e0e32a1fdfd,hc_pm_pdf_524f46556d9e7ecb_en,hc_dpd_524f46556d9e7ecb_en,hc_dpd_524f46556d9e7ecb,en,heldout,active_ingredients,"{""name"":""QUETIAPINE"",""strength"":100,""unit"":""MG""}",1,normalized_name_and_strength,00066155,46c890f08dbd92ee439cf6d7989257cd7869e714a9a4ceb2334bf997c33a2123,https://pdf.hres.ca/dpd_pm/00066155.PDF,pending,,,
pm_review_66ea4215cd748129,hc_pm_pdf_524f46556d9e7ecb_en,hc_dpd_524f46556d9e7ecb_en,hc_dpd_524f46556d9e7ecb,en,heldout,active_ingredients,"{""name"":""QUETIAPINE"",""strength"":200,""unit"":""MG""}",1,normalized_name_and_strength,00066155,46c890f08dbd92ee439cf6d7989257cd7869e714a9a4ceb2334bf997c33a2123,https://pdf.hres.ca/dpd_pm/00066155.PDF,pending,,,
pm_review_1c28054c9bf22dbe,hc_pm_pdf_524f46556d9e7ecb_en,hc_dpd_524f46556d9e7ecb_en,hc_dpd_524f46556d9e7ecb,en,heldout,active_ingredients,"{""name"":""QUETIAPINE"",""strength"":25,""unit"":""MG""}",1,normalized_name_and_strength,00066155,46c890f08dbd92ee439cf6d7989257cd7869e714a9a4ceb2334bf997c33a2123,https://pdf.hres.ca/dpd_pm/00066155.PDF,pending,,,
pm_review_d8203efba2c8a6eb,hc_pm_pdf_524f46556d9e7ecb_en,hc_dpd_524f46556d9e7ecb_en,hc_dpd_524f46556d9e7ecb,en,heldout,active_ingredients,"{""name"":""QUETIAPINE"",""strength"":300,""unit"":""MG""}",1,normalized_name_and_strength,00066155,46c890f08dbd92ee439cf6d7989257cd7869e714a9a4ceb2334bf997c33a2123,https://pdf.hres.ca/dpd_pm/00066155.PDF,pending,,,
pm_review_771fd5ea942a5d0b,hc_pm_pdf_524f46556d9e7ecb_en,hc_dpd_524f46556d9e7ecb_en,hc_dpd_524f46556d9e7ecb,en,heldout,brand_name,QUETIAPINE,1,normalized_exact,00066155,46c890f08dbd92ee439cf6d7989257cd7869e714a9a4ceb2334bf997c33a2123,https://pdf.hres.ca/dpd_pm/00066155.PDF,pending,,,
pm_review_c96820d548bdcaf2,hc_pm_pdf_524f46556d9e7ecb_en,hc_dpd_524f46556d9e7ecb_en,hc_dpd_524f46556d9e7ecb,en,heldout,dosage_forms,TABLET,1,normalized_exact,00066155,46c890f08dbd92ee439cf6d7989257cd7869e714a9a4ceb2334bf997c33a2123,https://pdf.hres.ca/dpd_pm/00066155.PDF,pending,,,
pm_review_5537721bd97c3caf,hc_pm_pdf_524f46556d9e7ecb_en,hc_dpd_524f46556d9e7ecb_en,hc_dpd_524f46556d9e7ecb,en,heldout,routes,ORAL,1,normalized_exact,00066155,46c890f08dbd92ee439cf6d7989257cd7869e714a9a4ceb2334bf997c33a2123,https://pdf.hres.ca/dpd_pm/00066155.PDF,pending,,,
pm_review_fdd041e987c26483,hc_pm_pdf_524f46556d9e7ecb_fr,hc_dpd_524f46556d9e7ecb_fr,hc_dpd_524f46556d9e7ecb,fr,heldout,active_ingredients,"{""name"":""Quétiapine"",""strength"":100,""unit"":""MG""}",1,normalized_name_and_strength,00066156,ee935140bdf538f7852d6e9224a996c898fd99d2469825bb2495daa07f4a1644,https://pdf.hres.ca/dpd_pm/00066156.PDF,pending,,,
pm_review_394e01247a07523b,hc_pm_pdf_524f46556d9e7ecb_fr,hc_dpd_524f46556d9e7ecb_fr,hc_dpd_524f46556d9e7ecb,fr,heldout,active_ingredients,"{""name"":""Quétiapine"",""strength"":200,""unit"":""MG""}",1,normalized_name_and_strength,00066156,ee935140bdf538f7852d6e9224a996c898fd99d2469825bb2495daa07f4a1644,https://pdf.hres.ca/dpd_pm/00066156.PDF,pending,,,
pm_review_8485a7c9687dbc39,hc_pm_pdf_524f46556d9e7ecb_fr,hc_dpd_524f46556d9e7ecb_fr,hc_dpd_524f46556d9e7ecb,fr,heldout,active_ingredients,"{""name"":""Quétiapine"",""strength"":25,""unit"":""MG""}",1,normalized_name_and_strength,00066156,ee935140bdf538f7852d6e9224a996c898fd99d2469825bb2495daa07f4a1644,https://pdf.hres.ca/dpd_pm/00066156.PDF,pending,,,
pm_review_68c5796559f92382,hc_pm_pdf_524f46556d9e7ecb_fr,hc_dpd_524f46556d9e7ecb_fr,hc_dpd_524f46556d9e7ecb,fr,heldout,active_ingredients,"{""name"":""Quétiapine"",""strength"":300,""unit"":""MG""}",1,normalized_name_and_strength,00066156,ee935140bdf538f7852d6e9224a996c898fd99d2469825bb2495daa07f4a1644,https://pdf.hres.ca/dpd_pm/00066156.PDF,pending,,,
pm_review_49810930b96eea20,hc_pm_pdf_524f46556d9e7ecb_fr,hc_dpd_524f46556d9e7ecb_fr,hc_dpd_524f46556d9e7ecb,fr,heldout,brand_name,QUETIAPINE,1,normalized_exact,00066156,ee935140bdf538f7852d6e9224a996c898fd99d2469825bb2495daa07f4a1644,https://pdf.hres.ca/dpd_pm/00066156.PDF,pending,,,
pm_review_26af9d33227269a2,hc_pm_pdf_524f46556d9e7ecb_fr,hc_dpd_524f46556d9e7ecb_fr,hc_dpd_524f46556d9e7ecb,fr,heldout,dosage_forms,Comprimé,1,normalized_exact,00066156,ee935140bdf538f7852d6e9224a996c898fd99d2469825bb2495daa07f4a1644,https://pdf.hres.ca/dpd_pm/00066156.PDF,pending,,,
pm_review_d54d7e8896a62cf3,hc_pm_pdf_524f46556d9e7ecb_fr,hc_dpd_524f46556d9e7ecb_fr,hc_dpd_524f46556d9e7ecb,fr,heldout,routes,Orale,1,normalized_exact,00066156,ee935140bdf538f7852d6e9224a996c898fd99d2469825bb2495daa07f4a1644,https://pdf.hres.ca/dpd_pm/00066156.PDF,pending,,,
pm_review_1aaedb28dad4f154,hc_pm_pdf_57efb40bc22ca21c_en,hc_dpd_57efb40bc22ca21c_en,hc_dpd_57efb40bc22ca21c,en,heldout,active_ingredients,"{""name"":""EMTRICITABINE"",""strength"":200,""unit"":""MG""}",1,normalized_name_and_strength,00059479,d2b7589eb76eaab873c05b3f71a2d47e57d24e1c565e6fe7aef42f0cdf044831,https://pdf.hres.ca/dpd_pm/00059479.PDF,pending,,,
pm_review_09561ef1aac52ee8,hc_pm_pdf_57efb40bc22ca21c_en,hc_dpd_57efb40bc22ca21c_en,hc_dpd_57efb40bc22ca21c,en,heldout,active_ingredients,"{""name"":""TENOFOVIR DISOPROXIL FUMARATE"",""strength"":300,""unit"":""MG""}",1,normalized_name_and_strength,00059479,d2b7589eb76eaab873c05b3f71a2d47e57d24e1c565e6fe7aef42f0cdf044831,https://pdf.hres.ca/dpd_pm/00059479.PDF,pending,,,
pm_review_00e782e4ded17822,hc_pm_pdf_57efb40bc22ca21c_en,hc_dpd_57efb40bc22ca21c_en,hc_dpd_57efb40bc22ca21c,en,heldout,brand_name,PMS-EMTRICITABINE-TENOFOVIR,1,normalized_exact,00059479,d2b7589eb76eaab873c05b3f71a2d47e57d24e1c565e6fe7aef42f0cdf044831,https://pdf.hres.ca/dpd_pm/00059479.PDF,pending,,,
pm_review_b371dd70cb2fe6a6,hc_pm_pdf_57efb40bc22ca21c_en,hc_dpd_57efb40bc22ca21c_en,hc_dpd_57efb40bc22ca21c,en,heldout,dosage_forms,TABLET,1,normalized_exact,00059479,d2b7589eb76eaab873c05b3f71a2d47e57d24e1c565e6fe7aef42f0cdf044831,https://pdf.hres.ca/dpd_pm/00059479.PDF,pending,,,
pm_review_1d8e72b0236cdb81,hc_pm_pdf_57efb40bc22ca21c_en,hc_dpd_57efb40bc22ca21c_en,hc_dpd_57efb40bc22ca21c,en,heldout,routes,ORAL,19,normalized_exact,00059479,d2b7589eb76eaab873c05b3f71a2d47e57d24e1c565e6fe7aef42f0cdf044831,https://pdf.hres.ca/dpd_pm/00059479.PDF,pending,,,
pm_review_f2d1f19d8fc4c094,hc_pm_pdf_57efb40bc22ca21c_fr,hc_dpd_57efb40bc22ca21c_fr,hc_dpd_57efb40bc22ca21c,fr,heldout,active_ingredients,"{""name"":""Emtricitabine"",""strength"":200,""unit"":""MG""}",1,normalized_name_and_strength,00059590,c31a1f7d0bd6596df5e06d9d648e660154ef2c5aee0a1c0941bdb6b0d30a2941,https://pdf.hres.ca/dpd_pm/00059590.PDF,pending,,,
pm_review_2e66ee447cdd2056,hc_pm_pdf_57efb40bc22ca21c_fr,hc_dpd_57efb40bc22ca21c_fr,hc_dpd_57efb40bc22ca21c,fr,heldout,active_ingredients,"{""name"":""Fumarate de ténofovir disoproxil"",""strength"":300,""unit"":""MG""}",1,normalized_name_and_strength,00059590,c31a1f7d0bd6596df5e06d9d648e660154ef2c5aee0a1c0941bdb6b0d30a2941,https://pdf.hres.ca/dpd_pm/00059590.PDF,pending,,,
pm_review_39d969fe0cb50bcb,hc_pm_pdf_57efb40bc22ca21c_fr,hc_dpd_57efb40bc22ca21c_fr,hc_dpd_57efb40bc22ca21c,fr,heldout,brand_name,PMS-EMTRICITABINE-TENOFOVIR,1,normalized_exact,00059590,c31a1f7d0bd6596df5e06d9d648e660154ef2c5aee0a1c0941bdb6b0d30a2941,https://pdf.hres.ca/dpd_pm/00059590.PDF,pending,,,
pm_review_cffc6337d27a9040,hc_pm_pdf_57efb40bc22ca21c_fr,hc_dpd_57efb40bc22ca21c_fr,hc_dpd_57efb40bc22ca21c,fr,heldout,dosage_forms,Comprimé,1,normalized_exact,00059590,c31a1f7d0bd6596df5e06d9d648e660154ef2c5aee0a1c0941bdb6b0d30a2941,https://pdf.hres.ca/dpd_pm/00059590.PDF,pending,,,
pm_review_cbdc2f18f362e8eb,hc_pm_pdf_57efb40bc22ca21c_fr,hc_dpd_57efb40bc22ca21c_fr,hc_dpd_57efb40bc22ca21c,fr,heldout,routes,Orale,3,normalized_exact,00059590,c31a1f7d0bd6596df5e06d9d648e660154ef2c5aee0a1c0941bdb6b0d30a2941,https://pdf.hres.ca/dpd_pm/00059590.PDF,pending,,,
pm_review_9f76d2d9c7465ae4,hc_pm_pdf_57f05e10f203066a_en,hc_dpd_57f05e10f203066a_en,hc_dpd_57f05e10f203066a,en,development,active_ingredients,"{""name"":""VENLAFAXINE"",""strength"":150,""unit"":""MG""}",1,normalized_name_and_strength,00080068,0d7fbd2adaa7b0f8fa882ae9e17b5080f156b61c05f9119c9f190f564db2d499,https://pdf.hres.ca/dpd_pm/00080068.PDF,pending,,,
pm_review_7677ed25970d9753,hc_pm_pdf_57f05e10f203066a_en,hc_dpd_57f05e10f203066a_en,hc_dpd_57f05e10f203066a,en,development,active_ingredients,"{""name"":""VENLAFAXINE"",""strength"":37.5,""unit"":""MG""}",1,normalized_name_and_strength,00080068,0d7fbd2adaa7b0f8fa882ae9e17b5080f156b61c05f9119c9f190f564db2d499,https://pdf.hres.ca/dpd_pm/00080068.PDF,pending,,,
pm_review_c931da3bc1750fd5,hc_pm_pdf_57f05e10f203066a_en,hc_dpd_57f05e10f203066a_en,hc_dpd_57f05e10f203066a,en,development,active_ingredients,"{""name"":""VENLAFAXINE"",""strength"":75,""unit"":""MG""}",1,normalized_name_and_strength,00080068,0d7fbd2adaa7b0f8fa882ae9e17b5080f156b61c05f9119c9f190f564db2d499,https://pdf.hres.ca/dpd_pm/00080068.PDF,pending,,,
pm_review_bdb70ec5ec590478,hc_pm_pdf_57f05e10f203066a_en,hc_dpd_57f05e10f203066a_en,hc_dpd_57f05e10f203066a,en,development,brand_name,SANDOZ VENLAFAXINE XR,1,normalized_exact,00080068,0d7fbd2adaa7b0f8fa882ae9e17b5080f156b61c05f9119c9f190f564db2d499,https://pdf.hres.ca/dpd_pm/00080068.PDF,pending,,,
pm_review_2befe0ef4e1bb5de,hc_pm_pdf_57f05e10f203066a_en,hc_dpd_57f05e10f203066a_en,hc_dpd_57f05e10f203066a,en,development,dosage_forms,CAPSULE (EXTENDED RELEASE),1,declared_alias,00080068,0d7fbd2adaa7b0f8fa882ae9e17b5080f156b61c05f9119c9f190f564db2d499,https://pdf.hres.ca/dpd_pm/00080068.PDF,pending,,,
pm_review_d70af06bfb19bda2,hc_pm_pdf_57f05e10f203066a_en,hc_dpd_57f05e10f203066a_en,hc_dpd_57f05e10f203066a,en,development,routes,ORAL,1,normalized_exact,00080068,0d7fbd2adaa7b0f8fa882ae9e17b5080f156b61c05f9119c9f190f564db2d499,https://pdf.hres.ca/dpd_pm/00080068.PDF,pending,,,
pm_review_fc8e610991b87614,hc_pm_pdf_57f05e10f203066a_fr,hc_dpd_57f05e10f203066a_fr,hc_dpd_57f05e10f203066a,fr,development,active_ingredients,"{""name"":""Venlafaxine"",""strength"":150,""unit"":""MG""}",1,normalized_name_and_strength,00080344,a88843da10dc1fbe92caca1a508498851ff0fbca8ad8ca5e528324f6b8824b98,https://pdf.hres.ca/dpd_pm/00080344.PDF,pending,,,
pm_review_bbdd40c2b94a883c,hc_pm_pdf_57f05e10f203066a_fr,hc_dpd_57f05e10f203066a_fr,hc_dpd_57f05e10f203066a,fr,development,active_ingredients,"{""name"":""Venlafaxine"",""strength"":37.5,""unit"":""MG""}",1,normalized_name_and_strength,00080344,a88843da10dc1fbe92caca1a508498851ff0fbca8ad8ca5e528324f6b8824b98,https://pdf.hres.ca/dpd_pm/00080344.PDF,pending,,,
pm_review_b5b22c962f484b47,hc_pm_pdf_57f05e10f203066a_fr,hc_dpd_57f05e10f203066a_fr,hc_dpd_57f05e10f203066a,fr,development,active_ingredients,"{""name"":""Venlafaxine"",""strength"":75,""unit"":""MG""}",1,normalized_name_and_strength,00080344,a88843da10dc1fbe92caca1a508498851ff0fbca8ad8ca5e528324f6b8824b98,https://pdf.hres.ca/dpd_pm/00080344.PDF,pending,,,
pm_review_78f22f9245fe9743,hc_pm_pdf_57f05e10f203066a_fr,hc_dpd_57f05e10f203066a_fr,hc_dpd_57f05e10f203066a,fr,development,brand_name,SANDOZ VENLAFAXINE XR,1,normalized_exact,00080344,a88843da10dc1fbe92caca1a508498851ff0fbca8ad8ca5e528324f6b8824b98,https://pdf.hres.ca/dpd_pm/00080344.PDF,pending,,,
pm_review_8ebc500da0d2bcd4,hc_pm_pdf_57f05e10f203066a_fr,hc_dpd_57f05e10f203066a_fr,hc_dpd_57f05e10f203066a,fr,development,dosage_forms,Capsule (à libération prolongée),1,declared_alias,00080344,a88843da10dc1fbe92caca1a508498851ff0fbca8ad8ca5e528324f6b8824b98,https://pdf.hres.ca/dpd_pm/00080344.PDF,pending,,,
pm_review_b3fdb165d1ee6b90,hc_pm_pdf_57f05e10f203066a_fr,hc_dpd_57f05e10f203066a_fr,hc_dpd_57f05e10f203066a,fr,development,routes,Orale,1,normalized_exact,00080344,a88843da10dc1fbe92caca1a508498851ff0fbca8ad8ca5e528324f6b8824b98,https://pdf.hres.ca/dpd_pm/00080344.PDF,pending,,,
pm_review_a6de8bb6c2570a5c,hc_pm_pdf_5966e2911f55e6b1_en,hc_dpd_5966e2911f55e6b1_en,hc_dpd_5966e2911f55e6b1,en,development,active_ingredients,"{""name"":""GUAIFENESIN"",""strength"":50,""unit"":""MG""}",1,normalized_name_and_strength,00067844,5e883beef1670117bd6d2dd70d809cbdf5d3e1c10478c8c43d663aa8a8271e02,https://pdf.hres.ca/dpd_pm/00067844.PDF,pending,,,
pm_review_8c8c2e81407edf6d,hc_pm_pdf_5966e2911f55e6b1_en,hc_dpd_5966e2911f55e6b1_en,hc_dpd_5966e2911f55e6b1,en,development,active_ingredients,"{""name"":""OXTRIPHYLLINE"",""strength"":100,""unit"":""MG""}",1,normalized_name_and_strength,00067844,5e883beef1670117bd6d2dd70d809cbdf5d3e1c10478c8c43d663aa8a8271e02,https://pdf.hres.ca/dpd_pm/00067844.PDF,pending,,,
pm_review_332b73bd58f76b64,hc_pm_pdf_5966e2911f55e6b1_en,hc_dpd_5966e2911f55e6b1_en,hc_dpd_5966e2911f55e6b1,en,development,brand_name,CHOLEDYL EXPECTORANT,1,normalized_exact,00067844,5e883beef1670117bd6d2dd70d809cbdf5d3e1c10478c8c43d663aa8a8271e02,https://pdf.hres.ca/dpd_pm/00067844.PDF,pending,,,
pm_review_cd741dceec7a04b8,hc_pm_pdf_5966e2911f55e6b1_en,hc_dpd_5966e2911f55e6b1_en,hc_dpd_5966e2911f55e6b1,en,development,dosage_forms,SOLUTION,1,normalized_exact,00067844,5e883beef1670117bd6d2dd70d809cbdf5d3e1c10478c8c43d663aa8a8271e02,https://pdf.hres.ca/dpd_pm/00067844.PDF,pending,,,
pm_review_fed6225d982ec30d,hc_pm_pdf_5966e2911f55e6b1_en,hc_dpd_5966e2911f55e6b1_en,hc_dpd_5966e2911f55e6b1,en,development,routes,ORAL,1,normalized_exact,00067844,5e883beef1670117bd6d2dd70d809cbdf5d3e1c10478c8c43d663aa8a8271e02,https://pdf.hres.ca/dpd_pm/00067844.PDF,pending,,,
pm_review_ba810f5e67115319,hc_pm_pdf_5966e2911f55e6b1_fr,hc_dpd_5966e2911f55e6b1_fr,hc_dpd_5966e2911f55e6b1,fr,development,active_ingredients,"{""name"":""Guaïfénésine"",""strength"":50,""unit"":""MG""}",1,normalized_name_and_strength,00067845,1ea337e7e14dccbd694933a01556a9675ed6678872ca356b385b65cbd903a36d,https://pdf.hres.ca/dpd_pm/00067845.PDF,pending,,,
pm_review_b3d580e314f5f751,hc_pm_pdf_5966e2911f55e6b1_fr,hc_dpd_5966e2911f55e6b1_fr,hc_dpd_5966e2911f55e6b1,fr,development,active_ingredients,"{""name"":""Oxtriphylline"",""strength"":100,""unit"":""MG""}",1,normalized_name_and_strength,00067845,1ea337e7e14dccbd694933a01556a9675ed6678872ca356b385b65cbd903a36d,https://pdf.hres.ca/dpd_pm/00067845.PDF,pending,,,
pm_review_1b92705920a8f9de,hc_pm_pdf_5966e2911f55e6b1_fr,hc_dpd_5966e2911f55e6b1_fr,hc_dpd_5966e2911f55e6b1,fr,development,brand_name,CHOLEDYL EXPECTORANT,1,normalized_exact,00067845,1ea337e7e14dccbd694933a01556a9675ed6678872ca356b385b65cbd903a36d,https://pdf.hres.ca/dpd_pm/00067845.PDF,pending,,,
pm_review_8614105d1cfce291,hc_pm_pdf_5966e2911f55e6b1_fr,hc_dpd_5966e2911f55e6b1_fr,hc_dpd_5966e2911f55e6b1,fr,development,dosage_forms,Solution,1,normalized_exact,00067845,1ea337e7e14dccbd694933a01556a9675ed6678872ca356b385b65cbd903a36d,https://pdf.hres.ca/dpd_pm/00067845.PDF,pending,,,
pm_review_91ea0a3b03ec986a,hc_pm_pdf_5966e2911f55e6b1_fr,hc_dpd_5966e2911f55e6b1_fr,hc_dpd_5966e2911f55e6b1,fr,development,routes,Orale,1,normalized_exact,00067845,1ea337e7e14dccbd694933a01556a9675ed6678872ca356b385b65cbd903a36d,https://pdf.hres.ca/dpd_pm/00067845.PDF,pending,,,
pm_review_77a6d3fb1a02e39d,hc_pm_pdf_59866f3bf88da67c_en,hc_dpd_59866f3bf88da67c_en,hc_dpd_59866f3bf88da67c,en,development,active_ingredients,"{""name"":""BICALUTAMIDE"",""strength"":50,""unit"":""MG""}",1,normalized_name_and_strength,00042050,5fde6f2e77595a9e9d92817631b740b6e384c4346e4229a0e3317cca1607d8f5,https://pdf.hres.ca/dpd_pm/00042050.PDF,pending,,,
pm_review_f4072b434f8c6cf4,hc_pm_pdf_59866f3bf88da67c_en,hc_dpd_59866f3bf88da67c_en,hc_dpd_59866f3bf88da67c,en,development,brand_name,ACH-BICALUTAMIDE,1,normalized_exact,00042050,5fde6f2e77595a9e9d92817631b740b6e384c4346e4229a0e3317cca1607d8f5,https://pdf.hres.ca/dpd_pm/00042050.PDF,pending,,,
pm_review_7ae3d07d437fbaf3,hc_pm_pdf_59866f3bf88da67c_en,hc_dpd_59866f3bf88da67c_en,hc_dpd_59866f3bf88da67c,en,development,dosage_forms,TABLET,1,normalized_exact,00042050,5fde6f2e77595a9e9d92817631b740b6e384c4346e4229a0e3317cca1607d8f5,https://pdf.hres.ca/dpd_pm/00042050.PDF,pending,,,
pm_review_8db9624f4f32b5c9,hc_pm_pdf_59866f3bf88da67c_en,hc_dpd_59866f3bf88da67c_en,hc_dpd_59866f3bf88da67c,en,development,routes,ORAL,3,normalized_exact,00042050,5fde6f2e77595a9e9d92817631b740b6e384c4346e4229a0e3317cca1607d8f5,https://pdf.hres.ca/dpd_pm/00042050.PDF,pending,,,
pm_review_b2bdf6e069fcbbfb,hc_pm_pdf_59866f3bf88da67c_fr,hc_dpd_59866f3bf88da67c_fr,hc_dpd_59866f3bf88da67c,fr,development,active_ingredients,"{""name"":""Bicalutamide"",""strength"":50,""unit"":""MG""}",1,normalized_name_and_strength,00085483,b3c4382f40b6cce07421db1be611a4529610bd3bf287f94841b14dd7cb4f70dc,https://pdf.hres.ca/dpd_pm/00085483.PDF,pending,,,
pm_review_48619adc4244cbd3,hc_pm_pdf_59866f3bf88da67c_fr,hc_dpd_59866f3bf88da67c_fr,hc_dpd_59866f3bf88da67c,fr,development,brand_name,ACH-BICALUTAMIDE,1,normalized_exact,00085483,b3c4382f40b6cce07421db1be611a4529610bd3bf287f94841b14dd7cb4f70dc,https://pdf.hres.ca/dpd_pm/00085483.PDF,pending,,,
pm_review_11f956fa317d629a,hc_pm_pdf_59866f3bf88da67c_fr,hc_dpd_59866f3bf88da67c_fr,hc_dpd_59866f3bf88da67c,fr,development,dosage_forms,Comprimé,1,normalized_exact,00085483,b3c4382f40b6cce07421db1be611a4529610bd3bf287f94841b14dd7cb4f70dc,https://pdf.hres.ca/dpd_pm/00085483.PDF,pending,,,
pm_review_c76857fa9ea1beef,hc_pm_pdf_59866f3bf88da67c_fr,hc_dpd_59866f3bf88da67c_fr,hc_dpd_59866f3bf88da67c,fr,development,routes,Orale,3,normalized_exact,00085483,b3c4382f40b6cce07421db1be611a4529610bd3bf287f94841b14dd7cb4f70dc,https://pdf.hres.ca/dpd_pm/00085483.PDF,pending,,,
pm_review_764792fc51e10177,hc_pm_pdf_7549c78320e483e3_en,hc_dpd_7549c78320e483e3_en,hc_dpd_7549c78320e483e3,en,heldout,active_ingredients,"{""name"":""IPRATROPIUM BROMIDE"",""strength"":250,""unit"":""MCG""}",1,normalized_name_and_strength,00064594,2f1a48a0a60d75c1b84706941f73eb7edc26b711d736af20857903529204b9b3,https://pdf.hres.ca/dpd_pm/00064594.PDF,pending,,,
pm_review_0f665bd457698780,hc_pm_pdf_7549c78320e483e3_en,hc_dpd_7549c78320e483e3_en,hc_dpd_7549c78320e483e3,en,heldout,brand_name,TEVA-IPRATROPIUM STERINEBS,1,normalized_exact,00064594,2f1a48a0a60d75c1b84706941f73eb7edc26b711d736af20857903529204b9b3,https://pdf.hres.ca/dpd_pm/00064594.PDF,pending,,,
pm_review_65a04cf1fdd1c1c5,hc_pm_pdf_7549c78320e483e3_en,hc_dpd_7549c78320e483e3_en,hc_dpd_7549c78320e483e3,en,heldout,dosage_forms,SOLUTION,1,normalized_exact,00064594,2f1a48a0a60d75c1b84706941f73eb7edc26b711d736af20857903529204b9b3,https://pdf.hres.ca/dpd_pm/00064594.PDF,pending,,,
pm_review_e8e65521730eb83d,hc_pm_pdf_7549c78320e483e3_en,hc_dpd_7549c78320e483e3_en,hc_dpd_7549c78320e483e3,en,heldout,routes,INHALATION,1,normalized_exact,00064594,2f1a48a0a60d75c1b84706941f73eb7edc26b711d736af20857903529204b9b3,https://pdf.hres.ca/dpd_pm/00064594.PDF,pending,,,
pm_review_f9e2268f31af2ac4,hc_pm_pdf_7549c78320e483e3_fr,hc_dpd_7549c78320e483e3_fr,hc_dpd_7549c78320e483e3,fr,heldout,active_ingredients,"{""name"":""Bromure d'ipratropium"",""strength"":250,""unit"":""MCG""}",1,normalized_name_and_strength,00064752,f23502225886769a46114635d3450ac71c9e91ff58a329476dd0e09a986aab8b,https://pdf.hres.ca/dpd_pm/00064752.PDF,pending,,,
pm_review_2b6fd87d5965d84d,hc_pm_pdf_7549c78320e483e3_fr,hc_dpd_7549c78320e483e3_fr,hc_dpd_7549c78320e483e3,fr,heldout,brand_name,TEVA-IPRATROPIUM STERINEBS,1,normalized_exact,00064752,f23502225886769a46114635d3450ac71c9e91ff58a329476dd0e09a986aab8b,https://pdf.hres.ca/dpd_pm/00064752.PDF,pending,,,
pm_review_ca404b5f336e08b3,hc_pm_pdf_7549c78320e483e3_fr,hc_dpd_7549c78320e483e3_fr,hc_dpd_7549c78320e483e3,fr,heldout,dosage_forms,Solution,1,normalized_exact,00064752,f23502225886769a46114635d3450ac71c9e91ff58a329476dd0e09a986aab8b,https://pdf.hres.ca/dpd_pm/00064752.PDF,pending,,,
pm_review_fa6213cb2476c5d3,hc_pm_pdf_7549c78320e483e3_fr,hc_dpd_7549c78320e483e3_fr,hc_dpd_7549c78320e483e3,fr,heldout,routes,Inhalation,1,normalized_exact,00064752,f23502225886769a46114635d3450ac71c9e91ff58a329476dd0e09a986aab8b,https://pdf.hres.ca/dpd_pm/00064752.PDF,pending,,,
pm_review_0f9386f3df1e533c,hc_pm_pdf_771eaf63bd1bf1d7_en,hc_dpd_771eaf63bd1bf1d7_en,hc_dpd_771eaf63bd1bf1d7,en,heldout,active_ingredients,"{""name"":""IMATINIB"",""strength"":100,""unit"":""MG""}",1,normalized_name_and_strength,00084758,bee8c727be154ada24d5ac1c1734011f46e36fa7d0d5e8c3e8a259cac319dfa0,https://pdf.hres.ca/dpd_pm/00084758.PDF,pending,,,
pm_review_b5aa82277a323571,hc_pm_pdf_771eaf63bd1bf1d7_en,hc_dpd_771eaf63bd1bf1d7_en,hc_dpd_771eaf63bd1bf1d7,en,heldout,active_ingredients,"{""name"":""IMATINIB"",""strength"":400,""unit"":""MG""}",1,normalized_name_and_strength,00084758,bee8c727be154ada24d5ac1c1734011f46e36fa7d0d5e8c3e8a259cac319dfa0,https://pdf.hres.ca/dpd_pm/00084758.PDF,pending,,,
pm_review_efdaff363c97087d,hc_pm_pdf_771eaf63bd1bf1d7_en,hc_dpd_771eaf63bd1bf1d7_en,hc_dpd_771eaf63bd1bf1d7,en,heldout,brand_name,NAT-IMATINIB,1,normalized_exact,00084758,bee8c727be154ada24d5ac1c1734011f46e36fa7d0d5e8c3e8a259cac319dfa0,https://pdf.hres.ca/dpd_pm/00084758.PDF,pending,,,
pm_review_e14075db6e898f07,hc_pm_pdf_771eaf63bd1bf1d7_en,hc_dpd_771eaf63bd1bf1d7_en,hc_dpd_771eaf63bd1bf1d7,en,heldout,dosage_forms,TABLET,1,normalized_exact,00084758,bee8c727be154ada24d5ac1c1734011f46e36fa7d0d5e8c3e8a259cac319dfa0,https://pdf.hres.ca/dpd_pm/00084758.PDF,pending,,,
pm_review_2c5ca22fea964735,hc_pm_pdf_771eaf63bd1bf1d7_en,hc_dpd_771eaf63bd1bf1d7_en,hc_dpd_771eaf63bd1bf1d7,en,heldout,routes,ORAL,1,normalized_exact,00084758,bee8c727be154ada24d5ac1c1734011f46e36fa7d0d5e8c3e8a259cac319dfa0,https://pdf.hres.ca/dpd_pm/00084758.PDF,pending,,,
pm_review_ef727a6ae2f8ce78,hc_pm_pdf_771eaf63bd1bf1d7_fr,hc_dpd_771eaf63bd1bf1d7_fr,hc_dpd_771eaf63bd1bf1d7,fr,heldout,active_ingredients,"{""name"":""Imatinib"",""strength"":100,""unit"":""MG""}",1,normalized_name_and_strength,00084861,1a58f15757b1d3cd34fc879a716a9442857f295a0bac279694edc250538e408e,https://pdf.hres.ca/dpd_pm/00084861.PDF,pending,,,
pm_review_d0b1dea3940182ec,hc_pm_pdf_771eaf63bd1bf1d7_fr,hc_dpd_771eaf63bd1bf1d7_fr,hc_dpd_771eaf63bd1bf1d7,fr,heldout,active_ingredients,"{""name"":""Imatinib"",""strength"":400,""unit"":""MG""}",1,normalized_name_and_strength,00084861,1a58f15757b1d3cd34fc879a716a9442857f295a0bac279694edc250538e408e,https://pdf.hres.ca/dpd_pm/00084861.PDF,pending,,,
pm_review_933b6e3c38fef4a2,hc_pm_pdf_771eaf63bd1bf1d7_fr,hc_dpd_771eaf63bd1bf1d7_fr,hc_dpd_771eaf63bd1bf1d7,fr,heldout,brand_name,NAT-IMATINIB,1,normalized_exact,00084861,1a58f15757b1d3cd34fc879a716a9442857f295a0bac279694edc250538e408e,https://pdf.hres.ca/dpd_pm/00084861.PDF,pending,,,
pm_review_bdebc860787a59be,hc_pm_pdf_771eaf63bd1bf1d7_fr,hc_dpd_771eaf63bd1bf1d7_fr,hc_dpd_771eaf63bd1bf1d7,fr,heldout,dosage_forms,Comprimé,1,normalized_exact,00084861,1a58f15757b1d3cd34fc879a716a9442857f295a0bac279694edc250538e408e,https://pdf.hres.ca/dpd_pm/00084861.PDF,pending,,,
pm_review_721248700a7f084a,hc_pm_pdf_771eaf63bd1bf1d7_fr,hc_dpd_771eaf63bd1bf1d7_fr,hc_dpd_771eaf63bd1bf1d7,fr,heldout,routes,Orale,6,normalized_exact,00084861,1a58f15757b1d3cd34fc879a716a9442857f295a0bac279694edc250538e408e,https://pdf.hres.ca/dpd_pm/00084861.PDF,pending,,,
pm_review_56fbcfebcd2d6f1a,hc_pm_pdf_7c564b021ccc75e5_en,hc_dpd_7c564b021ccc75e5_en,hc_dpd_7c564b021ccc75e5,en,development,active_ingredients,"{""name"":""BIMATOPROST"",""strength"":0.03,""unit"":""%""}",1,normalized_name_and_strength,00067448,d713adcbed674f8169d05001c3ea015c2ca23307931131f81cc5cc5c3976af00,https://pdf.hres.ca/dpd_pm/00067448.PDF,pending,,,
pm_review_c254434a46e6eebd,hc_pm_pdf_7c564b021ccc75e5_en,hc_dpd_7c564b021ccc75e5_en,hc_dpd_7c564b021ccc75e5,en,development,brand_name,LATISSE,1,normalized_exact,00067448,d713adcbed674f8169d05001c3ea015c2ca23307931131f81cc5cc5c3976af00,https://pdf.hres.ca/dpd_pm/00067448.PDF,pending,,,
pm_review_2d375260851fe621,hc_pm_pdf_7c564b021ccc75e5_en,hc_dpd_7c564b021ccc75e5_en,hc_dpd_7c564b021ccc75e5,en,development,dosage_forms,SOLUTION,1,normalized_exact,00067448,d713adcbed674f8169d05001c3ea015c2ca23307931131f81cc5cc5c3976af00,https://pdf.hres.ca/dpd_pm/00067448.PDF,pending,,,
pm_review_d8c322a5e370b81f,hc_pm_pdf_7c564b021ccc75e5_en,hc_dpd_7c564b021ccc75e5_en,hc_dpd_7c564b021ccc75e5,en,development,routes,TOPICAL,1,normalized_exact,00067448,d713adcbed674f8169d05001c3ea015c2ca23307931131f81cc5cc5c3976af00,https://pdf.hres.ca/dpd_pm/00067448.PDF,pending,,,
pm_review_20a8d970eaf912fb,hc_pm_pdf_7c564b021ccc75e5_fr,hc_dpd_7c564b021ccc75e5_fr,hc_dpd_7c564b021ccc75e5,fr,development,active_ingredients,"{""name"":""Bimatoprost"",""strength"":0.03,""unit"":""%""}",1,normalized_name_and_strength,00067169,f1860d6fa3d4770da843d4dd7b0792189499ad796f069b06d02489965a2344c7,https://pdf.hres.ca/dpd_pm/00067169.PDF,pending,,,
pm_review_be5b8cdd5a87fba1,hc_pm_pdf_7c564b021ccc75e5_fr,hc_dpd_7c564b021ccc75e5_fr,hc_dpd_7c564b021ccc75e5,fr,development,brand_name,LATISSE,1,normalized_exact,00067169,f1860d6fa3d4770da843d4dd7b0792189499ad796f069b06d02489965a2344c7,https://pdf.hres.ca/dpd_pm/00067169.PDF,pending,,,
pm_review_40a8311346bcc2df,hc_pm_pdf_7c564b021ccc75e5_fr,hc_dpd_7c564b021ccc75e5_fr,hc_dpd_7c564b021ccc75e5,fr,development,dosage_forms,Solution,1,normalized_exact,00067169,f1860d6fa3d4770da843d4dd7b0792189499ad796f069b06d02489965a2344c7,https://pdf.hres.ca/dpd_pm/00067169.PDF,pending,,,
pm_review_4c8af92880d4d1d3,hc_pm_pdf_7c564b021ccc75e5_fr,hc_dpd_7c564b021ccc75e5_fr,hc_dpd_7c564b021ccc75e5,fr,development,routes,Topique,1,normalized_exact,00067169,f1860d6fa3d4770da843d4dd7b0792189499ad796f069b06d02489965a2344c7,https://pdf.hres.ca/dpd_pm/00067169.PDF,pending,,,
pm_review_26bb6213793217f7,hc_pm_pdf_83027a6372dd02be_en,hc_dpd_83027a6372dd02be_en,hc_dpd_83027a6372dd02be,en,development,active_ingredients,"{""name"":""TAFAMIDIS MEGLUMINE"",""strength"":20,""unit"":""MG""}",1,normalized_name_and_strength,00084660,c1b18ff28a69503b32c3d28579e32565e6d69d10c4cb7fd86ee5841e47beb8cc,https://pdf.hres.ca/dpd_pm/00084660.PDF,pending,,,
pm_review_06c238a3023ea152,hc_pm_pdf_83027a6372dd02be_en,hc_dpd_83027a6372dd02be_en,hc_dpd_83027a6372dd02be,en,development,brand_name,VYNDAQEL,1,normalized_exact,00084660,c1b18ff28a69503b32c3d28579e32565e6d69d10c4cb7fd86ee5841e47beb8cc,https://pdf.hres.ca/dpd_pm/00084660.PDF,pending,,,
pm_review_84b46b55631268e5,hc_pm_pdf_83027a6372dd02be_en,hc_dpd_83027a6372dd02be_en,hc_dpd_83027a6372dd02be,en,development,dosage_forms,CAPSULE,1,normalized_exact,00084660,c1b18ff28a69503b32c3d28579e32565e6d69d10c4cb7fd86ee5841e47beb8cc,https://pdf.hres.ca/dpd_pm/00084660.PDF,pending,,,
pm_review_302041a9d2f073ed,hc_pm_pdf_83027a6372dd02be_en,hc_dpd_83027a6372dd02be_en,hc_dpd_83027a6372dd02be,en,development,routes,ORAL,1,normalized_exact,00084660,c1b18ff28a69503b32c3d28579e32565e6d69d10c4cb7fd86ee5841e47beb8cc,https://pdf.hres.ca/dpd_pm/00084660.PDF,pending,,,
pm_review_a7359926be9f0ffb,hc_pm_pdf_83027a6372dd02be_fr,hc_dpd_83027a6372dd02be_fr,hc_dpd_83027a6372dd02be,fr,development,active_ingredients,"{""name"":""Tafamidis méglumine"",""strength"":20,""unit"":""MG""}",1,normalized_name_and_strength,00084939,9fde893e9e27c2148a90d8011bd9cddd82b45e4789ef28d68c707a301b98227b,https://pdf.hres.ca/dpd_pm/00084939.PDF,pending,,,
pm_review_c32a8a4c680f6c35,hc_pm_pdf_83027a6372dd02be_fr,hc_dpd_83027a6372dd02be_fr,hc_dpd_83027a6372dd02be,fr,development,brand_name,VYNDAQEL,1,normalized_exact,00084939,9fde893e9e27c2148a90d8011bd9cddd82b45e4789ef28d68c707a301b98227b,https://pdf.hres.ca/dpd_pm/00084939.PDF,pending,,,
pm_review_06ea28b8a0ac7bd2,hc_pm_pdf_83027a6372dd02be_fr,hc_dpd_83027a6372dd02be_fr,hc_dpd_83027a6372dd02be,fr,development,dosage_forms,Capsule,1,normalized_exact,00084939,9fde893e9e27c2148a90d8011bd9cddd82b45e4789ef28d68c707a301b98227b,https://pdf.hres.ca/dpd_pm/00084939.PDF,pending,,,
pm_review_69b348c3d2c22f56,hc_pm_pdf_83027a6372dd02be_fr,hc_dpd_83027a6372dd02be_fr,hc_dpd_83027a6372dd02be,fr,development,routes,Orale,1,normalized_exact,00084939,9fde893e9e27c2148a90d8011bd9cddd82b45e4789ef28d68c707a301b98227b,https://pdf.hres.ca/dpd_pm/00084939.PDF,pending,,,
pm_review_ced601a207d459a4,hc_pm_pdf_832be5088084b7fa_en,hc_dpd_832be5088084b7fa_en,hc_dpd_832be5088084b7fa,en,development,active_ingredients,"{""name"":""GLYCOPYRRONIUM"",""strength"":50,""unit"":""MCG""}",1,normalized_name_and_strength,00072513,84f9ef386ea4a06b1467aee68ac051951eae42d179531589e15cdf2abfc43c7b,https://pdf.hres.ca/dpd_pm/00072513.PDF,pending,,,
pm_review_5115dabc4df3efad,hc_pm_pdf_832be5088084b7fa_en,hc_dpd_832be5088084b7fa_en,hc_dpd_832be5088084b7fa,en,development,active_ingredients,"{""name"":""INDACATEROL"",""strength"":110,""unit"":""MCG""}",1,normalized_name_and_strength,00072513,84f9ef386ea4a06b1467aee68ac051951eae42d179531589e15cdf2abfc43c7b,https://pdf.hres.ca/dpd_pm/00072513.PDF,pending,,,
pm_review_8f7f3b492494a9a1,hc_pm_pdf_832be5088084b7fa_en,hc_dpd_832be5088084b7fa_en,hc_dpd_832be5088084b7fa,en,development,brand_name,ULTIBRO BREEZHALER,1,normalized_exact,00072513,84f9ef386ea4a06b1467aee68ac051951eae42d179531589e15cdf2abfc43c7b,https://pdf.hres.ca/dpd_pm/00072513.PDF,pending,,,
pm_review_d349123e14fa1159,hc_pm_pdf_832be5088084b7fa_en,hc_dpd_832be5088084b7fa_en,hc_dpd_832be5088084b7fa,en,development,dosage_forms,CAPSULE,1,normalized_exact,00072513,84f9ef386ea4a06b1467aee68ac051951eae42d179531589e15cdf2abfc43c7b,https://pdf.hres.ca/dpd_pm/00072513.PDF,pending,,,
pm_review_79c5f41f03ced052,hc_pm_pdf_832be5088084b7fa_en,hc_dpd_832be5088084b7fa_en,hc_dpd_832be5088084b7fa,en,development,routes,INHALATION,1,normalized_exact,00072513,84f9ef386ea4a06b1467aee68ac051951eae42d179531589e15cdf2abfc43c7b,https://pdf.hres.ca/dpd_pm/00072513.PDF,pending,,,
pm_review_4dadc74b69ee4f59,hc_pm_pdf_832be5088084b7fa_fr,hc_dpd_832be5088084b7fa_fr,hc_dpd_832be5088084b7fa,fr,development,active_ingredients,"{""name"":""Glycopyrronium"",""strength"":50,""unit"":""MCG""}",1,normalized_name_and_strength,00072833,31c22c33fe5021a6d6d7d33df64aaa4f8b00bc0e0f3b84ff7db898c1a00f28a6,https://pdf.hres.ca/dpd_pm/00072833.PDF,pending,,,
pm_review_62005ce2cd872d10,hc_pm_pdf_832be5088084b7fa_fr,hc_dpd_832be5088084b7fa_fr,hc_dpd_832be5088084b7fa,fr,development,active_ingredients,"{""name"":""Indacatérol"",""strength"":110,""unit"":""MCG""}",1,normalized_name_and_strength,00072833,31c22c33fe5021a6d6d7d33df64aaa4f8b00bc0e0f3b84ff7db898c1a00f28a6,https://pdf.hres.ca/dpd_pm/00072833.PDF,pending,,,
pm_review_6de58bdb61bc2470,hc_pm_pdf_832be5088084b7fa_fr,hc_dpd_832be5088084b7fa_fr,hc_dpd_832be5088084b7fa,fr,development,brand_name,ULTIBRO BREEZHALER,4,normalized_exact,00072833,31c22c33fe5021a6d6d7d33df64aaa4f8b00bc0e0f3b84ff7db898c1a00f28a6,https://pdf.hres.ca/dpd_pm/00072833.PDF,pending,,,
pm_review_5a36f12e0bc49e4f,hc_pm_pdf_832be5088084b7fa_fr,hc_dpd_832be5088084b7fa_fr,hc_dpd_832be5088084b7fa,fr,development,dosage_forms,Capsule,51,normalized_exact,00072833,31c22c33fe5021a6d6d7d33df64aaa4f8b00bc0e0f3b84ff7db898c1a00f28a6,https://pdf.hres.ca/dpd_pm/00072833.PDF,pending,,,
pm_review_f192ff7f0fedf131,hc_pm_pdf_832be5088084b7fa_fr,hc_dpd_832be5088084b7fa_fr,hc_dpd_832be5088084b7fa,fr,development,routes,Inhalation,1,normalized_exact,00072833,31c22c33fe5021a6d6d7d33df64aaa4f8b00bc0e0f3b84ff7db898c1a00f28a6,https://pdf.hres.ca/dpd_pm/00072833.PDF,pending,,,
pm_review_5e979d92cf1137b4,hc_pm_pdf_853162ea2c353ecb_en,hc_dpd_853162ea2c353ecb_en,hc_dpd_853162ea2c353ecb,en,heldout,active_ingredients,"{""name"":""LATANOPROST"",""strength"":50,""unit"":""MCG""}",1,normalized_name_and_strength,00081957,7f133d944b023d0c75d07f5a5b0b33571f72cd48a793539fce84469e4ef25533,https://pdf.hres.ca/dpd_pm/00081957.PDF,pending,,,
pm_review_4f894c3242f69034,hc_pm_pdf_853162ea2c353ecb_en,hc_dpd_853162ea2c353ecb_en,hc_dpd_853162ea2c353ecb,en,heldout,brand_name,AG-LATANOPROST,1,normalized_exact,00081957,7f133d944b023d0c75d07f5a5b0b33571f72cd48a793539fce84469e4ef25533,https://pdf.hres.ca/dpd_pm/00081957.PDF,pending,,,
pm_review_9324283aca9e6944,hc_pm_pdf_853162ea2c353ecb_en,hc_dpd_853162ea2c353ecb_en,hc_dpd_853162ea2c353ecb,en,heldout,dosage_forms,SOLUTION,1,normalized_exact,00081957,7f133d944b023d0c75d07f5a5b0b33571f72cd48a793539fce84469e4ef25533,https://pdf.hres.ca/dpd_pm/00081957.PDF,pending,,,
pm_review_89a1b6deea0c3dfe,hc_pm_pdf_853162ea2c353ecb_en,hc_dpd_853162ea2c353ecb_en,hc_dpd_853162ea2c353ecb,en,heldout,routes,OPHTHALMIC,1,normalized_exact,00081957,7f133d944b023d0c75d07f5a5b0b33571f72cd48a793539fce84469e4ef25533,https://pdf.hres.ca/dpd_pm/00081957.PDF,pending,,,
pm_review_cb8b43294612e2b3,hc_pm_pdf_853162ea2c353ecb_fr,hc_dpd_853162ea2c353ecb_fr,hc_dpd_853162ea2c353ecb,fr,heldout,active_ingredients,"{""name"":""Latanoprost"",""strength"":50,""unit"":""MCG""}",1,normalized_name_and_strength,00081958,6534c823610c345fde12af784d2a1f3e74aff68d5f3ac76ec9b35dd1c031992f,https://pdf.hres.ca/dpd_pm/00081958.PDF,pending,,,
pm_review_7ba1f288de046a6b,hc_pm_pdf_853162ea2c353ecb_fr,hc_dpd_853162ea2c353ecb_fr,hc_dpd_853162ea2c353ecb,fr,heldout,brand_name,AG-LATANOPROST,1,normalized_exact,00081958,6534c823610c345fde12af784d2a1f3e74aff68d5f3ac76ec9b35dd1c031992f,https://pdf.hres.ca/dpd_pm/00081958.PDF,pending,,,
pm_review_1d22f418c1d7a574,hc_pm_pdf_853162ea2c353ecb_fr,hc_dpd_853162ea2c353ecb_fr,hc_dpd_853162ea2c353ecb,fr,heldout,dosage_forms,Solution,1,normalized_exact,00081958,6534c823610c345fde12af784d2a1f3e74aff68d5f3ac76ec9b35dd1c031992f,https://pdf.hres.ca/dpd_pm/00081958.PDF,pending,,,
pm_review_b59f93af5d5f4ed7,hc_pm_pdf_853162ea2c353ecb_fr,hc_dpd_853162ea2c353ecb_fr,hc_dpd_853162ea2c353ecb,fr,heldout,routes,Ophtalmique,1,normalized_exact,00081958,6534c823610c345fde12af784d2a1f3e74aff68d5f3ac76ec9b35dd1c031992f,https://pdf.hres.ca/dpd_pm/00081958.PDF,pending,,,
pm_review_0446b90379209ecb,hc_pm_pdf_90c34aee86855e30_en,hc_dpd_90c34aee86855e30_en,hc_dpd_90c34aee86855e30,en,development,active_ingredients,"{""name"":""AZELASTINE HYDROCHLORIDE"",""strength"":137,""unit"":""MCG""}",1,normalized_name_and_strength,00081110,f3aad076ef60b07bb7b5e37b8b418dba092253905f244ae75c84e9f92a12ec54,https://pdf.hres.ca/dpd_pm/00081110.PDF,pending,,,
pm_review_30b8960e2c3de888,hc_pm_pdf_90c34aee86855e30_en,hc_dpd_90c34aee86855e30_en,hc_dpd_90c34aee86855e30,en,development,active_ingredients,"{""name"":""FLUTICASONE PROPIONATE"",""strength"":50,""unit"":""MCG""}",1,normalized_name_and_strength,00081110,f3aad076ef60b07bb7b5e37b8b418dba092253905f244ae75c84e9f92a12ec54,https://pdf.hres.ca/dpd_pm/00081110.PDF,pending,,,
pm_review_0359d24839bbaf77,hc_pm_pdf_90c34aee86855e30_en,hc_dpd_90c34aee86855e30_en,hc_dpd_90c34aee86855e30,en,development,brand_name,APO-AZELASTINE/FLUTICASONE,1,normalized_exact,00081110,f3aad076ef60b07bb7b5e37b8b418dba092253905f244ae75c84e9f92a12ec54,https://pdf.hres.ca/dpd_pm/00081110.PDF,pending,,,
pm_review_ef70acc8a44280dd,hc_pm_pdf_90c34aee86855e30_en,hc_dpd_90c34aee86855e30_en,hc_dpd_90c34aee86855e30,en,development,dosage_forms,"SPRAY, METERED DOSE",35,declared_alias,00081110,f3aad076ef60b07bb7b5e37b8b418dba092253905f244ae75c84e9f92a12ec54,https://pdf.hres.ca/dpd_pm/00081110.PDF,pending,,,
pm_review_9c56ab0a1e240fc0,hc_pm_pdf_90c34aee86855e30_en,hc_dpd_90c34aee86855e30_en,hc_dpd_90c34aee86855e30,en,development,routes,NASAL,1,normalized_exact,00081110,f3aad076ef60b07bb7b5e37b8b418dba092253905f244ae75c84e9f92a12ec54,https://pdf.hres.ca/dpd_pm/00081110.PDF,pending,,,
pm_review_68cb09363dccec71,hc_pm_pdf_90c34aee86855e30_fr,hc_dpd_90c34aee86855e30_fr,hc_dpd_90c34aee86855e30,fr,development,active_ingredients,"{""name"":""Chlorhydrate d'azélastine"",""strength"":137,""unit"":""MCG""}",1,normalized_name_and_strength,00081342,50dc200605788102c254e3a8b51e2591f1460594a8cb7893f573a64897d77f74,https://pdf.hres.ca/dpd_pm/00081342.PDF,pending,,,
pm_review_f83c39adbe4e4f5d,hc_pm_pdf_90c34aee86855e30_fr,hc_dpd_90c34aee86855e30_fr,hc_dpd_90c34aee86855e30,fr,development,active_ingredients,"{""name"":""Propionate de fluticasone"",""strength"":50,""unit"":""MCG""}",1,normalized_name_and_strength,00081342,50dc200605788102c254e3a8b51e2591f1460594a8cb7893f573a64897d77f74,https://pdf.hres.ca/dpd_pm/00081342.PDF,pending,,,
pm_review_8a496b1c4cc0a413,hc_pm_pdf_90c34aee86855e30_fr,hc_dpd_90c34aee86855e30_fr,hc_dpd_90c34aee86855e30,fr,development,brand_name,APO-AZELASTINE/FLUTICASONE,1,normalized_exact,00081342,50dc200605788102c254e3a8b51e2591f1460594a8cb7893f573a64897d77f74,https://pdf.hres.ca/dpd_pm/00081342.PDF,pending,,,
pm_review_06f70e0aa396e65a,hc_pm_pdf_90c34aee86855e30_fr,hc_dpd_90c34aee86855e30_fr,hc_dpd_90c34aee86855e30,fr,development,dosage_forms,Vaporisateur-doseur en suspension,41,normalized_exact,00081342,50dc200605788102c254e3a8b51e2591f1460594a8cb7893f573a64897d77f74,https://pdf.hres.ca/dpd_pm/00081342.PDF,pending,,,
pm_review_c25a37619cfc7d21,hc_pm_pdf_90c34aee86855e30_fr,hc_dpd_90c34aee86855e30_fr,hc_dpd_90c34aee86855e30,fr,development,routes,Nasale,1,normalized_exact,00081342,50dc200605788102c254e3a8b51e2591f1460594a8cb7893f573a64897d77f74,https://pdf.hres.ca/dpd_pm/00081342.PDF,pending,,,
pm_review_9baac8fd93242f0e,hc_pm_pdf_9ad870d869b86719_en,hc_dpd_9ad870d869b86719_en,hc_dpd_9ad870d869b86719,en,development,active_ingredients,"{""name"":""ESTRADIOL"",""strength"":1,""unit"":""MG""}",1,normalized_name_and_strength,00078644,d9f94d0a0fb0b7dcdd35c9c24b75d10a22646af7f3e74b20fc372f8ba614004c,https://pdf.hres.ca/dpd_pm/00078644.PDF,pending,,,
pm_review_8f13d6a02a4d217c,hc_pm_pdf_9ad870d869b86719_en,hc_dpd_9ad870d869b86719_en,hc_dpd_9ad870d869b86719,en,development,active_ingredients,"{""name"":""NORETHINDRONE ACETATE"",""strength"":0.5,""unit"":""MG""}",1,normalized_name_and_strength,00078644,d9f94d0a0fb0b7dcdd35c9c24b75d10a22646af7f3e74b20fc372f8ba614004c,https://pdf.hres.ca/dpd_pm/00078644.PDF,pending,,,
pm_review_e0f492bd584b9b38,hc_pm_pdf_9ad870d869b86719_en,hc_dpd_9ad870d869b86719_en,hc_dpd_9ad870d869b86719,en,development,brand_name,ACTIVELLE,1,normalized_exact,00078644,d9f94d0a0fb0b7dcdd35c9c24b75d10a22646af7f3e74b20fc372f8ba614004c,https://pdf.hres.ca/dpd_pm/00078644.PDF,pending,,,
pm_review_2b63819caf1cf6b6,hc_pm_pdf_9ad870d869b86719_en,hc_dpd_9ad870d869b86719_en,hc_dpd_9ad870d869b86719,en,development,dosage_forms,TABLET,1,normalized_exact,00078644,d9f94d0a0fb0b7dcdd35c9c24b75d10a22646af7f3e74b20fc372f8ba614004c,https://pdf.hres.ca/dpd_pm/00078644.PDF,pending,,,
pm_review_8bdd84b2f0273e0c,hc_pm_pdf_9ad870d869b86719_en,hc_dpd_9ad870d869b86719_en,hc_dpd_9ad870d869b86719,en,development,routes,ORAL,5,normalized_exact,00078644,d9f94d0a0fb0b7dcdd35c9c24b75d10a22646af7f3e74b20fc372f8ba614004c,https://pdf.hres.ca/dpd_pm/00078644.PDF,pending,,,
pm_review_95f5467f36a0f71c,hc_pm_pdf_9ad870d869b86719_fr,hc_dpd_9ad870d869b86719_fr,hc_dpd_9ad870d869b86719,fr,development,active_ingredients,"{""name"":""Acétate de noréthindrone"",""strength"":0.5,""unit"":""MG""}",1,normalized_name_and_strength,00080325,5b8c56323513bd1d5734cc590cef828ffd52a88e00bf2cacca850761e631cf53,https://pdf.hres.ca/dpd_pm/00080325.PDF,pending,,,
pm_review_4afe570d9b890d6a,hc_pm_pdf_9ad870d869b86719_fr,hc_dpd_9ad870d869b86719_fr,hc_dpd_9ad870d869b86719,fr,development,active_ingredients,"{""name"":""Estradiol"",""strength"":1,""unit"":""MG""}",1,normalized_name_and_strength,00080325,5b8c56323513bd1d5734cc590cef828ffd52a88e00bf2cacca850761e631cf53,https://pdf.hres.ca/dpd_pm/00080325.PDF,pending,,,
pm_review_5f790a3f43e2f871,hc_pm_pdf_9ad870d869b86719_fr,hc_dpd_9ad870d869b86719_fr,hc_dpd_9ad870d869b86719,fr,development,brand_name,ACTIVELLE,1,normalized_exact,00080325,5b8c56323513bd1d5734cc590cef828ffd52a88e00bf2cacca850761e631cf53,https://pdf.hres.ca/dpd_pm/00080325.PDF,pending,,,
pm_review_ba7a0ac3aa9a0a56,hc_pm_pdf_9ad870d869b86719_fr,hc_dpd_9ad870d869b86719_fr,hc_dpd_9ad870d869b86719,fr,development,dosage_forms,Comprimé,1,normalized_exact,00080325,5b8c56323513bd1d5734cc590cef828ffd52a88e00bf2cacca850761e631cf53,https://pdf.hres.ca/dpd_pm/00080325.PDF,pending,,,
pm_review_7a1eac3692eef99c,hc_pm_pdf_9ad870d869b86719_fr,hc_dpd_9ad870d869b86719_fr,hc_dpd_9ad870d869b86719,fr,development,routes,Orale,5,normalized_exact,00080325,5b8c56323513bd1d5734cc590cef828ffd52a88e00bf2cacca850761e631cf53,https://pdf.hres.ca/dpd_pm/00080325.PDF,pending,,,
pm_review_e79f7b2d4c742e35,hc_pm_pdf_af71ca70a95d1a2d_en,hc_dpd_af71ca70a95d1a2d_en,hc_dpd_af71ca70a95d1a2d,en,development,active_ingredients,"{""name"":""LISINOPRIL"",""strength"":10,""unit"":""MG""}",1,normalized_name_and_strength,00077599,c22fba0be5ad0ed33529d1cbb10ac1dbd610becb7e3b0a8125e947df5f6dcbb1,https://pdf.hres.ca/dpd_pm/00077599.PDF,pending,,,
pm_review_7f004d70e86ece04,hc_pm_pdf_af71ca70a95d1a2d_en,hc_dpd_af71ca70a95d1a2d_en,hc_dpd_af71ca70a95d1a2d,en,development,active_ingredients,"{""name"":""LISINOPRIL"",""strength"":20,""unit"":""MG""}",1,normalized_name_and_strength,00077599,c22fba0be5ad0ed33529d1cbb10ac1dbd610becb7e3b0a8125e947df5f6dcbb1,https://pdf.hres.ca/dpd_pm/00077599.PDF,pending,,,
pm_review_829e73affb67e6da,hc_pm_pdf_af71ca70a95d1a2d_en,hc_dpd_af71ca70a95d1a2d_en,hc_dpd_af71ca70a95d1a2d,en,development,active_ingredients,"{""name"":""LISINOPRIL"",""strength"":5,""unit"":""MG""}",1,normalized_name_and_strength,00077599,c22fba0be5ad0ed33529d1cbb10ac1dbd610becb7e3b0a8125e947df5f6dcbb1,https://pdf.hres.ca/dpd_pm/00077599.PDF,pending,,,
pm_review_a3983a643b4a0199,hc_pm_pdf_af71ca70a95d1a2d_en,hc_dpd_af71ca70a95d1a2d_en,hc_dpd_af71ca70a95d1a2d,en,development,brand_name,LISINOPRIL (TYPE Z),1,normalized_exact,00077599,c22fba0be5ad0ed33529d1cbb10ac1dbd610becb7e3b0a8125e947df5f6dcbb1,https://pdf.hres.ca/dpd_pm/00077599.PDF,pending,,,
pm_review_ce4a7bf28e18307c,hc_pm_pdf_af71ca70a95d1a2d_en,hc_dpd_af71ca70a95d1a2d_en,hc_dpd_af71ca70a95d1a2d,en,development,dosage_forms,TABLET,1,normalized_exact,00077599,c22fba0be5ad0ed33529d1cbb10ac1dbd610becb7e3b0a8125e947df5f6dcbb1,https://pdf.hres.ca/dpd_pm/00077599.PDF,pending,,,
pm_review_e7bb36dd38f6907d,hc_pm_pdf_af71ca70a95d1a2d_en,hc_dpd_af71ca70a95d1a2d_en,hc_dpd_af71ca70a95d1a2d,en,development,routes,ORAL,1,normalized_exact,00077599,c22fba0be5ad0ed33529d1cbb10ac1dbd610becb7e3b0a8125e947df5f6dcbb1,https://pdf.hres.ca/dpd_pm/00077599.PDF,pending,,,
pm_review_f88f1c15089e60c5,hc_pm_pdf_af71ca70a95d1a2d_fr,hc_dpd_af71ca70a95d1a2d_fr,hc_dpd_af71ca70a95d1a2d,fr,development,active_ingredients,"{""name"":""Lisinopril"",""strength"":10,""unit"":""MG""}",1,normalized_name_and_strength,00077600,b370078dd7c9a017b78aae8c0a339c74432adae2c160124efda5802c79ee8303,https://pdf.hres.ca/dpd_pm/00077600.PDF,pending,,,
pm_review_0eb22959a9f6742f,hc_pm_pdf_af71ca70a95d1a2d_fr,hc_dpd_af71ca70a95d1a2d_fr,hc_dpd_af71ca70a95d1a2d,fr,development,active_ingredients,"{""name"":""Lisinopril"",""strength"":20,""unit"":""MG""}",1,normalized_name_and_strength,00077600,b370078dd7c9a017b78aae8c0a339c74432adae2c160124efda5802c79ee8303,https://pdf.hres.ca/dpd_pm/00077600.PDF,pending,,,
pm_review_f45375acbdd3f1df,hc_pm_pdf_af71ca70a95d1a2d_fr,hc_dpd_af71ca70a95d1a2d_fr,hc_dpd_af71ca70a95d1a2d,fr,development,active_ingredients,"{""name"":""Lisinopril"",""strength"":5,""unit"":""MG""}",1,normalized_name_and_strength,00077600,b370078dd7c9a017b78aae8c0a339c74432adae2c160124efda5802c79ee8303,https://pdf.hres.ca/dpd_pm/00077600.PDF,pending,,,
pm_review_d7728a628b5733c0,hc_pm_pdf_af71ca70a95d1a2d_fr,hc_dpd_af71ca70a95d1a2d_fr,hc_dpd_af71ca70a95d1a2d,fr,development,brand_name,LISINOPRIL (TYPE Z),1,normalized_exact,00077600,b370078dd7c9a017b78aae8c0a339c74432adae2c160124efda5802c79ee8303,https://pdf.hres.ca/dpd_pm/00077600.PDF,pending,,,
pm_review_aa4618383a2c5d64,hc_pm_pdf_af71ca70a95d1a2d_fr,hc_dpd_af71ca70a95d1a2d_fr,hc_dpd_af71ca70a95d1a2d,fr,development,dosage_forms,Comprimé,1,normalized_exact,00077600,b370078dd7c9a017b78aae8c0a339c74432adae2c160124efda5802c79ee8303,https://pdf.hres.ca/dpd_pm/00077600.PDF,pending,,,
pm_review_cc5f777ead08b918,hc_pm_pdf_af71ca70a95d1a2d_fr,hc_dpd_af71ca70a95d1a2d_fr,hc_dpd_af71ca70a95d1a2d,fr,development,routes,Orale,1,normalized_exact,00077600,b370078dd7c9a017b78aae8c0a339c74432adae2c160124efda5802c79ee8303,https://pdf.hres.ca/dpd_pm/00077600.PDF,pending,,,
pm_review_2ca1a69ebbda2c75,hc_pm_pdf_b2ae33ee64e13a77_en,hc_dpd_b2ae33ee64e13a77_en,hc_dpd_b2ae33ee64e13a77,en,development,active_ingredients,"{""name"":""HEPARIN SODIUM"",""strength"":10000,""unit"":""UNIT""}",3,normalized_name_and_strength,00083884,3c93affd842fbad1df461c3693f9dcdf3bb4f9791eca5c8d0b3ad87baf2b1456,https://pdf.hres.ca/dpd_pm/00083884.PDF,pending,,,
pm_review_be636fb3c2f3f449,hc_pm_pdf_b2ae33ee64e13a77_en,hc_dpd_b2ae33ee64e13a77_en,hc_dpd_b2ae33ee64e13a77,en,development,brand_name,HEPARIN SODIUM INJECTION USP,1,normalized_exact,00083884,3c93affd842fbad1df461c3693f9dcdf3bb4f9791eca5c8d0b3ad87baf2b1456,https://pdf.hres.ca/dpd_pm/00083884.PDF,pending,,,
pm_review_dacd0fa55a5668d2,hc_pm_pdf_b2ae33ee64e13a77_en,hc_dpd_b2ae33ee64e13a77_en,hc_dpd_b2ae33ee64e13a77,en,development,dosage_forms,SOLUTION,3,normalized_exact,00083884,3c93affd842fbad1df461c3693f9dcdf3bb4f9791eca5c8d0b3ad87baf2b1456,https://pdf.hres.ca/dpd_pm/00083884.PDF,pending,,,
pm_review_fc4eea3a1fc9cb69,hc_pm_pdf_b2ae33ee64e13a77_en,hc_dpd_b2ae33ee64e13a77_en,hc_dpd_b2ae33ee64e13a77,en,development,routes,INTRAVENOUS,1,normalized_exact,00083884,3c93affd842fbad1df461c3693f9dcdf3bb4f9791eca5c8d0b3ad87baf2b1456,https://pdf.hres.ca/dpd_pm/00083884.PDF,pending,,,
pm_review_0dac57bc3ac9aa6a,hc_pm_pdf_b2ae33ee64e13a77_en,hc_dpd_b2ae33ee64e13a77_en,hc_dpd_b2ae33ee64e13a77,en,development,routes,SUBCUTANEOUS,1,normalized_exact,00083884,3c93affd842fbad1df461c3693f9dcdf3bb4f9791eca5c8d0b3ad87baf2b1456,https://pdf.hres.ca/dpd_pm/00083884.PDF,pending,,,
pm_review_91e87fdfb11d5cbe,hc_pm_pdf_b2ae33ee64e13a77_fr,hc_dpd_b2ae33ee64e13a77_fr,hc_dpd_b2ae33ee64e13a77,fr,development,active_ingredients,"{""name"":""Héparine sodique"",""strength"":10000,""unit"":""Unité""}",1,normalized_name_and_strength,00083885,56648c8a350c3c54cf78bc44bcc06d4d7ddfa56e8db2f18fd95f555d22f2f844,https://pdf.hres.ca/dpd_pm/00083885.PDF,pending,,,
pm_review_0e28dd8687807605,hc_pm_pdf_b2ae33ee64e13a77_fr,hc_dpd_b2ae33ee64e13a77_fr,hc_dpd_b2ae33ee64e13a77,fr,development,brand_name,"HÉPARINE SODIQUE INJECTABLE, USP",1,normalized_exact,00083885,56648c8a350c3c54cf78bc44bcc06d4d7ddfa56e8db2f18fd95f555d22f2f844,https://pdf.hres.ca/dpd_pm/00083885.PDF,pending,,,
pm_review_8ff0d89a6860d59c,hc_pm_pdf_b2ae33ee64e13a77_fr,hc_dpd_b2ae33ee64e13a77_fr,hc_dpd_b2ae33ee64e13a77,fr,development,dosage_forms,Solution,3,normalized_exact,00083885,56648c8a350c3c54cf78bc44bcc06d4d7ddfa56e8db2f18fd95f555d22f2f844,https://pdf.hres.ca/dpd_pm/00083885.PDF,pending,,,
pm_review_64cc9eb5b6829336,hc_pm_pdf_b2ae33ee64e13a77_fr,hc_dpd_b2ae33ee64e13a77_fr,hc_dpd_b2ae33ee64e13a77,fr,development,routes,Intraveineuse,1,normalized_exact,00083885,56648c8a350c3c54cf78bc44bcc06d4d7ddfa56e8db2f18fd95f555d22f2f844,https://pdf.hres.ca/dpd_pm/00083885.PDF,pending,,,
pm_review_7b337fc0e55de558,hc_pm_pdf_b2ae33ee64e13a77_fr,hc_dpd_b2ae33ee64e13a77_fr,hc_dpd_b2ae33ee64e13a77,fr,development,routes,Sous-cutanée,1,normalized_exact,00083885,56648c8a350c3c54cf78bc44bcc06d4d7ddfa56e8db2f18fd95f555d22f2f844,https://pdf.hres.ca/dpd_pm/00083885.PDF,pending,,,
pm_review_2a1753e84e86538e,hc_pm_pdf_b2e29a0786795152_en,hc_dpd_b2e29a0786795152_en,hc_dpd_b2e29a0786795152,en,development,active_ingredients,"{""name"":""AMLODIPINE"",""strength"":1,""unit"":""MG""}",1,normalized_name_and_strength,00060365,3a5ffeb255957155f77fb4867a7fce451e4b55058b2b94a458a827a3eafe6add,https://pdf.hres.ca/dpd_pm/00060365.PDF,pending,,,
pm_review_ad31bfab94cee0ff,hc_pm_pdf_b2e29a0786795152_en,hc_dpd_b2e29a0786795152_en,hc_dpd_b2e29a0786795152,en,development,brand_name,PDP-AMLODIPINE,1,normalized_exact,00060365,3a5ffeb255957155f77fb4867a7fce451e4b55058b2b94a458a827a3eafe6add,https://pdf.hres.ca/dpd_pm/00060365.PDF,pending,,,
pm_review_a25530057bf7bde4,hc_pm_pdf_b2e29a0786795152_en,hc_dpd_b2e29a0786795152_en,hc_dpd_b2e29a0786795152,en,development,dosage_forms,SOLUTION,1,normalized_exact,00060365,3a5ffeb255957155f77fb4867a7fce451e4b55058b2b94a458a827a3eafe6add,https://pdf.hres.ca/dpd_pm/00060365.PDF,pending,,,
pm_review_b338d92a3d59710a,hc_pm_pdf_b2e29a0786795152_en,hc_dpd_b2e29a0786795152_en,hc_dpd_b2e29a0786795152,en,development,routes,ORAL,1,normalized_exact,00060365,3a5ffeb255957155f77fb4867a7fce451e4b55058b2b94a458a827a3eafe6add,https://pdf.hres.ca/dpd_pm/00060365.PDF,pending,,,
pm_review_8f01316bb157b873,hc_pm_pdf_b2e29a0786795152_fr,hc_dpd_b2e29a0786795152_fr,hc_dpd_b2e29a0786795152,fr,development,active_ingredients,"{""name"":""Amlodipine"",""strength"":1,""unit"":""MG""}",1,normalized_name_and_strength,00083130,fc63610df97a58dc56e46145586c51b2bc37d4d7c90da8d659e44f12265ba6ab,https://pdf.hres.ca/dpd_pm/00083130.PDF,pending,,,
pm_review_51043deca759302d,hc_pm_pdf_b2e29a0786795152_fr,hc_dpd_b2e29a0786795152_fr,hc_dpd_b2e29a0786795152,fr,development,brand_name,PDP-AMLODIPINE,1,normalized_exact,00083130,fc63610df97a58dc56e46145586c51b2bc37d4d7c90da8d659e44f12265ba6ab,https://pdf.hres.ca/dpd_pm/00083130.PDF,pending,,,
pm_review_865c77cc7c3b7917,hc_pm_pdf_b2e29a0786795152_fr,hc_dpd_b2e29a0786795152_fr,hc_dpd_b2e29a0786795152,fr,development,dosage_forms,Solution,1,normalized_exact,00083130,fc63610df97a58dc56e46145586c51b2bc37d4d7c90da8d659e44f12265ba6ab,https://pdf.hres.ca/dpd_pm/00083130.PDF,pending,,,
pm_review_78a30d8f072b2828,hc_pm_pdf_b2e29a0786795152_fr,hc_dpd_b2e29a0786795152_fr,hc_dpd_b2e29a0786795152,fr,development,routes,Orale,1,normalized_exact,00083130,fc63610df97a58dc56e46145586c51b2bc37d4d7c90da8d659e44f12265ba6ab,https://pdf.hres.ca/dpd_pm/00083130.PDF,pending,,,
pm_review_420a9596a2d58653,hc_pm_pdf_b35e1ec6cb452259_en,hc_dpd_b35e1ec6cb452259_en,hc_dpd_b35e1ec6cb452259,en,development,active_ingredients,"{""name"":""BORTEZOMIB"",""strength"":3.5,""unit"":""MG""}",1,normalized_name_and_strength,00067695,7dd5c4152ce7914999cb91b3a48ca11ea55ca26d74d5ec1d8aa5b108ff2e0415,https://pdf.hres.ca/dpd_pm/00067695.PDF,pending,,,
pm_review_520b17100f87a1de,hc_pm_pdf_b35e1ec6cb452259_en,hc_dpd_b35e1ec6cb452259_en,hc_dpd_b35e1ec6cb452259,en,development,brand_name,BORTEZOMIB FOR INJECTION,1,normalized_exact,00067695,7dd5c4152ce7914999cb91b3a48ca11ea55ca26d74d5ec1d8aa5b108ff2e0415,https://pdf.hres.ca/dpd_pm/00067695.PDF,pending,,,
pm_review_6848a90f0c3f4b8c,hc_pm_pdf_b35e1ec6cb452259_en,hc_dpd_b35e1ec6cb452259_en,hc_dpd_b35e1ec6cb452259,en,development,dosage_forms,LYOPHILIZED POWDER,1,normalized_exact,00067695,7dd5c4152ce7914999cb91b3a48ca11ea55ca26d74d5ec1d8aa5b108ff2e0415,https://pdf.hres.ca/dpd_pm/00067695.PDF,pending,,,
pm_review_fb841c04aebfe2aa,hc_pm_pdf_b35e1ec6cb452259_en,hc_dpd_b35e1ec6cb452259_en,hc_dpd_b35e1ec6cb452259,en,development,routes,INTRAVENOUS,1,normalized_exact,00067695,7dd5c4152ce7914999cb91b3a48ca11ea55ca26d74d5ec1d8aa5b108ff2e0415,https://pdf.hres.ca/dpd_pm/00067695.PDF,pending,,,
pm_review_0b1282b70398e392,hc_pm_pdf_b35e1ec6cb452259_en,hc_dpd_b35e1ec6cb452259_en,hc_dpd_b35e1ec6cb452259,en,development,routes,SUBCUTANEOUS,1,normalized_exact,00067695,7dd5c4152ce7914999cb91b3a48ca11ea55ca26d74d5ec1d8aa5b108ff2e0415,https://pdf.hres.ca/dpd_pm/00067695.PDF,pending,,,
pm_review_e4b0047e69b9468f,hc_pm_pdf_b35e1ec6cb452259_fr,hc_dpd_b35e1ec6cb452259_fr,hc_dpd_b35e1ec6cb452259,fr,development,active_ingredients,"{""name"":""Bortézomib"",""strength"":3.5,""unit"":""MG""}",1,normalized_name_and_strength,00068470,c456394bed328c314fed533f68de5a64f2b12faa7b18bba1c2ceff9d725fca5a,https://pdf.hres.ca/dpd_pm/00068470.PDF,pending,,,
pm_review_1e7bdabcef6840d8,hc_pm_pdf_b35e1ec6cb452259_fr,hc_dpd_b35e1ec6cb452259_fr,hc_dpd_b35e1ec6cb452259,fr,development,brand_name,Bortézomib pour injection,1,normalized_exact,00068470,c456394bed328c314fed533f68de5a64f2b12faa7b18bba1c2ceff9d725fca5a,https://pdf.hres.ca/dpd_pm/00068470.PDF,pending,,,
pm_review_ddd2f8666680123b,hc_pm_pdf_b35e1ec6cb452259_fr,hc_dpd_b35e1ec6cb452259_fr,hc_dpd_b35e1ec6cb452259,fr,development,dosage_forms,Poudre lyophilisée,1,normalized_exact,00068470,c456394bed328c314fed533f68de5a64f2b12faa7b18bba1c2ceff9d725fca5a,https://pdf.hres.ca/dpd_pm/00068470.PDF,pending,,,
pm_review_20423eb4cd1c01c5,hc_pm_pdf_b35e1ec6cb452259_fr,hc_dpd_b35e1ec6cb452259_fr,hc_dpd_b35e1ec6cb452259,fr,development,routes,Intraveineuse,1,normalized_exact,00068470,c456394bed328c314fed533f68de5a64f2b12faa7b18bba1c2ceff9d725fca5a,https://pdf.hres.ca/dpd_pm/00068470.PDF,pending,,,
pm_review_f1bb86f77fd56784,hc_pm_pdf_b35e1ec6cb452259_fr,hc_dpd_b35e1ec6cb452259_fr,hc_dpd_b35e1ec6cb452259,fr,development,routes,Sous-cutanée,1,normalized_exact,00068470,c456394bed328c314fed533f68de5a64f2b12faa7b18bba1c2ceff9d725fca5a,https://pdf.hres.ca/dpd_pm/00068470.PDF,pending,,,
pm_review_7e14b44412c1cc97,hc_pm_pdf_b9d6fcfa334ba454_en,hc_dpd_b9d6fcfa334ba454_en,hc_dpd_b9d6fcfa334ba454,en,development,active_ingredients,"{""name"":""MOGAMULIZUMAB"",""strength"":4,""unit"":""MG""}",1,normalized_name_and_strength,00083115,254598b70f29920e1d35cf3ec8f6547030d844901868a6048b8440d16dbb18f7,https://pdf.hres.ca/dpd_pm/00083115.PDF,pending,,,
pm_review_7fc65dc3f2a589bf,hc_pm_pdf_b9d6fcfa334ba454_en,hc_dpd_b9d6fcfa334ba454_en,hc_dpd_b9d6fcfa334ba454,en,development,brand_name,POTELIGEO,1,normalized_exact,00083115,254598b70f29920e1d35cf3ec8f6547030d844901868a6048b8440d16dbb18f7,https://pdf.hres.ca/dpd_pm/00083115.PDF,pending,,,
pm_review_21125953cb44361e,hc_pm_pdf_b9d6fcfa334ba454_en,hc_dpd_b9d6fcfa334ba454_en,hc_dpd_b9d6fcfa334ba454,en,development,dosage_forms,SOLUTION,5,normalized_exact,00083115,254598b70f29920e1d35cf3ec8f6547030d844901868a6048b8440d16dbb18f7,https://pdf.hres.ca/dpd_pm/00083115.PDF,pending,,,
pm_review_d8deacd2e2f592ce,hc_pm_pdf_b9d6fcfa334ba454_en,hc_dpd_b9d6fcfa334ba454_en,hc_dpd_b9d6fcfa334ba454,en,development,routes,INTRAVENOUS,1,normalized_exact,00083115,254598b70f29920e1d35cf3ec8f6547030d844901868a6048b8440d16dbb18f7,https://pdf.hres.ca/dpd_pm/00083115.PDF,pending,,,
pm_review_90109ed99a28cfbd,hc_pm_pdf_b9d6fcfa334ba454_fr,hc_dpd_b9d6fcfa334ba454_fr,hc_dpd_b9d6fcfa334ba454,fr,development,active_ingredients,"{""name"":""Mogamulizumab"",""strength"":4,""unit"":""MG""}",1,normalized_name_and_strength,00083358,8898dc3dfcba61fb536b528eb8251d2811724f6a0216cc7eb291e8738587352f,https://pdf.hres.ca/dpd_pm/00083358.PDF,pending,,,
pm_review_812c1cf341168805,hc_pm_pdf_b9d6fcfa334ba454_fr,hc_dpd_b9d6fcfa334ba454_fr,hc_dpd_b9d6fcfa334ba454,fr,development,brand_name,POTELIGEO,1,normalized_exact,00083358,8898dc3dfcba61fb536b528eb8251d2811724f6a0216cc7eb291e8738587352f,https://pdf.hres.ca/dpd_pm/00083358.PDF,pending,,,
pm_review_26661712deb4ad65,hc_pm_pdf_b9d6fcfa334ba454_fr,hc_dpd_b9d6fcfa334ba454_fr,hc_dpd_b9d6fcfa334ba454,fr,development,dosage_forms,Solution,5,normalized_exact,00083358,8898dc3dfcba61fb536b528eb8251d2811724f6a0216cc7eb291e8738587352f,https://pdf.hres.ca/dpd_pm/00083358.PDF,pending,,,
pm_review_b195f2215f1a98ac,hc_pm_pdf_b9d6fcfa334ba454_fr,hc_dpd_b9d6fcfa334ba454_fr,hc_dpd_b9d6fcfa334ba454,fr,development,routes,Intraveineuse,1,normalized_exact,00083358,8898dc3dfcba61fb536b528eb8251d2811724f6a0216cc7eb291e8738587352f,https://pdf.hres.ca/dpd_pm/00083358.PDF,pending,,,
pm_review_feee21fe6baf4188,hc_pm_pdf_c8e96c44873b5890_en,hc_dpd_c8e96c44873b5890_en,hc_dpd_c8e96c44873b5890,en,development,active_ingredients,"{""name"":""CLOBETASOL PROPIONATE"",""strength"":0.05,""unit"":""%""}",1,normalized_name_and_strength,00068832,af08143c0d740a1d7d166fd7de11b261af62ba6b26df9b54cb1e746f1c9c6271,https://pdf.hres.ca/dpd_pm/00068832.PDF,pending,,,
pm_review_1965af731b68d37b,hc_pm_pdf_c8e96c44873b5890_en,hc_dpd_c8e96c44873b5890_en,hc_dpd_c8e96c44873b5890,en,development,brand_name,REDDY-CLOBETASOL SHAMPOO,1,normalized_exact,00068832,af08143c0d740a1d7d166fd7de11b261af62ba6b26df9b54cb1e746f1c9c6271,https://pdf.hres.ca/dpd_pm/00068832.PDF,pending,,,
pm_review_88d309c242146ee6,hc_pm_pdf_c8e96c44873b5890_en,hc_dpd_c8e96c44873b5890_en,hc_dpd_c8e96c44873b5890,en,development,dosage_forms,SHAMPOO,1,normalized_exact,00068832,af08143c0d740a1d7d166fd7de11b261af62ba6b26df9b54cb1e746f1c9c6271,https://pdf.hres.ca/dpd_pm/00068832.PDF,pending,,,
pm_review_99d97409d77dbe4e,hc_pm_pdf_c8e96c44873b5890_en,hc_dpd_c8e96c44873b5890_en,hc_dpd_c8e96c44873b5890,en,development,routes,TOPICAL,1,normalized_exact,00068832,af08143c0d740a1d7d166fd7de11b261af62ba6b26df9b54cb1e746f1c9c6271,https://pdf.hres.ca/dpd_pm/00068832.PDF,pending,,,
pm_review_d5646a3969756cf3,hc_pm_pdf_c8e96c44873b5890_fr,hc_dpd_c8e96c44873b5890_fr,hc_dpd_c8e96c44873b5890,fr,development,active_ingredients,"{""name"":""Propionate de clobétasol"",""strength"":0.05,""unit"":""%""}",2,normalized_name_and_strength,00069062,1aebff8b4f8b3e36e0ed956fb6944afb3dd9a375d890521b60332dd9d02d920e,https://pdf.hres.ca/dpd_pm/00069062.PDF,pending,,,
pm_review_ecc21c8abf80904d,hc_pm_pdf_c8e96c44873b5890_fr,hc_dpd_c8e96c44873b5890_fr,hc_dpd_c8e96c44873b5890,fr,development,brand_name,Shampoing Reddy-Clobétasol,2,normalized_exact,00069062,1aebff8b4f8b3e36e0ed956fb6944afb3dd9a375d890521b60332dd9d02d920e,https://pdf.hres.ca/dpd_pm/00069062.PDF,pending,,,
pm_review_a6e191a65e074041,hc_pm_pdf_c8e96c44873b5890_fr,hc_dpd_c8e96c44873b5890_fr,hc_dpd_c8e96c44873b5890,fr,development,dosage_forms,Shampoing,2,normalized_exact,00069062,1aebff8b4f8b3e36e0ed956fb6944afb3dd9a375d890521b60332dd9d02d920e,https://pdf.hres.ca/dpd_pm/00069062.PDF,pending,,,
pm_review_bb7a636c8d307d5e,hc_pm_pdf_c8e96c44873b5890_fr,hc_dpd_c8e96c44873b5890_fr,hc_dpd_c8e96c44873b5890,fr,development,routes,Topique,2,normalized_exact,00069062,1aebff8b4f8b3e36e0ed956fb6944afb3dd9a375d890521b60332dd9d02d920e,https://pdf.hres.ca/dpd_pm/00069062.PDF,pending,,,
pm_review_d14b7e0d465ab8e3,hc_pm_pdf_ce8c2274074c61e1_en,hc_dpd_ce8c2274074c61e1_en,hc_dpd_ce8c2274074c61e1,en,development,active_ingredients,"{""name"":""CHLORHEXIDINE GLUCONATE"",""strength"":0.12,""unit"":""%""}",1,normalized_name_and_strength,00032528,172c8ceef079a401b2583b5b747788d53d712ea78621c8b58256108cf26e3c46,https://pdf.hres.ca/dpd_pm/00032528.PDF,pending,,,
pm_review_64e7beb947781dcd,hc_pm_pdf_ce8c2274074c61e1_en,hc_dpd_ce8c2274074c61e1_en,hc_dpd_ce8c2274074c61e1,en,development,brand_name,ORO CLEAR,1,normalized_exact,00032528,172c8ceef079a401b2583b5b747788d53d712ea78621c8b58256108cf26e3c46,https://pdf.hres.ca/dpd_pm/00032528.PDF,pending,,,
pm_review_229f09ee9a948813,hc_pm_pdf_ce8c2274074c61e1_en,hc_dpd_ce8c2274074c61e1_en,hc_dpd_ce8c2274074c61e1,en,development,dosage_forms,MOUTHWASH,14,normalized_exact,00032528,172c8ceef079a401b2583b5b747788d53d712ea78621c8b58256108cf26e3c46,https://pdf.hres.ca/dpd_pm/00032528.PDF,pending,,,
pm_review_c2d69ec73f445549,hc_pm_pdf_ce8c2274074c61e1_en,hc_dpd_ce8c2274074c61e1_en,hc_dpd_ce8c2274074c61e1,en,development,routes,ORAL,1,normalized_exact,00032528,172c8ceef079a401b2583b5b747788d53d712ea78621c8b58256108cf26e3c46,https://pdf.hres.ca/dpd_pm/00032528.PDF,pending,,,
pm_review_76dfa86995ae5a93,hc_pm_pdf_ce8c2274074c61e1_fr,hc_dpd_ce8c2274074c61e1_fr,hc_dpd_ce8c2274074c61e1,fr,development,active_ingredients,"{""name"":""Gluconate de chlorhexidine"",""strength"":0.12,""unit"":""%""}",1,normalized_name_and_strength,00032623,0c0082807613618970bd170c9b2b27f84c0cace3d0808f8520b17ffaec962ca1,https://pdf.hres.ca/dpd_pm/00032623.PDF,pending,,,
pm_review_17eb0c0738305ca4,hc_pm_pdf_ce8c2274074c61e1_fr,hc_dpd_ce8c2274074c61e1_fr,hc_dpd_ce8c2274074c61e1,fr,development,brand_name,ORO CLEAR,1,normalized_exact,00032623,0c0082807613618970bd170c9b2b27f84c0cace3d0808f8520b17ffaec962ca1,https://pdf.hres.ca/dpd_pm/00032623.PDF,pending,,,
pm_review_8994f57c6ef15099,hc_pm_pdf_ce8c2274074c61e1_fr,hc_dpd_ce8c2274074c61e1_fr,hc_dpd_ce8c2274074c61e1,fr,development,dosage_forms,Rince-bouche,1,normalized_exact,00032623,0c0082807613618970bd170c9b2b27f84c0cace3d0808f8520b17ffaec962ca1,https://pdf.hres.ca/dpd_pm/00032623.PDF,pending,,,
pm_review_2457184495c40e64,hc_pm_pdf_ce8c2274074c61e1_fr,hc_dpd_ce8c2274074c61e1_fr,hc_dpd_ce8c2274074c61e1,fr,development,routes,Buccale,5,normalized_exact,00032623,0c0082807613618970bd170c9b2b27f84c0cace3d0808f8520b17ffaec962ca1,https://pdf.hres.ca/dpd_pm/00032623.PDF,pending,,,
pm_review_c9dcf9b952e4e761,hc_pm_pdf_d56491f43e6d2377_en,hc_dpd_d56491f43e6d2377_en,hc_dpd_d56491f43e6d2377,en,development,active_ingredients,"{""name"":""TICAGRELOR"",""strength"":60,""unit"":""MG""}",5,normalized_name_and_strength,00083390,bcdf74e5c9808d92de9ee719467a8083617228a8d69c8204354714957de23963,https://pdf.hres.ca/dpd_pm/00083390.PDF,pending,,,
pm_review_e9cbcf56f06f5d0f,hc_pm_pdf_d56491f43e6d2377_en,hc_dpd_d56491f43e6d2377_en,hc_dpd_d56491f43e6d2377,en,development,active_ingredients,"{""name"":""TICAGRELOR"",""strength"":90,""unit"":""MG""}",1,normalized_name_and_strength,00083390,bcdf74e5c9808d92de9ee719467a8083617228a8d69c8204354714957de23963,https://pdf.hres.ca/dpd_pm/00083390.PDF,pending,,,
pm_review_95081e7b7cdb1485,hc_pm_pdf_d56491f43e6d2377_en,hc_dpd_d56491f43e6d2377_en,hc_dpd_d56491f43e6d2377,en,development,brand_name,BRILINTA,1,normalized_exact,00083390,bcdf74e5c9808d92de9ee719467a8083617228a8d69c8204354714957de23963,https://pdf.hres.ca/dpd_pm/00083390.PDF,pending,,,
pm_review_29f3c95350c82493,hc_pm_pdf_d56491f43e6d2377_en,hc_dpd_d56491f43e6d2377_en,hc_dpd_d56491f43e6d2377,en,development,dosage_forms,TABLET,1,normalized_exact,00083390,bcdf74e5c9808d92de9ee719467a8083617228a8d69c8204354714957de23963,https://pdf.hres.ca/dpd_pm/00083390.PDF,pending,,,
pm_review_22a21d6734bdb446,hc_pm_pdf_d56491f43e6d2377_en,hc_dpd_d56491f43e6d2377_en,hc_dpd_d56491f43e6d2377,en,development,routes,ORAL,1,normalized_exact,00083390,bcdf74e5c9808d92de9ee719467a8083617228a8d69c8204354714957de23963,https://pdf.hres.ca/dpd_pm/00083390.PDF,pending,,,
pm_review_0f4de58e9589d5ac,hc_pm_pdf_d56491f43e6d2377_fr,hc_dpd_d56491f43e6d2377_fr,hc_dpd_d56491f43e6d2377,fr,development,active_ingredients,"{""name"":""Ticagrélor"",""strength"":60,""unit"":""MG""}",5,normalized_name_and_strength,00083672,f9b08b04be830d8b2d62abb2c6aa30495e4cfba4781920203ee837b46cf06ffe,https://pdf.hres.ca/dpd_pm/00083672.PDF,pending,,,
pm_review_47f3068f57730ffb,hc_pm_pdf_d56491f43e6d2377_fr,hc_dpd_d56491f43e6d2377_fr,hc_dpd_d56491f43e6d2377,fr,development,active_ingredients,"{""name"":""Ticagrélor"",""strength"":90,""unit"":""MG""}",1,normalized_name_and_strength,00083672,f9b08b04be830d8b2d62abb2c6aa30495e4cfba4781920203ee837b46cf06ffe,https://pdf.hres.ca/dpd_pm/00083672.PDF,pending,,,
pm_review_9e086b05e88f935d,hc_pm_pdf_d56491f43e6d2377_fr,hc_dpd_d56491f43e6d2377_fr,hc_dpd_d56491f43e6d2377,fr,development,brand_name,BRILINTA,1,normalized_exact,00083672,f9b08b04be830d8b2d62abb2c6aa30495e4cfba4781920203ee837b46cf06ffe,https://pdf.hres.ca/dpd_pm/00083672.PDF,pending,,,
pm_review_0a72845d606d155e,hc_pm_pdf_d56491f43e6d2377_fr,hc_dpd_d56491f43e6d2377_fr,hc_dpd_d56491f43e6d2377,fr,development,dosage_forms,Comprimé,1,normalized_exact,00083672,f9b08b04be830d8b2d62abb2c6aa30495e4cfba4781920203ee837b46cf06ffe,https://pdf.hres.ca/dpd_pm/00083672.PDF,pending,,,
pm_review_b69bae3097017132,hc_pm_pdf_d56491f43e6d2377_fr,hc_dpd_d56491f43e6d2377_fr,hc_dpd_d56491f43e6d2377,fr,development,routes,Orale,1,normalized_exact,00083672,f9b08b04be830d8b2d62abb2c6aa30495e4cfba4781920203ee837b46cf06ffe,https://pdf.hres.ca/dpd_pm/00083672.PDF,pending,,,
pm_review_2dc718e669c7c65f,hc_pm_pdf_d8f5db885f46fa2d_en,hc_dpd_d8f5db885f46fa2d_en,hc_dpd_d8f5db885f46fa2d,en,development,active_ingredients,"{""name"":""PROGESTERONE"",""strength"":100,""unit"":""MG""}",1,normalized_name_and_strength,00083780,6193543ce68f066a0a50cff1fc15776514809e733db95ce3bc828dd5c2e1ff69,https://pdf.hres.ca/dpd_pm/00083780.PDF,pending,,,
pm_review_3e09f3950098eafd,hc_pm_pdf_d8f5db885f46fa2d_en,hc_dpd_d8f5db885f46fa2d_en,hc_dpd_d8f5db885f46fa2d,en,development,brand_name,AURO-PROGESTERONE,1,normalized_exact,00083780,6193543ce68f066a0a50cff1fc15776514809e733db95ce3bc828dd5c2e1ff69,https://pdf.hres.ca/dpd_pm/00083780.PDF,pending,,,
pm_review_8b9f26ad4c2b1ecb,hc_pm_pdf_d8f5db885f46fa2d_en,hc_dpd_d8f5db885f46fa2d_en,hc_dpd_d8f5db885f46fa2d,en,development,dosage_forms,CAPSULE,1,normalized_exact,00083780,6193543ce68f066a0a50cff1fc15776514809e733db95ce3bc828dd5c2e1ff69,https://pdf.hres.ca/dpd_pm/00083780.PDF,pending,,,
pm_review_9bd5874998d4071a,hc_pm_pdf_d8f5db885f46fa2d_en,hc_dpd_d8f5db885f46fa2d_en,hc_dpd_d8f5db885f46fa2d,en,development,routes,ORAL,1,normalized_exact,00083780,6193543ce68f066a0a50cff1fc15776514809e733db95ce3bc828dd5c2e1ff69,https://pdf.hres.ca/dpd_pm/00083780.PDF,pending,,,
pm_review_7ebffe6253106a9c,hc_pm_pdf_d8f5db885f46fa2d_fr,hc_dpd_d8f5db885f46fa2d_fr,hc_dpd_d8f5db885f46fa2d,fr,development,active_ingredients,"{""name"":""Progestérone"",""strength"":100,""unit"":""MG""}",1,normalized_name_and_strength,00083972,d29c3aeea484d91f7dc108ff8256fb12e70732dce8c49b14a9d408e40ed6bfde,https://pdf.hres.ca/dpd_pm/00083972.PDF,pending,,,
pm_review_e4db74972e83a6bd,hc_pm_pdf_d8f5db885f46fa2d_fr,hc_dpd_d8f5db885f46fa2d_fr,hc_dpd_d8f5db885f46fa2d,fr,development,brand_name,AURO-PROGESTERONE,1,normalized_exact,00083972,d29c3aeea484d91f7dc108ff8256fb12e70732dce8c49b14a9d408e40ed6bfde,https://pdf.hres.ca/dpd_pm/00083972.PDF,pending,,,
pm_review_ee58b5353c95df90,hc_pm_pdf_d8f5db885f46fa2d_fr,hc_dpd_d8f5db885f46fa2d_fr,hc_dpd_d8f5db885f46fa2d,fr,development,dosage_forms,Capsule,1,normalized_exact,00083972,d29c3aeea484d91f7dc108ff8256fb12e70732dce8c49b14a9d408e40ed6bfde,https://pdf.hres.ca/dpd_pm/00083972.PDF,pending,,,
pm_review_21ebc4605808ef1d,hc_pm_pdf_d8f5db885f46fa2d_fr,hc_dpd_d8f5db885f46fa2d_fr,hc_dpd_d8f5db885f46fa2d,fr,development,routes,Orale,1,normalized_exact,00083972,d29c3aeea484d91f7dc108ff8256fb12e70732dce8c49b14a9d408e40ed6bfde,https://pdf.hres.ca/dpd_pm/00083972.PDF,pending,,,
pm_review_a4f810657853bd2b,hc_pm_pdf_d98eb0afeeb72237_en,hc_dpd_d98eb0afeeb72237_en,hc_dpd_d98eb0afeeb72237,en,development,active_ingredients,"{""name"":""IBUPROFEN"",""strength"":200,""unit"":""MG""}",1,normalized_name_and_strength,00084731,dbccfe2574ecc7985d9188de790f8213296039c75732ac4b4f4094504e131156,https://pdf.hres.ca/dpd_pm/00084731.PDF,pending,,,
pm_review_a216a6f597c4b7bb,hc_pm_pdf_d98eb0afeeb72237_en,hc_dpd_d98eb0afeeb72237_en,hc_dpd_d98eb0afeeb72237,en,development,active_ingredients,"{""name"":""PSEUDOEPHEDRINE HYDROCHLORIDE"",""strength"":30,""unit"":""MG""}",1,normalized_name_and_strength,00084731,dbccfe2574ecc7985d9188de790f8213296039c75732ac4b4f4094504e131156,https://pdf.hres.ca/dpd_pm/00084731.PDF,pending,,,
pm_review_8a8ad71067e1b046,hc_pm_pdf_d98eb0afeeb72237_en,hc_dpd_d98eb0afeeb72237_en,hc_dpd_d98eb0afeeb72237,en,development,brand_name,SUDAFED SINUS ADVANCE,1,normalized_exact,00084731,dbccfe2574ecc7985d9188de790f8213296039c75732ac4b4f4094504e131156,https://pdf.hres.ca/dpd_pm/00084731.PDF,pending,,,
pm_review_11a9cbafc46f7d3f,hc_pm_pdf_d98eb0afeeb72237_en,hc_dpd_d98eb0afeeb72237_en,hc_dpd_d98eb0afeeb72237,en,development,dosage_forms,TABLET,1,normalized_exact,00084731,dbccfe2574ecc7985d9188de790f8213296039c75732ac4b4f4094504e131156,https://pdf.hres.ca/dpd_pm/00084731.PDF,pending,,,
pm_review_1d6a6e82385fa65c,hc_pm_pdf_d98eb0afeeb72237_en,hc_dpd_d98eb0afeeb72237_en,hc_dpd_d98eb0afeeb72237,en,development,routes,ORAL,1,normalized_exact,00084731,dbccfe2574ecc7985d9188de790f8213296039c75732ac4b4f4094504e131156,https://pdf.hres.ca/dpd_pm/00084731.PDF,pending,,,
pm_review_f997df20a66cac1f,hc_pm_pdf_d98eb0afeeb72237_fr,hc_dpd_d98eb0afeeb72237_fr,hc_dpd_d98eb0afeeb72237,fr,development,active_ingredients,"{""name"":""Chlorhydrate de pseudoéphédrine"",""strength"":30,""unit"":""MG""}",1,normalized_name_and_strength,00084732,b2d933aa02bd9f41afeb35c99b03310e49605145fb29367e29e224f74a99f7d8,https://pdf.hres.ca/dpd_pm/00084732.PDF,pending,,,
pm_review_4081ad5fecbc5586,hc_pm_pdf_d98eb0afeeb72237_fr,hc_dpd_d98eb0afeeb72237_fr,hc_dpd_d98eb0afeeb72237,fr,development,active_ingredients,"{""name"":""Ibuprofène"",""strength"":200,""unit"":""MG""}",1,normalized_name_and_strength,00084732,b2d933aa02bd9f41afeb35c99b03310e49605145fb29367e29e224f74a99f7d8,https://pdf.hres.ca/dpd_pm/00084732.PDF,pending,,,
pm_review_c3b90ff960fb4291,hc_pm_pdf_d98eb0afeeb72237_fr,hc_dpd_d98eb0afeeb72237_fr,hc_dpd_d98eb0afeeb72237,fr,development,brand_name,SUDAFED SINUS PLUS,1,normalized_exact,00084732,b2d933aa02bd9f41afeb35c99b03310e49605145fb29367e29e224f74a99f7d8,https://pdf.hres.ca/dpd_pm/00084732.PDF,pending,,,
pm_review_33cc71daae5f784e,hc_pm_pdf_d98eb0afeeb72237_fr,hc_dpd_d98eb0afeeb72237_fr,hc_dpd_d98eb0afeeb72237,fr,development,dosage_forms,Comprimé,1,normalized_exact,00084732,b2d933aa02bd9f41afeb35c99b03310e49605145fb29367e29e224f74a99f7d8,https://pdf.hres.ca/dpd_pm/00084732.PDF,pending,,,
pm_review_52fd526e1de96cc2,hc_pm_pdf_d98eb0afeeb72237_fr,hc_dpd_d98eb0afeeb72237_fr,hc_dpd_d98eb0afeeb72237,fr,development,routes,Orale,1,normalized_exact,00084732,b2d933aa02bd9f41afeb35c99b03310e49605145fb29367e29e224f74a99f7d8,https://pdf.hres.ca/dpd_pm/00084732.PDF,pending,,,
pm_review_62aaebc7e3a7bce0,hc_pm_pdf_dafdf1c71fef5967_en,hc_dpd_dafdf1c71fef5967_en,hc_dpd_dafdf1c71fef5967,en,development,active_ingredients,"{""name"":""FLUMAZENIL"",""strength"":0.1,""unit"":""MG""}",1,normalized_name_and_strength,00013407,691254c9888dccb0a59cc69565b5287d789dd51b31fd30d9094869e43bcf3f2b,https://pdf.hres.ca/dpd_pm/00013407.PDF,pending,,,
pm_review_35e25b79c7cc9109,hc_pm_pdf_dafdf1c71fef5967_en,hc_dpd_dafdf1c71fef5967_en,hc_dpd_dafdf1c71fef5967,en,development,brand_name,FLUMAZENIL INJECTION,1,normalized_exact,00013407,691254c9888dccb0a59cc69565b5287d789dd51b31fd30d9094869e43bcf3f2b,https://pdf.hres.ca/dpd_pm/00013407.PDF,pending,,,
pm_review_7d629fd673dfbdeb,hc_pm_pdf_dafdf1c71fef5967_en,hc_dpd_dafdf1c71fef5967_en,hc_dpd_dafdf1c71fef5967,en,development,dosage_forms,SOLUTION,10,normalized_exact,00013407,691254c9888dccb0a59cc69565b5287d789dd51b31fd30d9094869e43bcf3f2b,https://pdf.hres.ca/dpd_pm/00013407.PDF,pending,,,
pm_review_5237e128fee9d40f,hc_pm_pdf_dafdf1c71fef5967_en,hc_dpd_dafdf1c71fef5967_en,hc_dpd_dafdf1c71fef5967,en,development,routes,INTRAVENOUS,2,normalized_exact,00013407,691254c9888dccb0a59cc69565b5287d789dd51b31fd30d9094869e43bcf3f2b,https://pdf.hres.ca/dpd_pm/00013407.PDF,pending,,,
pm_review_f508389cf4e92130,hc_pm_pdf_dafdf1c71fef5967_fr,hc_dpd_dafdf1c71fef5967_fr,hc_dpd_dafdf1c71fef5967,fr,development,active_ingredients,"{""name"":""Flumazénil"",""strength"":0.1,""unit"":""MG""}",1,normalized_name_and_strength,00019841,4fdd4851d1db238bb4b23357d5f906437177a7e70e08ca7449c0540ecdffe9d3,https://pdf.hres.ca/dpd_pm/00019841.PDF,pending,,,
pm_review_3acb1d34363cb09a,hc_pm_pdf_dafdf1c71fef5967_fr,hc_dpd_dafdf1c71fef5967_fr,hc_dpd_dafdf1c71fef5967,fr,development,brand_name,FLUMAZENIL INJECTION,1,normalized_exact,00019841,4fdd4851d1db238bb4b23357d5f906437177a7e70e08ca7449c0540ecdffe9d3,https://pdf.hres.ca/dpd_pm/00019841.PDF,pending,,,
pm_review_7f0770657761635f,hc_pm_pdf_dafdf1c71fef5967_fr,hc_dpd_dafdf1c71fef5967_fr,hc_dpd_dafdf1c71fef5967,fr,development,dosage_forms,Solution,12,normalized_exact,00019841,4fdd4851d1db238bb4b23357d5f906437177a7e70e08ca7449c0540ecdffe9d3,https://pdf.hres.ca/dpd_pm/00019841.PDF,pending,,,
pm_review_7d54b89b3cfb3549,hc_pm_pdf_dafdf1c71fef5967_fr,hc_dpd_dafdf1c71fef5967_fr,hc_dpd_dafdf1c71fef5967,fr,development,routes,Intraveineuse,2,normalized_exact,00019841,4fdd4851d1db238bb4b23357d5f906437177a7e70e08ca7449c0540ecdffe9d3,https://pdf.hres.ca/dpd_pm/00019841.PDF,pending,,,
pm_review_4dbf8aa5d1107523,hc_pm_pdf_e2756ab087d7a22b_en,hc_dpd_e2756ab087d7a22b_en,hc_dpd_e2756ab087d7a22b,en,heldout,active_ingredients,"{""name"":""BUPIVACAINE HYDROCHLORIDE"",""strength"":7.5,""unit"":""MG""}",1,normalized_name_and_strength,00070075,91c62d21b22fcb7db1b0357f7af95610759bf3c74e8ad505a5a55748166baf57,https://pdf.hres.ca/dpd_pm/00070075.PDF,pending,,,
pm_review_d6fa168c924d6186,hc_pm_pdf_e2756ab087d7a22b_en,hc_dpd_e2756ab087d7a22b_en,hc_dpd_e2756ab087d7a22b,en,heldout,brand_name,BUPIVACAINE HYDROCHLORIDE IN DEXTROSE INJECTION USP,1,normalized_exact,00070075,91c62d21b22fcb7db1b0357f7af95610759bf3c74e8ad505a5a55748166baf57,https://pdf.hres.ca/dpd_pm/00070075.PDF,pending,,,
pm_review_c77d871ad7c8c5a5,hc_pm_pdf_e2756ab087d7a22b_en,hc_dpd_e2756ab087d7a22b_en,hc_dpd_e2756ab087d7a22b,en,heldout,dosage_forms,SOLUTION,1,normalized_exact,00070075,91c62d21b22fcb7db1b0357f7af95610759bf3c74e8ad505a5a55748166baf57,https://pdf.hres.ca/dpd_pm/00070075.PDF,pending,,,
pm_review_7fa7f286bf0903d3,hc_pm_pdf_e2756ab087d7a22b_en,hc_dpd_e2756ab087d7a22b_en,hc_dpd_e2756ab087d7a22b,en,heldout,routes,SPINAL,1,normalized_exact,00070075,91c62d21b22fcb7db1b0357f7af95610759bf3c74e8ad505a5a55748166baf57,https://pdf.hres.ca/dpd_pm/00070075.PDF,pending,,,
pm_review_85ed86858fb024f6,hc_pm_pdf_e2756ab087d7a22b_fr,hc_dpd_e2756ab087d7a22b_fr,hc_dpd_e2756ab087d7a22b,fr,heldout,active_ingredients,"{""name"":""Chlorhydrate de bupivacaïne"",""strength"":7.5,""unit"":""MG""}",1,normalized_name_and_strength,00070363,0cd16a4c03030253177fdc0051990449f312a499ba84c714adf371d2247b2b61,https://pdf.hres.ca/dpd_pm/00070363.PDF,pending,,,
pm_review_d1e7babdd2c57a7f,hc_pm_pdf_e2756ab087d7a22b_fr,hc_dpd_e2756ab087d7a22b_fr,hc_dpd_e2756ab087d7a22b,fr,heldout,brand_name,BUPIVACAINE HYDROCHLORIDE IN DEXTROSE INJECTION USP,1,normalized_exact,00070363,0cd16a4c03030253177fdc0051990449f312a499ba84c714adf371d2247b2b61,https://pdf.hres.ca/dpd_pm/00070363.PDF,pending,,,
pm_review_bc9c53d3b7d5d97c,hc_pm_pdf_e2756ab087d7a22b_fr,hc_dpd_e2756ab087d7a22b_fr,hc_dpd_e2756ab087d7a22b,fr,heldout,dosage_forms,Solution,1,normalized_exact,00070363,0cd16a4c03030253177fdc0051990449f312a499ba84c714adf371d2247b2b61,https://pdf.hres.ca/dpd_pm/00070363.PDF,pending,,,
pm_review_7e1c2cb4f0241df8,hc_pm_pdf_e2756ab087d7a22b_fr,hc_dpd_e2756ab087d7a22b_fr,hc_dpd_e2756ab087d7a22b,fr,heldout,routes,Rachidienne,1,normalized_exact,00070363,0cd16a4c03030253177fdc0051990449f312a499ba84c714adf371d2247b2b61,https://pdf.hres.ca/dpd_pm/00070363.PDF,pending,,,
pm_review_ec51c37365695370,hc_pm_pdf_f8e67f7fbd96cbac_en,hc_dpd_f8e67f7fbd96cbac_en,hc_dpd_f8e67f7fbd96cbac,en,development,active_ingredients,"{""name"":""ELETRIPTAN"",""strength"":20,""unit"":""MG""}",1,normalized_name_and_strength,00083262,32e6f9e2e484ff528d466744b5d00bc7c258f6de11ed2a53172e933a2bfd1303,https://pdf.hres.ca/dpd_pm/00083262.PDF,pending,,,
pm_review_56028fb4f11a0002,hc_pm_pdf_f8e67f7fbd96cbac_en,hc_dpd_f8e67f7fbd96cbac_en,hc_dpd_f8e67f7fbd96cbac,en,development,active_ingredients,"{""name"":""ELETRIPTAN"",""strength"":40,""unit"":""MG""}",1,normalized_name_and_strength,00083262,32e6f9e2e484ff528d466744b5d00bc7c258f6de11ed2a53172e933a2bfd1303,https://pdf.hres.ca/dpd_pm/00083262.PDF,pending,,,
pm_review_547f1d805c7d0e5c,hc_pm_pdf_f8e67f7fbd96cbac_en,hc_dpd_f8e67f7fbd96cbac_en,hc_dpd_f8e67f7fbd96cbac,en,development,brand_name,PRO-ELETRIPTAN,1,normalized_exact,00083262,32e6f9e2e484ff528d466744b5d00bc7c258f6de11ed2a53172e933a2bfd1303,https://pdf.hres.ca/dpd_pm/00083262.PDF,pending,,,
pm_review_2ebfd1987a3de30a,hc_pm_pdf_f8e67f7fbd96cbac_en,hc_dpd_f8e67f7fbd96cbac_en,hc_dpd_f8e67f7fbd96cbac,en,development,dosage_forms,TABLET,1,normalized_exact,00083262,32e6f9e2e484ff528d466744b5d00bc7c258f6de11ed2a53172e933a2bfd1303,https://pdf.hres.ca/dpd_pm/00083262.PDF,pending,,,
pm_review_0835988cb7dede01,hc_pm_pdf_f8e67f7fbd96cbac_en,hc_dpd_f8e67f7fbd96cbac_en,hc_dpd_f8e67f7fbd96cbac,en,development,routes,ORAL,1,normalized_exact,00083262,32e6f9e2e484ff528d466744b5d00bc7c258f6de11ed2a53172e933a2bfd1303,https://pdf.hres.ca/dpd_pm/00083262.PDF,pending,,,
pm_review_03cdba5a743b13ab,hc_pm_pdf_f8e67f7fbd96cbac_fr,hc_dpd_f8e67f7fbd96cbac_fr,hc_dpd_f8e67f7fbd96cbac,fr,development,active_ingredients,"{""name"":""Élétriptan"",""strength"":20,""unit"":""MG""}",10,normalized_name_and_strength,00083263,b75beb0d52d966da2325438a4addd13cded7275bcbebab69b2ca1daddf1a0041,https://pdf.hres.ca/dpd_pm/00083263.PDF,pending,,,
pm_review_5fdad927505dc7ae,hc_pm_pdf_f8e67f7fbd96cbac_fr,hc_dpd_f8e67f7fbd96cbac_fr,hc_dpd_f8e67f7fbd96cbac,fr,development,active_ingredients,"{""name"":""Élétriptan"",""strength"":40,""unit"":""MG""}",1,normalized_name_and_strength,00083263,b75beb0d52d966da2325438a4addd13cded7275bcbebab69b2ca1daddf1a0041,https://pdf.hres.ca/dpd_pm/00083263.PDF,pending,,,
pm_review_11b2341e6d4a30e5,hc_pm_pdf_f8e67f7fbd96cbac_fr,hc_dpd_f8e67f7fbd96cbac_fr,hc_dpd_f8e67f7fbd96cbac,fr,development,brand_name,PRO-ELETRIPTAN,1,normalized_exact,00083263,b75beb0d52d966da2325438a4addd13cded7275bcbebab69b2ca1daddf1a0041,https://pdf.hres.ca/dpd_pm/00083263.PDF,pending,,,
pm_review_91375111264c68d0,hc_pm_pdf_f8e67f7fbd96cbac_fr,hc_dpd_f8e67f7fbd96cbac_fr,hc_dpd_f8e67f7fbd96cbac,fr,development,dosage_forms,Comprimé,3,normalized_exact,00083263,b75beb0d52d966da2325438a4addd13cded7275bcbebab69b2ca1daddf1a0041,https://pdf.hres.ca/dpd_pm/00083263.PDF,pending,,,
pm_review_21c90c347f02b9ca,hc_pm_pdf_f8e67f7fbd96cbac_fr,hc_dpd_f8e67f7fbd96cbac_fr,hc_dpd_f8e67f7fbd96cbac,fr,development,routes,Orale,1,normalized_exact,00083263,b75beb0d52d966da2325438a4addd13cded7275bcbebab69b2ca1daddf1a0041,https://pdf.hres.ca/dpd_pm/00083263.PDF,pending,,,
