audit_product_id,product_id,brand_name,company_name,split,stratum,route_group,drug_codes,din_list,expected_output_en,expected_output_fr,en_monograph_id,en_sha256,en_source_url,fr_monograph_id,fr_sha256,fr_source_url,automated_bilingual_pair_check,automated_variant_link_check,automated_fact_evidence_check,identity_review_status,scope_review_status,bilingual_review_status,reviewer,reviewed_at_utc,notes
pm_product_5d848d17433fb039b109,hc_dpd_01157f8a36238f03,OPTIMYXIN,EURO-PHARM INTERNATIONAL CANADA INC,heldout,multi_ingredient,ophthalmic_or_otic,"[""10025""]","[""00701785""]","{""brand_name"":""OPTIMYXIN"",""active_ingredients"":[{""name"":""GRAMICIDIN"",""strength"":0.025,""unit"":""MG""},{""name"":""POLYMYXIN B"",""strength"":10000,""unit"":""UNIT""}],""dosage_forms"":[""DROPS""],""routes"":[""OPHTHALMIC"",""OTIC""]}","{""brand_name"":""OPTIMYXIN"",""active_ingredients"":[{""name"":""Gramicidine"",""strength"":0.025,""unit"":""MG""},{""name"":""Polymyxine B"",""strength"":10000,""unit"":""Unité""}],""dosage_forms"":[""Gouttes""],""routes"":[""Ophtalmique"",""Otique""]}",00059683,28a8ac45b4a70a48d5df70ed0b7020abc3f08675b77da78f4b25f19b367d4e75,https://pdf.hres.ca/dpd_pm/00059683.PDF,00059684,32bea29b02aa0509147303bee5eb99d74dba04f51dde4f0ece81d05dc844069a,https://pdf.hres.ca/dpd_pm/00059684.PDF,passed,passed,passed,pending,pending,pending,,,
pm_product_cacce8419cdc733172af,hc_dpd_0231fff5e9dde1c8,SANDOZ APREMILAST,SANDOZ CANADA INCORPORATED,heldout,multi_variant,oral,"[""101827"",""101828""]","[""02529084"",""02529092""]","{""brand_name"":""SANDOZ APREMILAST"",""active_ingredients"":[{""name"":""APREMILAST"",""strength"":10,""unit"":""MG""},{""name"":""APREMILAST"",""strength"":20,""unit"":""MG""},{""name"":""APREMILAST"",""strength"":30,""unit"":""MG""}],""dosage_forms"":[""TABLET""],""routes"":[""ORAL""]}","{""brand_name"":""SANDOZ APREMILAST"",""active_ingredients"":[{""name"":""Aprémilast"",""strength"":10,""unit"":""MG""},{""name"":""Aprémilast"",""strength"":20,""unit"":""MG""},{""name"":""Aprémilast"",""strength"":30,""unit"":""MG""}],""dosage_forms"":[""Comprimé""],""routes"":[""Orale""]}",00068198,a88d5aa6d4c77e18373e20fc3d6a68b71400983f6c2e065b364aaab52c00e341,https://pdf.hres.ca/dpd_pm/00068198.PDF,00073120,1c10179fcdd038a39f8a542079d6578db332b9451b75f54a3dea8ef1fceda8c1,https://pdf.hres.ca/dpd_pm/00073120.PDF,passed,passed,passed,pending,pending,pending,,,
pm_product_b183316ba58bebb8b5d7,hc_dpd_03b846e2e2a869b7,VOCARVI,STERIMAX INC,heldout,single_ingredient,parenteral,"[""99528""]","[""02505924""]","{""brand_name"":""VOCARVI"",""active_ingredients"":[{""name"":""FOSCARNET SODIUM"",""strength"":24,""unit"":""MG""}],""dosage_forms"":[""SOLUTION""],""routes"":[""INTRAVENOUS""]}","{""brand_name"":""VOCARVI"",""active_ingredients"":[{""name"":""Foscarnet sodique"",""strength"":24,""unit"":""MG""}],""dosage_forms"":[""Solution""],""routes"":[""Intraveineuse""]}",00058230,a6ee22c80f6326de6f200e1cb604255350fea33c2832325b4f285198fcd7d17d,https://pdf.hres.ca/dpd_pm/00058230.PDF,00058991,fd26483ede44a342b43bcd5e9fd2ad53f21fb4eb75cddb20bf61ce8d0867f84a,https://pdf.hres.ca/dpd_pm/00058991.PDF,passed,passed,passed,pending,pending,pending,,,
pm_product_ad3a3a28016dece06c93,hc_dpd_03be53df70eb2d11,JAMP EFAVIRENZ/EMTRICITABINE/TENOFOVIR DISOPROXIL FUMARATE,JAMP PHARMA CORPORATION,heldout,multi_ingredient,oral,"[""100873""]","[""02519461""]","{""brand_name"":""JAMP EFAVIRENZ/EMTRICITABINE/TENOFOVIR DISOPROXIL FUMARATE"",""active_ingredients"":[{""name"":""EFAVIRENZ"",""strength"":600,""unit"":""MG""},{""name"":""EMTRICITABINE"",""strength"":200,""unit"":""MG""},{""name"":""TENOFOVIR DISOPROXIL FUMARATE"",""strength"":300,""unit"":""MG""}],""dosage_forms"":[""TABLET""],""routes"":[""ORAL""]}","{""brand_name"":""JAMP EFAVIRENZ/EMTRICITABINE/TENOFOVIR DISOPROXIL FUMARATE"",""active_ingredients"":[{""name"":""Emtricitabine"",""strength"":200,""unit"":""MG""},{""name"":""Fumarate de ténofovir disoproxil"",""strength"":300,""unit"":""MG""},{""name"":""Éfavirenz"",""strength"":600,""unit"":""MG""}],""dosage_forms"":[""Comprimé""],""routes"":[""Orale""]}",00062588,edc3cbc164178d98fd1ff47cd2de98055ee92e66f32135ea3ec8d9bc9ab4c8d4,https://pdf.hres.ca/dpd_pm/00062588.PDF,00066204,10bfdfcf6f30b89718a4d6ba85d3e43ad6a1fc5cdf4b7523a7e70553c47dedc9,https://pdf.hres.ca/dpd_pm/00066204.PDF,passed,passed,passed,pending,pending,pending,,,
pm_product_cf468e7e0155655ec8d8,hc_dpd_043c39ecda680f30,FLAGYSTATIN,SANOFI-AVENTIS CANADA INC,heldout,multi_ingredient,other,"[""12654""]","[""01926829""]","{""brand_name"":""FLAGYSTATIN"",""active_ingredients"":[{""name"":""METRONIDAZOLE"",""strength"":500,""unit"":""MG""},{""name"":""NYSTATIN"",""strength"":100000,""unit"":""UNIT""}],""dosage_forms"":[""OVULE""],""routes"":[""VAGINAL""]}","{""brand_name"":""FLAGYSTATIN"",""active_ingredients"":[{""name"":""Métronidazole"",""strength"":500,""unit"":""MG""},{""name"":""Nystatine"",""strength"":100000,""unit"":""Unité""}],""dosage_forms"":[""Ovule""],""routes"":[""Vaginale""]}",00081884,88695842fd4266a5582527cb4d1cf947f96a646201f3264920e90ed85d3582ad,https://pdf.hres.ca/dpd_pm/00081884.PDF,00082159,fa91708b02b4e82d494dde8fd0866755d1a3e290824a24f5226b92fc4013f693,https://pdf.hres.ca/dpd_pm/00082159.PDF,passed,passed,passed,pending,pending,pending,,,
pm_product_4bef2e3ba48a5b6764f8,hc_dpd_081ba846a2fd5b7c,TRELEGY ELLIPTA,GLAXOSMITHKLINE INC,heldout,multi_ingredient_multi_variant,inhaled_or_nasal,"[""96469"",""100515""]","[""02474522"",""02515776""]","{""brand_name"":""TRELEGY ELLIPTA"",""active_ingredients"":[{""name"":""FLUTICASONE FUROATE"",""strength"":100,""unit"":""MCG""},{""name"":""FLUTICASONE FUROATE"",""strength"":200,""unit"":""MCG""},{""name"":""UMECLIDINIUM"",""strength"":62.5,""unit"":""MCG""},{""name"":""VILANTEROL"",""strength"":25,""unit"":""MCG""}],""dosage_forms"":[""POWDER""],""routes"":[""INHALATION""]}","{""brand_name"":""TRELEGY ELLIPTA"",""active_ingredients"":[{""name"":""Furoate de fluticasone"",""strength"":100,""unit"":""MCG""},{""name"":""Furoate de fluticasone"",""strength"":200,""unit"":""MCG""},{""name"":""Uméclidinium"",""strength"":62.5,""unit"":""MCG""},{""name"":""Vilantérol"",""strength"":25,""unit"":""MCG""}],""dosage_forms"":[""Poudre""],""routes"":[""Inhalation""]}",00072451,235f489ebbba8cfb17184e4749b086448ca9c2a2318393bd03e1b3982519a083,https://pdf.hres.ca/dpd_pm/00072451.PDF,00072528,f9ea10e5ebaac430df3a62515b7f4893832a92bbe163b4339e2259a0c95e4683,https://pdf.hres.ca/dpd_pm/00072528.PDF,passed,passed,passed,pending,pending,pending,,,
pm_product_8e992718ce77321a8e85,hc_dpd_088fd290b277f8f6,OLOPATADINE,SANIS HEALTH INC,heldout,single_ingredient,ophthalmic_or_otic,"[""101039""]","[""02521172""]","{""brand_name"":""OLOPATADINE"",""active_ingredients"":[{""name"":""OLOPATADINE"",""strength"":0.1,""unit"":""%""}],""dosage_forms"":[""SOLUTION""],""routes"":[""OPHTHALMIC""]}","{""brand_name"":""OLOPATADINE"",""active_ingredients"":[{""name"":""Olopatadine"",""strength"":0.1,""unit"":""%""}],""dosage_forms"":[""Solution""],""routes"":[""Ophtalmique""]}",00063215,c309de5710e50411ecb6718971cf392ec7d258e7a3fa5590aa1e6ff5a8635a62,https://pdf.hres.ca/dpd_pm/00063215.PDF,00063216,e54673560a95ac92a3b995fbaa4f2a6f48caa38c5875807241638a58ab59db5e,https://pdf.hres.ca/dpd_pm/00063216.PDF,passed,passed,passed,pending,pending,pending,,,
pm_product_11511bc0a0644c0f9a1b,hc_dpd_0d3f826a312f27ee,BUCCOLAM,"NEURAXPHARM PHARMACEUTICALS, S.L.",heldout,multi_variant,other,"[""106271"",""106272"",""106273"",""106274""]","[""02559579"",""02559587"",""02559595"",""02559609""]","{""brand_name"":""BUCCOLAM"",""active_ingredients"":[{""name"":""MIDAZOLAM"",""strength"":2.5,""unit"":""MG""},{""name"":""MIDAZOLAM"",""strength"":5,""unit"":""MG""},{""name"":""MIDAZOLAM"",""strength"":7.5,""unit"":""MG""},{""name"":""MIDAZOLAM"",""strength"":10,""unit"":""MG""}],""dosage_forms"":[""SOLUTION""],""routes"":[""BUCCAL""]}","{""brand_name"":""BUCCOLAM"",""active_ingredients"":[{""name"":""Midazolam"",""strength"":2.5,""unit"":""MG""},{""name"":""Midazolam"",""strength"":5,""unit"":""MG""},{""name"":""Midazolam"",""strength"":7.5,""unit"":""MG""},{""name"":""Midazolam"",""strength"":10,""unit"":""MG""}],""dosage_forms"":[""Solution""],""routes"":[""Buccale""]}",00081130,4e71af0b550175652e5622af4116c1459ee28e469f4cbca27669a4cea4472516,https://pdf.hres.ca/dpd_pm/00081130.PDF,00081581,3b2d21152786e7af20e5d293112faa26e4e0f9edc3d2cfc4f0e96dad1ab104e9,https://pdf.hres.ca/dpd_pm/00081581.PDF,passed,passed,passed,pending,pending,pending,,,
pm_product_56a82d585af1553d7513,hc_dpd_0e113b73c8dab8be,FINACEA,LEO PHARMA INC,heldout,single_ingredient,topical,"[""75617""]","[""02270811""]","{""brand_name"":""FINACEA"",""active_ingredients"":[{""name"":""AZELAIC ACID"",""strength"":15,""unit"":""%""}],""dosage_forms"":[""GEL""],""routes"":[""TOPICAL""]}","{""brand_name"":""FINACEA"",""active_ingredients"":[{""name"":""Acide azélaïque"",""strength"":15,""unit"":""%""}],""dosage_forms"":[""Gel""],""routes"":[""Topique""]}",00083784,9dde3c8a84885f2d8583caa47fb38b2f31f8c01af5ef884af2e4df81fff6430e,https://pdf.hres.ca/dpd_pm/00083784.PDF,00084100,a1fcabe2c52f990015957dfb74f016493f6cee10ae5174a17e15614e6b35f561,https://pdf.hres.ca/dpd_pm/00084100.PDF,passed,passed,passed,pending,pending,pending,,,
pm_product_7b1a072504c920bc27b7,hc_dpd_0e64b57edf3df6c4,APO-ALLOPURINOL TABLETS,APOTEX INC,development,multi_variant,oral,"[""4302"",""4276"",""4303""]","[""00402796"",""00402818"",""00479799""]","{""brand_name"":""APO-ALLOPURINOL TABLETS"",""active_ingredients"":[{""name"":""ALLOPURINOL"",""strength"":100,""unit"":""MG""},{""name"":""ALLOPURINOL"",""strength"":200,""unit"":""MG""},{""name"":""ALLOPURINOL"",""strength"":300,""unit"":""MG""}],""dosage_forms"":[""TABLET""],""routes"":[""ORAL""]}","{""brand_name"":""APO-ALLOPURINOL TABLETS"",""active_ingredients"":[{""name"":""Allopurinol"",""strength"":100,""unit"":""MG""},{""name"":""Allopurinol"",""strength"":200,""unit"":""MG""},{""name"":""Allopurinol"",""strength"":300,""unit"":""MG""}],""dosage_forms"":[""Comprimé""],""routes"":[""Orale""]}",00076177,64a9d380d4c4630e49503040118c5c20ff6b6ce503b1cb026831c955452bd0c8,https://pdf.hres.ca/dpd_pm/00076177.PDF,00076178,01c2ec7ee2418efa1da2ebde546187191c4cdcea9201ba151136b86919fd3de1,https://pdf.hres.ca/dpd_pm/00076178.PDF,passed,passed,passed,pending,pending,pending,,,
pm_product_0efdd89f56c4b8dfeae9,hc_dpd_1189b6a74cab5ab2,MYLAN-VARDENAFIL,MYLAN PHARMACEUTICALS ULC,development,multi_variant,oral,"[""95236"",""95239"",""95240""]","[""02464209"",""02464225"",""02464233""]","{""brand_name"":""MYLAN-VARDENAFIL"",""active_ingredients"":[{""name"":""VARDENAFIL"",""strength"":5,""unit"":""MG""},{""name"":""VARDENAFIL"",""strength"":10,""unit"":""MG""},{""name"":""VARDENAFIL"",""strength"":20,""unit"":""MG""}],""dosage_forms"":[""TABLET""],""routes"":[""ORAL""]}","{""brand_name"":""MYLAN-VARDENAFIL"",""active_ingredients"":[{""name"":""Vardénafil"",""strength"":5,""unit"":""MG""},{""name"":""Vardénafil"",""strength"":10,""unit"":""MG""},{""name"":""Vardénafil"",""strength"":20,""unit"":""MG""}],""dosage_forms"":[""Comprimé""],""routes"":[""Orale""]}",00057041,4d0688800e05b61859a465d03d5e8863d4908fd1317b322405214537c53d6e19,https://pdf.hres.ca/dpd_pm/00057041.PDF,00057623,5cd835284ad7fd0e01a2daaa69d465e8dc3872be98f5670087ffe8c235cbec88,https://pdf.hres.ca/dpd_pm/00057623.PDF,passed,passed,passed,pending,pending,pending,,,
pm_product_8f5ee95557608c2e2f87,hc_dpd_147a8cf2a8ead612,AA-AMILZIDE,AA PHARMA INC,heldout,multi_ingredient,oral,"[""10494""]","[""00784400""]","{""brand_name"":""AA-AMILZIDE"",""active_ingredients"":[{""name"":""AMILORIDE HYDROCHLORIDE"",""strength"":5,""unit"":""MG""},{""name"":""HYDROCHLOROTHIAZIDE"",""strength"":50,""unit"":""MG""}],""dosage_forms"":[""TABLET""],""routes"":[""ORAL""]}","{""brand_name"":""AA-AMILZIDE"",""active_ingredients"":[{""name"":""Chlorhydrate d'amiloride"",""strength"":5,""unit"":""MG""},{""name"":""Hydrochlorothiazide"",""strength"":50,""unit"":""MG""}],""dosage_forms"":[""Comprimé""],""routes"":[""Orale""]}",00069954,a75440fa18ce227c3d12a6aec2bc7a6c2720fa607f07e5ae247cbfb2e3eda828,https://pdf.hres.ca/dpd_pm/00069954.PDF,00070234,19fcd0abcae24032e6c65e497b79b3944b708cdd321370d9bac3cb7dd476af98,https://pdf.hres.ca/dpd_pm/00070234.PDF,passed,passed,passed,pending,pending,pending,,,
pm_product_54cefbf6776dd21f03c7,hc_dpd_166173fb5f7b5e2a,OLIMEL 5.7% E,BAXTER CORPORATION,heldout,multi_ingredient,parenteral,"[""83779""]","[""02352532""]","{""brand_name"":""OLIMEL 5.7% E"",""active_ingredients"":[{""name"":""ALANINE"",""strength"":8.24,""unit"":""G""},{""name"":""CALCIUM CHLORIDE"",""strength"":0.52,""unit"":""G""},{""name"":""DEXTROSE"",""strength"":121,""unit"":""G""},{""name"":""GLUTAMIC ACID"",""strength"":2.84,""unit"":""G""},{""name"":""GLYCINE"",""strength"":3.95,""unit"":""G""},{""name"":""HISTIDINE"",""strength"":3.4,""unit"":""G""},{""name"":""L-ARGININE"",""strength"":5.58,""unit"":""G""},{""name"":""L-ASPARTIC ACID"",""strength"":1.65,""unit"":""G""},{""name"":""L-ISOLEUCINE"",""strength"":2.84,""unit"":""G""},{""name"":""L-LEUCINE"",""strength"":3.95,""unit"":""G""},{""name"":""L-PHENYLALANINE"",""strength"":3.95,""unit"":""G""},{""name"":""L-PROLINE"",""strength"":3.4,""unit"":""G""},{""name"":""L-THREONINE"",""strength"":2.84,""unit"":""G""},{""name"":""L-TYROSINE"",""strength"":0.15,""unit"":""G""},{""name"":""L-VALINE"",""strength"":3.64,""unit"":""G""},{""name"":""LYSINE"",""strength"":4.48,""unit"":""G""},{""name"":""MAGNESIUM CHLORIDE"",""strength"":0.81,""unit"":""G""},{""name"":""METHIONINE"",""strength"":2.84,""unit"":""G""},{""name"":""OLIVE OIL"",""strength"":32,""unit"":""G""},{""name"":""POTASSIUM CHLORIDE"",""strength"":2.24,""unit"":""G""},{""name"":""SERINE"",""strength"":2.25,""unit"":""G""},{""name"":""SODIUM ACETATE TRIHYDRATE"",""strength"":1.5,""unit"":""G""},{""name"":""SODIUM GLYCEROPHOSPHATE"",""strength"":3.67,""unit"":""G""},{""name"":""SOYBEAN OIL"",""strength"":8,""unit"":""G""},{""name"":""TRYPTOPHAN"",""strength"":0.95,""unit"":""G""}],""dosage_forms"":[""EMULSION""],""routes"":[""INTRAVENOUS""]}","{""brand_name"":""OLIMEL 5.7% E"",""active_ingredients"":[{""name"":""Acide glutamique"",""strength"":2.84,""unit"":""G""},{""name"":""Acide L-aspartique"",""strength"":1.65,""unit"":""G""},{""name"":""Acétate de sodium trihydraté"",""strength"":1.5,""unit"":""G""},{""name"":""Alanine"",""strength"":8.24,""unit"":""G""},{""name"":""Chlorure de calcium"",""strength"":0.52,""unit"":""G""},{""name"":""Chlorure de magnésium"",""strength"":0.81,""unit"":""G""},{""name"":""Chlorure de potassium"",""strength"":2.24,""unit"":""G""},{""name"":""Dextrose"",""strength"":121,""unit"":""G""},{""name"":""Glycine"",""strength"":3.95,""unit"":""G""},{""name"":""Glycérophosphate de sodium"",""strength"":3.67,""unit"":""G""},{""name"":""Histidine"",""strength"":3.4,""unit"":""G""},{""name"":""Huile d'olive"",""strength"":32,""unit"":""G""},{""name"":""Huile de soja"",""strength"":8,""unit"":""G""},{""name"":""L-arginine"",""strength"":5.58,""unit"":""G""},{""name"":""L-isoleucine"",""strength"":2.84,""unit"":""G""},{""name"":""L-leucine"",""strength"":3.95,""unit"":""G""},{""name"":""L-phénylalanine"",""strength"":3.95,""unit"":""G""},{""name"":""L-proline"",""strength"":3.4,""unit"":""G""},{""name"":""L-thréonine"",""strength"":2.84,""unit"":""G""},{""name"":""L-tyrosine"",""strength"":0.15,""unit"":""G""},{""name"":""L-valine"",""strength"":3.64,""unit"":""G""},{""name"":""Lysine"",""strength"":4.48,""unit"":""G""},{""name"":""Méhionine"",""strength"":2.84,""unit"":""G""},{""name"":""Sérine"",""strength"":2.25,""unit"":""G""},{""name"":""Tryptophane"",""strength"":0.95,""unit"":""G""}],""dosage_forms"":[""Émulsion""],""routes"":[""Intraveineuse""]}",00072239,dabde81d887328f4d0de84d08a1e06d712d9359b60d8cb5b58b5c4e934d565cb,https://pdf.hres.ca/dpd_pm/00072239.PDF,00072240,44b29903a0928ff4f1f6ac759342720bc6a6560f6e235cad94d824929d43c428,https://pdf.hres.ca/dpd_pm/00072240.PDF,passed,passed,passed,pending,pending,pending,,,
pm_product_03f9705837b024b2c6af,hc_dpd_1bcde8f71d81c99f,ANUSOL-HC OINTMENT,CHURCH & DWIGHT CANADA CORP,development,multi_ingredient,other,"[""4389""]","[""00505773""]","{""brand_name"":""ANUSOL-HC OINTMENT"",""active_ingredients"":[{""name"":""HYDROCORTISONE ACETATE"",""strength"":0.5,""unit"":""%""},{""name"":""ZINC SULFATE"",""strength"":0.5,""unit"":""%""}],""dosage_forms"":[""OINTMENT""],""routes"":[""RECTAL""]}","{""brand_name"":""ANUSOL-HC ONGUENT"",""active_ingredients"":[{""name"":""Acétate d'hydrocortisone"",""strength"":0.5,""unit"":""%""},{""name"":""Sulfate de zinc"",""strength"":0.5,""unit"":""%""}],""dosage_forms"":[""Pommade""],""routes"":[""Rectale""]}",00069693,8aa5b98848a4325ee6e7dd111d68f9a189c7adda78cc114636f0b76b8eeb85d5,https://pdf.hres.ca/dpd_pm/00069693.PDF,00068568,83de4203c4fda3168799c553e94dd5298b3cbe39b748c845d45a35daec4ef8e6,https://pdf.hres.ca/dpd_pm/00068568.PDF,passed,passed,passed,pending,pending,pending,,,
pm_product_c918c9d604c97cc16e33,hc_dpd_1d9bc02e18f10dac,BREO ELLIPTA,GLAXOSMITHKLINE INC,heldout,multi_ingredient_multi_variant,inhaled_or_nasal,"[""89362"",""92906""]","[""02408872"",""02444186""]","{""brand_name"":""BREO ELLIPTA"",""active_ingredients"":[{""name"":""FLUTICASONE FUROATE"",""strength"":100,""unit"":""MCG""},{""name"":""FLUTICASONE FUROATE"",""strength"":200,""unit"":""MCG""},{""name"":""VILANTEROL"",""strength"":25,""unit"":""MCG""}],""dosage_forms"":[""POWDER""],""routes"":[""INHALATION""]}","{""brand_name"":""BREO ELLIPTA"",""active_ingredients"":[{""name"":""Furoate de fluticasone"",""strength"":100,""unit"":""MCG""},{""name"":""Furoate de fluticasone"",""strength"":200,""unit"":""MCG""},{""name"":""Vilantérol"",""strength"":25,""unit"":""MCG""}],""dosage_forms"":[""Poudre""],""routes"":[""Inhalation""]}",00049111,a682a4ccc2dd59195f29074681f37679255430fbc302c2c783303d93df99ef8c,https://pdf.hres.ca/dpd_pm/00049111.PDF,00049495,d445c606f5b123002fbb035347f6a204791c47fd6bb138bde6538752732038ac,https://pdf.hres.ca/dpd_pm/00049495.PDF,passed,passed,passed,pending,pending,pending,,,
pm_product_fe0efcedc0fc8dfc171f,hc_dpd_1e9b078da4e50754,TARO-PERAMPANEL,TARO PHARMACEUTICALS INC,heldout,multi_variant,oral,"[""101174"",""101175"",""101176"",""101177"",""101178"",""101179""]","[""02522632"",""02522640"",""02522659"",""02522667"",""02522675"",""02522683""]","{""brand_name"":""TARO-PERAMPANEL"",""active_ingredients"":[{""name"":""PERAMPANEL"",""strength"":2,""unit"":""MG""},{""name"":""PERAMPANEL"",""strength"":4,""unit"":""MG""},{""name"":""PERAMPANEL"",""strength"":6,""unit"":""MG""},{""name"":""PERAMPANEL"",""strength"":8,""unit"":""MG""},{""name"":""PERAMPANEL"",""strength"":10,""unit"":""MG""},{""name"":""PERAMPANEL"",""strength"":12,""unit"":""MG""}],""dosage_forms"":[""TABLET""],""routes"":[""ORAL""]}","{""brand_name"":""TARO-PERAMPANEL"",""active_ingredients"":[{""name"":""Pérampanel"",""strength"":2,""unit"":""MG""},{""name"":""Pérampanel"",""strength"":4,""unit"":""MG""},{""name"":""Pérampanel"",""strength"":6,""unit"":""MG""},{""name"":""Pérampanel"",""strength"":8,""unit"":""MG""},{""name"":""Pérampanel"",""strength"":10,""unit"":""MG""},{""name"":""Pérampanel"",""strength"":12,""unit"":""MG""}],""dosage_forms"":[""Comprimé""],""routes"":[""Orale""]}",00074997,1cb0154aa2509cf665d6ece3028b245b5d4133c73c89a6f446c21415260de043,https://pdf.hres.ca/dpd_pm/00074997.PDF,00077792,6b1a8f6955df2ec4c67f4bf207d46014d8bca12c598ff7c704dac081f14dd417,https://pdf.hres.ca/dpd_pm/00077792.PDF,passed,passed,passed,pending,pending,pending,,,
pm_product_2b67e7bdd915a679e5cc,hc_dpd_1eb96fee046363ec,LEUCOVORIN CALCIUM INJECTION USP,PFIZER CANADA ULC,heldout,multi_variant,parenteral,"[""44265"",""44266""]","[""02182998"",""02183005""]","{""brand_name"":""LEUCOVORIN CALCIUM INJECTION USP"",""active_ingredients"":[{""name"":""LEUCOVORIN"",""strength"":10,""unit"":""MG""}],""dosage_forms"":[""SOLUTION""],""routes"":[""INTRAMUSCULAR"",""INTRAVENOUS""]}","{""brand_name"":""LEUCOVORINE CALCIQUE INJECTABLE USP"",""active_ingredients"":[{""name"":""Leucovorine"",""strength"":10,""unit"":""MG""}],""dosage_forms"":[""Solution""],""routes"":[""Intramusculaire"",""Intraveineuse""]}",00068748,3049179f455f408eb72e2c802facbe732543275aa3d2f13cfae9fbee618d8a73,https://pdf.hres.ca/dpd_pm/00068748.PDF,00068930,44a67d15cf8ca8ba26ec0ef143bb3551913601e894e0233781bacfb0f55caaf7,https://pdf.hres.ca/dpd_pm/00068930.PDF,passed,passed,passed,pending,pending,pending,,,
pm_product_886c849ae0369fbae013,hc_dpd_1f28ab1b3d2013d8,RIVA-CYPROTERONE,LABORATOIRE RIVA INC.,heldout,single_ingredient,oral,"[""88085""]","[""02395797""]","{""brand_name"":""RIVA-CYPROTERONE"",""active_ingredients"":[{""name"":""CYPROTERONE ACETATE"",""strength"":50,""unit"":""MG""}],""dosage_forms"":[""TABLET""],""routes"":[""ORAL""]}","{""brand_name"":""RIVA-CYPROTERONE"",""active_ingredients"":[{""name"":""Acétate de cyprotérone"",""strength"":50,""unit"":""MG""}],""dosage_forms"":[""Comprimé""],""routes"":[""Orale""]}",00065464,42ffcf67b7a864fe1f0521cbb2ed6724f15d2403e61ed34365ba6f2cce4592d3,https://pdf.hres.ca/dpd_pm/00065464.PDF,00065466,0ad5e707246797c29e7d0f9d9bf7f7132af9a49d004de7b84bb6b9aa9a1ffc76,https://pdf.hres.ca/dpd_pm/00065466.PDF,passed,passed,passed,pending,pending,pending,,,
pm_product_e76ce2fca0b2add835b1,hc_dpd_1fb5bb2e71806452,LORAZEPAM SUBLINGUAL,AA PHARMA INC,heldout,multi_variant,other,"[""89541"",""89542"",""89543""]","[""02410745"",""02410753"",""02410761""]","{""brand_name"":""LORAZEPAM SUBLINGUAL"",""active_ingredients"":[{""name"":""LORAZEPAM"",""strength"":0.5,""unit"":""MG""},{""name"":""LORAZEPAM"",""strength"":1,""unit"":""MG""},{""name"":""LORAZEPAM"",""strength"":2,""unit"":""MG""}],""dosage_forms"":[""TABLET""],""routes"":[""SUBLINGUAL""]}","{""brand_name"":""LORAZEPAM SUBLINGUAL"",""active_ingredients"":[{""name"":""Lorazépam"",""strength"":0.5,""unit"":""MG""},{""name"":""Lorazépam"",""strength"":1,""unit"":""MG""},{""name"":""Lorazépam"",""strength"":2,""unit"":""MG""}],""dosage_forms"":[""Comprimé""],""routes"":[""Sublinguale""]}",00071448,9109543b79e268133b99d1144d5d3feda4944e4d4ad18569523fba80e22afa3d,https://pdf.hres.ca/dpd_pm/00071448.PDF,00071520,facd5ec65314287efac786779f74021da0ab387527d8f9c2854c07deaffdc9da,https://pdf.hres.ca/dpd_pm/00071520.PDF,passed,passed,passed,pending,pending,pending,,,
pm_product_2ae3d1f464a01252fc00,hc_dpd_1fc393aea185226a,PRO-AMOX-250,PRO DOC LIMITEE,heldout,single_ingredient,oral,"[""6511""]","[""00644331""]","{""brand_name"":""PRO-AMOX-250"",""active_ingredients"":[{""name"":""AMOXICILLIN"",""strength"":250,""unit"":""MG""}],""dosage_forms"":[""POWDER FOR SUSPENSION""],""routes"":[""ORAL""]}","{""brand_name"":""PRO-AMOX-250"",""active_ingredients"":[{""name"":""Amoxicilline"",""strength"":250,""unit"":""MG""}],""dosage_forms"":[""Poudre pour suspension""],""routes"":[""Orale""]}",00074692,10518ea4f75118e4c14c21c335182d0e95ccd2542b30d734bc6bc7f8cb075eed,https://pdf.hres.ca/dpd_pm/00074692.PDF,00074693,cfa084669261b6a269336b32e4ad87f3617edb841098f19e716c4e667864da9d,https://pdf.hres.ca/dpd_pm/00074693.PDF,passed,passed,passed,pending,pending,pending,,,
pm_product_8e07ddf7854574e1c452,hc_dpd_1ff79e23c0fc864c,ESSEPNA,FRESENIUS KABI CANADA LTD,heldout,multi_ingredient,parenteral,"[""99955""]","[""02510324""]","{""brand_name"":""ESSEPNA"",""active_ingredients"":[{""name"":""ALANINE"",""strength"":1.4,""unit"":""G""},{""name"":""ARGININE"",""strength"":1.2,""unit"":""G""},{""name"":""GLYCINE"",""strength"":1.1,""unit"":""G""},{""name"":""HISTIDINE"",""strength"":0.3,""unit"":""G""},{""name"":""ISOLEUCINE"",""strength"":0.5,""unit"":""G""},{""name"":""LEUCINE"",""strength"":0.74,""unit"":""G""},{""name"":""LYSINE"",""strength"":0.66,""unit"":""G""},{""name"":""METHIONINE"",""strength"":0.43,""unit"":""G""},{""name"":""PHENYLALANINE"",""strength"":0.51,""unit"":""G""},{""name"":""PROLINE"",""strength"":1.12,""unit"":""G""},{""name"":""SERINE"",""strength"":0.65,""unit"":""G""},{""name"":""TAURINE"",""strength"":0.1,""unit"":""G""},{""name"":""THREONINE"",""strength"":0.44,""unit"":""G""},{""name"":""TRYPTOPHAN"",""strength"":0.2,""unit"":""G""},{""name"":""TYROSINE"",""strength"":0.04,""unit"":""G""},{""name"":""VALINE"",""strength"":0.62,""unit"":""G""}],""dosage_forms"":[""SOLUTION""],""routes"":[""INTRAVENOUS""]}","{""brand_name"":""ESSEPNA"",""active_ingredients"":[{""name"":""Alanine"",""strength"":1.4,""unit"":""G""},{""name"":""Arginine"",""strength"":1.2,""unit"":""G""},{""name"":""Glycine"",""strength"":1.1,""unit"":""G""},{""name"":""Histidine"",""strength"":0.3,""unit"":""G""},{""name"":""Isoleucine"",""strength"":0.5,""unit"":""G""},{""name"":""Leucine"",""strength"":0.74,""unit"":""G""},{""name"":""Lysine"",""strength"":0.66,""unit"":""G""},{""name"":""Méhionine"",""strength"":0.43,""unit"":""G""},{""name"":""Phénylalanine"",""strength"":0.51,""unit"":""G""},{""name"":""Proline"",""strength"":1.12,""unit"":""G""},{""name"":""Sérine"",""strength"":0.65,""unit"":""G""},{""name"":""Taurine"",""strength"":0.1,""unit"":""G""},{""name"":""Thréonine"",""strength"":0.44,""unit"":""G""},{""name"":""Tryptophane"",""strength"":0.2,""unit"":""G""},{""name"":""Tyrosine"",""strength"":0.04,""unit"":""G""},{""name"":""Valine"",""strength"":0.62,""unit"":""G""}],""dosage_forms"":[""Solution""],""routes"":[""Intraveineuse""]}",00059442,a093364d17fef1959e8032e58cc53cd7b28ee29b0cb74f0dcf66cde6589007a5,https://pdf.hres.ca/dpd_pm/00059442.PDF,00059632,1f0a0b651ccc12f65a7abdd4f9572596b8140d391ed7756e4bb5b073d53c3fba,https://pdf.hres.ca/dpd_pm/00059632.PDF,passed,passed,passed,pending,pending,pending,,,
pm_product_bb403235c1c664a6d724,hc_dpd_20ce7b41df2fae3e,COMBIGAN,ABBVIE CORPORATION,heldout,multi_ingredient,ophthalmic_or_otic,"[""72692""]","[""02248347""]","{""brand_name"":""COMBIGAN"",""active_ingredients"":[{""name"":""BRIMONIDINE TARTRATE"",""strength"":0.2,""unit"":""%""},{""name"":""TIMOLOL"",""strength"":0.5,""unit"":""%""}],""dosage_forms"":[""SOLUTION""],""routes"":[""OPHTHALMIC""]}","{""brand_name"":""COMBIGAN"",""active_ingredients"":[{""name"":""Tartrate de brimonidine"",""strength"":0.2,""unit"":""%""},{""name"":""Timolol"",""strength"":0.5,""unit"":""%""}],""dosage_forms"":[""Solution""],""routes"":[""Ophtalmique""]}",00067668,377bb89f429a44e75b6cc6ada821ba85ca018ad640a22f3b948cfef2a83f9e11,https://pdf.hres.ca/dpd_pm/00067668.PDF,00068676,1d0b59b8adfc1644fe8da1ae3a23cddd1846f66acf23bcace2fe8938dd49b5c6,https://pdf.hres.ca/dpd_pm/00068676.PDF,passed,passed,passed,pending,pending,pending,,,
pm_product_5c0b407f66b1f15d3fae,hc_dpd_2194fc7443af5833,TEVA-COMBO STERINEBS,TEVA CANADA LIMITED,heldout,multi_ingredient,inhaled_or_nasal,"[""75820""]","[""02272695""]","{""brand_name"":""TEVA-COMBO STERINEBS"",""active_ingredients"":[{""name"":""IPRATROPIUM BROMIDE"",""strength"":0.5,""unit"":""MG""},{""name"":""SALBUTAMOL"",""strength"":2.5,""unit"":""MG""}],""dosage_forms"":[""SOLUTION""],""routes"":[""INHALATION""]}","{""brand_name"":""TEVA-COMBO STERINEBS"",""active_ingredients"":[{""name"":""Bromure d'ipratropium"",""strength"":0.5,""unit"":""MG""},{""name"":""Salbutamol"",""strength"":2.5,""unit"":""MG""}],""dosage_forms"":[""Solution""],""routes"":[""Inhalation""]}",00033894,5f30e5fe18d0cefff200980c0177529734a4a848e37fc9caf9beaf13eb166eae,https://pdf.hres.ca/dpd_pm/00033894.PDF,00033908,cc4208e66c0c544523fb785d8cd664c1ed9fa68a675e0899adbcce05d3fc56b5,https://pdf.hres.ca/dpd_pm/00033908.PDF,passed,passed,passed,pending,pending,pending,,,
pm_product_da0b3e013455b84d610a,hc_dpd_2283d1d761151d50,CERVIDIL,FERRING INC,heldout,single_ingredient,other,"[""50327""]","[""02231047""]","{""brand_name"":""CERVIDIL"",""active_ingredients"":[{""name"":""DINOPROSTONE"",""strength"":10,""unit"":""MG""}],""dosage_forms"":[""INSERT""],""routes"":[""VAGINAL""]}","{""brand_name"":""CERVIDIL"",""active_ingredients"":[{""name"":""Dinoprostone"",""strength"":10,""unit"":""MG""}],""dosage_forms"":[""Insert""],""routes"":[""Vaginale""]}",00066993,27afecd54e4b65eec7fee5c9ecf5e2fe80a131e2ec92b9173a2bb4daa1ba8b18,https://pdf.hres.ca/dpd_pm/00066993.PDF,00067248,8f6c027a8e56ea9fe1123aaeab45547581e0af1863666e26379b17a51fc2230b,https://pdf.hres.ca/dpd_pm/00067248.PDF,passed,passed,passed,pending,pending,pending,,,
pm_product_2fd8f787fea01c64f8b1,hc_dpd_228add779c9af494,SANDOZ SACUBITRIL-VALSARTAN,SANDOZ CANADA INCORPORATED,heldout,multi_ingredient_multi_variant,oral,"[""103789"",""103790"",""103791""]","[""02549018"",""02549026"",""02549034""]","{""brand_name"":""SANDOZ SACUBITRIL-VALSARTAN"",""active_ingredients"":[{""name"":""SACUBITRIL"",""strength"":24,""unit"":""MG""},{""name"":""SACUBITRIL"",""strength"":49,""unit"":""MG""},{""name"":""SACUBITRIL"",""strength"":97,""unit"":""MG""},{""name"":""VALSARTAN"",""strength"":26,""unit"":""MG""},{""name"":""VALSARTAN"",""strength"":51,""unit"":""MG""},{""name"":""VALSARTAN"",""strength"":103,""unit"":""MG""}],""dosage_forms"":[""TABLET""],""routes"":[""ORAL""]}","{""brand_name"":""SANDOZ SACUBITRIL-VALSARTAN"",""active_ingredients"":[{""name"":""Sacubitril"",""strength"":24,""unit"":""MG""},{""name"":""Sacubitril"",""strength"":49,""unit"":""MG""},{""name"":""Sacubitril"",""strength"":97,""unit"":""MG""},{""name"":""Valsartan"",""strength"":26,""unit"":""MG""},{""name"":""Valsartan"",""strength"":51,""unit"":""MG""},{""name"":""Valsartan"",""strength"":103,""unit"":""MG""}],""dosage_forms"":[""Comprimé""],""routes"":[""Orale""]}",00085112,bdf44a9fd423afa0389186a8f1115b73d24c9ec4d05a46d51ec3a8aeb9c4e8b4,https://pdf.hres.ca/dpd_pm/00085112.PDF,00085113,fbd8dff01bc2ac83fd6179e7f40f6c80ea70ab081022adb754de0e8c26828049,https://pdf.hres.ca/dpd_pm/00085113.PDF,passed,passed,passed,pending,pending,pending,,,
pm_product_3eded3f2014a7edc212e,hc_dpd_235be5d7ff12a27b,MYLAN-LATANOPROST/TIMOLOL,MYLAN PHARMACEUTICALS ULC,heldout,multi_ingredient,ophthalmic_or_otic,"[""85818""]","[""02373068""]","{""brand_name"":""MYLAN-LATANOPROST/TIMOLOL"",""active_ingredients"":[{""name"":""LATANOPROST"",""strength"":50,""unit"":""MCG""},{""name"":""TIMOLOL"",""strength"":5,""unit"":""MG""}],""dosage_forms"":[""SOLUTION""],""routes"":[""OPHTHALMIC""]}","{""brand_name"":""MYLAN-LATANOPROST/TIMOLOL"",""active_ingredients"":[{""name"":""Latanoprost"",""strength"":50,""unit"":""MCG""},{""name"":""Timolol"",""strength"":5,""unit"":""MG""}],""dosage_forms"":[""Solution""],""routes"":[""Ophtalmique""]}",00073376,0fba9e3b0b637991895c6a634bd1cf77d9e24e31bfe91e3eb824368b7f565e78,https://pdf.hres.ca/dpd_pm/00073376.PDF,00073377,db7f5c9e2157744015a0db986bd666bddfbdd030175aa319fea5c58255b17351,https://pdf.hres.ca/dpd_pm/00073377.PDF,passed,passed,passed,pending,pending,pending,,,
pm_product_7ba924e1e6503877eafd,hc_dpd_24af59cf1b318c7c,ARISTOCORT R,"BAUSCH HEALTH, CANADA INC.",heldout,multi_variant,topical,"[""35783"",""35784""]","[""02194031"",""02194058""]","{""brand_name"":""ARISTOCORT R"",""active_ingredients"":[{""name"":""TRIAMCINOLONE ACETONIDE"",""strength"":0.1,""unit"":""%""}],""dosage_forms"":[""CREAM"",""OINTMENT""],""routes"":[""TOPICAL""]}","{""brand_name"":""ARISTOCORT R"",""active_ingredients"":[{""name"":""Acétonide de triamcinolone"",""strength"":0.1,""unit"":""%""}],""dosage_forms"":[""Crème"",""Pommade""],""routes"":[""Topique""]}",00083740,695574f3e35ef39d9aa9fed00f752cb1f94e765a91d9fe3db9a2a4d61803042b,https://pdf.hres.ca/dpd_pm/00083740.PDF,00083741,074c98055907e2be406a7ce96f39fbf6ad3c7bd7be68be3908ec44fad8be3606,https://pdf.hres.ca/dpd_pm/00083741.PDF,passed,passed,passed,pending,pending,pending,,,
pm_product_636d326b062a68fb05d1,hc_dpd_268d626d3b81a1d2,TORISEL,PFIZER CANADA ULC,heldout,single_ingredient,parenteral,"[""78941""]","[""02304104""]","{""brand_name"":""TORISEL"",""active_ingredients"":[{""name"":""TEMSIROLIMUS"",""strength"":25,""unit"":""MG""}],""dosage_forms"":[""SOLUTION""],""routes"":[""INTRAVENOUS""]}","{""brand_name"":""TORISEL"",""active_ingredients"":[{""name"":""Temsirolimus"",""strength"":25,""unit"":""MG""}],""dosage_forms"":[""Solution""],""routes"":[""Intraveineuse""]}",00066854,ea942f6a3ceb5240bda962af3e93590710c65cc147d705e74ff4a7c5d9355320,https://pdf.hres.ca/dpd_pm/00066854.PDF,00066974,caee00f6fe37e6c6fcd62879944c6c86faec1f0ed18da0b479c1142ed47c79f2,https://pdf.hres.ca/dpd_pm/00066974.PDF,passed,passed,passed,pending,pending,pending,,,
pm_product_a18b763f347fe6dec77f,hc_dpd_28787c405835368e,AG-VITAMINE D TABLETS,ANGITA PHARMA INC.,development,single_ingredient,oral,"[""98866""]","[""02498944""]","{""brand_name"":""AG-VITAMINE D TABLETS"",""active_ingredients"":[{""name"":""VITAMIN D3"",""strength"":10000,""unit"":""UNIT""}],""dosage_forms"":[""TABLET""],""routes"":[""ORAL""]}","{""brand_name"":""AG-VITAMINE D TABLETS"",""active_ingredients"":[{""name"":""Vitamine D3"",""strength"":10000,""unit"":""Unité""}],""dosage_forms"":[""Comprimé""],""routes"":[""Orale""]}",00076304,6d9d30cc7a3e44f91db99545432e45e6ee0af830074b842b2abc3413d0126b8a,https://pdf.hres.ca/dpd_pm/00076304.PDF,00076305,c588f9921d6f69b5339ea65b1dc3cee31e42dd3e2b7d1dbbade57fe353843131,https://pdf.hres.ca/dpd_pm/00076305.PDF,passed,passed,passed,pending,pending,pending,,,
pm_product_92efd005e63d0789e888,hc_dpd_29a700a30cc8e32a,MARVELON 21,ORGANON CANADA INC.,heldout,multi_ingredient,oral,"[""14354""]","[""02042487""]","{""brand_name"":""MARVELON 21"",""active_ingredients"":[{""name"":""DESOGESTREL"",""strength"":0.15,""unit"":""MG""},{""name"":""ETHINYL ESTRADIOL"",""strength"":0.03,""unit"":""MG""}],""dosage_forms"":[""TABLET""],""routes"":[""ORAL""]}","{""brand_name"":""MARVELON 21"",""active_ingredients"":[{""name"":""Désogestrel"",""strength"":0.15,""unit"":""MG""},{""name"":""Éthinylestradiol"",""strength"":0.03,""unit"":""MG""}],""dosage_forms"":[""Comprimé""],""routes"":[""Orale""]}",00077799,1ecffeeab1acae5b7cf3b7e9a3dcc5f3d098b7307423acf02fcde7b79e910099,https://pdf.hres.ca/dpd_pm/00077799.PDF,00081716,7bc8231443cf68c17ae2e4db3fed63b421e1c88320ff76fd6ff0b8c2e6bf72a2,https://pdf.hres.ca/dpd_pm/00081716.PDF,passed,passed,passed,pending,pending,pending,,,
pm_product_0774259a23fc877d14c5,hc_dpd_2a0bd77c65e44142,PMS-BUPRENORPHINE-NALOXONE,PHARMASCIENCE INC,heldout,multi_ingredient_multi_variant,other,"[""90952"",""90953""]","[""02424851"",""02424878""]","{""brand_name"":""PMS-BUPRENORPHINE-NALOXONE"",""active_ingredients"":[{""name"":""BUPRENORPHINE"",""strength"":2,""unit"":""MG""},{""name"":""BUPRENORPHINE"",""strength"":8,""unit"":""MG""},{""name"":""NALOXONE"",""strength"":0.5,""unit"":""MG""},{""name"":""NALOXONE"",""strength"":2,""unit"":""MG""}],""dosage_forms"":[""TABLET""],""routes"":[""SUBLINGUAL""]}","{""brand_name"":""PMS-BUPRENORPHINE-NALOXONE"",""active_ingredients"":[{""name"":""Buprénorphine"",""strength"":2,""unit"":""MG""},{""name"":""Buprénorphine"",""strength"":8,""unit"":""MG""},{""name"":""Naloxone"",""strength"":0.5,""unit"":""MG""},{""name"":""Naloxone"",""strength"":2,""unit"":""MG""}],""dosage_forms"":[""Comprimé""],""routes"":[""Sublinguale""]}",00072741,e6a8d697cd3643623e30be2f7a344e062e5df9e55a2b93a0b3356efc39c5ecc2,https://pdf.hres.ca/dpd_pm/00072741.PDF,00082461,ab983a1603d5e2c7ccb76f766a296968bd21497f8770d340836a6b780d4cf1c1,https://pdf.hres.ca/dpd_pm/00082461.PDF,passed,passed,passed,pending,pending,pending,,,
pm_product_4857dcc2e12254a8e84e,hc_dpd_2a0ff0f0f24451ad,PRO-ANASTROZOLE,PRO DOC LIMITEE,heldout,single_ingredient,oral,"[""88072""]","[""02395649""]","{""brand_name"":""PRO-ANASTROZOLE"",""active_ingredients"":[{""name"":""ANASTROZOLE"",""strength"":1,""unit"":""MG""}],""dosage_forms"":[""TABLET""],""routes"":[""ORAL""]}","{""brand_name"":""PRO-ANASTROZOLE"",""active_ingredients"":[{""name"":""Anastrozole"",""strength"":1,""unit"":""MG""}],""dosage_forms"":[""Comprimé""],""routes"":[""Orale""]}",00082278,b17169cbd368dcd45ccd53a0abdb6b10119d652f9add7cf0a4c33272174996cf,https://pdf.hres.ca/dpd_pm/00082278.PDF,00082279,fa26fcd5f6bdb91d53776c3ce1dcdfa40131bcb4ce7c7848faf7d358ee1cf434,https://pdf.hres.ca/dpd_pm/00082279.PDF,passed,passed,passed,pending,pending,pending,,,
pm_product_30f63f790bdd86f3cbf3,hc_dpd_2a5909736dbc1762,TRIANAL TABLET,LABORATOIRE RIVA INC.,heldout,multi_ingredient,oral,"[""23671""]","[""01971409""]","{""brand_name"":""TRIANAL TABLET"",""active_ingredients"":[{""name"":""ACETYLSALICYLIC ACID"",""strength"":330,""unit"":""MG""},{""name"":""BUTALBITAL"",""strength"":50,""unit"":""MG""},{""name"":""CAFFEINE"",""strength"":40,""unit"":""MG""}],""dosage_forms"":[""TABLET""],""routes"":[""ORAL""]}","{""brand_name"":""TRIANAL TABLET"",""active_ingredients"":[{""name"":""Acide acétylsalicylique"",""strength"":330,""unit"":""MG""},{""name"":""Butalbital"",""strength"":50,""unit"":""MG""},{""name"":""Caféine"",""strength"":40,""unit"":""MG""}],""dosage_forms"":[""Comprimé""],""routes"":[""Orale""]}",00075223,85c9ab3f6fab501242b16e5b5a11041edc0a6b256dbd98eae923c498867c86ff,https://pdf.hres.ca/dpd_pm/00075223.PDF,00075294,c8f1dc5a057fb5a32b00d6e8b39715cd2dc5b67487ecada5f2c736296a60933f,https://pdf.hres.ca/dpd_pm/00075294.PDF,passed,passed,passed,pending,pending,pending,,,
pm_product_5ce9a95e3248e077e73f,hc_dpd_2b59829c4fadd7cf,APO-TERAZOSIN,APOTEX INC,heldout,multi_variant,oral,"[""55839"",""55840"",""55841"",""55842""]","[""02234502"",""02234503"",""02234504"",""02234505""]","{""brand_name"":""APO-TERAZOSIN"",""active_ingredients"":[{""name"":""TERAZOSIN"",""strength"":1,""unit"":""MG""},{""name"":""TERAZOSIN"",""strength"":2,""unit"":""MG""},{""name"":""TERAZOSIN"",""strength"":5,""unit"":""MG""},{""name"":""TERAZOSIN"",""strength"":10,""unit"":""MG""}],""dosage_forms"":[""TABLET""],""routes"":[""ORAL""]}","{""brand_name"":""APO-TERAZOSIN"",""active_ingredients"":[{""name"":""Térazosine"",""strength"":1,""unit"":""MG""},{""name"":""Térazosine"",""strength"":2,""unit"":""MG""},{""name"":""Térazosine"",""strength"":5,""unit"":""MG""},{""name"":""Térazosine"",""strength"":10,""unit"":""MG""}],""dosage_forms"":[""Comprimé""],""routes"":[""Orale""]}",00063013,4b8da85550129df755a348549b647528f12b977d2f4ec176f8cb670bbd1273fc,https://pdf.hres.ca/dpd_pm/00063013.PDF,00063360,fc47885bcedb92bb423c8bff6c1c3cd296ddbd68a482511d6c8c9013daf452fb,https://pdf.hres.ca/dpd_pm/00063360.PDF,passed,passed,passed,pending,pending,pending,,,
pm_product_d6cb27fb6ac379a7bf19,hc_dpd_2c2174190b036b5a,MAXIMUM STRENGTH ACID REDUCER WITHOUT PRESCRIPTION,PHARMASCIENCE INC,development,single_ingredient,oral,"[""77884""]","[""02293471""]","{""brand_name"":""MAXIMUM STRENGTH ACID REDUCER WITHOUT PRESCRIPTION"",""active_ingredients"":[{""name"":""RANITIDINE"",""strength"":150,""unit"":""MG""}],""dosage_forms"":[""TABLET""],""routes"":[""ORAL""]}","{""brand_name"":""RÉDUCTEUR D'ACIDE DOSE MAXIMUM SANS ORDONNANCE"",""active_ingredients"":[{""name"":""Ranitidine"",""strength"":150,""unit"":""MG""}],""dosage_forms"":[""Comprimé""],""routes"":[""Orale""]}",00065142,b014a72320741974de3afc952e3d599b6cfef640d1e4f1dba35102fd0c1f223d,https://pdf.hres.ca/dpd_pm/00065142.PDF,00082515,51c6e4d39c9bee7776ae1ab018e6dc97cdb19ec841ad97b171d447704ea78264,https://pdf.hres.ca/dpd_pm/00082515.PDF,passed,passed,passed,pending,pending,pending,,,
pm_product_e504c2c9044e0e58cbb2,hc_dpd_2c9dc4ef26788746,SOFRACORT,CHEPLAPHARM ARZNEIMITTEL GMBH,heldout,multi_ingredient,ophthalmic_or_otic,"[""37363""]","[""02224623""]","{""brand_name"":""SOFRACORT"",""active_ingredients"":[{""name"":""DEXAMETHASONE"",""strength"":0.5,""unit"":""MG""},{""name"":""FRAMYCETIN SULFATE"",""strength"":5,""unit"":""MG""},{""name"":""GRAMICIDIN"",""strength"":0.05,""unit"":""MG""}],""dosage_forms"":[""DROPS""],""routes"":[""OPHTHALMIC"",""OTIC""]}","{""brand_name"":""SOFRACORT"",""active_ingredients"":[{""name"":""Dexaméthasone"",""strength"":0.5,""unit"":""MG""},{""name"":""Gramicidine"",""strength"":0.05,""unit"":""MG""},{""name"":""Sulfate de framycétine"",""strength"":5,""unit"":""MG""}],""dosage_forms"":[""Gouttes""],""routes"":[""Ophtalmique"",""Otique""]}",00076258,69a409cb11db8e861f5ad868ab91b635284515b7f6e00d9ad37d5dc9a49d4136,https://pdf.hres.ca/dpd_pm/00076258.PDF,00076259,082628014fab8883af3ad6e49656e7f8e6c88601cc4936fe81e92d300a5df7fd,https://pdf.hres.ca/dpd_pm/00076259.PDF,passed,passed,passed,pending,pending,pending,,,
pm_product_88efa0e489a49cf66394,hc_dpd_2d463d6526a1946c,COVERSYL PLUS HD,SERVIER CANADA INC,heldout,multi_ingredient,oral,"[""80705""]","[""02321653""]","{""brand_name"":""COVERSYL PLUS HD"",""active_ingredients"":[{""name"":""INDAPAMIDE"",""strength"":2.5,""unit"":""MG""},{""name"":""PERINDOPRIL ERBUMINE"",""strength"":8,""unit"":""MG""}],""dosage_forms"":[""TABLET""],""routes"":[""ORAL""]}","{""brand_name"":""COVERSYL PLUS HD"",""active_ingredients"":[{""name"":""Indapamide"",""strength"":2.5,""unit"":""MG""},{""name"":""Périndopril erbumine"",""strength"":8,""unit"":""MG""}],""dosage_forms"":[""Comprimé""],""routes"":[""Orale""]}",00067855,0991035c4df37cae7bf25de551c1d47df438cb488cb841f8a62fd3a2a9e7633f,https://pdf.hres.ca/dpd_pm/00067855.PDF,00068490,6b82770e45d1cd79aa123e39c6c36b22103c58d7be97856efc34e4be30af5b01,https://pdf.hres.ca/dpd_pm/00068490.PDF,passed,passed,passed,pending,pending,pending,,,
pm_product_3e00839f67fd857b47f6,hc_dpd_2dcb457e633b3402,JULUCA,VIIV HEALTHCARE ULC,development,multi_ingredient,oral,"[""96645""]","[""02475774""]","{""brand_name"":""JULUCA"",""active_ingredients"":[{""name"":""DOLUTEGRAVIR"",""strength"":50,""unit"":""MG""},{""name"":""RILPIVIRINE"",""strength"":25,""unit"":""MG""}],""dosage_forms"":[""TABLET""],""routes"":[""ORAL""]}","{""brand_name"":""JULUCA"",""active_ingredients"":[{""name"":""DOLUTÉGRAVIR"",""strength"":50,""unit"":""MG""},{""name"":""Rilpivirine"",""strength"":25,""unit"":""MG""}],""dosage_forms"":[""Comprimé""],""routes"":[""Orale""]}",00082175,0fad3665e325677a166a8e8cb20ddfef47f8cc85fffec5b6bebc5b039bcf8ce3,https://pdf.hres.ca/dpd_pm/00082175.PDF,00082498,ee5b74bbe99176765cb9664730283228a92066268003b93801516314df6407c3,https://pdf.hres.ca/dpd_pm/00082498.PDF,passed,passed,passed,pending,pending,pending,,,
pm_product_56c285872f201793dbfa,hc_dpd_2debe1fde5169583,CERDELGA,SANOFI-AVENTIS CANADA INC,heldout,single_ingredient,oral,"[""95117""]","[""02463261""]","{""brand_name"":""CERDELGA"",""active_ingredients"":[{""name"":""ELIGLUSTAT"",""strength"":84,""unit"":""MG""}],""dosage_forms"":[""CAPSULE""],""routes"":[""ORAL""]}","{""brand_name"":""CERDELGA"",""active_ingredients"":[{""name"":""Éliglustat"",""strength"":84,""unit"":""MG""}],""dosage_forms"":[""Capsule""],""routes"":[""Orale""]}",00075274,8132bd367004d27bc329599db276d50ac4881459d28911bb36d30dd67c472083,https://pdf.hres.ca/dpd_pm/00075274.PDF,00075275,25a7facfc189fb6957fd1f06e16fc5ce7f0ff56c1b1601909f7afcaaf7731c5d,https://pdf.hres.ca/dpd_pm/00075275.PDF,passed,passed,passed,pending,pending,pending,,,
pm_product_2c950247649b064809cb,hc_dpd_2f1032fed841f093,PHARMA-LEVETIRACETAM,PHARMASCIENCE INC,heldout,single_ingredient,oral,"[""100470""]","[""02515318""]","{""brand_name"":""PHARMA-LEVETIRACETAM"",""active_ingredients"":[{""name"":""LEVETIRACETAM"",""strength"":100,""unit"":""MG""}],""dosage_forms"":[""SOLUTION""],""routes"":[""ORAL""]}","{""brand_name"":""PHARMA-LEVETIRACETAM"",""active_ingredients"":[{""name"":""Lévétiracétam"",""strength"":100,""unit"":""MG""}],""dosage_forms"":[""Solution""],""routes"":[""Orale""]}",00065161,7668c36273aab3b73860895bb150d19d128fef12b8f99363de50423a0a428b67,https://pdf.hres.ca/dpd_pm/00065161.PDF,00065162,078e9275b50732a92a7dd9d4c1400b789f1f6f34b8cb0d9b325c2be9d3dd80dc,https://pdf.hres.ca/dpd_pm/00065162.PDF,passed,passed,passed,pending,pending,pending,,,
pm_product_f62e775dc6d18cef84cc,hc_dpd_2fc21f129a5c9b0a,ZYNYZ,INCYTE CORPORATION,development,single_ingredient,parenteral,"[""104399""]","[""02555239""]","{""brand_name"":""ZYNYZ"",""active_ingredients"":[{""name"":""RETIFANLIMAB"",""strength"":25,""unit"":""MG""}],""dosage_forms"":[""SOLUTION""],""routes"":[""INTRAVENOUS""]}","{""brand_name"":""ZYNYZ"",""active_ingredients"":[{""name"":""Rétifanlimab"",""strength"":25,""unit"":""MG""}],""dosage_forms"":[""Solution""],""routes"":[""Intraveineuse""]}",00084862,69fae6be5ad666412a9484addac73318cfadb9afb854435486058e27d0ac68a4,https://pdf.hres.ca/dpd_pm/00084862.PDF,00085127,dde5508a233880d53299d91aec917e7872814d0fd7f1305239051010eda9aa59,https://pdf.hres.ca/dpd_pm/00085127.PDF,passed,passed,passed,pending,pending,pending,,,
pm_product_0463e15b64b6f1fe491e,hc_dpd_2fe14322c950fead,JAMP IBUPROFEN SUSPENSION,JAMP PHARMA CORPORATION,heldout,single_ingredient,oral,"[""104264""]","[""02553724""]","{""brand_name"":""JAMP IBUPROFEN SUSPENSION"",""active_ingredients"":[{""name"":""IBUPROFEN"",""strength"":100,""unit"":""MG""}],""dosage_forms"":[""SUSPENSION""],""routes"":[""ORAL""]}","{""brand_name"":""JAMP IBUPROFEN SUSPENSION"",""active_ingredients"":[{""name"":""Ibuprofène"",""strength"":100,""unit"":""MG""}],""dosage_forms"":[""Suspension""],""routes"":[""Orale""]}",00078006,fae66fcd6deb39841a09a6821ff7e6d02e04f51cf341b3dfd801006308fbc7b5,https://pdf.hres.ca/dpd_pm/00078006.PDF,00080928,066ffd52b56fdcdffabb56fcdc6645aff4eb62589bdfa3406121df11d852c0e9,https://pdf.hres.ca/dpd_pm/00080928.PDF,passed,passed,passed,pending,pending,pending,,,
pm_product_30e8183852d8c1b64903,hc_dpd_30aba3a7347bf952,JAMP AMIODARONE,JAMP PHARMA CORPORATION,development,single_ingredient,oral,"[""102093""]","[""02531844""]","{""brand_name"":""JAMP AMIODARONE"",""active_ingredients"":[{""name"":""AMIODARONE HYDROCHLORIDE"",""strength"":200,""unit"":""MG""}],""dosage_forms"":[""TABLET""],""routes"":[""ORAL""]}","{""brand_name"":""JAMP AMIODARONE"",""active_ingredients"":[{""name"":""Chlorhydrate d'amiodarone"",""strength"":200,""unit"":""MG""}],""dosage_forms"":[""Comprimé""],""routes"":[""Orale""]}",00067870,eb111d75d7f49c531e2b4aba3ff6f414c18f126d945ae63543f5fd25ccde3ad7,https://pdf.hres.ca/dpd_pm/00067870.PDF,00068521,61432cc2cca0adb07a357b29d341e036b51a9cb04c2008b39dad8699449d76a4,https://pdf.hres.ca/dpd_pm/00068521.PDF,passed,passed,passed,pending,pending,pending,,,
pm_product_7e56cd5309b1d51ad824,hc_dpd_3188d041219430c6,NYDA,G POHL-BOSKAMP GMBH & CO KG,development,single_ingredient,topical,"[""85900""]","[""02373785""]","{""brand_name"":""NYDA"",""active_ingredients"":[{""name"":""DIMETHICONE"",""strength"":50,""unit"":""%""}],""dosage_forms"":[""SOLUTION""],""routes"":[""TOPICAL""]}","{""brand_name"":""NYDA"",""active_ingredients"":[{""name"":""Diméticone 100 cSt"",""strength"":50,""unit"":""%""}],""dosage_forms"":[""Solution""],""routes"":[""Topique""]}",00066082,a411ed175945d34811b789e0ac9034eccd66992950bfac15638ea7af23a48b6f,https://pdf.hres.ca/dpd_pm/00066082.PDF,00066354,dc23d75795fcf764caf75c455961459a238079f100c9c31d8013bd9aaa12c356,https://pdf.hres.ca/dpd_pm/00066354.PDF,passed,passed,passed,pending,pending,pending,,,
pm_product_46251fa0c81185dc8a9f,hc_dpd_31b576037946a679,JENTADUETO,BOEHRINGER INGELHEIM (CANADA) LTD LTEE,heldout,multi_ingredient_multi_variant,oral,"[""88807"",""88808"",""88809""]","[""02403250"",""02403269"",""02403277""]","{""brand_name"":""JENTADUETO"",""active_ingredients"":[{""name"":""LINAGLIPTIN"",""strength"":2.5,""unit"":""MG""},{""name"":""METFORMIN HYDROCHLORIDE"",""strength"":500,""unit"":""MG""},{""name"":""METFORMIN HYDROCHLORIDE"",""strength"":850,""unit"":""MG""},{""name"":""METFORMIN HYDROCHLORIDE"",""strength"":1000,""unit"":""MG""}],""dosage_forms"":[""TABLET""],""routes"":[""ORAL""]}","{""brand_name"":""JENTADUETO"",""active_ingredients"":[{""name"":""Chlorhydrate de metformine"",""strength"":500,""unit"":""MG""},{""name"":""Chlorhydrate de metformine"",""strength"":850,""unit"":""MG""},{""name"":""Chlorhydrate de metformine"",""strength"":1000,""unit"":""MG""},{""name"":""Linagliptine"",""strength"":2.5,""unit"":""MG""}],""dosage_forms"":[""Comprimé""],""routes"":[""Orale""]}",00060402,e31f5ecf8a2bf65df87f219d42fb1a301275ea877a358ca4929c0fffa3571129,https://pdf.hres.ca/dpd_pm/00060402.PDF,00060536,30664385f43d775c681c3baeb06e3c6c1bdf5335b8499627e8a4711e853642d3,https://pdf.hres.ca/dpd_pm/00060536.PDF,passed,passed,passed,pending,pending,pending,,,
pm_product_e2c981fef254420f1cc6,hc_dpd_32f64d7617d42b75,TEVIMBRA,BEONE MEDICINES I GMBH,development,single_ingredient,parenteral,"[""106674""]","[""02564009""]","{""brand_name"":""TEVIMBRA"",""active_ingredients"":[{""name"":""TISLELIZUMAB"",""strength"":100,""unit"":""MG""}],""dosage_forms"":[""SOLUTION""],""routes"":[""INTRAVENOUS""]}","{""brand_name"":""TEVIMBRA"",""active_ingredients"":[{""name"":""Tislélizumab"",""strength"":100,""unit"":""MG""}],""dosage_forms"":[""Solution""],""routes"":[""Intraveineuse""]}",00084442,6baacff6eaad2b526e025365ec67f20cdf84952f16a27083945ba4c49951cd3c,https://pdf.hres.ca/dpd_pm/00084442.PDF,00084683,b99d6a183e2bd695e44c8242e2ce43bbba9d528d8799f0f96f8b1bdddf420fdf,https://pdf.hres.ca/dpd_pm/00084683.PDF,passed,passed,passed,pending,pending,pending,,,
pm_product_c8f28096423414fc3248,hc_dpd_3367aa9c34fe4f59,ROBAX PLATINUM,HALEON CANADA ULC,heldout,multi_ingredient,oral,"[""71388""]","[""02247147""]","{""brand_name"":""ROBAX PLATINUM"",""active_ingredients"":[{""name"":""IBUPROFEN"",""strength"":200,""unit"":""MG""},{""name"":""METHOCARBAMOL"",""strength"":500,""unit"":""MG""}],""dosage_forms"":[""TABLET""],""routes"":[""ORAL""]}","{""brand_name"":""ROBAX PLATINE"",""active_ingredients"":[{""name"":""Ibuprofène"",""strength"":200,""unit"":""MG""},{""name"":""Méthocarbamol"",""strength"":500,""unit"":""MG""}],""dosage_forms"":[""Comprimé""],""routes"":[""Orale""]}",00081567,dacd811628737522dec46ef49c2279ef14bb0fe6a8d77f677f18a3842b51b2b8,https://pdf.hres.ca/dpd_pm/00081567.PDF,00081726,5a565ff86b97d102bc1120cc0eb848822117711edd6284430c98087ac5faa8dc,https://pdf.hres.ca/dpd_pm/00081726.PDF,passed,passed,passed,pending,pending,pending,,,
pm_product_2cb9c1b2bfb91e1d5acd,hc_dpd_34379d6cd1a7c44d,VITAMIN A ACID,"BAUSCH HEALTH, CANADA INC.",heldout,multi_variant,topical,"[""12753"",""12754"",""12544""]","[""01926462"",""01926470"",""01926489""]","{""brand_name"":""VITAMIN A ACID"",""active_ingredients"":[{""name"":""TRETINOIN"",""strength"":0.01,""unit"":""%""},{""name"":""TRETINOIN"",""strength"":0.025,""unit"":""%""},{""name"":""TRETINOIN"",""strength"":0.05,""unit"":""%""}],""dosage_forms"":[""GEL""],""routes"":[""TOPICAL""]}","{""brand_name"":""VITAMIN A ACID"",""active_ingredients"":[{""name"":""Trétinoïne"",""strength"":0.01,""unit"":""%""},{""name"":""Trétinoïne"",""strength"":0.025,""unit"":""%""},{""name"":""Trétinoïne"",""strength"":0.05,""unit"":""%""}],""dosage_forms"":[""Gel""],""routes"":[""Topique""]}",00058250,34a82e6ce96e1edb0521b1312345161e3c7f91091bb27ff06600fd94b95f7997,https://pdf.hres.ca/dpd_pm/00058250.PDF,00083438,6f53640737001013b26c7f9776e904e836dcf6446a444d9c2f2df58087c0a8e6,https://pdf.hres.ca/dpd_pm/00083438.PDF,passed,passed,passed,pending,pending,pending,,,
pm_product_4b6b6ac669b52727e7aa,hc_dpd_3444753169ab6d21,PMS-ALENDRONATE-FC,PHARMASCIENCE INC,heldout,single_ingredient,oral,"[""76957""]","[""02284006""]","{""brand_name"":""PMS-ALENDRONATE-FC"",""active_ingredients"":[{""name"":""ALENDRONIC ACID"",""strength"":70,""unit"":""MG""}],""dosage_forms"":[""TABLET""],""routes"":[""ORAL""]}","{""brand_name"":""PMS-ALENDRONATE-FC"",""active_ingredients"":[{""name"":""Acide alendronique"",""strength"":70,""unit"":""MG""}],""dosage_forms"":[""Comprimé""],""routes"":[""Orale""]}",00081392,429e5237984ccca7a97c9357188ead608fa3de910c3c67d204c7238d93850287,https://pdf.hres.ca/dpd_pm/00081392.PDF,00081693,910b6f436acd53372b818becc28918dd36547fae2fcda05b5e7dfd91b542b0c1,https://pdf.hres.ca/dpd_pm/00081693.PDF,passed,passed,passed,pending,pending,pending,,,
pm_product_173ea95b555747c77aff,hc_dpd_348ddc0d132b3c19,HYRIMOZ,SANDOZ CANADA INCORPORATED,heldout,multi_variant,parenteral,"[""98214"",""98215"",""99460"",""103089"",""103090"",""103091"",""103092"",""103093""]","[""02492156"",""02492164"",""02505258"",""02542315"",""02542323"",""02542331"",""02542358"",""02542366""]","{""brand_name"":""HYRIMOZ"",""active_ingredients"":[{""name"":""ADALIMUMAB"",""strength"":20,""unit"":""MG""},{""name"":""ADALIMUMAB"",""strength"":40,""unit"":""MG""},{""name"":""ADALIMUMAB"",""strength"":80,""unit"":""MG""}],""dosage_forms"":[""SOLUTION""],""routes"":[""SUBCUTANEOUS""]}","{""brand_name"":""HYRIMOZ"",""active_ingredients"":[{""name"":""Adalimumab"",""strength"":20,""unit"":""MG""},{""name"":""Adalimumab"",""strength"":40,""unit"":""MG""},{""name"":""Adalimumab"",""strength"":80,""unit"":""MG""}],""dosage_forms"":[""Solution""],""routes"":[""Sous-cutanée""]}",00073497,fb8d450108d86fc72e6926dd91ff5321f3d1af6a94f0d1c115ad5f062ed750ca,https://pdf.hres.ca/dpd_pm/00073497.PDF,00075491,b19054af81eb2488b87419b394cb0625a0d907589156d8dea5a9f403853a4de5,https://pdf.hres.ca/dpd_pm/00075491.PDF,passed,passed,passed,pending,pending,pending,,,
pm_product_c63170cbe621b738edd6,hc_dpd_368497cc07261e3e,ATOMOXETINE,SIVEM PHARMACEUTICALS ULC,development,multi_variant,oral,"[""93116"",""93118"",""93120"",""93121"",""93122""]","[""02445883"",""02445905"",""02445913"",""02445948"",""02445956""]","{""brand_name"":""ATOMOXETINE"",""active_ingredients"":[{""name"":""ATOMOXETINE"",""strength"":10,""unit"":""MG""},{""name"":""ATOMOXETINE"",""strength"":18,""unit"":""MG""},{""name"":""ATOMOXETINE"",""strength"":25,""unit"":""MG""},{""name"":""ATOMOXETINE"",""strength"":40,""unit"":""MG""},{""name"":""ATOMOXETINE"",""strength"":60,""unit"":""MG""}],""dosage_forms"":[""CAPSULE""],""routes"":[""ORAL""]}","{""brand_name"":""ATOMOXÉTINE"",""active_ingredients"":[{""name"":""Atomoxétine"",""strength"":10,""unit"":""MG""},{""name"":""Atomoxétine"",""strength"":18,""unit"":""MG""},{""name"":""Atomoxétine"",""strength"":25,""unit"":""MG""},{""name"":""Atomoxétine"",""strength"":40,""unit"":""MG""},{""name"":""Atomoxétine"",""strength"":60,""unit"":""MG""}],""dosage_forms"":[""Capsule""],""routes"":[""Orale""]}",00036792,962f55952b7fbd66003f4b65a2e65a56c29a07bafc3a0e3f519e91f17a26be94,https://pdf.hres.ca/dpd_pm/00036792.PDF,00036793,03633ca12cf41a4bd4e86ad285c030fea3eb00424d35c80dbb6bc035bd2812e6,https://pdf.hres.ca/dpd_pm/00036793.PDF,passed,passed,passed,pending,pending,pending,,,
pm_product_fd6ac2581a5dbcf881f6,hc_dpd_3c01f49c29f6efaf,MAXITROL,NOVARTIS PHARMACEUTICALS CANADA INC,heldout,multi_ingredient_multi_variant,ophthalmic_or_otic,"[""259"",""2423""]","[""00042676"",""00358177""]","{""brand_name"":""MAXITROL"",""active_ingredients"":[{""name"":""DEXAMETHASONE"",""strength"":0.1,""unit"":""%""},{""name"":""NEOMYCIN"",""strength"":3.5,""unit"":""MG""},{""name"":""POLYMYXIN B SULFATE"",""strength"":6000,""unit"":""UNIT""}],""dosage_forms"":[""OINTMENT"",""SUSPENSION""],""routes"":[""OPHTHALMIC""]}","{""brand_name"":""MAXITROL"",""active_ingredients"":[{""name"":""Dexaméthasone"",""strength"":0.1,""unit"":""%""},{""name"":""Néomycine"",""strength"":3.5,""unit"":""MG""},{""name"":""Sulfate de polymyxine b"",""strength"":6000,""unit"":""Unité""}],""dosage_forms"":[""Pommade"",""Suspension""],""routes"":[""Ophtalmique""]}",00046795,22dec700ffdd661003e0d7ad003c31d076a5c909227a60cc39bab67c0a1aaaea,https://pdf.hres.ca/dpd_pm/00046795.PDF,00047380,7591f9f2b59dc53010987ee271bfef5e47d034f2e708dc5efc74a6f4d6ee0ce4,https://pdf.hres.ca/dpd_pm/00047380.PDF,passed,passed,passed,pending,pending,pending,,,
pm_product_e3181b9e091ee81cd55e,hc_dpd_3c7a02c6dfa581f0,TAVALISSE,MEDISON PHARMA CANADA INC.,development,multi_variant,oral,"[""99741"",""99742""]","[""02508052"",""02508060""]","{""brand_name"":""TAVALISSE"",""active_ingredients"":[{""name"":""FOSTAMATINIB"",""strength"":100,""unit"":""MG""},{""name"":""FOSTAMATINIB"",""strength"":150,""unit"":""MG""}],""dosage_forms"":[""TABLET""],""routes"":[""ORAL""]}","{""brand_name"":""TAVALISSE"",""active_ingredients"":[{""name"":""Fostamatinib"",""strength"":100,""unit"":""MG""},{""name"":""Fostamatinib"",""strength"":150,""unit"":""MG""}],""dosage_forms"":[""Comprimé""],""routes"":[""Orale""]}",00062151,8683d4d57ed850521e819e0072d06406c37407050823b45b82f2357e827f7efd,https://pdf.hres.ca/dpd_pm/00062151.PDF,00063126,e9e3bbef8c68ca3fd2c09e43bc1a3b6db73744fd3f3694b957242202b705f30f,https://pdf.hres.ca/dpd_pm/00063126.PDF,passed,passed,passed,pending,pending,pending,,,
pm_product_b9435116ffc430874bff,hc_dpd_3f2e211bc2a89417,TYPHIM VI,SANOFI VACCINES CANADA LTD.,heldout,single_ingredient,parenteral,"[""20287""]","[""02130955""]","{""brand_name"":""TYPHIM VI"",""active_ingredients"":[{""name"":""SALMONELLA TYPHI TY2 VI CAPSULAR POLYSACCHARIDE"",""strength"":25,""unit"":""MCG""}],""dosage_forms"":[""SOLUTION""],""routes"":[""INTRAMUSCULAR""]}","{""brand_name"":""TYPHIM VI"",""active_ingredients"":[{""name"":""Polysaccharide capsulaire de Salmonella TYPHI TY2 VI"",""strength"":25,""unit"":""MCG""}],""dosage_forms"":[""Solution""],""routes"":[""Intramusculaire""]}",00074892,0dcd738457be753cda3ed09322480d1732cd57dadd749561511e7383dbed48e3,https://pdf.hres.ca/dpd_pm/00074892.PDF,00075080,dd9a3283b43685a9c605a8cf9f0d7f84f9f5d5e43489d48c99a3150d3890eaf9,https://pdf.hres.ca/dpd_pm/00075080.PDF,passed,passed,passed,pending,pending,pending,,,
pm_product_113ed3b15a0e42614a78,hc_dpd_3fe6fc58ec7db3c7,SUVEXX,ARALEZ PHARMACEUTICALS CANADA INC,heldout,multi_ingredient,oral,"[""98619""]","[""02496305""]","{""brand_name"":""SUVEXX"",""active_ingredients"":[{""name"":""NAPROXEN SODIUM"",""strength"":500,""unit"":""MG""},{""name"":""SUMATRIPTAN"",""strength"":85,""unit"":""MG""}],""dosage_forms"":[""TABLET""],""routes"":[""ORAL""]}","{""brand_name"":""SUVEXX"",""active_ingredients"":[{""name"":""Naproxène sodique"",""strength"":500,""unit"":""MG""},{""name"":""Sumatriptan"",""strength"":85,""unit"":""MG""}],""dosage_forms"":[""Comprimé""],""routes"":[""Orale""]}",00064176,da964289b48fcdd031bc4d5ab8fcab42bb395eca1eb9f846451105de17fda255,https://pdf.hres.ca/dpd_pm/00064176.PDF,00064276,2e4fcaaa98f01db7fec0b51d89b3a6e393741ea1fb5550fdcf876a8470a13e9e,https://pdf.hres.ca/dpd_pm/00064276.PDF,passed,passed,passed,pending,pending,pending,,,
pm_product_d68e0931d3e723c2c1d7,hc_dpd_404d5e5f8b35ead7,TEVA-FUROSEMIDE,TEVA CANADA LIMITED,heldout,multi_variant,oral,"[""2333"",""2447"",""9240""]","[""00337730"",""00337749"",""00765953""]","{""brand_name"":""TEVA-FUROSEMIDE"",""active_ingredients"":[{""name"":""FUROSEMIDE"",""strength"":20,""unit"":""MG""},{""name"":""FUROSEMIDE"",""strength"":40,""unit"":""MG""},{""name"":""FUROSEMIDE"",""strength"":80,""unit"":""MG""}],""dosage_forms"":[""TABLET""],""routes"":[""ORAL""]}","{""brand_name"":""TEVA-FUROSEMIDE"",""active_ingredients"":[{""name"":""Furosémide"",""strength"":20,""unit"":""MG""},{""name"":""Furosémide"",""strength"":40,""unit"":""MG""},{""name"":""Furosémide"",""strength"":80,""unit"":""MG""}],""dosage_forms"":[""Comprimé""],""routes"":[""Orale""]}",00055547,c37ca385d6815355980512fa742238e49f5592d0c17e9acb69aea9e2b898743c,https://pdf.hres.ca/dpd_pm/00055547.PDF,00055562,3a29d956a6e5af30210f53d25bd829bda444e4a5b6001338c39f5fb974e9f70a,https://pdf.hres.ca/dpd_pm/00055562.PDF,passed,passed,passed,pending,pending,pending,,,
pm_product_cb8ccbebdcdc76843087,hc_dpd_409450f45758e5d1,ALYFTREK,VERTEX PHARMACEUTICALS (CANADA) INCORPORATED,heldout,multi_ingredient_multi_variant,oral,"[""106280"",""106281""]","[""02559676"",""02559684""]","{""brand_name"":""ALYFTREK"",""active_ingredients"":[{""name"":""DEUTIVACAFTOR"",""strength"":50,""unit"":""MG""},{""name"":""DEUTIVACAFTOR"",""strength"":125,""unit"":""MG""},{""name"":""TEZACAFTOR"",""strength"":20,""unit"":""MG""},{""name"":""TEZACAFTOR"",""strength"":50,""unit"":""MG""},{""name"":""VANZACAFTOR"",""strength"":4,""unit"":""MG""},{""name"":""VANZACAFTOR"",""strength"":10,""unit"":""MG""}],""dosage_forms"":[""TABLET""],""routes"":[""ORAL""]}","{""brand_name"":""ALYFTREK"",""active_ingredients"":[{""name"":""Deutivacaftor"",""strength"":50,""unit"":""MG""},{""name"":""Deutivacaftor"",""strength"":125,""unit"":""MG""},{""name"":""Tezacaftor"",""strength"":20,""unit"":""MG""},{""name"":""Tezacaftor"",""strength"":50,""unit"":""MG""},{""name"":""Vanzacaftor"",""strength"":4,""unit"":""MG""},{""name"":""Vanzacaftor"",""strength"":10,""unit"":""MG""}],""dosage_forms"":[""Comprimé""],""routes"":[""Orale""]}",00081131,3ed1e1a822e1d69b2fe833fe213842580917a50347654449870ac69d2ca124e1,https://pdf.hres.ca/dpd_pm/00081131.PDF,00081377,a932e133f7de9a92bea6ed32757b8c39166c18f064517892612818db657d5f55,https://pdf.hres.ca/dpd_pm/00081377.PDF,passed,passed,passed,pending,pending,pending,,,
pm_product_91beb1b7c881fb797c33,hc_dpd_412627fe43ba7d28,BUTRANS 15,PURDUE PHARMA,heldout,single_ingredient,topical,"[""93692""]","[""02450771""]","{""brand_name"":""BUTRANS 15"",""active_ingredients"":[{""name"":""BUPRENORPHINE"",""strength"":15,""unit"":""MCG""}],""dosage_forms"":[""PATCH""],""routes"":[""TRANSDERMAL""]}","{""brand_name"":""BUTRANS 15"",""active_ingredients"":[{""name"":""Buprénorphine"",""strength"":15,""unit"":""MCG""}],""dosage_forms"":[""Timbre""],""routes"":[""Transdermique""]}",00082437,b3becb05882607aff0fb65af90fcc642d9ae90f86aa6f2211df4126f5b79301e,https://pdf.hres.ca/dpd_pm/00082437.PDF,00082776,2719384a4532a76256fb2116a408731e4cd5d3f39e779da646b9356bbfc0dac3,https://pdf.hres.ca/dpd_pm/00082776.PDF,passed,passed,passed,pending,pending,pending,,,
pm_product_eeced502061fbdee8328,hc_dpd_432d18d1cd566f25,OSENVELT,CELLTRION INC.,heldout,single_ingredient,parenteral,"[""106391""]","[""02560895""]","{""brand_name"":""OSENVELT"",""active_ingredients"":[{""name"":""DENOSUMAB"",""strength"":120,""unit"":""MG""}],""dosage_forms"":[""SOLUTION""],""routes"":[""SUBCUTANEOUS""]}","{""brand_name"":""OSENVELT"",""active_ingredients"":[{""name"":""Dénosumab"",""strength"":120,""unit"":""MG""}],""dosage_forms"":[""Solution""],""routes"":[""Sous-cutanée""]}",00084574,dd817179cb5df757a48501e80a7c5d83bb9fbc120c47cfb24859a55863a4bf2a,https://pdf.hres.ca/dpd_pm/00084574.PDF,00084575,a7ccbd3b227fc72a46b8e43ba9aa920525ad3eaf480c984d5f9c6f4058798f91,https://pdf.hres.ca/dpd_pm/00084575.PDF,passed,passed,passed,pending,pending,pending,,,
pm_product_5a6f1285dda9d141a8ac,hc_dpd_440415d12c2fa7ad,MINT-LOSARTAN/HCTZ DS,MINT PHARMACEUTICALS INC,heldout,multi_ingredient,oral,"[""87517""]","[""02389673""]","{""brand_name"":""MINT-LOSARTAN/HCTZ DS"",""active_ingredients"":[{""name"":""HYDROCHLOROTHIAZIDE"",""strength"":25,""unit"":""MG""},{""name"":""LOSARTAN POTASSIUM"",""strength"":100,""unit"":""MG""}],""dosage_forms"":[""TABLET""],""routes"":[""ORAL""]}","{""brand_name"":""MINT-LOSARTAN/HCTZ DS"",""active_ingredients"":[{""name"":""Hydrochlorothiazide"",""strength"":25,""unit"":""MG""},{""name"":""Losartan potassique"",""strength"":100,""unit"":""MG""}],""dosage_forms"":[""Comprimé""],""routes"":[""Orale""]}",00069681,27434843533ad9d8342a918a32e2225ba36d2316c2ce1e8f44f5fb79b0510514,https://pdf.hres.ca/dpd_pm/00069681.PDF,00069806,48bfb4b37d06b82ed0c0950c13088b5491bb518abf5a798bf9d04a67734d7075,https://pdf.hres.ca/dpd_pm/00069806.PDF,passed,passed,passed,pending,pending,pending,,,
pm_product_d16efb4bbf19ad163253,hc_dpd_4424763b3d592f0f,SYMBICORT 100 TURBUHALER,ASTRAZENECA CANADA INC,heldout,multi_ingredient,inhaled_or_nasal,"[""69428""]","[""02245385""]","{""brand_name"":""SYMBICORT 100 TURBUHALER"",""active_ingredients"":[{""name"":""BUDESONIDE"",""strength"":100,""unit"":""MCG""},{""name"":""FORMOTEROL FUMARATE DIHYDRATE"",""strength"":6,""unit"":""MCG""}],""dosage_forms"":[""POWDER""],""routes"":[""INHALATION""]}","{""brand_name"":""SYMBICORT 100 TURBUHALER"",""active_ingredients"":[{""name"":""Budésonide"",""strength"":100,""unit"":""MCG""},{""name"":""Fumarate de formotérol dihydraté"",""strength"":6,""unit"":""MCG""}],""dosage_forms"":[""Poudre""],""routes"":[""Inhalation""]}",00059997,aa9b941d580ae06d87d16aaabad6571c6aeb40be7f211193dda21783b05d23d2,https://pdf.hres.ca/dpd_pm/00059997.PDF,00061466,e39fec303793ce1c0dddd793a1e88d7af9b8b788e5b8d197814bba001149b2a6,https://pdf.hres.ca/dpd_pm/00061466.PDF,passed,passed,passed,pending,pending,pending,,,
pm_product_a761709b2717c7619c0d,hc_dpd_45de65f9755d7284,SYMTUZA,JANSSEN INC,heldout,multi_ingredient,oral,"[""96312""]","[""02473720""]","{""brand_name"":""SYMTUZA"",""active_ingredients"":[{""name"":""COBICISTAT"",""strength"":150,""unit"":""MG""},{""name"":""DARUNAVIR"",""strength"":800,""unit"":""MG""},{""name"":""EMTRICITABINE"",""strength"":200,""unit"":""MG""},{""name"":""TENOFOVIR ALAFENAMIDE"",""strength"":10,""unit"":""MG""}],""dosage_forms"":[""TABLET""],""routes"":[""ORAL""]}","{""brand_name"":""SYMTUZA"",""active_ingredients"":[{""name"":""Cobicistat"",""strength"":150,""unit"":""MG""},{""name"":""Darunavir"",""strength"":800,""unit"":""MG""},{""name"":""Emtricitabine"",""strength"":200,""unit"":""MG""},{""name"":""Ténofovir alafénamide"",""strength"":10,""unit"":""MG""}],""dosage_forms"":[""Comprimé""],""routes"":[""Orale""]}",00069792,dea28f0063dda7b347d6bd96b4cc3d0e347a80116f0852624366a6ddb5aef7c4,https://pdf.hres.ca/dpd_pm/00069792.PDF,00070027,6bf3467c24ec7a53a3429e1afdfd348481a6c9a524678607eabbd6b85f0355cd,https://pdf.hres.ca/dpd_pm/00070027.PDF,passed,passed,passed,pending,pending,pending,,,
pm_product_92de75043ae5d89cd972,hc_dpd_46280a20ce82b416,NRA-DUTASTERIDE,NORA PHARMA INC,heldout,single_ingredient,oral,"[""98062""]","[""02490587""]","{""brand_name"":""NRA-DUTASTERIDE"",""active_ingredients"":[{""name"":""DUTASTERIDE"",""strength"":0.5,""unit"":""MG""}],""dosage_forms"":[""CAPSULE""],""routes"":[""ORAL""]}","{""brand_name"":""NRA-DUTASTERIDE"",""active_ingredients"":[{""name"":""Dutastéride"",""strength"":0.5,""unit"":""MG""}],""dosage_forms"":[""Capsule""],""routes"":[""Orale""]}",00074005,54cfc3d7f94845db3617014e32474f5169bbdd0431c03803500eed886896330e,https://pdf.hres.ca/dpd_pm/00074005.PDF,00074006,f21dcce29dd276f21c5dc24bdfd895ebfe19f61478d5cff04a5f63c1d166897f,https://pdf.hres.ca/dpd_pm/00074006.PDF,passed,passed,passed,pending,pending,pending,,,
pm_product_b811bd1322ab127516bd,hc_dpd_46430cebbd4495a4,TISSEEL,BAXTER CORPORATION,heldout,multi_ingredient_multi_variant,topical,"[""81147"",""81151""]","[""02326132"",""02326175""]","{""brand_name"":""TISSEEL"",""active_ingredients"":[{""name"":""APROTININ"",""strength"":3000,""unit"":""KIU""},{""name"":""CALCIUM CHLORIDE"",""strength"":40,""unit"":""MCMOL""},{""name"":""SEALER PROTEIN"",""strength"":125,""unit"":""MG""},{""name"":""THROMBIN"",""strength"":500,""unit"":""UNIT""}],""dosage_forms"":[""KIT"",""SOLUTION""],""routes"":[""TOPICAL""]}","{""brand_name"":""TISSEEL"",""active_ingredients"":[{""name"":""Aprotinin"",""strength"":3000,""unit"":""UIK""},{""name"":""Chlorure de calcium"",""strength"":40,""unit"":""MCMOL""},{""name"":""Protéine scellante"",""strength"":125,""unit"":""MG""},{""name"":""Thrombine"",""strength"":500,""unit"":""Unité""}],""dosage_forms"":[""Solution"",""Trousse""],""routes"":[""Topique""]}",00082074,340d749c6385e179164d15a77f98f7c1adf47a811c1647c520289002c1aa02cd,https://pdf.hres.ca/dpd_pm/00082074.PDF,00082309,f098cb5e0151ddaf977a533da2c4820015086c972830dccefd50a38db62a181c,https://pdf.hres.ca/dpd_pm/00082309.PDF,passed,passed,passed,pending,pending,pending,,,
pm_product_0ba8d87852de60e1150f,hc_dpd_467237d19b6080fa,ADACEL,SANOFI VACCINES CANADA LTD.,development,multi_ingredient,parenteral,"[""63789""]","[""02240255""]","{""brand_name"":""ADACEL"",""active_ingredients"":[{""name"":""DIPHTHERIA TOXOID"",""strength"":2,""unit"":""LF""},{""name"":""FILAMENTOUS HAEMAGGLUTININ"",""strength"":5,""unit"":""MCG""},{""name"":""FIMBRIAE TYPES 2 AND 3"",""strength"":5,""unit"":""MCG""},{""name"":""PERTACTIN"",""strength"":3,""unit"":""MCG""},{""name"":""PERTUSSIS TOXOID"",""strength"":2.5,""unit"":""MCG""},{""name"":""TETANUS TOXOID"",""strength"":5,""unit"":""LF""}],""dosage_forms"":[""SUSPENSION""],""routes"":[""INTRAMUSCULAR""]}","{""brand_name"":""ADACEL"",""active_ingredients"":[{""name"":""Anatoxine coquelucheuse"",""strength"":2.5,""unit"":""MCG""},{""name"":""Anatoxine diphtérique"",""strength"":2,""unit"":""LF""},{""name"":""Anatoxine tétanique"",""strength"":5,""unit"":""LF""},{""name"":""Fimbriae de types 2 et 3"",""strength"":5,""unit"":""MCG""},{""name"":""Hémagglutinine filamenteuse"",""strength"":5,""unit"":""MCG""},{""name"":""Pertactine"",""strength"":3,""unit"":""MCG""}],""dosage_forms"":[""Suspension""],""routes"":[""Intramusculaire""]}",00084447,815e7b9515da150af48e82852ec6b7ff3bd3237c9b920959db1223180fda0049,https://pdf.hres.ca/dpd_pm/00084447.PDF,00084680,c6ec6520bd8db200d1eb5359819f9adfac1dcd09ef5bd552fb5990974b0d9784,https://pdf.hres.ca/dpd_pm/00084680.PDF,passed,passed,passed,pending,pending,pending,,,
pm_product_c039e6753159787fc887,hc_dpd_46a558ac1490e5e4,TRIATEC-30,LABORATOIRE RIVA INC.,heldout,multi_ingredient,oral,"[""9626""]","[""00789828""]","{""brand_name"":""TRIATEC-30"",""active_ingredients"":[{""name"":""ACETAMINOPHEN"",""strength"":300,""unit"":""MG""},{""name"":""CODEINE PHOSPHATE"",""strength"":30,""unit"":""MG""}],""dosage_forms"":[""TABLET""],""routes"":[""ORAL""]}","{""brand_name"":""TRIATEC-30"",""active_ingredients"":[{""name"":""Acétaminophène"",""strength"":300,""unit"":""MG""},{""name"":""Phosphate de codéine"",""strength"":30,""unit"":""MG""}],""dosage_forms"":[""Comprimé""],""routes"":[""Orale""]}",00055253,9000bcc8fc68b63500107b229b1256be215739d590a6ae77ec5ae5c4fa9dcf41,https://pdf.hres.ca/dpd_pm/00055253.PDF,00083974,465e4f5f3516d2817b02f02b4f7f4a3061afe0faaf3b70a5dc96fed625289f30,https://pdf.hres.ca/dpd_pm/00083974.PDF,passed,passed,passed,pending,pending,pending,,,
pm_product_53e054f537ebc19e2fb5,hc_dpd_46cd8e6f46b033b3,PMS-SALBUTAMOL,PHARMASCIENCE INC,heldout,multi_variant,inhaled_or_nasal,"[""19763"",""19762"",""19761""]","[""02208229"",""02208237"",""02208245""]","{""brand_name"":""PMS-SALBUTAMOL"",""active_ingredients"":[{""name"":""SALBUTAMOL"",""strength"":0.5,""unit"":""MG""},{""name"":""SALBUTAMOL"",""strength"":1,""unit"":""MG""},{""name"":""SALBUTAMOL"",""strength"":2,""unit"":""MG""}],""dosage_forms"":[""SOLUTION""],""routes"":[""INHALATION""]}","{""brand_name"":""PMS-SALBUTAMOL"",""active_ingredients"":[{""name"":""Salbutamol"",""strength"":0.5,""unit"":""MG""},{""name"":""Salbutamol"",""strength"":1,""unit"":""MG""},{""name"":""Salbutamol"",""strength"":2,""unit"":""MG""}],""dosage_forms"":[""Solution""],""routes"":[""Inhalation""]}",00084829,12939ff37d0eb9568dbefbd3d3503579b3adc3a18d4fe1caae104da3ab34fef5,https://pdf.hres.ca/dpd_pm/00084829.PDF,00085043,54ababe2c532b586afa923c370a2f29d9fc9ca4f33b2c9510fc1c1ed4f6fd061,https://pdf.hres.ca/dpd_pm/00085043.PDF,passed,passed,passed,pending,pending,pending,,,
pm_product_d2fd4cfa99185e30bce7,hc_dpd_4741de91bc2d979c,WIXELA INHUB,MYLAN PHARMACEUTICALS ULC,heldout,multi_ingredient_multi_variant,inhaled_or_nasal,"[""98549"",""98550"",""98551""]","[""02495597"",""02495600"",""02495619""]","{""brand_name"":""WIXELA INHUB"",""active_ingredients"":[{""name"":""FLUTICASONE PROPIONATE"",""strength"":100,""unit"":""MCG""},{""name"":""FLUTICASONE PROPIONATE"",""strength"":250,""unit"":""MCG""},{""name"":""FLUTICASONE PROPIONATE"",""strength"":500,""unit"":""MCG""},{""name"":""SALMETEROL"",""strength"":50,""unit"":""MCG""}],""dosage_forms"":[""POWDER""],""routes"":[""INHALATION""]}","{""brand_name"":""WIXELA INHUB"",""active_ingredients"":[{""name"":""Propionate de fluticasone"",""strength"":100,""unit"":""MCG""},{""name"":""Propionate de fluticasone"",""strength"":250,""unit"":""MCG""},{""name"":""Propionate de fluticasone"",""strength"":500,""unit"":""MCG""},{""name"":""Salmétérol"",""strength"":50,""unit"":""MCG""}],""dosage_forms"":[""Poudre""],""routes"":[""Inhalation""]}",00055254,1cd3a4b57188e81ef8a2788464cbf03e22dc5b18c98fec45d29eed4ad3f49598,https://pdf.hres.ca/dpd_pm/00055254.PDF,00054743,b9615ecddf886f9bca594fbdb0ca5a4a0fada8ff1cfa14fbc030378cfe00994f,https://pdf.hres.ca/dpd_pm/00054743.PDF,passed,passed,passed,pending,pending,pending,,,
pm_product_79ec33a8d9ec9a2c13d5,hc_dpd_47916090b794838b,KOMBOGLYZE,ASTRAZENECA CANADA INC,heldout,multi_ingredient,oral,"[""87468""]","[""02389177""]","{""brand_name"":""KOMBOGLYZE"",""active_ingredients"":[{""name"":""METFORMIN HYDROCHLORIDE"",""strength"":850,""unit"":""MG""},{""name"":""SAXAGLIPTIN"",""strength"":2.5,""unit"":""MG""}],""dosage_forms"":[""TABLET""],""routes"":[""ORAL""]}","{""brand_name"":""KOMBOGLYZE"",""active_ingredients"":[{""name"":""Chlorhydrate de metformine"",""strength"":850,""unit"":""MG""},{""name"":""Saxagliptine"",""strength"":2.5,""unit"":""MG""}],""dosage_forms"":[""Comprimé""],""routes"":[""Orale""]}",00084151,c6df4980b28b0bda1c29ad44e9912515ee5147338f41c1dd9dcebc09d13a1092,https://pdf.hres.ca/dpd_pm/00084151.PDF,00084460,d9372ca6489660ef320cce74c4f6bd199e22b17e5dc28ad3e4a776620b581d45,https://pdf.hres.ca/dpd_pm/00084460.PDF,passed,passed,passed,pending,pending,pending,,,
pm_product_47841d6f9a0a930cf146,hc_dpd_486e43c7e5c72b57,COMBOGESIC,AFT PHARMACEUTICALS (CAN) LIMITED,development,multi_ingredient,oral,"[""97838""]","[""02488280""]","{""brand_name"":""COMBOGESIC"",""active_ingredients"":[{""name"":""ACETAMINOPHEN"",""strength"":325,""unit"":""MG""},{""name"":""IBUPROFEN"",""strength"":97.5,""unit"":""MG""}],""dosage_forms"":[""TABLET""],""routes"":[""ORAL""]}","{""brand_name"":""COMBOGESIC"",""active_ingredients"":[{""name"":""Acétaminophène"",""strength"":325,""unit"":""MG""},{""name"":""Ibuprofène"",""strength"":97.5,""unit"":""MG""}],""dosage_forms"":[""Comprimé""],""routes"":[""Orale""]}",00082277,5fea5e651700b1cf124f0550a6a28b5c91d68428932232c4192e30bcefa0eb82,https://pdf.hres.ca/dpd_pm/00082277.PDF,00082482,a9cbf17f99e5019dc17c5d0d4ea2e8bc8fb41bafcf802c3976f6b2abed978b64,https://pdf.hres.ca/dpd_pm/00082482.PDF,passed,passed,passed,pending,pending,pending,,,
pm_product_d7d91742af3dbccfcba7,hc_dpd_49b68db942d82cfc,ZYVOXAM,PFIZER CANADA ULC,heldout,multi_variant,parenteral,"[""67615"",""67616""]","[""02243685"",""02243686""]","{""brand_name"":""ZYVOXAM"",""active_ingredients"":[{""name"":""LINEZOLID"",""strength"":2,""unit"":""MG""},{""name"":""LINEZOLID"",""strength"":100,""unit"":""MG""}],""dosage_forms"":[""POWDER FOR SUSPENSION"",""SOLUTION""],""routes"":[""INTRAVENOUS"",""ORAL""]}","{""brand_name"":""ZYVOXAM"",""active_ingredients"":[{""name"":""Linézolide"",""strength"":2,""unit"":""MG""},{""name"":""Linézolide"",""strength"":100,""unit"":""MG""}],""dosage_forms"":[""Poudre pour suspension"",""Solution""],""routes"":[""Intraveineuse"",""Orale""]}",00074542,fd4e89b41e400b3f46b0649c901d49161e78e1f30d1c4665e596d102c9da886c,https://pdf.hres.ca/dpd_pm/00074542.PDF,00074904,a81ff14e76481d1dc4b0c8e6506857d301836c26b4a7653ab6e96d0aaee25205,https://pdf.hres.ca/dpd_pm/00074904.PDF,passed,passed,passed,pending,pending,pending,,,
pm_product_77578013d64a9208facb,hc_dpd_4cf7b981f2157766,HYDROMORPHONE HYDROCHLORIDE INJECTION,STERIMAX INC,heldout,single_ingredient,parenteral,"[""94803""]","[""02460602""]","{""brand_name"":""HYDROMORPHONE HYDROCHLORIDE INJECTION"",""active_ingredients"":[{""name"":""HYDROMORPHONE HYDROCHLORIDE"",""strength"":2,""unit"":""MG""}],""dosage_forms"":[""SOLUTION""],""routes"":[""INTRAMUSCULAR"",""INTRAVENOUS"",""SUBCUTANEOUS""]}","{""brand_name"":""CHLORHYDRATE D'HYDROMORPHONE INJECTABLE"",""active_ingredients"":[{""name"":""Chlorhydrate d'hydromorphone"",""strength"":2,""unit"":""MG""}],""dosage_forms"":[""Solution""],""routes"":[""Intramusculaire"",""Intraveineuse"",""Sous-cutanée""]}",00070426,58dc75b5e522da9a4353441119684099201b94d30a1dd89af827c0ed31db91b0,https://pdf.hres.ca/dpd_pm/00070426.PDF,00081824,5b83fa1bc33cec6e98bc5cd0cba831f51df10ac99f5ce4695c472b8d0d576b23,https://pdf.hres.ca/dpd_pm/00081824.PDF,passed,passed,passed,pending,pending,pending,,,
pm_product_047b00810461abbd91d8,hc_dpd_50ba913cab318fd3,CLINDAMYCIN,SANIS HEALTH INC,heldout,multi_variant,oral,"[""88532"",""88533""]","[""02400529"",""02400537""]","{""brand_name"":""CLINDAMYCIN"",""active_ingredients"":[{""name"":""CLINDAMYCIN"",""strength"":150,""unit"":""MG""},{""name"":""CLINDAMYCIN"",""strength"":300,""unit"":""MG""}],""dosage_forms"":[""CAPSULE""],""routes"":[""ORAL""]}","{""brand_name"":""CLINDAMYCIN"",""active_ingredients"":[{""name"":""Clindamycine"",""strength"":150,""unit"":""MG""},{""name"":""Clindamycine"",""strength"":300,""unit"":""MG""}],""dosage_forms"":[""Capsule""],""routes"":[""Orale""]}",00077951,2372a3e998f81514daff6eb020b9a997140cea9c84d531486203c0d0640e6c15,https://pdf.hres.ca/dpd_pm/00077951.PDF,00077952,d38681b221581dacae33ac7e13d3842729634d8ec19b99a7ec3d1accf011d3eb,https://pdf.hres.ca/dpd_pm/00077952.PDF,passed,passed,passed,pending,pending,pending,,,
pm_product_6ed680f8f53531d1c0a3,hc_dpd_5177081c7878e167,AURO-INDOMETHACIN,AURO PHARMA INC,heldout,single_ingredient,oral,"[""98897""]","[""02499223""]","{""brand_name"":""AURO-INDOMETHACIN"",""active_ingredients"":[{""name"":""INDOMETHACIN"",""strength"":50,""unit"":""MG""}],""dosage_forms"":[""CAPSULE""],""routes"":[""ORAL""]}","{""brand_name"":""AURO-INDOMETHACIN"",""active_ingredients"":[{""name"":""Indométhacine"",""strength"":50,""unit"":""MG""}],""dosage_forms"":[""Capsule""],""routes"":[""Orale""]}",00068150,56685140f0062fb58ac25a6ff3f54528141811e455d2e1bfa6a6e1e5e21abf30,https://pdf.hres.ca/dpd_pm/00068150.PDF,00068529,34c00c26b62d9cd8b550854e25ab928d709ba351fd955b02c64462196b432f02,https://pdf.hres.ca/dpd_pm/00068529.PDF,passed,passed,passed,pending,pending,pending,,,
pm_product_f0f3b6d1c8d526d49e87,hc_dpd_524f46556d9e7ecb,QUETIAPINE,SIVEM PHARMACEUTICALS ULC,development,multi_variant,oral,"[""80341"",""80342"",""80344"",""80345""]","[""02317893"",""02317907"",""02317923"",""02317931""]","{""brand_name"":""QUETIAPINE"",""active_ingredients"":[{""name"":""QUETIAPINE"",""strength"":25,""unit"":""MG""},{""name"":""QUETIAPINE"",""strength"":100,""unit"":""MG""},{""name"":""QUETIAPINE"",""strength"":200,""unit"":""MG""},{""name"":""QUETIAPINE"",""strength"":300,""unit"":""MG""}],""dosage_forms"":[""TABLET""],""routes"":[""ORAL""]}","{""brand_name"":""QUETIAPINE"",""active_ingredients"":[{""name"":""Quétiapine"",""strength"":25,""unit"":""MG""},{""name"":""Quétiapine"",""strength"":100,""unit"":""MG""},{""name"":""Quétiapine"",""strength"":200,""unit"":""MG""},{""name"":""Quétiapine"",""strength"":300,""unit"":""MG""}],""dosage_forms"":[""Comprimé""],""routes"":[""Orale""]}",00066155,46c890f08dbd92ee439cf6d7989257cd7869e714a9a4ceb2334bf997c33a2123,https://pdf.hres.ca/dpd_pm/00066155.PDF,00066156,ee935140bdf538f7852d6e9224a996c898fd99d2469825bb2495daa07f4a1644,https://pdf.hres.ca/dpd_pm/00066156.PDF,passed,passed,passed,pending,pending,pending,,,
pm_product_f0cd3f62b342d9eb2950,hc_dpd_531bcafc30536276,SANDOZ TIMOLOL,SANDOZ CANADA INCORPORATED,heldout,multi_variant,ophthalmic_or_otic,"[""19252"",""19242""]","[""02166712"",""02166720""]","{""brand_name"":""SANDOZ TIMOLOL"",""active_ingredients"":[{""name"":""TIMOLOL"",""strength"":0.25,""unit"":""%""},{""name"":""TIMOLOL"",""strength"":0.5,""unit"":""%""}],""dosage_forms"":[""SOLUTION""],""routes"":[""OPHTHALMIC""]}","{""brand_name"":""SANDOZ TIMOLOL"",""active_ingredients"":[{""name"":""Timolol"",""strength"":0.25,""unit"":""%""},{""name"":""Timolol"",""strength"":0.5,""unit"":""%""}],""dosage_forms"":[""Solution""],""routes"":[""Ophtalmique""]}",00074850,3b9eda75be1f45bc03073f3ebf5b476fc7c5fb54b8175c05f50c6ba3944c3821,https://pdf.hres.ca/dpd_pm/00074850.PDF,00074851,83bf3279a6a18dfd40acfa704b3db1df26e7c20d0d6b835195322db3bcd12017,https://pdf.hres.ca/dpd_pm/00074851.PDF,passed,passed,passed,pending,pending,pending,,,
pm_product_2e46be220c8e372d11b8,hc_dpd_57efb40bc22ca21c,PMS-EMTRICITABINE-TENOFOVIR,PHARMASCIENCE INC,development,multi_ingredient,oral,"[""94861""]","[""02461110""]","{""brand_name"":""PMS-EMTRICITABINE-TENOFOVIR"",""active_ingredients"":[{""name"":""EMTRICITABINE"",""strength"":200,""unit"":""MG""},{""name"":""TENOFOVIR DISOPROXIL FUMARATE"",""strength"":300,""unit"":""MG""}],""dosage_forms"":[""TABLET""],""routes"":[""ORAL""]}","{""brand_name"":""PMS-EMTRICITABINE-TENOFOVIR"",""active_ingredients"":[{""name"":""Emtricitabine"",""strength"":200,""unit"":""MG""},{""name"":""Fumarate de ténofovir disoproxil"",""strength"":300,""unit"":""MG""}],""dosage_forms"":[""Comprimé""],""routes"":[""Orale""]}",00059479,d2b7589eb76eaab873c05b3f71a2d47e57d24e1c565e6fe7aef42f0cdf044831,https://pdf.hres.ca/dpd_pm/00059479.PDF,00059590,c31a1f7d0bd6596df5e06d9d648e660154ef2c5aee0a1c0941bdb6b0d30a2941,https://pdf.hres.ca/dpd_pm/00059590.PDF,passed,passed,passed,pending,pending,pending,,,
pm_product_8e49768dcfcb541fe2bc,hc_dpd_57f05e10f203066a,SANDOZ VENLAFAXINE XR,SANDOZ CANADA INCORPORATED,development,multi_variant,oral,"[""79596"",""79597"",""79598""]","[""02310317"",""02310325"",""02310333""]","{""brand_name"":""SANDOZ VENLAFAXINE XR"",""active_ingredients"":[{""name"":""VENLAFAXINE"",""strength"":37.5,""unit"":""MG""},{""name"":""VENLAFAXINE"",""strength"":75,""unit"":""MG""},{""name"":""VENLAFAXINE"",""strength"":150,""unit"":""MG""}],""dosage_forms"":[""CAPSULE (EXTENDED RELEASE)""],""routes"":[""ORAL""]}","{""brand_name"":""SANDOZ VENLAFAXINE XR"",""active_ingredients"":[{""name"":""Venlafaxine"",""strength"":37.5,""unit"":""MG""},{""name"":""Venlafaxine"",""strength"":75,""unit"":""MG""},{""name"":""Venlafaxine"",""strength"":150,""unit"":""MG""}],""dosage_forms"":[""Capsule (à libération prolongée)""],""routes"":[""Orale""]}",00080068,0d7fbd2adaa7b0f8fa882ae9e17b5080f156b61c05f9119c9f190f564db2d499,https://pdf.hres.ca/dpd_pm/00080068.PDF,00080344,a88843da10dc1fbe92caca1a508498851ff0fbca8ad8ca5e528324f6b8824b98,https://pdf.hres.ca/dpd_pm/00080344.PDF,passed,passed,passed,pending,pending,pending,,,
pm_product_a33beef0508ab96250db,hc_dpd_5966e2911f55e6b1,CHOLEDYL EXPECTORANT,SEARCHLIGHT PHARMA INC,development,multi_ingredient,oral,"[""4258""]","[""00476374""]","{""brand_name"":""CHOLEDYL EXPECTORANT"",""active_ingredients"":[{""name"":""GUAIFENESIN"",""strength"":50,""unit"":""MG""},{""name"":""OXTRIPHYLLINE"",""strength"":100,""unit"":""MG""}],""dosage_forms"":[""SOLUTION""],""routes"":[""ORAL""]}","{""brand_name"":""CHOLEDYL EXPECTORANT"",""active_ingredients"":[{""name"":""Guaïfénésine"",""strength"":50,""unit"":""MG""},{""name"":""Oxtriphylline"",""strength"":100,""unit"":""MG""}],""dosage_forms"":[""Solution""],""routes"":[""Orale""]}",00067844,5e883beef1670117bd6d2dd70d809cbdf5d3e1c10478c8c43d663aa8a8271e02,https://pdf.hres.ca/dpd_pm/00067844.PDF,00067845,1ea337e7e14dccbd694933a01556a9675ed6678872ca356b385b65cbd903a36d,https://pdf.hres.ca/dpd_pm/00067845.PDF,passed,passed,passed,pending,pending,pending,,,
pm_product_01103ccd0377b347b2d3,hc_dpd_59866f3bf88da67c,ACH-BICALUTAMIDE,ACCORD HEALTHCARE INC,development,single_ingredient,oral,"[""81133""]","[""02325985""]","{""brand_name"":""ACH-BICALUTAMIDE"",""active_ingredients"":[{""name"":""BICALUTAMIDE"",""strength"":50,""unit"":""MG""}],""dosage_forms"":[""TABLET""],""routes"":[""ORAL""]}","{""brand_name"":""ACH-BICALUTAMIDE"",""active_ingredients"":[{""name"":""Bicalutamide"",""strength"":50,""unit"":""MG""}],""dosage_forms"":[""Comprimé""],""routes"":[""Orale""]}",00042050,5fde6f2e77595a9e9d92817631b740b6e384c4346e4229a0e3317cca1607d8f5,https://pdf.hres.ca/dpd_pm/00042050.PDF,00085483,b3c4382f40b6cce07421db1be611a4529610bd3bf287f94841b14dd7cb4f70dc,https://pdf.hres.ca/dpd_pm/00085483.PDF,passed,passed,passed,pending,pending,pending,,,
pm_product_c87a51dfeae8869c0b24,hc_dpd_5a8993206af0ae1a,COMIRNATY,BIONTECH MANUFACTURING GMBH,heldout,multi_variant,parenteral,"[""103044"",""103046"",""104073""]","[""02541823"",""02541858"",""02552035""]","{""brand_name"":""COMIRNATY"",""active_ingredients"":[{""name"":""*SARSCOV2 S-PROTEIN MRNA, 5'[M27,3'-OGPPPAPG], 3'POLYA+LINKER"",""strength"":10,""unit"":""MCG""},{""name"":""*SARSCOV2 S-PROTEIN MRNA, 5'[M27,3'-OGPPPAPG], 3'POLYA+LINKER"",""strength"":30,""unit"":""MCG""}],""dosage_forms"":[""SUSPENSION""],""routes"":[""INTRAMUSCULAR""]}","{""brand_name"":""COMIRNATY"",""active_ingredients"":[{""name"":""*ARNM SRASCOV2 S-PROTEINE, 5'[M27,3'-OGPPPAPG], POLYA 3'+LIAISON"",""strength"":10,""unit"":""MCG""},{""name"":""*ARNM SRASCOV2 S-PROTEINE, 5'[M27,3'-OGPPPAPG], POLYA 3'+LIAISON"",""strength"":30,""unit"":""MCG""}],""dosage_forms"":[""Suspension""],""routes"":[""Intramusculaire""]}",00085644,1b4f6a5e5d3e731701a6e9f0c2ddb44bd484cf3fbd7e928eb29f18dd4e03fb5e,https://pdf.hres.ca/dpd_pm/00085644.PDF,00085645,5b2c846f8ced7e215692f3574f77610d64f2d6e5cdeeb892f6f3e060cb9f3167,https://pdf.hres.ca/dpd_pm/00085645.PDF,passed,passed,passed,pending,pending,pending,,,
pm_product_a048caf4a23d192f7a5b,hc_dpd_5c4f30a07d669391,APO-TRIAZIDE,APOTEX INC,heldout,multi_ingredient,oral,"[""5672""]","[""00441775""]","{""brand_name"":""APO-TRIAZIDE"",""active_ingredients"":[{""name"":""HYDROCHLOROTHIAZIDE"",""strength"":25,""unit"":""MG""},{""name"":""TRIAMTERENE"",""strength"":50,""unit"":""MG""}],""dosage_forms"":[""TABLET""],""routes"":[""ORAL""]}","{""brand_name"":""APO-TRIAZIDE"",""active_ingredients"":[{""name"":""Hydrochlorothiazide"",""strength"":25,""unit"":""MG""},{""name"":""Triamtérène"",""strength"":50,""unit"":""MG""}],""dosage_forms"":[""Comprimé""],""routes"":[""Orale""]}",00051622,cd30995c9be422fb366d4db7b77bdf923ddd4def7743d6c8fb67f5c7a615fd67,https://pdf.hres.ca/dpd_pm/00051622.PDF,00052005,e8aa0fe118426b272a1eb4beb02cc68f4154fcd8b6ed4fe0bb9761b9dff445ed,https://pdf.hres.ca/dpd_pm/00052005.PDF,passed,passed,passed,pending,pending,pending,,,
pm_product_97ee19682cd02a4009a7,hc_dpd_5f16c24567c6c335,TRUXIMA,CELLTRION INC.,heldout,multi_variant,parenteral,"[""96914"",""96915""]","[""02478382"",""02478390""]","{""brand_name"":""TRUXIMA"",""active_ingredients"":[{""name"":""RITUXIMAB"",""strength"":100,""unit"":""MG""},{""name"":""RITUXIMAB"",""strength"":500,""unit"":""MG""}],""dosage_forms"":[""SOLUTION""],""routes"":[""INTRAVENOUS""]}","{""brand_name"":""TRUXIMA"",""active_ingredients"":[{""name"":""Rituximab"",""strength"":100,""unit"":""MG""},{""name"":""Rituximab"",""strength"":500,""unit"":""MG""}],""dosage_forms"":[""Solution""],""routes"":[""Intraveineuse""]}",00084836,881f517dbec7330f493611d1c4f0bf74c545824ab0276160f77cffad59fc9b64,https://pdf.hres.ca/dpd_pm/00084836.PDF,00084837,ffa1bfe288f52a08656373e752f0a0382ffe6f531b8880217237bc5f857d798b,https://pdf.hres.ca/dpd_pm/00084837.PDF,passed,passed,passed,pending,pending,pending,,,
pm_product_eceb652690a252dd050b,hc_dpd_5f97d77fe629795a,ZYDELIG,GILEAD SCIENCES CANADA INC,heldout,multi_variant,oral,"[""92318"",""92319""]","[""02438798"",""02438801""]","{""brand_name"":""ZYDELIG"",""active_ingredients"":[{""name"":""IDELALISIB"",""strength"":100,""unit"":""MG""},{""name"":""IDELALISIB"",""strength"":150,""unit"":""MG""}],""dosage_forms"":[""TABLET""],""routes"":[""ORAL""]}","{""brand_name"":""ZYDELIG"",""active_ingredients"":[{""name"":""Idélalisib"",""strength"":100,""unit"":""MG""},{""name"":""Idélalisib"",""strength"":150,""unit"":""MG""}],""dosage_forms"":[""Comprimé""],""routes"":[""Orale""]}",00057731,fa0b2f5d6372da96731f647daa4fa23d153cb31978aeb3333c8154ad4bcb9347,https://pdf.hres.ca/dpd_pm/00057731.PDF,00058606,c953c12318ec0bc2adc868e90be657a29d628e39ad2a843c9d0f86f46ebe40ef,https://pdf.hres.ca/dpd_pm/00058606.PDF,passed,passed,passed,pending,pending,pending,,,
pm_product_bb61ed574ee74a85f721,hc_dpd_5fe4ef074cfcefc2,LUMIFY,BAUSCH & LOMB INC,heldout,single_ingredient,ophthalmic_or_otic,"[""100706""]","[""02517698""]","{""brand_name"":""LUMIFY"",""active_ingredients"":[{""name"":""BRIMONIDINE TARTRATE"",""strength"":0.025,""unit"":""%""}],""dosage_forms"":[""SOLUTION""],""routes"":[""OPHTHALMIC""]}","{""brand_name"":""LUMIFY"",""active_ingredients"":[{""name"":""Tartrate de brimonidine"",""strength"":0.025,""unit"":""%""}],""dosage_forms"":[""Solution""],""routes"":[""Ophtalmique""]}",00065943,a4cefc706f4a14de06a6fcd1d117c06df94feaa1d49bbbe4f5455c3fe3a18e94,https://pdf.hres.ca/dpd_pm/00065943.PDF,00082732,f5607f27c5a9cf72e0eeff676d77fb0b229db80f9e9fb4736a903e1ba13f8e54,https://pdf.hres.ca/dpd_pm/00082732.PDF,passed,passed,passed,pending,pending,pending,,,
pm_product_666d5573e1353a5014f6,hc_dpd_6347be01f6d2b0f9,TEVA-VALSARTAN/HCTZ,TEVA CANADA LIMITED,heldout,multi_ingredient_multi_variant,oral,"[""84210"",""84211"",""84212"",""84213"",""84214""]","[""02356996"",""02357003"",""02357011"",""02357038"",""02357046""]","{""brand_name"":""TEVA-VALSARTAN/HCTZ"",""active_ingredients"":[{""name"":""HYDROCHLOROTHIAZIDE"",""strength"":12.5,""unit"":""MG""},{""name"":""HYDROCHLOROTHIAZIDE"",""strength"":25,""unit"":""MG""},{""name"":""VALSARTAN"",""strength"":80,""unit"":""MG""},{""name"":""VALSARTAN"",""strength"":160,""unit"":""MG""},{""name"":""VALSARTAN"",""strength"":320,""unit"":""MG""}],""dosage_forms"":[""TABLET""],""routes"":[""ORAL""]}","{""brand_name"":""TEVA-VALSARTAN/HCTZ"",""active_ingredients"":[{""name"":""Hydrochlorothiazide"",""strength"":12.5,""unit"":""MG""},{""name"":""Hydrochlorothiazide"",""strength"":25,""unit"":""MG""},{""name"":""Valsartan"",""strength"":80,""unit"":""MG""},{""name"":""Valsartan"",""strength"":160,""unit"":""MG""},{""name"":""Valsartan"",""strength"":320,""unit"":""MG""}],""dosage_forms"":[""Comprimé""],""routes"":[""Orale""]}",00073777,d53c901c25484aacd6e49f83319eb4ed720dc8cd32b9bbf2a6d5a19e8c075f3e,https://pdf.hres.ca/dpd_pm/00073777.PDF,00074056,537ce6bb4409e44a9bbd61f4c4cea328fb4427a423564fea154bb985855696b9,https://pdf.hres.ca/dpd_pm/00074056.PDF,passed,passed,passed,pending,pending,pending,,,
pm_product_73b44612ff4275eed643,hc_dpd_642a997c1edb19fc,AURO-TRAMADOL/ACETAMINOPHEN,AURO PHARMA INC,heldout,multi_ingredient,oral,"[""92342""]","[""02439050""]","{""brand_name"":""AURO-TRAMADOL/ACETAMINOPHEN"",""active_ingredients"":[{""name"":""ACETAMINOPHEN"",""strength"":325,""unit"":""MG""},{""name"":""TRAMADOL HYDROCHLORIDE"",""strength"":37.5,""unit"":""MG""}],""dosage_forms"":[""TABLET""],""routes"":[""ORAL""]}","{""brand_name"":""AURO-TRAMADOL/ACETAMINOPHEN"",""active_ingredients"":[{""name"":""Acétaminophène"",""strength"":325,""unit"":""MG""},{""name"":""Chlorhydrate de tramadol"",""strength"":37.5,""unit"":""MG""}],""dosage_forms"":[""Comprimé""],""routes"":[""Orale""]}",00067342,c6724aae0850deed52b84c3fe30b0ce7e313e578db8f023eed3bc78c209e2c95,https://pdf.hres.ca/dpd_pm/00067342.PDF,00069248,58cfe09158d2eaf83db23d2cf648fa69ae0b37a61841d40a6c5aab95db177d4b,https://pdf.hres.ca/dpd_pm/00069248.PDF,passed,passed,passed,pending,pending,pending,,,
pm_product_a4bc998915280d6fdc6d,hc_dpd_64eeba0003c8a602,TRIUMEQ,VIIV HEALTHCARE ULC,heldout,multi_ingredient,oral,"[""91536""]","[""02430932""]","{""brand_name"":""TRIUMEQ"",""active_ingredients"":[{""name"":""ABACAVIR"",""strength"":600,""unit"":""MG""},{""name"":""DOLUTEGRAVIR"",""strength"":50,""unit"":""MG""},{""name"":""LAMIVUDINE"",""strength"":300,""unit"":""MG""}],""dosage_forms"":[""TABLET""],""routes"":[""ORAL""]}","{""brand_name"":""TRIUMEQ"",""active_ingredients"":[{""name"":""Abacavir"",""strength"":600,""unit"":""MG""},{""name"":""DOLUTÉGRAVIR"",""strength"":50,""unit"":""MG""},{""name"":""Lamivudine"",""strength"":300,""unit"":""MG""}],""dosage_forms"":[""Comprimé""],""routes"":[""Orale""]}",00082178,2bbdb5cef51256068ded12a45ab3c1e12a8ec1ccea3f671c03aab1017c10fd7b,https://pdf.hres.ca/dpd_pm/00082178.PDF,00082510,0c5c6344522169c8fcb66530e0811664236e7bfee7872be45a947e17584b759f,https://pdf.hres.ca/dpd_pm/00082510.PDF,passed,passed,passed,pending,pending,pending,,,
pm_product_ea951cbc2477b4d311af,hc_dpd_64fe4cbed3501d61,TEVA-TOPISONE,TEVA CANADA LIMITED,heldout,multi_variant,topical,"[""13889"",""13888"",""10941""]","[""00804991"",""00805009"",""00809187""]","{""brand_name"":""TEVA-TOPISONE"",""active_ingredients"":[{""name"":""BETAMETHASONE"",""strength"":0.05,""unit"":""%""}],""dosage_forms"":[""CREAM"",""LOTION"",""OINTMENT""],""routes"":[""TOPICAL""]}","{""brand_name"":""TEVA-TOPISONE"",""active_ingredients"":[{""name"":""Bétaméthasone"",""strength"":0.05,""unit"":""%""}],""dosage_forms"":[""Crème"",""Lotion"",""Pommade""],""routes"":[""Topique""]}",00060079,a6e3560160dcb60ae18dee626c45e3f2d4c373bacf066d9db4643d147f2059cd,https://pdf.hres.ca/dpd_pm/00060079.PDF,00061493,622b933aad3245511ca8a27e46fa5bb17f4afce2ab586b83150500bb8ac80fbe,https://pdf.hres.ca/dpd_pm/00061493.PDF,passed,passed,passed,pending,pending,pending,,,
pm_product_4bf35f3b0b6a16778595,hc_dpd_67535c681122e884,LONSURF,"TAIHO PHARMA CANADA, INC.",heldout,multi_ingredient_multi_variant,oral,"[""96138"",""96139""]","[""02472104"",""02472112""]","{""brand_name"":""LONSURF"",""active_ingredients"":[{""name"":""TIPIRACIL"",""strength"":6.14,""unit"":""MG""},{""name"":""TIPIRACIL"",""strength"":8.19,""unit"":""MG""},{""name"":""TRIFLURIDINE"",""strength"":15,""unit"":""MG""},{""name"":""TRIFLURIDINE"",""strength"":20,""unit"":""MG""}],""dosage_forms"":[""TABLET""],""routes"":[""ORAL""]}","{""brand_name"":""LONSURF"",""active_ingredients"":[{""name"":""Tipiracil"",""strength"":6.14,""unit"":""MG""},{""name"":""Tipiracil"",""strength"":8.19,""unit"":""MG""},{""name"":""Trifluridine"",""strength"":15,""unit"":""MG""},{""name"":""Trifluridine"",""strength"":20,""unit"":""MG""}],""dosage_forms"":[""Comprimé""],""routes"":[""Orale""]}",00058926,e9535e3a219ed9284664d1a864fcbba4b3af6db0836276ce4a80326d6027b483,https://pdf.hres.ca/dpd_pm/00058926.PDF,00058927,32722029fd644769197e3917fb1cc988c617f47d245ddfbf03ec0f287b66a8cf,https://pdf.hres.ca/dpd_pm/00058927.PDF,passed,passed,passed,pending,pending,pending,,,
pm_product_8dcf9bc22a31e42cbcf2,hc_dpd_6863335feefef99a,ZOPICLONE,SANIS HEALTH INC,heldout,multi_variant,oral,"[""76809"",""82952""]","[""02282445"",""02344122""]","{""brand_name"":""ZOPICLONE"",""active_ingredients"":[{""name"":""ZOPICLONE"",""strength"":5,""unit"":""MG""},{""name"":""ZOPICLONE"",""strength"":7.5,""unit"":""MG""}],""dosage_forms"":[""TABLET""],""routes"":[""ORAL""]}","{""brand_name"":""ZOPICLONE"",""active_ingredients"":[{""name"":""Zopiclone"",""strength"":5,""unit"":""MG""},{""name"":""Zopiclone"",""strength"":7.5,""unit"":""MG""}],""dosage_forms"":[""Comprimé""],""routes"":[""Orale""]}",00080721,9006e6280798bcf601c35dfd3e33f791fce7d02fc4aa7e27ad2e11bb6ad1b6ed,https://pdf.hres.ca/dpd_pm/00080721.PDF,00080722,03c6ac3602bebd2aa9ac448827328b7c47a8894a1c9a43e0220f911c9ccb1db3,https://pdf.hres.ca/dpd_pm/00080722.PDF,passed,passed,passed,pending,pending,pending,,,
pm_product_07df8555e6b6e998dddf,hc_dpd_68c60c31d7177fb9,ARNUITY ELLIPTA,GLAXOSMITHKLINE INC,heldout,multi_variant,inhaled_or_nasal,"[""93200"",""93201""]","[""02446561"",""02446588""]","{""brand_name"":""ARNUITY ELLIPTA"",""active_ingredients"":[{""name"":""FLUTICASONE FUROATE"",""strength"":100,""unit"":""MCG""},{""name"":""FLUTICASONE FUROATE"",""strength"":200,""unit"":""MCG""}],""dosage_forms"":[""POWDER""],""routes"":[""INHALATION"",""ORAL""]}","{""brand_name"":""ARNUITY ELLIPTA"",""active_ingredients"":[{""name"":""Furoate de fluticasone"",""strength"":100,""unit"":""MCG""},{""name"":""Furoate de fluticasone"",""strength"":200,""unit"":""MCG""}],""dosage_forms"":[""Poudre""],""routes"":[""Inhalation"",""Orale""]}",00072514,62ec1ece3f0611e6472d9616f189d86a86d0efe476fbbd1853f7eb2f1dfa0982,https://pdf.hres.ca/dpd_pm/00072514.PDF,00072697,e818bda983ab8decf592be39b839de6402449b8421bdfab513c77624c21f0d83,https://pdf.hres.ca/dpd_pm/00072697.PDF,passed,passed,passed,pending,pending,pending,,,
pm_product_ec82b70230874188ac8e,hc_dpd_6e8b14fd7652b4ca,CLÉO -35,ALTIUS HEALTHCARE INC,heldout,multi_ingredient,oral,"[""92104""]","[""02436736""]","{""brand_name"":""CLÉO -35"",""active_ingredients"":[{""name"":""CYPROTERONE ACETATE"",""strength"":2,""unit"":""MG""},{""name"":""ETHINYL ESTRADIOL"",""strength"":0.035,""unit"":""MG""}],""dosage_forms"":[""TABLET""],""routes"":[""ORAL""]}","{""brand_name"":""CLÉO -35"",""active_ingredients"":[{""name"":""Acétate de cyprotérone"",""strength"":2,""unit"":""MG""},{""name"":""Éthinylestradiol"",""strength"":0.035,""unit"":""MG""}],""dosage_forms"":[""Comprimé""],""routes"":[""Orale""]}",00038556,8ba1ad0304010e3192b85ad3f6f217e7dd716a65e105ab709775ae31b013a5c8,https://pdf.hres.ca/dpd_pm/00038556.PDF,00038557,93555964d24ecaa4a7bd06e0399ba6eefe41ffeea9565afe1838185b72d548e0,https://pdf.hres.ca/dpd_pm/00038557.PDF,passed,passed,passed,pending,pending,pending,,,
pm_product_3540ecb1c662f542424a,hc_dpd_70984e44b14ec304,ENTOCORT ENEMA,TILLOTTS PHARMA GMBH,heldout,single_ingredient,other,"[""16264""]","[""02052431""]","{""brand_name"":""ENTOCORT ENEMA"",""active_ingredients"":[{""name"":""BUDESONIDE"",""strength"":2.3,""unit"":""MG""}],""dosage_forms"":[""ENEMA"",""KIT"",""TABLET""],""routes"":[""RECTAL""]}","{""brand_name"":""ENTOCORT EN LAVEMENT"",""active_ingredients"":[{""name"":""Budésonide"",""strength"":2.3,""unit"":""MG""}],""dosage_forms"":[""Comprimé"",""Lavement"",""Trousse""],""routes"":[""Rectale""]}",00070188,f9c0834969122864779c1549181e98ab7e7392bdeb2bd4ca54b2cacf35a7d198,https://pdf.hres.ca/dpd_pm/00070188.PDF,00070390,b7d288ea89de880222c99187df62e81578fa2b77176d63388c52a7b1bdf6b42a,https://pdf.hres.ca/dpd_pm/00070390.PDF,passed,passed,passed,pending,pending,pending,,,
pm_product_93d650870af7239f6a50,hc_dpd_710c7a472f8dbf87,CYSTADROPS,RECORDATI RARE DISEASES CANADA INC,heldout,single_ingredient,ophthalmic_or_otic,"[""97584""]","[""02485605""]","{""brand_name"":""CYSTADROPS"",""active_ingredients"":[{""name"":""CYSTEAMINE"",""strength"":0.37,""unit"":""%""}],""dosage_forms"":[""SOLUTION""],""routes"":[""OPHTHALMIC""]}","{""brand_name"":""CYSTADROPS"",""active_ingredients"":[{""name"":""Cystéamine"",""strength"":0.37,""unit"":""%""}],""dosage_forms"":[""Solution""],""routes"":[""Ophtalmique""]}",00049612,c011573dfd1a307c3322e731a13235117c242a77c8acc6e85f53995efc03f4d5,https://pdf.hres.ca/dpd_pm/00049612.PDF,00050010,224814f9345e2b730253cd8eb2c65ede998954ae1ff0c299cb1ee7d34ab9229c,https://pdf.hres.ca/dpd_pm/00050010.PDF,passed,passed,passed,pending,pending,pending,,,
pm_product_550cb63c38c342253391,hc_dpd_72cb7b30e4f2eaa4,DEFITELIO,JAZZ PHARMACEUTICALS IRELAND LIMITED,heldout,single_ingredient,parenteral,"[""95424""]","[""02465981""]","{""brand_name"":""DEFITELIO"",""active_ingredients"":[{""name"":""DEFIBROTIDE"",""strength"":80,""unit"":""MG""}],""dosage_forms"":[""SOLUTION""],""routes"":[""INTRAVENOUS""]}","{""brand_name"":""DEFITELIO"",""active_ingredients"":[{""name"":""DÉFIBROTIDE"",""strength"":80,""unit"":""MG""}],""dosage_forms"":[""Solution""],""routes"":[""Intraveineuse""]}",00054199,490ab7465f4419dd61a3f941197778d23736da8038d939e2de86b3face54a56e,https://pdf.hres.ca/dpd_pm/00054199.PDF,00054421,88bdda6629a40258b1091729eaa8623b2c89e96555d095f8b20a724a8a07ba39,https://pdf.hres.ca/dpd_pm/00054421.PDF,passed,passed,passed,pending,pending,pending,,,
pm_product_d3d909da9b6da37cf897,hc_dpd_732a52a92f28c71e,TRURAPI,SANOFI-AVENTIS CANADA INC,heldout,multi_variant,parenteral,"[""99592"",""99593"",""101847""]","[""02506564"",""02506572"",""02529254""]","{""brand_name"":""TRURAPI"",""active_ingredients"":[{""name"":""INSULIN ASPART"",""strength"":100,""unit"":""UNIT""}],""dosage_forms"":[""SOLUTION""],""routes"":[""INTRAVENOUS"",""SUBCUTANEOUS""]}","{""brand_name"":""TRURAPI"",""active_ingredients"":[{""name"":""Insuline asparte"",""strength"":100,""unit"":""Unité""}],""dosage_forms"":[""Solution""],""routes"":[""Intraveineuse"",""Sous-cutanée""]}",00066748,c686be7649dce8692f5ab5164414da66daff6194d990e14c2f60b4a8729d8625,https://pdf.hres.ca/dpd_pm/00066748.PDF,00066972,78c183e7aa67559f9379acb041b04538451fc7f4be072e5963f0568a6e844be6,https://pdf.hres.ca/dpd_pm/00066972.PDF,passed,passed,passed,pending,pending,pending,,,
pm_product_6252cde9653bec864ea9,hc_dpd_73f1a0ded7b3dc85,INQOVI,"TAIHO PHARMA CANADA, INC.",heldout,multi_ingredient,oral,"[""99121""]","[""02501600""]","{""brand_name"":""INQOVI"",""active_ingredients"":[{""name"":""CEDAZURIDINE"",""strength"":100,""unit"":""MG""},{""name"":""DECITABINE"",""strength"":35,""unit"":""MG""}],""dosage_forms"":[""TABLET""],""routes"":[""ORAL""]}","{""brand_name"":""INQOVI"",""active_ingredients"":[{""name"":""Cédazuridine"",""strength"":100,""unit"":""MG""},{""name"":""DÉCITABINE"",""strength"":35,""unit"":""MG""}],""dosage_forms"":[""Comprimé""],""routes"":[""Orale""]}",00076465,a58597afd5af610ba4b2b82f8185340da2696f979f37efb4609c48a40c9fa59e,https://pdf.hres.ca/dpd_pm/00076465.PDF,00076466,44cf4c5d339be4893f620e7556082d73258bf75a35c40c2dffe867196edd80eb,https://pdf.hres.ca/dpd_pm/00076466.PDF,passed,passed,passed,pending,pending,pending,,,
pm_product_16ede074578b3613281e,hc_dpd_7549c78320e483e3,TEVA-IPRATROPIUM STERINEBS,TEVA CANADA LIMITED,development,single_ingredient,inhaled_or_nasal,"[""43176""]","[""02216221""]","{""brand_name"":""TEVA-IPRATROPIUM STERINEBS"",""active_ingredients"":[{""name"":""IPRATROPIUM BROMIDE"",""strength"":250,""unit"":""MCG""}],""dosage_forms"":[""SOLUTION""],""routes"":[""INHALATION""]}","{""brand_name"":""TEVA-IPRATROPIUM STERINEBS"",""active_ingredients"":[{""name"":""Bromure d'ipratropium"",""strength"":250,""unit"":""MCG""}],""dosage_forms"":[""Solution""],""routes"":[""Inhalation""]}",00064594,2f1a48a0a60d75c1b84706941f73eb7edc26b711d736af20857903529204b9b3,https://pdf.hres.ca/dpd_pm/00064594.PDF,00064752,f23502225886769a46114635d3450ac71c9e91ff58a329476dd0e09a986aab8b,https://pdf.hres.ca/dpd_pm/00064752.PDF,passed,passed,passed,pending,pending,pending,,,
pm_product_17998353732a0c46c00d,hc_dpd_771eaf63bd1bf1d7,NAT-IMATINIB,NATCO PHARMA (CANADA) INC,development,multi_variant,oral,"[""88225"",""88226""]","[""02397285"",""02397293""]","{""brand_name"":""NAT-IMATINIB"",""active_ingredients"":[{""name"":""IMATINIB"",""strength"":100,""unit"":""MG""},{""name"":""IMATINIB"",""strength"":400,""unit"":""MG""}],""dosage_forms"":[""TABLET""],""routes"":[""ORAL""]}","{""brand_name"":""NAT-IMATINIB"",""active_ingredients"":[{""name"":""Imatinib"",""strength"":100,""unit"":""MG""},{""name"":""Imatinib"",""strength"":400,""unit"":""MG""}],""dosage_forms"":[""Comprimé""],""routes"":[""Orale""]}",00084758,bee8c727be154ada24d5ac1c1734011f46e36fa7d0d5e8c3e8a259cac319dfa0,https://pdf.hres.ca/dpd_pm/00084758.PDF,00084861,1a58f15757b1d3cd34fc879a716a9442857f295a0bac279694edc250538e408e,https://pdf.hres.ca/dpd_pm/00084861.PDF,passed,passed,passed,pending,pending,pending,,,
pm_product_58ff91f4ade0d6398669,hc_dpd_7c564b021ccc75e5,LATISSE,ABBVIE CORPORATION,development,single_ingredient,topical,"[""83612""]","[""02350939""]","{""brand_name"":""LATISSE"",""active_ingredients"":[{""name"":""BIMATOPROST"",""strength"":0.03,""unit"":""%""}],""dosage_forms"":[""SOLUTION""],""routes"":[""TOPICAL""]}","{""brand_name"":""LATISSE"",""active_ingredients"":[{""name"":""Bimatoprost"",""strength"":0.03,""unit"":""%""}],""dosage_forms"":[""Solution""],""routes"":[""Topique""]}",00067448,d713adcbed674f8169d05001c3ea015c2ca23307931131f81cc5cc5c3976af00,https://pdf.hres.ca/dpd_pm/00067448.PDF,00067169,f1860d6fa3d4770da843d4dd7b0792189499ad796f069b06d02489965a2344c7,https://pdf.hres.ca/dpd_pm/00067169.PDF,passed,passed,passed,pending,pending,pending,,,
pm_product_22cf6ad627e95c354eb0,hc_dpd_7cf389b7b2f4320b,IRBESARTAN HCT,SIVEM PHARMACEUTICALS ULC,heldout,multi_ingredient_multi_variant,oral,"[""87095"",""87096"",""87097""]","[""02385317"",""02385325"",""02385333""]","{""brand_name"":""IRBESARTAN HCT"",""active_ingredients"":[{""name"":""HYDROCHLOROTHIAZIDE"",""strength"":12.5,""unit"":""MG""},{""name"":""HYDROCHLOROTHIAZIDE"",""strength"":25,""unit"":""MG""},{""name"":""IRBESARTAN"",""strength"":150,""unit"":""MG""},{""name"":""IRBESARTAN"",""strength"":300,""unit"":""MG""}],""dosage_forms"":[""TABLET""],""routes"":[""ORAL""]}","{""brand_name"":""IRBESARTAN HCT"",""active_ingredients"":[{""name"":""Hydrochlorothiazide"",""strength"":12.5,""unit"":""MG""},{""name"":""Hydrochlorothiazide"",""strength"":25,""unit"":""MG""},{""name"":""Irbésartan"",""strength"":150,""unit"":""MG""},{""name"":""Irbésartan"",""strength"":300,""unit"":""MG""}],""dosage_forms"":[""Comprimé""],""routes"":[""Orale""]}",00083761,94b0b829884f9fa11821966f28c8d20e18fc317d8dc8bf34d411670fd20957af,https://pdf.hres.ca/dpd_pm/00083761.PDF,00083762,6f2ccd63619ef9443f66cdfb0ea410f536af91a3f3e47cd8f775480458b80305,https://pdf.hres.ca/dpd_pm/00083762.PDF,passed,passed,passed,pending,pending,pending,,,
pm_product_973e1a3e178b6c8362bc,hc_dpd_7e495a36a5469d3a,TOBI PODHALER,BGP PHARMA ULC,heldout,single_ingredient,inhaled_or_nasal,"[""85000""]","[""02365154""]","{""brand_name"":""TOBI PODHALER"",""active_ingredients"":[{""name"":""TOBRAMYCIN"",""strength"":28,""unit"":""MG""}],""dosage_forms"":[""CAPSULE""],""routes"":[""INHALATION""]}","{""brand_name"":""TOBI PODHALER"",""active_ingredients"":[{""name"":""Tobramycine"",""strength"":28,""unit"":""MG""}],""dosage_forms"":[""Capsule""],""routes"":[""Inhalation""]}",00072858,0fae5c7aa8adbcdf5ef33479363722871da31336deeb600d97f3d2f1d08be2bd,https://pdf.hres.ca/dpd_pm/00072858.PDF,00073564,3e8ac44d8ba88f388d06fbdd1da0fdae43acb806f52af6db9ba46dfe57093727,https://pdf.hres.ca/dpd_pm/00073564.PDF,passed,passed,passed,pending,pending,pending,,,
pm_product_10e5bc014a61b0940857,hc_dpd_7e8c0bd305336009,BRINEURA,BIOMARIN INTERNATIONAL LIMITED,heldout,single_ingredient,other,"[""97435""]","[""02484013""]","{""brand_name"":""BRINEURA"",""active_ingredients"":[{""name"":""CERLIPONASE ALFA"",""strength"":150,""unit"":""MG""}],""dosage_forms"":[""SOLUTION""],""routes"":[""INTRACEREBROVENTRICULAR""]}","{""brand_name"":""BRINEURA"",""active_ingredients"":[{""name"":""Cerliponase Alfa"",""strength"":150,""unit"":""MG""}],""dosage_forms"":[""Solution""],""routes"":[""Intracérébroventriculaire""]}",00081413,6614f732257eafa6404fe164469e87c175c20208997981d369a645b36153fc65,https://pdf.hres.ca/dpd_pm/00081413.PDF,00081729,048dd64f39d0819acb88dfcbc698b6924373fce459e0871f49ad9c6eb4db379e,https://pdf.hres.ca/dpd_pm/00081729.PDF,passed,passed,passed,pending,pending,pending,,,
pm_product_ea8511b13d97a5caeb4e,hc_dpd_800009b2c9caf87d,MINT-ACYCLOVIR,MINT PHARMACEUTICALS INC,heldout,multi_variant,oral,"[""101372"",""101373"",""101374""]","[""02524708"",""02524716"",""02524724""]","{""brand_name"":""MINT-ACYCLOVIR"",""active_ingredients"":[{""name"":""ACYCLOVIR"",""strength"":200,""unit"":""MG""},{""name"":""ACYCLOVIR"",""strength"":400,""unit"":""MG""},{""name"":""ACYCLOVIR"",""strength"":800,""unit"":""MG""}],""dosage_forms"":[""TABLET""],""routes"":[""ORAL""]}","{""brand_name"":""MINT-ACYCLOVIR"",""active_ingredients"":[{""name"":""Acyclovir"",""strength"":200,""unit"":""MG""},{""name"":""Acyclovir"",""strength"":400,""unit"":""MG""},{""name"":""Acyclovir"",""strength"":800,""unit"":""MG""}],""dosage_forms"":[""Comprimé""],""routes"":[""Orale""]}",00064477,0762cf6afef7bd0ec8c2e62b1a6e627ef770b490815872323a226b2263230fda,https://pdf.hres.ca/dpd_pm/00064477.PDF,00064664,da6068287a3e50ae3bf6dc13d68189189104654d2ef14105cf0472f5e617e183,https://pdf.hres.ca/dpd_pm/00064664.PDF,passed,passed,passed,pending,pending,pending,,,
pm_product_b3827cde4c5433a0ad72,hc_dpd_83027a6372dd02be,VYNDAQEL,PFIZER CANADA ULC,development,single_ingredient,oral,"[""98563""]","[""02495732""]","{""brand_name"":""VYNDAQEL"",""active_ingredients"":[{""name"":""TAFAMIDIS MEGLUMINE"",""strength"":20,""unit"":""MG""}],""dosage_forms"":[""CAPSULE""],""routes"":[""ORAL""]}","{""brand_name"":""VYNDAQEL"",""active_ingredients"":[{""name"":""Tafamidis méglumine"",""strength"":20,""unit"":""MG""}],""dosage_forms"":[""Capsule""],""routes"":[""Orale""]}",00084660,c1b18ff28a69503b32c3d28579e32565e6d69d10c4cb7fd86ee5841e47beb8cc,https://pdf.hres.ca/dpd_pm/00084660.PDF,00084939,9fde893e9e27c2148a90d8011bd9cddd82b45e4789ef28d68c707a301b98227b,https://pdf.hres.ca/dpd_pm/00084939.PDF,passed,passed,passed,pending,pending,pending,,,
pm_product_ed76ce997d17e145bda7,hc_dpd_832be5088084b7fa,ULTIBRO BREEZHALER,NOVARTIS PHARMACEUTICALS CANADA INC,development,multi_ingredient,inhaled_or_nasal,"[""90285""]","[""02418282""]","{""brand_name"":""ULTIBRO BREEZHALER"",""active_ingredients"":[{""name"":""GLYCOPYRRONIUM"",""strength"":50,""unit"":""MCG""},{""name"":""INDACATEROL"",""strength"":110,""unit"":""MCG""}],""dosage_forms"":[""CAPSULE""],""routes"":[""INHALATION""]}","{""brand_name"":""ULTIBRO BREEZHALER"",""active_ingredients"":[{""name"":""Glycopyrronium"",""strength"":50,""unit"":""MCG""},{""name"":""Indacatérol"",""strength"":110,""unit"":""MCG""}],""dosage_forms"":[""Capsule""],""routes"":[""Inhalation""]}",00072513,84f9ef386ea4a06b1467aee68ac051951eae42d179531589e15cdf2abfc43c7b,https://pdf.hres.ca/dpd_pm/00072513.PDF,00072833,31c22c33fe5021a6d6d7d33df64aaa4f8b00bc0e0f3b84ff7db898c1a00f28a6,https://pdf.hres.ca/dpd_pm/00072833.PDF,passed,passed,passed,pending,pending,pending,,,
pm_product_a0c4fdd061144092feef,hc_dpd_841e6e9b6ecf3f57,SAPHRIS,ORGANON CANADA INC.,heldout,multi_variant,other,"[""86017"",""86018""]","[""02374803"",""02374811""]","{""brand_name"":""SAPHRIS"",""active_ingredients"":[{""name"":""ASENAPINE"",""strength"":5,""unit"":""MG""},{""name"":""ASENAPINE"",""strength"":10,""unit"":""MG""}],""dosage_forms"":[""TABLET""],""routes"":[""SUBLINGUAL""]}","{""brand_name"":""SAPHRIS"",""active_ingredients"":[{""name"":""Asénapine"",""strength"":5,""unit"":""MG""},{""name"":""Asénapine"",""strength"":10,""unit"":""MG""}],""dosage_forms"":[""Comprimé""],""routes"":[""Sublinguale""]}",00060860,74eb131a60c5ba706a732ab27766154120f44c34c8c01bca1dd471ce1ff19068,https://pdf.hres.ca/dpd_pm/00060860.PDF,00060861,e21834be063783025d12b41395d4ce9197472818a85b2eb1e4cf4fd7212ed91f,https://pdf.hres.ca/dpd_pm/00060861.PDF,passed,passed,passed,pending,pending,pending,,,
pm_product_a0133f4069144c6d8e5d,hc_dpd_849a3bd97ea572ed,JAMP TRAVOPROST Z,JAMP PHARMA CORPORATION,heldout,single_ingredient,ophthalmic_or_otic,"[""103698""]","[""02548089""]","{""brand_name"":""JAMP TRAVOPROST Z"",""active_ingredients"":[{""name"":""TRAVOPROST"",""strength"":0.004,""unit"":""%""}],""dosage_forms"":[""SOLUTION""],""routes"":[""OPHTHALMIC""]}","{""brand_name"":""JAMP TRAVOPROST Z"",""active_ingredients"":[{""name"":""Travoprost"",""strength"":0.004,""unit"":""%""}],""dosage_forms"":[""Solution""],""routes"":[""Ophtalmique""]}",00075699,5ad86eb30329d331de793437162b1981ed44d754abe194b74879f7cdb45ecdf1,https://pdf.hres.ca/dpd_pm/00075699.PDF,00075946,e880652b583a3f0a65fb5e473fe05b5ef7d3d71667dc0eafbb7db5364a981831,https://pdf.hres.ca/dpd_pm/00075946.PDF,passed,passed,passed,pending,pending,pending,,,
pm_product_096bc5a4d65b2c1f59ca,hc_dpd_853162ea2c353ecb,AG-LATANOPROST,ANGITA PHARMA INC.,development,single_ingredient,ophthalmic_or_otic,"[""102373""]","[""02534835""]","{""brand_name"":""AG-LATANOPROST"",""active_ingredients"":[{""name"":""LATANOPROST"",""strength"":50,""unit"":""MCG""}],""dosage_forms"":[""SOLUTION""],""routes"":[""OPHTHALMIC""]}","{""brand_name"":""AG-LATANOPROST"",""active_ingredients"":[{""name"":""Latanoprost"",""strength"":50,""unit"":""MCG""}],""dosage_forms"":[""Solution""],""routes"":[""Ophtalmique""]}",00081957,7f133d944b023d0c75d07f5a5b0b33571f72cd48a793539fce84469e4ef25533,https://pdf.hres.ca/dpd_pm/00081957.PDF,00081958,6534c823610c345fde12af784d2a1f3e74aff68d5f3ac76ec9b35dd1c031992f,https://pdf.hres.ca/dpd_pm/00081958.PDF,passed,passed,passed,pending,pending,pending,,,
pm_product_5e70cc1054fadf506739,hc_dpd_8690a3b978b95d69,NEVANAC,NOVARTIS PHARMACEUTICALS CANADA INC,heldout,single_ingredient,ophthalmic_or_otic,"[""79459""]","[""02308983""]","{""brand_name"":""NEVANAC"",""active_ingredients"":[{""name"":""NEPAFENAC"",""strength"":0.1,""unit"":""%""}],""dosage_forms"":[""SUSPENSION""],""routes"":[""OPHTHALMIC""]}","{""brand_name"":""NEVANAC"",""active_ingredients"":[{""name"":""Népafénac"",""strength"":0.1,""unit"":""%""}],""dosage_forms"":[""Suspension""],""routes"":[""Ophtalmique""]}",00043689,f84038add2d57824f833d7683d464bcdff0a143f559910316330529273ce7a04,https://pdf.hres.ca/dpd_pm/00043689.PDF,00043690,c0517d6d6340d9e53795c43f3a2f097372198a71d0d6b58a210fa0e3e71f49f8,https://pdf.hres.ca/dpd_pm/00043690.PDF,passed,passed,passed,pending,pending,pending,,,
pm_product_0b8169b67b4d2e9463e4,hc_dpd_87b57b93c94708b5,OXEZE TURBUHALER,ASTRAZENECA CANADA INC,heldout,multi_variant,inhaled_or_nasal,"[""60542"",""60543""]","[""02237224"",""02237225""]","{""brand_name"":""OXEZE TURBUHALER"",""active_ingredients"":[{""name"":""FORMOTEROL FUMARATE DIHYDRATE"",""strength"":6,""unit"":""MCG""},{""name"":""FORMOTEROL FUMARATE DIHYDRATE"",""strength"":12,""unit"":""MCG""}],""dosage_forms"":[""POWDER""],""routes"":[""INHALATION""]}","{""brand_name"":""OXEZE TURBUHALER"",""active_ingredients"":[{""name"":""Fumarate de formotérol dihydraté"",""strength"":6,""unit"":""MCG""},{""name"":""Fumarate de formotérol dihydraté"",""strength"":12,""unit"":""MCG""}],""dosage_forms"":[""Poudre""],""routes"":[""Inhalation""]}",00044980,7feab0e3a6bf1e93ee72c46855b09b5ac1654d20b0dc82877d430b0470e6e18a,https://pdf.hres.ca/dpd_pm/00044980.PDF,00045301,2c3622187d9aad3364a304be5fa044921b1da4dd0c73b915db1ce30191561992,https://pdf.hres.ca/dpd_pm/00045301.PDF,passed,passed,passed,pending,pending,pending,,,
pm_product_cd442da391f1e151c8b7,hc_dpd_8a86474f5b621207,VORICONAZOLE FOR INJECTION,FRESENIUS KABI CANADA LTD,heldout,single_ingredient,parenteral,"[""98382""]","[""02493829""]","{""brand_name"":""VORICONAZOLE FOR INJECTION"",""active_ingredients"":[{""name"":""VORICONAZOLE"",""strength"":200,""unit"":""MG""}],""dosage_forms"":[""POWDER FOR SOLUTION""],""routes"":[""INTRAVENOUS""]}","{""brand_name"":""VORICONAZOLE POUR INJECTION"",""active_ingredients"":[{""name"":""Voriconazole"",""strength"":200,""unit"":""MG""}],""dosage_forms"":[""Poudre pour solution""],""routes"":[""Intraveineuse""]}",00082817,131b0bb2a6a92157bd729059937ac54302889ca32368c13010696bd77a02e2cd,https://pdf.hres.ca/dpd_pm/00082817.PDF,00083143,b3547f191f6573e25e3b3894dd71bbe98125eb5bd04ae2add83faa1cd04414bc,https://pdf.hres.ca/dpd_pm/00083143.PDF,passed,passed,passed,pending,pending,pending,,,
pm_product_f435aac7403e52aedd24,hc_dpd_8a9709bb88e823d8,NIDAGEL,"BAUSCH HEALTH, CANADA INC.",heldout,single_ingredient,other,"[""16852""]","[""02125226""]","{""brand_name"":""NIDAGEL"",""active_ingredients"":[{""name"":""METRONIDAZOLE"",""strength"":0.75,""unit"":""%""}],""dosage_forms"":[""GEL""],""routes"":[""VAGINAL""]}","{""brand_name"":""NIDAGEL"",""active_ingredients"":[{""name"":""Métronidazole"",""strength"":0.75,""unit"":""%""}],""dosage_forms"":[""Gel""],""routes"":[""Vaginale""]}",00062572,a2960ca6821c8dfc2b2659a3a62bfec84a9f4353bbc21eff8f3dccdb588af592,https://pdf.hres.ca/dpd_pm/00062572.PDF,00082945,947d00af7da22d4678a0accfd293e172a58a7f2028cd3d98750248e0e521a5c6,https://pdf.hres.ca/dpd_pm/00082945.PDF,passed,passed,passed,pending,pending,pending,,,
pm_product_628ca9d6c0441cd0bc59,hc_dpd_8c020934f2937328,SANDOZ RIVASTIGMINE PATCH 10,SANDOZ CANADA INCORPORATED,heldout,single_ingredient,topical,"[""91090""]","[""02426307""]","{""brand_name"":""SANDOZ RIVASTIGMINE PATCH 10"",""active_ingredients"":[{""name"":""RIVASTIGMINE"",""strength"":9.5,""unit"":""MG""}],""dosage_forms"":[""PATCH""],""routes"":[""TRANSDERMAL""]}","{""brand_name"":""SANDOZ RIVASTIGMINE PATCH 10"",""active_ingredients"":[{""name"":""Rivastigmine"",""strength"":9.5,""unit"":""MG""}],""dosage_forms"":[""Timbre""],""routes"":[""Transdermique""]}",00073530,d61fb7bc588f2c4897b3988f86e565e3af39bce2c735455a9be3a0295451377b,https://pdf.hres.ca/dpd_pm/00073530.PDF,00073531,5caf0ea7553847ba76d6643c0ceee76dbb8c34d512e790acc8e3935ac287fc2d,https://pdf.hres.ca/dpd_pm/00073531.PDF,passed,passed,passed,pending,pending,pending,,,
pm_product_0b1349873d8e237c3168,hc_dpd_8df7e2c409b337d9,AZITHROMYCIN,SANIS HEALTH INC,heldout,single_ingredient,oral,"[""81664""]","[""02330881""]","{""brand_name"":""AZITHROMYCIN"",""active_ingredients"":[{""name"":""AZITHROMYCIN"",""strength"":250,""unit"":""MG""}],""dosage_forms"":[""TABLET""],""routes"":[""ORAL""]}","{""brand_name"":""AZITHROMYCIN"",""active_ingredients"":[{""name"":""Azithromycine"",""strength"":250,""unit"":""MG""}],""dosage_forms"":[""Comprimé""],""routes"":[""Orale""]}",00075847,b5cee3c96e32257ed7759d7af11847869a64ec6da16e7e283b263e0447a94c13,https://pdf.hres.ca/dpd_pm/00075847.PDF,00076093,25163c2d61d6e4c771057b5305c30576bd2110c94b2e74f5850888a298a36e1c,https://pdf.hres.ca/dpd_pm/00076093.PDF,passed,passed,passed,pending,pending,pending,,,
pm_product_1f1cf6b8a0ebee17c292,hc_dpd_90c34aee86855e30,APO-AZELASTINE/FLUTICASONE,APOTEX INC,development,multi_ingredient,inhaled_or_nasal,"[""102955""]","[""02540886""]","{""brand_name"":""APO-AZELASTINE/FLUTICASONE"",""active_ingredients"":[{""name"":""AZELASTINE HYDROCHLORIDE"",""strength"":137,""unit"":""MCG""},{""name"":""FLUTICASONE PROPIONATE"",""strength"":50,""unit"":""MCG""}],""dosage_forms"":[""SPRAY, METERED DOSE""],""routes"":[""NASAL""]}","{""brand_name"":""APO-AZELASTINE/FLUTICASONE"",""active_ingredients"":[{""name"":""Chlorhydrate d'azélastine"",""strength"":137,""unit"":""MCG""},{""name"":""Propionate de fluticasone"",""strength"":50,""unit"":""MCG""}],""dosage_forms"":[""Vaporisateur-doseur en suspension""],""routes"":[""Nasale""]}",00081110,f3aad076ef60b07bb7b5e37b8b418dba092253905f244ae75c84e9f92a12ec54,https://pdf.hres.ca/dpd_pm/00081110.PDF,00081342,50dc200605788102c254e3a8b51e2591f1460594a8cb7893f573a64897d77f74,https://pdf.hres.ca/dpd_pm/00081342.PDF,passed,passed,passed,pending,pending,pending,,,
pm_product_c43ac47640520696ced0,hc_dpd_9226b6d7d6311169,TYENNE,FRESENIUS KABI CANADA LTD,heldout,multi_variant,parenteral,"[""104142"",""104143"",""104144"",""104145"",""104146""]","[""02552450"",""02552469"",""02552477"",""02552485"",""02552493""]","{""brand_name"":""TYENNE"",""active_ingredients"":[{""name"":""TOCILIZUMAB"",""strength"":80,""unit"":""MG""},{""name"":""TOCILIZUMAB"",""strength"":162,""unit"":""MG""},{""name"":""TOCILIZUMAB"",""strength"":200,""unit"":""MG""},{""name"":""TOCILIZUMAB"",""strength"":400,""unit"":""MG""}],""dosage_forms"":[""SOLUTION""],""routes"":[""INTRAVENOUS"",""SUBCUTANEOUS""]}","{""brand_name"":""TYENNE"",""active_ingredients"":[{""name"":""Tocilizumab"",""strength"":80,""unit"":""MG""},{""name"":""Tocilizumab"",""strength"":162,""unit"":""MG""},{""name"":""Tocilizumab"",""strength"":200,""unit"":""MG""},{""name"":""Tocilizumab"",""strength"":400,""unit"":""MG""}],""dosage_forms"":[""Solution""],""routes"":[""Intraveineuse"",""Sous-cutanée""]}",00083076,f40ddff881ddbd89c4cfc27dafe065ca3eb6776cb262a1f7bcf7edfb6df08506,https://pdf.hres.ca/dpd_pm/00083076.PDF,00083077,5c51c829f85030733f17c97b1758932f0036a98665b212302af5461bb74b964f,https://pdf.hres.ca/dpd_pm/00083077.PDF,passed,passed,passed,pending,pending,pending,,,
pm_product_4dcee4e2064acba978a8,hc_dpd_92507a955d8de8ac,SEVOFLURANE,PIRAMAL CRITICAL CARE INC,heldout,single_ingredient,inhaled_or_nasal,"[""79344""]","[""02307766""]","{""brand_name"":""SEVOFLURANE"",""active_ingredients"":[{""name"":""SEVOFLURANE"",""strength"":99.97,""unit"":""%""}],""dosage_forms"":[""LIQUID""],""routes"":[""INHALATION""]}","{""brand_name"":""SEVOFLURANE"",""active_ingredients"":[{""name"":""Sévoflurane"",""strength"":99.97,""unit"":""%""}],""dosage_forms"":[""Liquide""],""routes"":[""Inhalation""]}",00066454,f5a29d3096fe840f5bcf480aa4c0b208064bdadf880169427182125942c0e491,https://pdf.hres.ca/dpd_pm/00066454.PDF,00066627,98d447f255bfe6bb057e7295dc614ae53832cbcfe65a96c8c8c5826ea9db5593,https://pdf.hres.ca/dpd_pm/00066627.PDF,passed,passed,passed,pending,pending,pending,,,
pm_product_4143343357329e72a08d,hc_dpd_92d519855579fbb9,RIMSO-50,MYLAN PHARMACEUTICALS ULC,heldout,single_ingredient,other,"[""3769""]","[""00493392""]","{""brand_name"":""RIMSO-50"",""active_ingredients"":[{""name"":""DIMETHYL SULFOXIDE"",""strength"":500,""unit"":""MG""}],""dosage_forms"":[""SOLUTION""],""routes"":[""INTRAVESICAL""]}","{""brand_name"":""RIMSO-50"",""active_ingredients"":[{""name"":""Diméthylsulfoxyde"",""strength"":500,""unit"":""MG""}],""dosage_forms"":[""Solution""],""routes"":[""Intravésicale""]}",00024532,a786e9cf3ddd0bb3c636e086f41bd91c785bc69b312c2abe19f0a166eb764dda,https://pdf.hres.ca/dpd_pm/00024532.PDF,00024764,e63ef18491688be7313dafeda8d2e990e0be6487b7ee4af6dbc61be46c4be34e,https://pdf.hres.ca/dpd_pm/00024764.PDF,passed,passed,passed,pending,pending,pending,,,
pm_product_9783f0ba2c5475a656d6,hc_dpd_9425627f287a0d2c,NITROSTAT,BGP PHARMA ULC,heldout,multi_variant,other,"[""1254"",""1253""]","[""00037613"",""00037621""]","{""brand_name"":""NITROSTAT"",""active_ingredients"":[{""name"":""NITROGLYCERIN"",""strength"":0.3,""unit"":""MG""},{""name"":""NITROGLYCERIN"",""strength"":0.6,""unit"":""MG""}],""dosage_forms"":[""TABLET""],""routes"":[""SUBLINGUAL""]}","{""brand_name"":""NITROSTAT"",""active_ingredients"":[{""name"":""Nitroglycérine"",""strength"":0.3,""unit"":""MG""},{""name"":""Nitroglycérine"",""strength"":0.6,""unit"":""MG""}],""dosage_forms"":[""Comprimé""],""routes"":[""Sublinguale""]}",00070110,27aa7e03849e68626724108ad21e3604f4da49621058562a24022ace51e71b79,https://pdf.hres.ca/dpd_pm/00070110.PDF,00070111,caacdc0010087b556f53f2e6980200b87a8c132c3e16ceba3db5b9dd4f7ac363,https://pdf.hres.ca/dpd_pm/00070111.PDF,passed,passed,passed,pending,pending,pending,,,
pm_product_f46324146a2f001a3231,hc_dpd_9772d28a10089a76,BARACLUDE,BRISTOL-MYERS SQUIBB CANADA,heldout,single_ingredient,oral,"[""76788""]","[""02282224""]","{""brand_name"":""BARACLUDE"",""active_ingredients"":[{""name"":""ENTECAVIR"",""strength"":0.5,""unit"":""MG""}],""dosage_forms"":[""TABLET""],""routes"":[""ORAL""]}","{""brand_name"":""BARACLUDE"",""active_ingredients"":[{""name"":""Entécavir"",""strength"":0.5,""unit"":""MG""}],""dosage_forms"":[""Comprimé""],""routes"":[""Orale""]}",00058046,04dcf0e5a19523d800b7b36cf205e3241d5f280a445e0deb8ac271a9d52d4936,https://pdf.hres.ca/dpd_pm/00058046.PDF,00058360,9e9c9f30996cee66d2012945d54f1bf3c9850a4bc682bf8e9fdebfadb27a4ffa,https://pdf.hres.ca/dpd_pm/00058360.PDF,passed,passed,passed,pending,pending,pending,,,
pm_product_37a3fa69690a62cef493,hc_dpd_978fc3a897cb242b,JAMPLYTE,JAMP PHARMA CORPORATION,heldout,multi_ingredient,oral,"[""86414""]","[""02378329""]","{""brand_name"":""JAMPLYTE"",""active_ingredients"":[{""name"":""POLYETHYLENE GLYCOL 3350"",""strength"":238.2,""unit"":""G""},{""name"":""POTASSIUM CHLORIDE"",""strength"":3.04,""unit"":""G""},{""name"":""SODIUM BICARBONATE"",""strength"":6.76,""unit"":""G""},{""name"":""SODIUM CHLORIDE"",""strength"":5.84,""unit"":""G""},{""name"":""SODIUM SULFATE"",""strength"":22.96,""unit"":""G""}],""dosage_forms"":[""POWDER""],""routes"":[""ORAL""]}","{""brand_name"":""JAMPLYTE"",""active_ingredients"":[{""name"":""Bicarbonate de sodium"",""strength"":6.76,""unit"":""G""},{""name"":""Chlorure de potassium"",""strength"":3.04,""unit"":""G""},{""name"":""Chlorure de sodium"",""strength"":5.84,""unit"":""G""},{""name"":""POLYETHYLENE GLYCOL 3350"",""strength"":238.2,""unit"":""G""},{""name"":""Sulfate de sodium"",""strength"":22.96,""unit"":""G""}],""dosage_forms"":[""Poudre""],""routes"":[""Orale""]}",00078230,d1218abc029c970a6191bc9bf8b6823bd292c18655d3aa8339963fb74a2f4151,https://pdf.hres.ca/dpd_pm/00078230.PDF,00081481,07f344c558d3db0ea356a85680e974a30bf1d192cf639324197e1ff46e1a1649,https://pdf.hres.ca/dpd_pm/00081481.PDF,passed,passed,passed,pending,pending,pending,,,
pm_product_6f5b57818b75dfb74ec8,hc_dpd_9ad870d869b86719,ACTIVELLE,NOVO NORDISK CANADA INC,development,multi_ingredient,oral,"[""73420""]","[""02249405""]","{""brand_name"":""ACTIVELLE"",""active_ingredients"":[{""name"":""ESTRADIOL"",""strength"":1,""unit"":""MG""},{""name"":""NORETHINDRONE ACETATE"",""strength"":0.5,""unit"":""MG""}],""dosage_forms"":[""TABLET""],""routes"":[""ORAL""]}","{""brand_name"":""ACTIVELLE"",""active_ingredients"":[{""name"":""Acétate de noréthindrone"",""strength"":0.5,""unit"":""MG""},{""name"":""Estradiol"",""strength"":1,""unit"":""MG""}],""dosage_forms"":[""Comprimé""],""routes"":[""Orale""]}",00078644,d9f94d0a0fb0b7dcdd35c9c24b75d10a22646af7f3e74b20fc372f8ba614004c,https://pdf.hres.ca/dpd_pm/00078644.PDF,00080325,5b8c56323513bd1d5734cc590cef828ffd52a88e00bf2cacca850761e631cf53,https://pdf.hres.ca/dpd_pm/00080325.PDF,passed,passed,passed,pending,pending,pending,,,
pm_product_2518d9960fe14f6edb8b,hc_dpd_9bf07ae12c764ca8,FLUAD,SEQIRUS UK LIMITED,heldout,multi_ingredient,parenteral,"[""84739""]","[""02362384""]","{""brand_name"":""FLUAD"",""active_ingredients"":[{""name"":""HAEMAGGLUTININ-STRAIN A"",""strength"":15,""unit"":""MCG""},{""name"":""HAEMAGGLUTININ-STRAIN B"",""strength"":15,""unit"":""MCG""}],""dosage_forms"":[""SUSPENSION""],""routes"":[""INTRAMUSCULAR""]}","{""brand_name"":""FLUAD"",""active_ingredients"":[{""name"":""Hémagglutinine-souche A"",""strength"":15,""unit"":""MCG""},{""name"":""Hémaglutinine-souche B"",""strength"":15,""unit"":""MCG""}],""dosage_forms"":[""Suspension""],""routes"":[""Intramusculaire""]}",00081439,60cc20f1a8e69350de4cc3cade8ab076f75f14d0cde4e58c003b62d9d2eae14a,https://pdf.hres.ca/dpd_pm/00081439.PDF,00081818,e11f9cd90f1b5bb2e3abe7e8f4cabb949902dfb03ff565df122d50c796dc7e11,https://pdf.hres.ca/dpd_pm/00081818.PDF,passed,passed,passed,pending,pending,pending,,,
pm_product_9afd422314a5ed8c9295,hc_dpd_9e4c289f3ec248f0,SANDOZ BISOPROLOL TABLETS,SANDOZ CANADA INCORPORATED,heldout,multi_variant,oral,"[""98405"",""98406"",""103278"",""103279""]","[""02494035"",""02494043"",""02544245"",""02544253""]","{""brand_name"":""SANDOZ BISOPROLOL TABLETS"",""active_ingredients"":[{""name"":""BISOPROLOL FUMARATE"",""strength"":1.25,""unit"":""MG""},{""name"":""BISOPROLOL FUMARATE"",""strength"":2.5,""unit"":""MG""},{""name"":""BISOPROLOL FUMARATE"",""strength"":5,""unit"":""MG""},{""name"":""BISOPROLOL FUMARATE"",""strength"":10,""unit"":""MG""}],""dosage_forms"":[""TABLET""],""routes"":[""ORAL""]}","{""brand_name"":""SANDOZ BISOPROLOL TABLETS"",""active_ingredients"":[{""name"":""Fumarate de bisoprolol"",""strength"":1.25,""unit"":""MG""},{""name"":""Fumarate de bisoprolol"",""strength"":2.5,""unit"":""MG""},{""name"":""Fumarate de bisoprolol"",""strength"":5,""unit"":""MG""},{""name"":""Fumarate de bisoprolol"",""strength"":10,""unit"":""MG""}],""dosage_forms"":[""Comprimé""],""routes"":[""Orale""]}",00074074,97dc5e16acb2dc5beb95ad5928e3734ceacc7ccac0c3c68540b06820c0583af3,https://pdf.hres.ca/dpd_pm/00074074.PDF,00075178,3499ea9afa6a767f5537736cb8f5eb95f466892543f487d5c137da9f6c66cb61,https://pdf.hres.ca/dpd_pm/00075178.PDF,passed,passed,passed,pending,pending,pending,,,
pm_product_87bb68a07d46199e4a46,hc_dpd_9fcac5408ceaac3e,ODAN-TROPICAMIDE,ODAN LABORATORIES LTD,heldout,single_ingredient,ophthalmic_or_otic,"[""6054""]","[""00622885""]","{""brand_name"":""ODAN-TROPICAMIDE"",""active_ingredients"":[{""name"":""TROPICAMIDE"",""strength"":1,""unit"":""%""}],""dosage_forms"":[""SOLUTION""],""routes"":[""OPHTHALMIC""]}","{""brand_name"":""ODAN-TROPICAMIDE"",""active_ingredients"":[{""name"":""Tropicamide"",""strength"":1,""unit"":""%""}],""dosage_forms"":[""Solution""],""routes"":[""Ophtalmique""]}",00059139,c0564d8bbf954530a9a65b50343253a32a13f93a22b22cf6c50af643149e7560,https://pdf.hres.ca/dpd_pm/00059139.PDF,00059140,c90acba127e1ae0b92805b7428d2c84af5ebeaee612093428df27868ac69821d,https://pdf.hres.ca/dpd_pm/00059140.PDF,passed,passed,passed,pending,pending,pending,,,
pm_product_276b6aabf14a751f4114,hc_dpd_a015f5aed1fb5fea,PDP-AMANTADINE HYDROCHLORIDE SYRUP,PENDOPHARM DIVISION OF PHARMASCIENCE INC,heldout,single_ingredient,oral,"[""14393""]","[""02022826""]","{""brand_name"":""PDP-AMANTADINE HYDROCHLORIDE SYRUP"",""active_ingredients"":[{""name"":""AMANTADINE HYDROCHLORIDE"",""strength"":50,""unit"":""MG""}],""dosage_forms"":[""SYRUP""],""routes"":[""ORAL""]}","{""brand_name"":""PDP-AMANTADINE HYDROCHLORIDE SYRUP"",""active_ingredients"":[{""name"":""Chlorhydrate d'amantadine"",""strength"":50,""unit"":""MG""}],""dosage_forms"":[""Sirop""],""routes"":[""Orale""]}",00066300,11766aa32b049f2c3ed1bf0a0c55867454909008fc1dbdb73ba4bcb92e41ff53,https://pdf.hres.ca/dpd_pm/00066300.PDF,00066839,4d0d3787e0a4a6a9565d6787be7c65b4a6be88e3fa7c3bda6ba35b670f810cf7,https://pdf.hres.ca/dpd_pm/00066839.PDF,passed,passed,passed,pending,pending,pending,,,
pm_product_fe8c3f19548e3c32e324,hc_dpd_a1b0959d501c69f8,TEVA-FENTANYL,TEVA CANADA LIMITED,heldout,multi_variant,topical,"[""76857"",""76858"",""76859"",""76860"",""79746""]","[""02282941"",""02282968"",""02282976"",""02282984"",""02311925""]","{""brand_name"":""TEVA-FENTANYL"",""active_ingredients"":[{""name"":""FENTANYL"",""strength"":12,""unit"":""MCG""},{""name"":""FENTANYL"",""strength"":25,""unit"":""MCG""},{""name"":""FENTANYL"",""strength"":50,""unit"":""MCG""},{""name"":""FENTANYL"",""strength"":75,""unit"":""MCG""},{""name"":""FENTANYL"",""strength"":100,""unit"":""MCG""}],""dosage_forms"":[""PATCH""],""routes"":[""TRANSDERMAL""]}","{""brand_name"":""TEVA-FENTANYL"",""active_ingredients"":[{""name"":""Fentanyl"",""strength"":12,""unit"":""MCG""},{""name"":""Fentanyl"",""strength"":25,""unit"":""MCG""},{""name"":""Fentanyl"",""strength"":50,""unit"":""MCG""},{""name"":""Fentanyl"",""strength"":75,""unit"":""MCG""},{""name"":""Fentanyl"",""strength"":100,""unit"":""MCG""}],""dosage_forms"":[""Timbre""],""routes"":[""Transdermique""]}",00066268,08f765d69404e31c8d8c90b2bee72ad190300412f170c3862830bb1cc54d5dad,https://pdf.hres.ca/dpd_pm/00066268.PDF,00066296,4950c2b120da6c34f7a97f03d07fa075cff95ca7c2347edd1a2e084dd020f903,https://pdf.hres.ca/dpd_pm/00066296.PDF,passed,passed,passed,pending,pending,pending,,,
pm_product_e29053172ce19315e396,hc_dpd_a3d6eacc4c36e5bb,CANCIDAS,MERCK CANADA INC,heldout,single_ingredient,parenteral,"[""68233""]","[""02244266""]","{""brand_name"":""CANCIDAS"",""active_ingredients"":[{""name"":""CASPOFUNGIN"",""strength"":70,""unit"":""MG""}],""dosage_forms"":[""POWDER FOR SOLUTION""],""routes"":[""INTRAVENOUS""]}","{""brand_name"":""CANCIDAS"",""active_ingredients"":[{""name"":""Caspofungine"",""strength"":70,""unit"":""MG""}],""dosage_forms"":[""Poudre pour solution""],""routes"":[""Intraveineuse""]}",00039081,98561b76fb0b9ec50d053db8eaae9b021970f0ff279402f6b8ab115f41a4a7b1,https://pdf.hres.ca/dpd_pm/00039081.PDF,00039208,91b133dfa6843a1f2412408bca7ff7866d3b4a30d46c386dcc32ca02b815d9c0,https://pdf.hres.ca/dpd_pm/00039208.PDF,passed,passed,passed,pending,pending,pending,,,
pm_product_6f28c55d392f6059e74f,hc_dpd_a4b46d8b63e0a80b,"CISPLATIN INJECTION, BP",ACCORD HEALTHCARE INC,heldout,single_ingredient,parenteral,"[""84044""]","[""02355183""]","{""brand_name"":""CISPLATIN INJECTION, BP"",""active_ingredients"":[{""name"":""CISPLATIN"",""strength"":1,""unit"":""MG""}],""dosage_forms"":[""SOLUTION""],""routes"":[""INTRAVENOUS""]}","{""brand_name"":""CISPLATIN INJECTION, BP"",""active_ingredients"":[{""name"":""Cisplatine"",""strength"":1,""unit"":""MG""}],""dosage_forms"":[""Solution""],""routes"":[""Intraveineuse""]}",00075403,d60c5e91d84a5e6cf744979b83463fe71ca7d1f5a28adc08e8fcdcf9e463a23e,https://pdf.hres.ca/dpd_pm/00075403.PDF,00075488,378f9567b538195c2360c90f2c79618fd6abcb3aee496363f506cff90f1e61bc,https://pdf.hres.ca/dpd_pm/00075488.PDF,passed,passed,passed,pending,pending,pending,,,
pm_product_6453702a39f7d9caab51,hc_dpd_a5f95b2cd54c5065,VYXEOS,JAZZ PHARMACEUTICALS IRELAND LIMITED,heldout,multi_ingredient,parenteral,"[""100489""]","[""02515490""]","{""brand_name"":""VYXEOS"",""active_ingredients"":[{""name"":""CYTARABINE"",""strength"":100,""unit"":""MG""},{""name"":""DAUNORUBICIN"",""strength"":44,""unit"":""MG""}],""dosage_forms"":[""POWDER""],""routes"":[""INTRAVENOUS""]}","{""brand_name"":""VYXEOS"",""active_ingredients"":[{""name"":""Cytarabine"",""strength"":100,""unit"":""MG""},{""name"":""Daunorubicine"",""strength"":44,""unit"":""MG""}],""dosage_forms"":[""Poudre""],""routes"":[""Intraveineuse""]}",00069748,d3c33a807df09e003563fc7bd2eeab5e4b5d1d32949ded77c1603c87ac4f8dac,https://pdf.hres.ca/dpd_pm/00069748.PDF,00069973,fc2421abe7ce11449b79eb4f5f0d94cca4c23177eea03dfb2ad8a0f06f22382c,https://pdf.hres.ca/dpd_pm/00069973.PDF,passed,passed,passed,pending,pending,pending,,,
pm_product_bf4d07e7c4f17a8fdc2f,hc_dpd_a73086ff8f249009,APO-HYDROXYQUINE,APOTEX INC,heldout,single_ingredient,oral,"[""70886""]","[""02246691""]","{""brand_name"":""APO-HYDROXYQUINE"",""active_ingredients"":[{""name"":""HYDROXYCHLOROQUINE SULFATE"",""strength"":200,""unit"":""MG""}],""dosage_forms"":[""TABLET""],""routes"":[""ORAL""]}","{""brand_name"":""APO-HYDROXYQUINE"",""active_ingredients"":[{""name"":""Sulfate d'hydroxychloroquine"",""strength"":200,""unit"":""MG""}],""dosage_forms"":[""Comprimé""],""routes"":[""Orale""]}",00084663,3da7ac81c90c72b25552ecee5db2f673ddf99a9d7c9c54e5fec9461ada302c7a,https://pdf.hres.ca/dpd_pm/00084663.PDF,00084814,5acac23b61bcac34e2f81436e1f87cb22b7e418dd214dc9c80119527a0c3f4ea,https://pdf.hres.ca/dpd_pm/00084814.PDF,passed,passed,passed,pending,pending,pending,,,
pm_product_3789e74589192e6aa161,hc_dpd_a85010fc0ffad342,PHESGO,HOFFMANN-LA ROCHE LIMITED,heldout,multi_ingredient_multi_variant,parenteral,"[""100216"",""100217""]","[""02512912"",""02512920""]","{""brand_name"":""PHESGO"",""active_ingredients"":[{""name"":""PERTUZUMAB"",""strength"":60,""unit"":""MG""},{""name"":""PERTUZUMAB"",""strength"":80,""unit"":""MG""},{""name"":""TRASTUZUMAB"",""strength"":40,""unit"":""MG""},{""name"":""TRASTUZUMAB"",""strength"":60,""unit"":""MG""}],""dosage_forms"":[""SOLUTION""],""routes"":[""SUBCUTANEOUS""]}","{""brand_name"":""PHESGO"",""active_ingredients"":[{""name"":""Pertuzumab"",""strength"":60,""unit"":""MG""},{""name"":""Pertuzumab"",""strength"":80,""unit"":""MG""},{""name"":""Trastuzumab"",""strength"":40,""unit"":""MG""},{""name"":""Trastuzumab"",""strength"":60,""unit"":""MG""}],""dosage_forms"":[""Solution""],""routes"":[""Sous-cutanée""]}",00081278,14ddbd72eff03d6692b135c9804d64d1c8fa63ba86b87e5f8f1e4be6e9b8e0cf,https://pdf.hres.ca/dpd_pm/00081278.PDF,00081403,db8fec98f7e5a8b54cd24090478bfe110fce4a30f6bf4021e872cae4dcc253df,https://pdf.hres.ca/dpd_pm/00081403.PDF,passed,passed,passed,pending,pending,pending,,,
pm_product_9936c4d0791333bf3859,hc_dpd_ab993e6a1d0f5681,TEVA-LIOTHYRONINE,TEVA CANADA LIMITED,heldout,multi_variant,oral,"[""98436"",""98437""]","[""02494337"",""02494345""]","{""brand_name"":""TEVA-LIOTHYRONINE"",""active_ingredients"":[{""name"":""LIOTHYRONINE"",""strength"":5,""unit"":""MCG""},{""name"":""LIOTHYRONINE"",""strength"":25,""unit"":""MCG""}],""dosage_forms"":[""TABLET""],""routes"":[""ORAL""]}","{""brand_name"":""TEVA-LIOTHYRONINE"",""active_ingredients"":[{""name"":""Liothyronine"",""strength"":5,""unit"":""MCG""},{""name"":""Liothyronine"",""strength"":25,""unit"":""MCG""}],""dosage_forms"":[""Comprimé""],""routes"":[""Orale""]}",00054012,372f192a671b4c4a35283d88980904c367920bb81fc39833103381f927fcd7f3,https://pdf.hres.ca/dpd_pm/00054012.PDF,00054080,0e99482379efd09d66fc2441dde30a8f5b21ed32d3d00249a4a480ca7cdbaf96,https://pdf.hres.ca/dpd_pm/00054080.PDF,passed,passed,passed,pending,pending,pending,,,
pm_product_16a764336a4e4893b8df,hc_dpd_abaf6bb6ee62dce4,OVIMA 28,APOTEX INC,heldout,multi_ingredient,oral,"[""87266""]","[""02387093""]","{""brand_name"":""OVIMA 28"",""active_ingredients"":[{""name"":""ETHINYL ESTRADIOL"",""strength"":30,""unit"":""MCG""},{""name"":""LEVONORGESTREL"",""strength"":150,""unit"":""MCG""}],""dosage_forms"":[""TABLET""],""routes"":[""ORAL""]}","{""brand_name"":""OVIMA 28"",""active_ingredients"":[{""name"":""Lévonorgestrel"",""strength"":150,""unit"":""MCG""},{""name"":""Éthinylestradiol"",""strength"":30,""unit"":""MCG""}],""dosage_forms"":[""Comprimé""],""routes"":[""Orale""]}",00083502,e6d7bb707fdb93c8c026e72b0d95e0bfb4f8e95cd1082c20641a727dd1f3862f,https://pdf.hres.ca/dpd_pm/00083502.PDF,00083921,4d8116cb1a498a8d7ec6898f45269433133b00805b352be6209f23f76ca126af,https://pdf.hres.ca/dpd_pm/00083921.PDF,passed,passed,passed,pending,pending,pending,,,
pm_product_00c9fb695885937c8d2a,hc_dpd_ac7457b48f573022,RIVA-DORZOLAMIDE/TIMOLOL,LABORATOIRE RIVA INC.,heldout,multi_ingredient,ophthalmic_or_otic,"[""92604""]","[""02441659""]","{""brand_name"":""RIVA-DORZOLAMIDE/TIMOLOL"",""active_ingredients"":[{""name"":""DORZOLAMIDE"",""strength"":20,""unit"":""MG""},{""name"":""TIMOLOL"",""strength"":5,""unit"":""MG""}],""dosage_forms"":[""SOLUTION""],""routes"":[""OPHTHALMIC""]}","{""brand_name"":""RIVA-DORZOLAMIDE/TIMOLOL"",""active_ingredients"":[{""name"":""Dorzolamide"",""strength"":20,""unit"":""MG""},{""name"":""Timolol"",""strength"":5,""unit"":""MG""}],""dosage_forms"":[""Solution""],""routes"":[""Ophtalmique""]}",00078844,661838001bf89cb2d712949246f708a8b381fdacc6ef702285559aa63223ef18,https://pdf.hres.ca/dpd_pm/00078844.PDF,00078845,41879298557ff262d8af852f7d3918d0062596c81c802f15de5e6b4861d8ae25,https://pdf.hres.ca/dpd_pm/00078845.PDF,passed,passed,passed,pending,pending,pending,,,
pm_product_09dd95d0bc71d8ab60e9,hc_dpd_ad944eaa42055f08,PDP-DESONIDE,PENDOPHARM DIVISION OF PHARMASCIENCE INC,heldout,multi_variant,topical,"[""43536"",""43537""]","[""02229315"",""02229323""]","{""brand_name"":""PDP-DESONIDE"",""active_ingredients"":[{""name"":""DESONIDE"",""strength"":0.05,""unit"":""%""}],""dosage_forms"":[""CREAM"",""OINTMENT""],""routes"":[""TOPICAL""]}","{""brand_name"":""PDP-DESONIDE"",""active_ingredients"":[{""name"":""Désonide"",""strength"":0.05,""unit"":""%""}],""dosage_forms"":[""Crème"",""Pommade""],""routes"":[""Topique""]}",00060564,6bcfb0965f3e571bc4b1bc6e2a13ecaa0c73391f58c640b117262de1798b151f,https://pdf.hres.ca/dpd_pm/00060564.PDF,00061581,22ea83a4fd3c7537eb4c268ff6757c51cce6a932725fba5a05b50e0ea2c0037d,https://pdf.hres.ca/dpd_pm/00061581.PDF,passed,passed,passed,pending,pending,pending,,,
pm_product_a5b5d718be71d77d69f9,hc_dpd_af71ca70a95d1a2d,LISINOPRIL (TYPE Z),SANIS HEALTH INC,development,multi_variant,oral,"[""101418"",""101419"",""101420""]","[""02525186"",""02525194"",""02525208""]","{""brand_name"":""LISINOPRIL (TYPE Z)"",""active_ingredients"":[{""name"":""LISINOPRIL"",""strength"":5,""unit"":""MG""},{""name"":""LISINOPRIL"",""strength"":10,""unit"":""MG""},{""name"":""LISINOPRIL"",""strength"":20,""unit"":""MG""}],""dosage_forms"":[""TABLET""],""routes"":[""ORAL""]}","{""brand_name"":""LISINOPRIL (TYPE Z)"",""active_ingredients"":[{""name"":""Lisinopril"",""strength"":5,""unit"":""MG""},{""name"":""Lisinopril"",""strength"":10,""unit"":""MG""},{""name"":""Lisinopril"",""strength"":20,""unit"":""MG""}],""dosage_forms"":[""Comprimé""],""routes"":[""Orale""]}",00077599,c22fba0be5ad0ed33529d1cbb10ac1dbd610becb7e3b0a8125e947df5f6dcbb1,https://pdf.hres.ca/dpd_pm/00077599.PDF,00077600,b370078dd7c9a017b78aae8c0a339c74432adae2c160124efda5802c79ee8303,https://pdf.hres.ca/dpd_pm/00077600.PDF,passed,passed,passed,pending,pending,pending,,,
pm_product_adc17bde43adae1f461a,hc_dpd_b098f5344d27f8ea,BEYFORTUS,SANOFI VACCINES CANADA LTD.,heldout,multi_variant,parenteral,"[""102594"",""102595""]","[""02537206"",""02537214""]","{""brand_name"":""BEYFORTUS"",""active_ingredients"":[{""name"":""NIRSEVIMAB"",""strength"":50,""unit"":""MG""},{""name"":""NIRSEVIMAB"",""strength"":100,""unit"":""MG""}],""dosage_forms"":[""SOLUTION""],""routes"":[""INTRAMUSCULAR""]}","{""brand_name"":""BEYFORTUS"",""active_ingredients"":[{""name"":""Nirsévimab"",""strength"":50,""unit"":""MG""},{""name"":""Nirsévimab"",""strength"":100,""unit"":""MG""}],""dosage_forms"":[""Solution""],""routes"":[""Intramusculaire""]}",00084595,30e6a5b35dfb9c69553ff5128e254170546a6b2f36a6645b50d23b7e91ded3dd,https://pdf.hres.ca/dpd_pm/00084595.PDF,00084873,6daf3bbbe3899893ac0d0c71c5edabeb2a722c6019d6c50a4d41d045372d2381,https://pdf.hres.ca/dpd_pm/00084873.PDF,passed,passed,passed,pending,pending,pending,,,
pm_product_3c02ff73d1fe2ce78834,hc_dpd_b1a194aeeb9d3918,MAR-AMITRIPTYLINE,MARCAN PHARMACEUTICALS INC,heldout,multi_variant,oral,"[""91430"",""91431"",""91432"",""91433""]","[""02429861"",""02429888"",""02429896"",""02429918""]","{""brand_name"":""MAR-AMITRIPTYLINE"",""active_ingredients"":[{""name"":""AMITRIPTYLINE HYDROCHLORIDE"",""strength"":10,""unit"":""MG""},{""name"":""AMITRIPTYLINE HYDROCHLORIDE"",""strength"":25,""unit"":""MG""},{""name"":""AMITRIPTYLINE HYDROCHLORIDE"",""strength"":50,""unit"":""MG""},{""name"":""AMITRIPTYLINE HYDROCHLORIDE"",""strength"":75,""unit"":""MG""}],""dosage_forms"":[""TABLET""],""routes"":[""ORAL""]}","{""brand_name"":""MAR-AMITRIPTYLINE"",""active_ingredients"":[{""name"":""Chlorhydrate d'amitriptyline"",""strength"":10,""unit"":""MG""},{""name"":""Chlorhydrate d'amitriptyline"",""strength"":25,""unit"":""MG""},{""name"":""Chlorhydrate d'amitriptyline"",""strength"":50,""unit"":""MG""},{""name"":""Chlorhydrate d'amitriptyline"",""strength"":75,""unit"":""MG""}],""dosage_forms"":[""Comprimé""],""routes"":[""Orale""]}",00074029,764b56b281042e43cd039c35fe3de35f5c0e309d062d03a205e45aa08a360871,https://pdf.hres.ca/dpd_pm/00074029.PDF,00074030,3a7105694008fd0ebe80463b92b89cdfa1931b39542a32c7d64059823c216407,https://pdf.hres.ca/dpd_pm/00074030.PDF,passed,passed,passed,pending,pending,pending,,,
pm_product_6e66cd73472ebe9d373d,hc_dpd_b2ae33ee64e13a77,HEPARIN SODIUM INJECTION USP,PFIZER CANADA ULC,development,single_ingredient,parenteral,"[""86817""]","[""02382326""]","{""brand_name"":""HEPARIN SODIUM INJECTION USP"",""active_ingredients"":[{""name"":""HEPARIN SODIUM"",""strength"":10000,""unit"":""UNIT""}],""dosage_forms"":[""SOLUTION""],""routes"":[""INTRAVENOUS"",""SUBCUTANEOUS""]}","{""brand_name"":""HÉPARINE SODIQUE INJECTABLE, USP"",""active_ingredients"":[{""name"":""Héparine sodique"",""strength"":10000,""unit"":""Unité""}],""dosage_forms"":[""Solution""],""routes"":[""Intraveineuse"",""Sous-cutanée""]}",00083884,3c93affd842fbad1df461c3693f9dcdf3bb4f9791eca5c8d0b3ad87baf2b1456,https://pdf.hres.ca/dpd_pm/00083884.PDF,00083885,56648c8a350c3c54cf78bc44bcc06d4d7ddfa56e8db2f18fd95f555d22f2f844,https://pdf.hres.ca/dpd_pm/00083885.PDF,passed,passed,passed,pending,pending,pending,,,
pm_product_3a034298ebdafccab9c3,hc_dpd_b2e29a0786795152,PDP-AMLODIPINE,PENDOPHARM DIVISION OF PHARMASCIENCE INC,development,single_ingredient,oral,"[""97499""]","[""02484706""]","{""brand_name"":""PDP-AMLODIPINE"",""active_ingredients"":[{""name"":""AMLODIPINE"",""strength"":1,""unit"":""MG""}],""dosage_forms"":[""SOLUTION""],""routes"":[""ORAL""]}","{""brand_name"":""PDP-AMLODIPINE"",""active_ingredients"":[{""name"":""Amlodipine"",""strength"":1,""unit"":""MG""}],""dosage_forms"":[""Solution""],""routes"":[""Orale""]}",00060365,3a5ffeb255957155f77fb4867a7fce451e4b55058b2b94a458a827a3eafe6add,https://pdf.hres.ca/dpd_pm/00060365.PDF,00083130,fc63610df97a58dc56e46145586c51b2bc37d4d7c90da8d659e44f12265ba6ab,https://pdf.hres.ca/dpd_pm/00083130.PDF,passed,passed,passed,pending,pending,pending,,,
pm_product_c475df7229e7c095a32e,hc_dpd_b35e1ec6cb452259,BORTEZOMIB FOR INJECTION,DR REDDY'S LABORATORIES LTD,development,single_ingredient,parenteral,"[""93883""]","[""02452456""]","{""brand_name"":""BORTEZOMIB FOR INJECTION"",""active_ingredients"":[{""name"":""BORTEZOMIB"",""strength"":3.5,""unit"":""MG""}],""dosage_forms"":[""LYOPHILIZED POWDER""],""routes"":[""INTRAVENOUS"",""SUBCUTANEOUS""]}","{""brand_name"":""Bortézomib pour injection"",""active_ingredients"":[{""name"":""Bortézomib"",""strength"":3.5,""unit"":""MG""}],""dosage_forms"":[""Poudre lyophilisée""],""routes"":[""Intraveineuse"",""Sous-cutanée""]}",00067695,7dd5c4152ce7914999cb91b3a48ca11ea55ca26d74d5ec1d8aa5b108ff2e0415,https://pdf.hres.ca/dpd_pm/00067695.PDF,00068470,c456394bed328c314fed533f68de5a64f2b12faa7b18bba1c2ceff9d725fca5a,https://pdf.hres.ca/dpd_pm/00068470.PDF,passed,passed,passed,pending,pending,pending,,,
pm_product_11d5ccd8aa58d07bf348,hc_dpd_b3673e5f3d3b9ede,NINLARO,TAKEDA CANADA INC,heldout,multi_variant,oral,"[""94382"",""94383"",""94384""]","[""02456796"",""02456818"",""02456826""]","{""brand_name"":""NINLARO"",""active_ingredients"":[{""name"":""IXAZOMIB"",""strength"":2.3,""unit"":""MG""},{""name"":""IXAZOMIB"",""strength"":3,""unit"":""MG""},{""name"":""IXAZOMIB"",""strength"":4,""unit"":""MG""}],""dosage_forms"":[""CAPSULE""],""routes"":[""ORAL""]}","{""brand_name"":""NINLARO"",""active_ingredients"":[{""name"":""Ixazomib"",""strength"":2.3,""unit"":""MG""},{""name"":""Ixazomib"",""strength"":3,""unit"":""MG""},{""name"":""Ixazomib"",""strength"":4,""unit"":""MG""}],""dosage_forms"":[""Capsule""],""routes"":[""Orale""]}",00085219,6c8a8ebdba116537e22efa4afd85c791c205ab81e69ed7c05ecc3b2ff1674669,https://pdf.hres.ca/dpd_pm/00085219.PDF,00085498,ccc801c64a7c563eaad1499422afc380d6cd0780066878ce96941776e13062be,https://pdf.hres.ca/dpd_pm/00085498.PDF,passed,passed,passed,pending,pending,pending,,,
pm_product_d5d6944450db0bcd95c5,hc_dpd_b836349723f0bea7,MYLAN-ABACAVIR/LAMIVUDINE,MYLAN PHARMACEUTICALS ULC,heldout,multi_ingredient,oral,"[""93683""]","[""02450682""]","{""brand_name"":""MYLAN-ABACAVIR/LAMIVUDINE"",""active_ingredients"":[{""name"":""ABACAVIR"",""strength"":600,""unit"":""MG""},{""name"":""LAMIVUDINE"",""strength"":300,""unit"":""MG""}],""dosage_forms"":[""TABLET""],""routes"":[""ORAL""]}","{""brand_name"":""MYLAN-ABACAVIR/LAMIVUDINE"",""active_ingredients"":[{""name"":""Abacavir"",""strength"":600,""unit"":""MG""},{""name"":""Lamivudine"",""strength"":300,""unit"":""MG""}],""dosage_forms"":[""Comprimé""],""routes"":[""Orale""]}",00072663,4920d44e3a04578dfeae480420e48af5090dc689ab61b20c3c6c4be239c8b237,https://pdf.hres.ca/dpd_pm/00072663.PDF,00072772,7d60e23e6551b7f2753a6bd00aef8a6adca46d2337e49ba100d541bc22a7fda8,https://pdf.hres.ca/dpd_pm/00072772.PDF,passed,passed,passed,pending,pending,pending,,,
pm_product_09b93f2330016204d4ee,hc_dpd_b9d6fcfa334ba454,POTELIGEO,"KYOWA KIRIN, INC.",development,single_ingredient,parenteral,"[""101691""]","[""02527715""]","{""brand_name"":""POTELIGEO"",""active_ingredients"":[{""name"":""MOGAMULIZUMAB"",""strength"":4,""unit"":""MG""}],""dosage_forms"":[""SOLUTION""],""routes"":[""INTRAVENOUS""]}","{""brand_name"":""POTELIGEO"",""active_ingredients"":[{""name"":""Mogamulizumab"",""strength"":4,""unit"":""MG""}],""dosage_forms"":[""Solution""],""routes"":[""Intraveineuse""]}",00083115,254598b70f29920e1d35cf3ec8f6547030d844901868a6048b8440d16dbb18f7,https://pdf.hres.ca/dpd_pm/00083115.PDF,00083358,8898dc3dfcba61fb536b528eb8251d2811724f6a0216cc7eb291e8738587352f,https://pdf.hres.ca/dpd_pm/00083358.PDF,passed,passed,passed,pending,pending,pending,,,
pm_product_fb723b48bbe5f492ae23,hc_dpd_b9fa8cf66f2236dc,CATHEJELL,PHARMAZEUTISCHE FABRIK MONTAVIT GES M.B.H.,heldout,single_ingredient,topical,"[""85604""]","[""02370840""]","{""brand_name"":""CATHEJELL"",""active_ingredients"":[{""name"":""LIDOCAINE HYDROCHLORIDE"",""strength"":20,""unit"":""MG""}],""dosage_forms"":[""GEL""],""routes"":[""TOPICAL""]}","{""brand_name"":""CATHEJELL"",""active_ingredients"":[{""name"":""Chlorhydrate de lidocaïne"",""strength"":20,""unit"":""MG""}],""dosage_forms"":[""Gel""],""routes"":[""Topique""]}",00059768,8fb45df1350cff4fc0aedc43f1a09da12b01a7654e99890458d8669e2fea7491,https://pdf.hres.ca/dpd_pm/00059768.PDF,00061444,2f855ffc5125b74b34eb0e3ba011a8cd39859584b102ef784ec083e957d59c47,https://pdf.hres.ca/dpd_pm/00061444.PDF,passed,passed,passed,pending,pending,pending,,,
pm_product_8e5f0dba02c5fa202a6e,hc_dpd_beb9ec12b1a19300,CEFAZOLIN SODIUM FOR INJECTION BP,STERIMAX INC,heldout,multi_variant,parenteral,"[""95364"",""95365"",""101381""]","[""02465469"",""02465477"",""02524791""]","{""brand_name"":""CEFAZOLIN SODIUM FOR INJECTION BP"",""active_ingredients"":[{""name"":""CEFAZOLIN"",""strength"":1,""unit"":""G""},{""name"":""CEFAZOLIN"",""strength"":2,""unit"":""G""},{""name"":""CEFAZOLIN"",""strength"":10,""unit"":""G""}],""dosage_forms"":[""POWDER FOR SOLUTION""],""routes"":[""INTRAMUSCULAR"",""INTRAVENOUS""]}","{""brand_name"":""CÉFAZOLINE SODIQUE POUR INJECTION BP"",""active_ingredients"":[{""name"":""Céfazoline"",""strength"":1,""unit"":""G""},{""name"":""Céfazoline"",""strength"":2,""unit"":""G""},{""name"":""Céfazoline"",""strength"":10,""unit"":""G""}],""dosage_forms"":[""Poudre pour solution""],""routes"":[""Intramusculaire"",""Intraveineuse""]}",00068202,98e6d76e5ee2501243fef7cb78721e70181a6715a004fd60e5fd0bdd584aa05e,https://pdf.hres.ca/dpd_pm/00068202.PDF,00067762,255e07de53ca329b52060138098499f7ea68e2393cafc61a3a29cf8c3471421c,https://pdf.hres.ca/dpd_pm/00067762.PDF,passed,passed,passed,pending,pending,pending,,,
pm_product_90745e50bec74086ec82,hc_dpd_bf90830f437dacd1,IXIARO,VALNEVA AUSTRIA GMBH,heldout,single_ingredient,parenteral,"[""81890""]","[""02333279""]","{""brand_name"":""IXIARO"",""active_ingredients"":[{""name"":""INACT.JAPANESE ENCEPHAL VIRUS"",""strength"":6,""unit"":""MCG""}],""dosage_forms"":[""SUSPENSION""],""routes"":[""INTRAMUSCULAR""]}","{""brand_name"":""IXIARO"",""active_ingredients"":[{""name"":""Virus de l'encéph. japon. inact.(atténué, souche SA14-14-2 prod. sur cell. Vero_"",""strength"":6,""unit"":""MCG""}],""dosage_forms"":[""Suspension""],""routes"":[""Intramusculaire""]}",00044740,668242a8a5b171829eb9cce116666e0a2689b677300dcd9b1e8fb971ac249f63,https://pdf.hres.ca/dpd_pm/00044740.PDF,00044928,eae10bddc8f9f7553273d178f468109d76075e35b4a37d242343d5824cdebd0d,https://pdf.hres.ca/dpd_pm/00044928.PDF,passed,passed,passed,pending,pending,pending,,,
pm_product_9e2578771ecc0e20822d,hc_dpd_c07814bd092f119d,VERKAZIA,APOTEX INC,heldout,single_ingredient,ophthalmic_or_otic,"[""97446""]","[""02484137""]","{""brand_name"":""VERKAZIA"",""active_ingredients"":[{""name"":""CYCLOSPORINE"",""strength"":0.1,""unit"":""%""}],""dosage_forms"":[""EMULSION""],""routes"":[""OPHTHALMIC""]}","{""brand_name"":""VERKAZIA"",""active_ingredients"":[{""name"":""Cyclosporine"",""strength"":0.1,""unit"":""%""}],""dosage_forms"":[""Émulsion""],""routes"":[""Ophtalmique""]}",00075702,9a36d8eeca493fafff3eace9f29c064ffa3020e0ea8749ec01e53cfd952f23df,https://pdf.hres.ca/dpd_pm/00075702.PDF,00075703,f928240203728e052e005f624e6e9a721d950259a87aed37f68580507a95a8b0,https://pdf.hres.ca/dpd_pm/00075703.PDF,passed,passed,passed,pending,pending,pending,,,
pm_product_7d741cb4140580f7f1c3,hc_dpd_c11595f8385723f4,AURO-DAPAGLIFLOZIN / METFORMIN,AURO PHARMA INC,heldout,multi_ingredient_multi_variant,oral,"[""102210"",""102211""]","[""02533073"",""02533081""]","{""brand_name"":""AURO-DAPAGLIFLOZIN / METFORMIN"",""active_ingredients"":[{""name"":""DAPAGLIFLOZIN"",""strength"":5,""unit"":""MG""},{""name"":""METFORMIN HYDROCHLORIDE"",""strength"":850,""unit"":""MG""},{""name"":""METFORMIN HYDROCHLORIDE"",""strength"":1000,""unit"":""MG""}],""dosage_forms"":[""TABLET""],""routes"":[""ORAL""]}","{""brand_name"":""AURO-DAPAGLIFLOZIN / METFORMIN"",""active_ingredients"":[{""name"":""Chlorhydrate de metformine"",""strength"":850,""unit"":""MG""},{""name"":""Chlorhydrate de metformine"",""strength"":1000,""unit"":""MG""},{""name"":""Dapagliflozine"",""strength"":5,""unit"":""MG""}],""dosage_forms"":[""Comprimé""],""routes"":[""Orale""]}",00085247,1e1c808489aac227604e5b4bdedce1c31cea494e38f81de20b5a1b1585986363,https://pdf.hres.ca/dpd_pm/00085247.PDF,00085400,15ce9c4e5af42e0f9a81216334fa40378a0bc4b98ca0ff3883faf78a1a3ea1a6,https://pdf.hres.ca/dpd_pm/00085400.PDF,passed,passed,passed,pending,pending,pending,,,
pm_product_9f01d1bb18a0701725c7,hc_dpd_c35ca9ad296f9754,TRUMENBA,PFIZER CANADA ULC,heldout,multi_ingredient,parenteral,"[""95723""]","[""02468751""]","{""brand_name"":""TRUMENBA"",""active_ingredients"":[{""name"":""NEISSERIA MENINGITIDIS GRP B RECOMBINANT LIPOPROTEIN 2086 SUBFAMILY A"",""strength"":60,""unit"":""MCG""},{""name"":""NEISSERIA MENINGITIDIS GRP B RECOMBINANT LIPOPROTEIN 2086 SUBFAMILY B"",""strength"":60,""unit"":""MCG""}],""dosage_forms"":[""SUSPENSION""],""routes"":[""INTRAMUSCULAR""]}","{""brand_name"":""TRUMENBA"",""active_ingredients"":[{""name"":""Lipoprotéine 2086 recombinante, sous-famille A de Neisseria meningitidis grpe B"",""strength"":60,""unit"":""MCG""},{""name"":""Lipoprotéine 2086 recombinante, sous-famille B de Neisseria meningitidis grpe B"",""strength"":60,""unit"":""MCG""}],""dosage_forms"":[""Suspension""],""routes"":[""Intramusculaire""]}",00067771,4208e1ef142fb6e251161efe5f4a76932c5c58bd41efd0b69d495fa676c36cf6,https://pdf.hres.ca/dpd_pm/00067771.PDF,00068120,cb86514e2804c5219d263e230e7e51a61624d031bfd91af0e77cd9c908edcd26,https://pdf.hres.ca/dpd_pm/00068120.PDF,passed,passed,passed,pending,pending,pending,,,
pm_product_8757eb06fdc25242add2,hc_dpd_c3bdaf46ee6dcc7c,PMS-PREDNISOLONE,PHARMASCIENCE INC,heldout,single_ingredient,oral,"[""69619""]","[""02245532""]","{""brand_name"":""PMS-PREDNISOLONE"",""active_ingredients"":[{""name"":""PREDNISOLONE"",""strength"":5,""unit"":""MG""}],""dosage_forms"":[""SOLUTION""],""routes"":[""ORAL""]}","{""brand_name"":""PMS-PREDNISOLONE"",""active_ingredients"":[{""name"":""Prednisolone"",""strength"":5,""unit"":""MG""}],""dosage_forms"":[""Solution""],""routes"":[""Orale""]}",00075127,992da64f72dce674fdadde56eceba265fb5fef8e7c55d3990d0514d3d791a124,https://pdf.hres.ca/dpd_pm/00075127.PDF,00075359,3e2baa89d39ad5aa9c9769a6dcedc57d84cf15b50797239041b9c209d551ceb4,https://pdf.hres.ca/dpd_pm/00075359.PDF,passed,passed,passed,pending,pending,pending,,,
pm_product_93fda8d7964dbb283e81,hc_dpd_c452121698d8eedf,SANDOZ PRAMIPEXOLE,SANDOZ CANADA INCORPORATED,heldout,multi_variant,oral,"[""80080"",""80081"",""80082"",""80083""]","[""02315262"",""02315270"",""02315289"",""02315297""]","{""brand_name"":""SANDOZ PRAMIPEXOLE"",""active_ingredients"":[{""name"":""PRAMIPEXOLE DIHYDROCHLORIDE MONOHYDRATE"",""strength"":0.25,""unit"":""MG""},{""name"":""PRAMIPEXOLE DIHYDROCHLORIDE MONOHYDRATE"",""strength"":0.5,""unit"":""MG""},{""name"":""PRAMIPEXOLE DIHYDROCHLORIDE MONOHYDRATE"",""strength"":1,""unit"":""MG""},{""name"":""PRAMIPEXOLE DIHYDROCHLORIDE MONOHYDRATE"",""strength"":1.5,""unit"":""MG""}],""dosage_forms"":[""TABLET""],""routes"":[""ORAL""]}","{""brand_name"":""SANDOZ PRAMIPEXOLE"",""active_ingredients"":[{""name"":""Dichlorhydrate de pramipexole monohydraté"",""strength"":0.25,""unit"":""MG""},{""name"":""Dichlorhydrate de pramipexole monohydraté"",""strength"":0.5,""unit"":""MG""},{""name"":""Dichlorhydrate de pramipexole monohydraté"",""strength"":1,""unit"":""MG""},{""name"":""Dichlorhydrate de pramipexole monohydraté"",""strength"":1.5,""unit"":""MG""}],""dosage_forms"":[""Comprimé""],""routes"":[""Orale""]}",00076192,c0976cd0bebac21ad7624621036c53b63da3101dc7364711cd46c232f197cb0c,https://pdf.hres.ca/dpd_pm/00076192.PDF,00076365,a177e840f3cfb36bb867e7f0d687cf20651b45601363cd0d3819f2c18f925389,https://pdf.hres.ca/dpd_pm/00076365.PDF,passed,passed,passed,pending,pending,pending,,,
pm_product_03b163229d18e979d2fa,hc_dpd_c709fa934174bec8,ELOCOM,ORGANON CANADA INC.,heldout,multi_variant,topical,"[""11444"",""11196"",""11443""]","[""00851736"",""00851744"",""00871095""]","{""brand_name"":""ELOCOM"",""active_ingredients"":[{""name"":""MOMETASONE FUROATE"",""strength"":0.1,""unit"":""%""}],""dosage_forms"":[""CREAM"",""LOTION"",""OINTMENT""],""routes"":[""TOPICAL""]}","{""brand_name"":""ELOCOM"",""active_ingredients"":[{""name"":""Furoate de mométasone"",""strength"":0.1,""unit"":""%""}],""dosage_forms"":[""Crème"",""Lotion"",""Pommade""],""routes"":[""Topique""]}",00081816,5456660d677d7a86dac08e02b1f3f081d7cf27ad28585ae4631d47ae27473c04,https://pdf.hres.ca/dpd_pm/00081816.PDF,00082091,be1e2dfab0d3388be99068ad65ac1cd9e10dc551cd69acc06140aab5ba51e65a,https://pdf.hres.ca/dpd_pm/00082091.PDF,passed,passed,passed,pending,pending,pending,,,
pm_product_af57a45d2cc0f6e64a7d,hc_dpd_c791918a17ee5a36,APO-FLUCONAZOLE-150,APOTEX INC,heldout,single_ingredient,oral,"[""65565""]","[""02241895""]","{""brand_name"":""APO-FLUCONAZOLE-150"",""active_ingredients"":[{""name"":""FLUCONAZOLE"",""strength"":150,""unit"":""MG""}],""dosage_forms"":[""CAPSULE""],""routes"":[""ORAL""]}","{""brand_name"":""APO-FLUCONAZOLE-150"",""active_ingredients"":[{""name"":""Fluconazole"",""strength"":150,""unit"":""MG""}],""dosage_forms"":[""Capsule""],""routes"":[""Orale""]}",00072918,bf38c1e29610aab77f9bd7ee9df792fe8bc29f4e89449311952093de632aa1c5,https://pdf.hres.ca/dpd_pm/00072918.PDF,00073003,2ccddaf9b4f917676cc7decbc11a4c3d7ec2e66afa570e5258373e10a2f398ca,https://pdf.hres.ca/dpd_pm/00073003.PDF,passed,passed,passed,pending,pending,pending,,,
pm_product_c54e07e288e7ef1fb7c5,hc_dpd_c84c12fc4132fe68,CLARITIN KIDS,BAYER INC,heldout,single_ingredient,oral,"[""65175""]","[""02241523""]","{""brand_name"":""CLARITIN KIDS"",""active_ingredients"":[{""name"":""LORATADINE"",""strength"":5,""unit"":""MG""}],""dosage_forms"":[""SYRUP""],""routes"":[""ORAL""]}","{""brand_name"":""CLARITIN POUR ENFANTS"",""active_ingredients"":[{""name"":""Loratadine"",""strength"":5,""unit"":""MG""}],""dosage_forms"":[""Sirop""],""routes"":[""Orale""]}",00058978,fb1fa7b17b5dfba96898ba3e79433ec70bc52fcfcda4d8f6190ff4402e824216,https://pdf.hres.ca/dpd_pm/00058978.PDF,00058979,36df64d34875329c3dd521b95d5ad28311eb935a951281e18269bdd965644dcc,https://pdf.hres.ca/dpd_pm/00058979.PDF,passed,passed,passed,pending,pending,pending,,,
pm_product_ed9bf2f2c9d080f8a415,hc_dpd_c8e96c44873b5890,REDDY-CLOBETASOL SHAMPOO,DR. REDDY'S LABORATORIES CANADA INC.,development,single_ingredient,topical,"[""100870""]","[""02519437""]","{""brand_name"":""REDDY-CLOBETASOL SHAMPOO"",""active_ingredients"":[{""name"":""CLOBETASOL PROPIONATE"",""strength"":0.05,""unit"":""%""}],""dosage_forms"":[""SHAMPOO""],""routes"":[""TOPICAL""]}","{""brand_name"":""Shampoing Reddy-Clobétasol"",""active_ingredients"":[{""name"":""Propionate de clobétasol"",""strength"":0.05,""unit"":""%""}],""dosage_forms"":[""Shampoing""],""routes"":[""Topique""]}",00068832,af08143c0d740a1d7d166fd7de11b261af62ba6b26df9b54cb1e746f1c9c6271,https://pdf.hres.ca/dpd_pm/00068832.PDF,00069062,1aebff8b4f8b3e36e0ed956fb6944afb3dd9a375d890521b60332dd9d02d920e,https://pdf.hres.ca/dpd_pm/00069062.PDF,passed,passed,passed,pending,pending,pending,,,
pm_product_5b81e491002c7af6a16e,hc_dpd_c969519115e21ee6,ACET 120,PENDOPHARM DIVISION OF PHARMASCIENCE INC,heldout,single_ingredient,other,"[""49357""]","[""02230434""]","{""brand_name"":""ACET 120"",""active_ingredients"":[{""name"":""ACETAMINOPHEN"",""strength"":120,""unit"":""MG""}],""dosage_forms"":[""SUPPOSITORY""],""routes"":[""RECTAL""]}","{""brand_name"":""ACET 120"",""active_ingredients"":[{""name"":""Acétaminophène"",""strength"":120,""unit"":""MG""}],""dosage_forms"":[""Suppositoire""],""routes"":[""Rectale""]}",00067036,db45352e1a4c95ef7a542ddbd15af44118db1584fef4e3c4b92a35af886bd93e,https://pdf.hres.ca/dpd_pm/00067036.PDF,00067221,09502aa78a03367c2bf3235988f0dd23a9082a6ebbd76b04ab1e4a2f2936a2a7,https://pdf.hres.ca/dpd_pm/00067221.PDF,passed,passed,passed,pending,pending,pending,,,
pm_product_122234485b09e24c35f1,hc_dpd_cc27fef0e308f16f,FAMOTIDINE,SIVEM PHARMACEUTICALS ULC,heldout,multi_variant,oral,"[""103798"",""103799""]","[""02549107"",""02549115""]","{""brand_name"":""FAMOTIDINE"",""active_ingredients"":[{""name"":""FAMOTIDINE"",""strength"":20,""unit"":""MG""},{""name"":""FAMOTIDINE"",""strength"":40,""unit"":""MG""}],""dosage_forms"":[""TABLET""],""routes"":[""ORAL""]}","{""brand_name"":""FAMOTIDINE"",""active_ingredients"":[{""name"":""Famotidine"",""strength"":20,""unit"":""MG""},{""name"":""Famotidine"",""strength"":40,""unit"":""MG""}],""dosage_forms"":[""Comprimé""],""routes"":[""Orale""]}",00076104,7e9fa76e191ea885bb394d75e5b1e7598060f1a2aaef4301dcaf0de35db0b60a,https://pdf.hres.ca/dpd_pm/00076104.PDF,00076105,7fd082bb3b15f0a6a9ea11446819afa727d759d1f8af9c95e0cb023bb9f58ec2,https://pdf.hres.ca/dpd_pm/00076105.PDF,passed,passed,passed,pending,pending,pending,,,
pm_product_be8fdde78f3c558c164d,hc_dpd_cc2ab640bb2df611,MAXIDEX,NOVARTIS PHARMACEUTICALS CANADA INC,heldout,multi_variant,ophthalmic_or_otic,"[""2620"",""4591""]","[""00042560"",""00042579""]","{""brand_name"":""MAXIDEX"",""active_ingredients"":[{""name"":""DEXAMETHASONE"",""strength"":0.1,""unit"":""%""}],""dosage_forms"":[""OINTMENT"",""SUSPENSION""],""routes"":[""OPHTHALMIC""]}","{""brand_name"":""MAXIDEX"",""active_ingredients"":[{""name"":""Dexaméthasone"",""strength"":0.1,""unit"":""%""}],""dosage_forms"":[""Pommade"",""Suspension""],""routes"":[""Ophtalmique""]}",00072175,40763ed6c41aa81dc28a10dac4fbcafaed8034975de43346386a22a466b96170,https://pdf.hres.ca/dpd_pm/00072175.PDF,00072176,0aa3dd996425309902e47b23194db726103b458b7dbf7c05d46a681e18b1e63d,https://pdf.hres.ca/dpd_pm/00072176.PDF,passed,passed,passed,pending,pending,pending,,,
pm_product_943491f645b408379dd6,hc_dpd_cd09c04272dd831f,TOLAK,HILL DERMACEUTICALS INC,heldout,single_ingredient,topical,"[""97559""]","[""02485346""]","{""brand_name"":""TOLAK"",""active_ingredients"":[{""name"":""FLUOROURACIL"",""strength"":4,""unit"":""%""}],""dosage_forms"":[""CREAM""],""routes"":[""TOPICAL""]}","{""brand_name"":""TOLAK"",""active_ingredients"":[{""name"":""Fluorouracil"",""strength"":4,""unit"":""%""}],""dosage_forms"":[""Crème""],""routes"":[""Topique""]}",00049486,b0752e9daae4f9c157b411d5cf57181a726b93ce836c0bc0c9fd818ca0fae37c,https://pdf.hres.ca/dpd_pm/00049486.PDF,00049728,8b43188e31f05ac61a642e2cef05e2846d1f12a93c44f8017528022aa51d1fe3,https://pdf.hres.ca/dpd_pm/00049728.PDF,passed,passed,passed,pending,pending,pending,,,
pm_product_df9c77068691aa60b60d,hc_dpd_cdc8e15d496fb074,MYLAN-AMLODIPINE/ATORVASTATIN,MYLAN PHARMACEUTICALS ULC,heldout,multi_ingredient_multi_variant,oral,"[""84775"",""84776"",""84777"",""84778"",""84779"",""84780"",""84781"",""84782""]","[""02362759"",""02362767"",""02362775"",""02362783"",""02362791"",""02362805"",""02362813"",""02362821""]","{""brand_name"":""MYLAN-AMLODIPINE/ATORVASTATIN"",""active_ingredients"":[{""name"":""AMLODIPINE"",""strength"":5,""unit"":""MG""},{""name"":""AMLODIPINE"",""strength"":10,""unit"":""MG""},{""name"":""ATORVASTATIN"",""strength"":10,""unit"":""MG""},{""name"":""ATORVASTATIN"",""strength"":20,""unit"":""MG""},{""name"":""ATORVASTATIN"",""strength"":40,""unit"":""MG""},{""name"":""ATORVASTATIN"",""strength"":80,""unit"":""MG""}],""dosage_forms"":[""TABLET""],""routes"":[""ORAL""]}","{""brand_name"":""MYLAN-AMLODIPINE/ATORVASTATIN"",""active_ingredients"":[{""name"":""Amlodipine"",""strength"":5,""unit"":""MG""},{""name"":""Amlodipine"",""strength"":10,""unit"":""MG""},{""name"":""Atorvastatine"",""strength"":10,""unit"":""MG""},{""name"":""Atorvastatine"",""strength"":20,""unit"":""MG""},{""name"":""Atorvastatine"",""strength"":40,""unit"":""MG""},{""name"":""Atorvastatine"",""strength"":80,""unit"":""MG""}],""dosage_forms"":[""Comprimé""],""routes"":[""Orale""]}",00083679,f8f4c54047f8e1ea1a128bf42eddb0a09f264f317c444ade0ba9610a0a5cd397,https://pdf.hres.ca/dpd_pm/00083679.PDF,00083680,491f27e82fbe10af52ef849f545dbfec54fe709c00662b9f8361554cf4ce4b1d,https://pdf.hres.ca/dpd_pm/00083680.PDF,passed,passed,passed,pending,pending,pending,,,
pm_product_a1e09de0b58f0afc6fb1,hc_dpd_ce8c2274074c61e1,ORO CLEAR,GERMIPHENE CORPORATION,development,single_ingredient,other,"[""77648""]","[""02291096""]","{""brand_name"":""ORO CLEAR"",""active_ingredients"":[{""name"":""CHLORHEXIDINE GLUCONATE"",""strength"":0.12,""unit"":""%""}],""dosage_forms"":[""MOUTHWASH""],""routes"":[""ORAL""]}","{""brand_name"":""ORO CLEAR"",""active_ingredients"":[{""name"":""Gluconate de chlorhexidine"",""strength"":0.12,""unit"":""%""}],""dosage_forms"":[""Rince-bouche""],""routes"":[""Buccale""]}",00032528,172c8ceef079a401b2583b5b747788d53d712ea78621c8b58256108cf26e3c46,https://pdf.hres.ca/dpd_pm/00032528.PDF,00032623,0c0082807613618970bd170c9b2b27f84c0cace3d0808f8520b17ffaec962ca1,https://pdf.hres.ca/dpd_pm/00032623.PDF,passed,passed,passed,pending,pending,pending,,,
pm_product_45970ffc427ccc2dfbe0,hc_dpd_d0236101a6b99c56,INOMAX,INO THERAPEUTICS,heldout,single_ingredient,inhaled_or_nasal,"[""75619""]","[""02270846""]","{""brand_name"":""INOMAX"",""active_ingredients"":[{""name"":""NITRIC OXIDE"",""strength"":800,""unit"":""PPM""}],""dosage_forms"":[""GAS""],""routes"":[""INHALATION""]}","{""brand_name"":""INOMAX"",""active_ingredients"":[{""name"":""Monoxyde d'azote"",""strength"":800,""unit"":""PPM""}],""dosage_forms"":[""Gaz""],""routes"":[""Inhalation""]}",00084302,56a210e69ac0415ff7e5da9d89643673ae8b5c3af45c1a796f5d050da720b2b7,https://pdf.hres.ca/dpd_pm/00084302.PDF,00084643,d233559ec1a894be42050a786ae1128796b60523cb16e585e40d09e71a25555d,https://pdf.hres.ca/dpd_pm/00084643.PDF,passed,passed,passed,pending,pending,pending,,,
pm_product_c4bb1b8b1d8903c82b04,hc_dpd_d099fad485e70da1,SODIUM BICARBONATE INJECTION USP,JAMP PHARMA CORPORATION,heldout,single_ingredient,parenteral,"[""100560""]","[""02516225""]","{""brand_name"":""SODIUM BICARBONATE INJECTION USP"",""active_ingredients"":[{""name"":""SODIUM BICARBONATE"",""strength"":84,""unit"":""MG""}],""dosage_forms"":[""SOLUTION""],""routes"":[""INTRAVENOUS""]}","{""brand_name"":""BICARBONATE DE SODIUM POUR INJECTION USP"",""active_ingredients"":[{""name"":""Bicarbonate de sodium"",""strength"":84,""unit"":""MG""}],""dosage_forms"":[""Solution""],""routes"":[""Intraveineuse""]}",00061059,df0b6a28c00bcf0c653577afac8e49b67c5a7f11a4178e84023e1c006672d3e8,https://pdf.hres.ca/dpd_pm/00061059.PDF,00063132,000db1518cc923da28f0b445d30b5f2d1496ba53b076827b8b37ca6cc11c0604,https://pdf.hres.ca/dpd_pm/00063132.PDF,passed,passed,passed,pending,pending,pending,,,
pm_product_738468af830bbe8fb9f3,hc_dpd_d1f32183370b0a73,EDARBYCLOR,"BAUSCH HEALTH, CANADA INC.",heldout,multi_ingredient_multi_variant,oral,"[""88267"",""88269""]","[""02397749"",""02397765""]","{""brand_name"":""EDARBYCLOR"",""active_ingredients"":[{""name"":""AZILSARTAN MEDOXOMIL"",""strength"":40,""unit"":""MG""},{""name"":""CHLORTHALIDONE"",""strength"":12.5,""unit"":""MG""},{""name"":""CHLORTHALIDONE"",""strength"":25,""unit"":""MG""}],""dosage_forms"":[""TABLET""],""routes"":[""ORAL""]}","{""brand_name"":""EDARBYCLOR"",""active_ingredients"":[{""name"":""Azilsartan Médoxomil"",""strength"":40,""unit"":""MG""},{""name"":""Chlorthalidone"",""strength"":12.5,""unit"":""MG""},{""name"":""Chlorthalidone"",""strength"":25,""unit"":""MG""}],""dosage_forms"":[""Comprimé""],""routes"":[""Orale""]}",00082176,6ae606362b83666f83565a7e74d14c0fd88eee43c4ecb8efce43ac064f1ad94a,https://pdf.hres.ca/dpd_pm/00082176.PDF,00085129,591afa8cc7a5861bf13eb4a4fa21dcc8580bd52557f19e4acf8bdc8b7e54fe97,https://pdf.hres.ca/dpd_pm/00085129.PDF,passed,passed,passed,pending,pending,pending,,,
pm_product_d98c7e6c17655687d48b,hc_dpd_d56491f43e6d2377,BRILINTA,ASTRAZENECA CANADA INC,development,multi_variant,oral,"[""85352"",""94181""]","[""02368544"",""02455005""]","{""brand_name"":""BRILINTA"",""active_ingredients"":[{""name"":""TICAGRELOR"",""strength"":60,""unit"":""MG""},{""name"":""TICAGRELOR"",""strength"":90,""unit"":""MG""}],""dosage_forms"":[""TABLET""],""routes"":[""ORAL""]}","{""brand_name"":""BRILINTA"",""active_ingredients"":[{""name"":""Ticagrélor"",""strength"":60,""unit"":""MG""},{""name"":""Ticagrélor"",""strength"":90,""unit"":""MG""}],""dosage_forms"":[""Comprimé""],""routes"":[""Orale""]}",00083390,bcdf74e5c9808d92de9ee719467a8083617228a8d69c8204354714957de23963,https://pdf.hres.ca/dpd_pm/00083390.PDF,00083672,f9b08b04be830d8b2d62abb2c6aa30495e4cfba4781920203ee837b46cf06ffe,https://pdf.hres.ca/dpd_pm/00083672.PDF,passed,passed,passed,pending,pending,pending,,,
pm_product_7b97fadc79941d952057,hc_dpd_d793fa9756754dec,SANDOZ FLUOROMETHOLONE,SANDOZ CANADA INCORPORATED,heldout,single_ingredient,ophthalmic_or_otic,"[""42778""]","[""00432814""]","{""brand_name"":""SANDOZ FLUOROMETHOLONE"",""active_ingredients"":[{""name"":""FLUOROMETHOLONE"",""strength"":0.1,""unit"":""%""}],""dosage_forms"":[""SUSPENSION""],""routes"":[""OPHTHALMIC""]}","{""brand_name"":""SANDOZ FLUOROMETHOLONE"",""active_ingredients"":[{""name"":""Fluorométholone"",""strength"":0.1,""unit"":""%""}],""dosage_forms"":[""Suspension""],""routes"":[""Ophtalmique""]}",00016856,55244ed612cd322ad37dc4997ebae508a4538f9b6ed3d12c71aaecfca161e1a0,https://pdf.hres.ca/dpd_pm/00016856.PDF,00026390,17b51360e4eda7ae03fcf3b389a0a723138c0f9f2120eb1f9e99bf37c6929fd5,https://pdf.hres.ca/dpd_pm/00026390.PDF,passed,passed,passed,pending,pending,pending,,,
pm_product_51cd97626423776ad48f,hc_dpd_d8f5db885f46fa2d,AURO-PROGESTERONE,AURO PHARMA INC,development,single_ingredient,oral,"[""98357""]","[""02493578""]","{""brand_name"":""AURO-PROGESTERONE"",""active_ingredients"":[{""name"":""PROGESTERONE"",""strength"":100,""unit"":""MG""}],""dosage_forms"":[""CAPSULE""],""routes"":[""ORAL""]}","{""brand_name"":""AURO-PROGESTERONE"",""active_ingredients"":[{""name"":""Progestérone"",""strength"":100,""unit"":""MG""}],""dosage_forms"":[""Capsule""],""routes"":[""Orale""]}",00083780,6193543ce68f066a0a50cff1fc15776514809e733db95ce3bc828dd5c2e1ff69,https://pdf.hres.ca/dpd_pm/00083780.PDF,00083972,d29c3aeea484d91f7dc108ff8256fb12e70732dce8c49b14a9d408e40ed6bfde,https://pdf.hres.ca/dpd_pm/00083972.PDF,passed,passed,passed,pending,pending,pending,,,
pm_product_ddb0b0454aba6c568218,hc_dpd_d98a09e572e983d5,SIMBRINZA,NOVARTIS PHARMACEUTICALS CANADA INC,heldout,multi_ingredient,ophthalmic_or_otic,"[""91973""]","[""02435411""]","{""brand_name"":""SIMBRINZA"",""active_ingredients"":[{""name"":""BRIMONIDINE TARTRATE"",""strength"":0.2,""unit"":""%""},{""name"":""BRINZOLAMIDE"",""strength"":1,""unit"":""%""}],""dosage_forms"":[""SUSPENSION""],""routes"":[""OPHTHALMIC""]}","{""brand_name"":""SIMBRINZA"",""active_ingredients"":[{""name"":""Brinzolamide"",""strength"":1,""unit"":""%""},{""name"":""Tartrate de brimonidine"",""strength"":0.2,""unit"":""%""}],""dosage_forms"":[""Suspension""],""routes"":[""Ophtalmique""]}",00068869,8822f034518cd78163f9da41fb665e90245af813387f15d1e89b4c4ed5c2975c,https://pdf.hres.ca/dpd_pm/00068869.PDF,00069151,7aa3bd88cba89570dcfa75836b7a698593664d07b4edc41e3735833899fb63ae,https://pdf.hres.ca/dpd_pm/00069151.PDF,passed,passed,passed,pending,pending,pending,,,
pm_product_7ff1e6a7470dc5ee9494,hc_dpd_d98eb0afeeb72237,SUDAFED SINUS ADVANCE,KENVUE CANADA INC.,development,multi_ingredient,oral,"[""65897""]","[""02242217""]","{""brand_name"":""SUDAFED SINUS ADVANCE"",""active_ingredients"":[{""name"":""IBUPROFEN"",""strength"":200,""unit"":""MG""},{""name"":""PSEUDOEPHEDRINE HYDROCHLORIDE"",""strength"":30,""unit"":""MG""}],""dosage_forms"":[""TABLET""],""routes"":[""ORAL""]}","{""brand_name"":""SUDAFED SINUS PLUS"",""active_ingredients"":[{""name"":""Chlorhydrate de pseudoéphédrine"",""strength"":30,""unit"":""MG""},{""name"":""Ibuprofène"",""strength"":200,""unit"":""MG""}],""dosage_forms"":[""Comprimé""],""routes"":[""Orale""]}",00084731,dbccfe2574ecc7985d9188de790f8213296039c75732ac4b4f4094504e131156,https://pdf.hres.ca/dpd_pm/00084731.PDF,00084732,b2d933aa02bd9f41afeb35c99b03310e49605145fb29367e29e224f74a99f7d8,https://pdf.hres.ca/dpd_pm/00084732.PDF,passed,passed,passed,pending,pending,pending,,,
pm_product_ee88e0d197b90b6e8875,hc_dpd_da0bc262c3bc6472,XERESE,"BAUSCH HEALTH, CANADA INC.",heldout,multi_ingredient,topical,"[""88879""]","[""02404044""]","{""brand_name"":""XERESE"",""active_ingredients"":[{""name"":""ACYCLOVIR"",""strength"":5,""unit"":""%""},{""name"":""HYDROCORTISONE"",""strength"":1,""unit"":""%""}],""dosage_forms"":[""CREAM""],""routes"":[""TOPICAL""]}","{""brand_name"":""XERESE"",""active_ingredients"":[{""name"":""Acyclovir"",""strength"":5,""unit"":""%""},{""name"":""Hydrocortisone"",""strength"":1,""unit"":""%""}],""dosage_forms"":[""Crème""],""routes"":[""Topique""]}",00059480,d085b49121a387e58b52b73614c3852c1c0e23aff72a8e158c295ad4735e30dc,https://pdf.hres.ca/dpd_pm/00059480.PDF,00083464,8c6ccbfd11261d6889e9bfde6bfacf9cbaf1eae5addda817b64853436801da49,https://pdf.hres.ca/dpd_pm/00083464.PDF,passed,passed,passed,pending,pending,pending,,,
pm_product_49bd7463f2d0690b10fb,hc_dpd_dafdf1c71fef5967,FLUMAZENIL INJECTION,SANDOZ CANADA INCORPORATED,development,single_ingredient,parenteral,"[""73439""]","[""02249561""]","{""brand_name"":""FLUMAZENIL INJECTION"",""active_ingredients"":[{""name"":""FLUMAZENIL"",""strength"":0.1,""unit"":""MG""}],""dosage_forms"":[""SOLUTION""],""routes"":[""INTRAVENOUS""]}","{""brand_name"":""FLUMAZENIL INJECTION"",""active_ingredients"":[{""name"":""Flumazénil"",""strength"":0.1,""unit"":""MG""}],""dosage_forms"":[""Solution""],""routes"":[""Intraveineuse""]}",00013407,691254c9888dccb0a59cc69565b5287d789dd51b31fd30d9094869e43bcf3f2b,https://pdf.hres.ca/dpd_pm/00013407.PDF,00019841,4fdd4851d1db238bb4b23357d5f906437177a7e70e08ca7449c0540ecdffe9d3,https://pdf.hres.ca/dpd_pm/00019841.PDF,passed,passed,passed,pending,pending,pending,,,
pm_product_e3c754f2d4e41a56df03,hc_dpd_dcf77f4dbfed12b5,RYBREVANT,JANSSEN INC,heldout,single_ingredient,parenteral,"[""101529""]","[""02526182""]","{""brand_name"":""RYBREVANT"",""active_ingredients"":[{""name"":""AMIVANTAMAB"",""strength"":350,""unit"":""MG""}],""dosage_forms"":[""SOLUTION""],""routes"":[""INTRAVENOUS""]}","{""brand_name"":""RYBREVANT"",""active_ingredients"":[{""name"":""Amivantamab"",""strength"":350,""unit"":""MG""}],""dosage_forms"":[""Solution""],""routes"":[""Intraveineuse""]}",00085107,5a30bceb1096c846a274ad17c0a990038b4bb6ec5573c96c7dcaa02a7061ae8a,https://pdf.hres.ca/dpd_pm/00085107.PDF,00085652,3cc873057b5fdc8f14ac1840912c3e4af4e1bf78372526bbfa5018d57d6c4a18,https://pdf.hres.ca/dpd_pm/00085652.PDF,passed,passed,passed,pending,pending,pending,,,
pm_product_5ec60751173f9fefdd2b,hc_dpd_e2756ab087d7a22b,BUPIVACAINE HYDROCHLORIDE IN DEXTROSE INJECTION USP,FORMATIVE PHARMA INC.,development,single_ingredient,other,"[""102546""]","[""02536714""]","{""brand_name"":""BUPIVACAINE HYDROCHLORIDE IN DEXTROSE INJECTION USP"",""active_ingredients"":[{""name"":""BUPIVACAINE HYDROCHLORIDE"",""strength"":7.5,""unit"":""MG""}],""dosage_forms"":[""SOLUTION""],""routes"":[""SPINAL""]}","{""brand_name"":""BUPIVACAINE HYDROCHLORIDE IN DEXTROSE INJECTION USP"",""active_ingredients"":[{""name"":""Chlorhydrate de bupivacaïne"",""strength"":7.5,""unit"":""MG""}],""dosage_forms"":[""Solution""],""routes"":[""Rachidienne""]}",00070075,91c62d21b22fcb7db1b0357f7af95610759bf3c74e8ad505a5a55748166baf57,https://pdf.hres.ca/dpd_pm/00070075.PDF,00070363,0cd16a4c03030253177fdc0051990449f312a499ba84c714adf371d2247b2b61,https://pdf.hres.ca/dpd_pm/00070363.PDF,passed,passed,passed,pending,pending,pending,,,
pm_product_6d5bb9fc5e3e4c97e1b3,hc_dpd_e39b85faf09255f6,RIVA-TELMISARTAN/AMLODIPINE,LABORATOIRE RIVA INC.,heldout,multi_ingredient_multi_variant,oral,"[""106296"",""106297"",""106298"",""106299""]","[""02559854"",""02559862"",""02559870"",""02559889""]","{""brand_name"":""RIVA-TELMISARTAN/AMLODIPINE"",""active_ingredients"":[{""name"":""AMLODIPINE"",""strength"":5,""unit"":""MG""},{""name"":""AMLODIPINE"",""strength"":10,""unit"":""MG""},{""name"":""TELMISARTAN"",""strength"":40,""unit"":""MG""},{""name"":""TELMISARTAN"",""strength"":80,""unit"":""MG""}],""dosage_forms"":[""TABLET""],""routes"":[""ORAL""]}","{""brand_name"":""RIVA-TELMISARTAN/AMLODIPINE"",""active_ingredients"":[{""name"":""Amlodipine"",""strength"":5,""unit"":""MG""},{""name"":""Amlodipine"",""strength"":10,""unit"":""MG""},{""name"":""Telmisartan"",""strength"":40,""unit"":""MG""},{""name"":""Telmisartan"",""strength"":80,""unit"":""MG""}],""dosage_forms"":[""Comprimé""],""routes"":[""Orale""]}",00081264,2347205da3d534f699d8e00384d5d22ca09ebc1b680133049811188595b6d204,https://pdf.hres.ca/dpd_pm/00081264.PDF,00081959,9c56c8ace574124db8712ab96c2b01a7c994985820b025158c0e461c8e28797e,https://pdf.hres.ca/dpd_pm/00081959.PDF,passed,passed,passed,pending,pending,pending,,,
pm_product_a496f82cd6e3c92cb54d,hc_dpd_e3e74722c86d8f79,TEVA-LENOLTEC NO. 1,TEVA CANADA LIMITED,heldout,multi_ingredient,oral,"[""6763""]","[""00653233""]","{""brand_name"":""TEVA-LENOLTEC NO. 1"",""active_ingredients"":[{""name"":""ACETAMINOPHEN"",""strength"":300,""unit"":""MG""},{""name"":""CAFFEINE"",""strength"":15,""unit"":""MG""},{""name"":""CODEINE PHOSPHATE"",""strength"":8,""unit"":""MG""}],""dosage_forms"":[""TABLET""],""routes"":[""ORAL""]}","{""brand_name"":""TEVA-LENOLTEC NO. 1"",""active_ingredients"":[{""name"":""Acétaminophène"",""strength"":300,""unit"":""MG""},{""name"":""Caféine"",""strength"":15,""unit"":""MG""},{""name"":""Phosphate de codéine"",""strength"":8,""unit"":""MG""}],""dosage_forms"":[""Comprimé""],""routes"":[""Orale""]}",00073308,40beef3616eff1a2aca006381d248b3bf4d0839b527104b0ab9f7a407403fa0b,https://pdf.hres.ca/dpd_pm/00073308.PDF,00068473,985432a2255a2168951aadedc6783c322c4a4f2659b5f5a3bc194e4dc2887af0,https://pdf.hres.ca/dpd_pm/00068473.PDF,passed,passed,passed,pending,pending,pending,,,
pm_product_e7edf10ab1d3f0a7094b,hc_dpd_e4c13ba9702f3c54,HYQVIA,TAKEDA CANADA INC,heldout,multi_ingredient_multi_variant,parenteral,"[""101339"",""101340"",""101341"",""101342"",""101343""]","[""02524368"",""02524376"",""02524384"",""02524392"",""02524406""]","{""brand_name"":""HYQVIA"",""active_ingredients"":[{""name"":""HYALURONIDASE"",""strength"":200,""unit"":""UNIT""},{""name"":""HYALURONIDASE"",""strength"":400,""unit"":""UNIT""},{""name"":""HYALURONIDASE"",""strength"":800,""unit"":""UNIT""},{""name"":""HYALURONIDASE"",""strength"":1600,""unit"":""UNIT""},{""name"":""HYALURONIDASE"",""strength"":2400,""unit"":""UNIT""},{""name"":""IMMUNOGLOBULIN"",""strength"":2.5,""unit"":""G""},{""name"":""IMMUNOGLOBULIN"",""strength"":5,""unit"":""G""},{""name"":""IMMUNOGLOBULIN"",""strength"":10,""unit"":""G""},{""name"":""IMMUNOGLOBULIN"",""strength"":20,""unit"":""G""},{""name"":""IMMUNOGLOBULIN"",""strength"":30,""unit"":""G""}],""dosage_forms"":[""SOLUTION""],""routes"":[""SUBCUTANEOUS""]}","{""brand_name"":""HYQVIA"",""active_ingredients"":[{""name"":""Hyaluronidase"",""strength"":200,""unit"":""Unité""},{""name"":""Hyaluronidase"",""strength"":400,""unit"":""Unité""},{""name"":""Hyaluronidase"",""strength"":800,""unit"":""Unité""},{""name"":""Hyaluronidase"",""strength"":1600,""unit"":""Unité""},{""name"":""Hyaluronidase"",""strength"":2400,""unit"":""Unité""},{""name"":""Immunoglobuline"",""strength"":2.5,""unit"":""G""},{""name"":""Immunoglobuline"",""strength"":5,""unit"":""G""},{""name"":""Immunoglobuline"",""strength"":10,""unit"":""G""},{""name"":""Immunoglobuline"",""strength"":20,""unit"":""G""},{""name"":""Immunoglobuline"",""strength"":30,""unit"":""G""}],""dosage_forms"":[""Solution""],""routes"":[""Sous-cutanée""]}",00078879,a1d0e4df10c87f233228c7800b8d54d4d4b367550ad5449a4a196ba689120ea5,https://pdf.hres.ca/dpd_pm/00078879.PDF,00080122,b3f9a0fb936e18cefee1c4cee9e53e05ee09dbcf5e957174d2c4fa40935b43e1,https://pdf.hres.ca/dpd_pm/00080122.PDF,passed,passed,passed,pending,pending,pending,,,
pm_product_ef8c18ba66d269f3c4a8,hc_dpd_e5a069d0814df86b,OPDUALAG,BRISTOL-MYERS SQUIBB CANADA,heldout,multi_ingredient,parenteral,"[""103005""]","[""02541416""]","{""brand_name"":""OPDUALAG"",""active_ingredients"":[{""name"":""NIVOLUMAB"",""strength"":240,""unit"":""MG""},{""name"":""RELATLIMAB"",""strength"":80,""unit"":""MG""}],""dosage_forms"":[""SOLUTION""],""routes"":[""INTRAVENOUS""]}","{""brand_name"":""OPDUALAG"",""active_ingredients"":[{""name"":""Nivolumab"",""strength"":240,""unit"":""MG""},{""name"":""Rélatlimab"",""strength"":80,""unit"":""MG""}],""dosage_forms"":[""Solution""],""routes"":[""Intraveineuse""]}",00084996,eb62ae1033542d5fd2febf06ecfd3943407f3020c44cda5da477151412d56321,https://pdf.hres.ca/dpd_pm/00084996.PDF,00085274,5159d709c07ed7ad351f635b6f1225a49bdafc452299062ee7d73c80a59c6ce1,https://pdf.hres.ca/dpd_pm/00085274.PDF,passed,passed,passed,pending,pending,pending,,,
pm_product_b07cf0f116360799b992,hc_dpd_e86a94045960003f,TOBRADEX,NOVARTIS PHARMACEUTICALS CANADA INC,heldout,multi_ingredient_multi_variant,ophthalmic_or_otic,"[""11068"",""10971""]","[""00778907"",""00778915""]","{""brand_name"":""TOBRADEX"",""active_ingredients"":[{""name"":""DEXAMETHASONE"",""strength"":0.1,""unit"":""%""},{""name"":""TOBRAMYCIN"",""strength"":0.3,""unit"":""%""}],""dosage_forms"":[""OINTMENT"",""SUSPENSION""],""routes"":[""OPHTHALMIC""]}","{""brand_name"":""TOBRADEX"",""active_ingredients"":[{""name"":""Dexaméthasone"",""strength"":0.1,""unit"":""%""},{""name"":""Tobramycine"",""strength"":0.3,""unit"":""%""}],""dosage_forms"":[""Pommade"",""Suspension""],""routes"":[""Ophtalmique""]}",00055027,3285555c87709382eebb4933bba389c9008e7929ab8ed2ae09ebe3edf01b5938,https://pdf.hres.ca/dpd_pm/00055027.PDF,00055108,6d6c404c4a126df93135c56719a9f4252e52bd8b4d25250d3d113f93370b5c7b,https://pdf.hres.ca/dpd_pm/00055108.PDF,passed,passed,passed,pending,pending,pending,,,
pm_product_535c133f40293d6d941b,hc_dpd_ea043548b4c687ae,TRI-JORDYNA 21,GLENMARK PHARMACEUTICALS CANADA INC.,heldout,multi_ingredient,oral,"[""97651""]","[""02486296""]","{""brand_name"":""TRI-JORDYNA 21"",""active_ingredients"":[{""name"":""ETHINYL ESTRADIOL"",""strength"":0.035,""unit"":""MG""},{""name"":""NORGESTIMATE"",""strength"":0.18,""unit"":""MG""},{""name"":""NORGESTIMATE"",""strength"":0.215,""unit"":""MG""},{""name"":""NORGESTIMATE"",""strength"":0.25,""unit"":""MG""}],""dosage_forms"":[""TABLET""],""routes"":[""ORAL""]}","{""brand_name"":""TRI-JORDYNA 21"",""active_ingredients"":[{""name"":""Norgestimate"",""strength"":0.18,""unit"":""MG""},{""name"":""Norgestimate"",""strength"":0.215,""unit"":""MG""},{""name"":""Norgestimate"",""strength"":0.25,""unit"":""MG""},{""name"":""Éthinylestradiol"",""strength"":0.035,""unit"":""MG""}],""dosage_forms"":[""Comprimé""],""routes"":[""Orale""]}",00081459,74e7856abd649996915dd6aac50142fbc9fb676db99a9133db666433bb1b7d68,https://pdf.hres.ca/dpd_pm/00081459.PDF,00081759,98ae32b8bc20c5098797420443337ff2c0bca74f47e1b8554dc1bcbbce8a7945,https://pdf.hres.ca/dpd_pm/00081759.PDF,passed,passed,passed,pending,pending,pending,,,
pm_product_f081cbf0b840aa0bd87e,hc_dpd_eb4abd12219eb308,APO-OXYCODONE/ACET,APOTEX INC,heldout,multi_ingredient,oral,"[""81005""]","[""02324628""]","{""brand_name"":""APO-OXYCODONE/ACET"",""active_ingredients"":[{""name"":""ACETAMINOPHEN"",""strength"":325,""unit"":""MG""},{""name"":""OXYCODONE HYDROCHLORIDE"",""strength"":5,""unit"":""MG""}],""dosage_forms"":[""TABLET""],""routes"":[""ORAL""]}","{""brand_name"":""APO-OXYCODONE/ACET"",""active_ingredients"":[{""name"":""Acétaminophène"",""strength"":325,""unit"":""MG""},{""name"":""Chlorhydrate d'oxycodone"",""strength"":5,""unit"":""MG""}],""dosage_forms"":[""Comprimé""],""routes"":[""Orale""]}",00051721,03aebc6afd8be3988c351d71b4b7e6b9b688acb455b3ab36d71dce411f36df27,https://pdf.hres.ca/dpd_pm/00051721.PDF,00051722,b7476843a7f25db17070ebe50cae1cd6d00c4e2a1b611e1c73506b0e52333fe4,https://pdf.hres.ca/dpd_pm/00051722.PDF,passed,passed,passed,pending,pending,pending,,,
pm_product_7aa0ee59e4a03c20e26b,hc_dpd_eb9e996547d4d04c,M-TERIFLUNOMIDE,MANTRA PHARMA INC,heldout,single_ingredient,oral,"[""101289""]","[""02523833""]","{""brand_name"":""M-TERIFLUNOMIDE"",""active_ingredients"":[{""name"":""TERIFLUNOMIDE"",""strength"":14,""unit"":""MG""}],""dosage_forms"":[""TABLET""],""routes"":[""ORAL""]}","{""brand_name"":""M-TERIFLUNOMIDE"",""active_ingredients"":[{""name"":""Tériflunomide"",""strength"":14,""unit"":""MG""}],""dosage_forms"":[""Comprimé""],""routes"":[""Orale""]}",00074281,855785dcaf52471c0ab8699de844db15e73a11fc168c244b12b599ccd586aa00,https://pdf.hres.ca/dpd_pm/00074281.PDF,00074420,66ee1d7adbf7347776ddfb55cfa44249ae69f335ca7ad804ec1ffd84157dab3e,https://pdf.hres.ca/dpd_pm/00074420.PDF,passed,passed,passed,pending,pending,pending,,,
pm_product_4e756b325dd0737fa54e,hc_dpd_edd0bc791aa8fcd4,VISTASEAL,INSTITUTO GRIFOLS S.A.,heldout,multi_ingredient_multi_variant,topical,"[""100339"",""100340"",""100342""]","[""02514222"",""02514230"",""02514257""]","{""brand_name"":""VISTASEAL"",""active_ingredients"":[{""name"":""FIBRINOGEN"",""strength"":80,""unit"":""MG""},{""name"":""FIBRINOGEN"",""strength"":160,""unit"":""MG""},{""name"":""FIBRINOGEN"",""strength"":400,""unit"":""MG""},{""name"":""THROMBIN"",""strength"":500,""unit"":""UNIT""},{""name"":""THROMBIN"",""strength"":1000,""unit"":""UNIT""},{""name"":""THROMBIN"",""strength"":2500,""unit"":""UNIT""}],""dosage_forms"":[""SOLUTION""],""routes"":[""TOPICAL""]}","{""brand_name"":""VISTASEAL"",""active_ingredients"":[{""name"":""Fibrinogène"",""strength"":80,""unit"":""MG""},{""name"":""Fibrinogène"",""strength"":160,""unit"":""MG""},{""name"":""Fibrinogène"",""strength"":400,""unit"":""MG""},{""name"":""Thrombine"",""strength"":500,""unit"":""Unité""},{""name"":""Thrombine"",""strength"":1000,""unit"":""Unité""},{""name"":""Thrombine"",""strength"":2500,""unit"":""Unité""}],""dosage_forms"":[""Solution""],""routes"":[""Topique""]}",00077784,37e8847115798dd3403f02ebaea4e623132fab40fa144aa03d0ca8bab8505d91,https://pdf.hres.ca/dpd_pm/00077784.PDF,00077937,582763cae2955ac05734b4b507a2666ab81fd3865efe29c9ccbd0d411aec6b99,https://pdf.hres.ca/dpd_pm/00077937.PDF,passed,passed,passed,pending,pending,pending,,,
pm_product_52fa70319edd2d8d9276,hc_dpd_ee9f6a69de5e3799,RIVA-GABAPENTIN,LABORATOIRE RIVA INC.,heldout,multi_variant,oral,"[""73612"",""73613"",""73614"",""74506"",""74507""]","[""02251167"",""02251175"",""02251183"",""02259796"",""02259818""]","{""brand_name"":""RIVA-GABAPENTIN"",""active_ingredients"":[{""name"":""GABAPENTIN"",""strength"":100,""unit"":""MG""},{""name"":""GABAPENTIN"",""strength"":300,""unit"":""MG""},{""name"":""GABAPENTIN"",""strength"":400,""unit"":""MG""},{""name"":""GABAPENTIN"",""strength"":600,""unit"":""MG""},{""name"":""GABAPENTIN"",""strength"":800,""unit"":""MG""}],""dosage_forms"":[""CAPSULE"",""TABLET""],""routes"":[""ORAL""]}","{""brand_name"":""RIVA-GABAPENTIN"",""active_ingredients"":[{""name"":""Gabapentine"",""strength"":100,""unit"":""MG""},{""name"":""Gabapentine"",""strength"":300,""unit"":""MG""},{""name"":""Gabapentine"",""strength"":400,""unit"":""MG""},{""name"":""Gabapentine"",""strength"":600,""unit"":""MG""},{""name"":""Gabapentine"",""strength"":800,""unit"":""MG""}],""dosage_forms"":[""Capsule"",""Comprimé""],""routes"":[""Orale""]}",00083260,61c3db28699d90437536b22ec99d419db94c8ce13c6e972256e8aa81c294209f,https://pdf.hres.ca/dpd_pm/00083260.PDF,00083261,26235f7cb96fb94b7cffa6644d72399f3091f2ba24b0c31e7c35d7bfb87ee4a2,https://pdf.hres.ca/dpd_pm/00083261.PDF,passed,passed,passed,pending,pending,pending,,,
pm_product_a2c6409c07106ed0060f,hc_dpd_f06da70ebbca5c35,IMVEXXY,KNIGHT THERAPEUTICS INC.,heldout,multi_variant,other,"[""99313"",""99314""]","[""02503689"",""02503697""]","{""brand_name"":""IMVEXXY"",""active_ingredients"":[{""name"":""ESTRADIOL"",""strength"":4,""unit"":""MCG""},{""name"":""ESTRADIOL"",""strength"":10,""unit"":""MCG""}],""dosage_forms"":[""INSERT""],""routes"":[""VAGINAL""]}","{""brand_name"":""IMVEXXY"",""active_ingredients"":[{""name"":""Estradiol"",""strength"":4,""unit"":""MCG""},{""name"":""Estradiol"",""strength"":10,""unit"":""MCG""}],""dosage_forms"":[""Insert""],""routes"":[""Vaginale""]}",00077738,4bad9434b4393873e36c81c0849b7806caf0293e653e165506e14b6f3151c441,https://pdf.hres.ca/dpd_pm/00077738.PDF,00077639,0cf32ddadd9b242db81fb8a11b27107b98a03822202fe04411fc2ebd70f9baec,https://pdf.hres.ca/dpd_pm/00077639.PDF,passed,passed,passed,pending,pending,pending,,,
pm_product_645cef4d9007e340ada1,hc_dpd_f420c0c5b5ab1056,GLN-ATOVAQUONE,GLENMARK PHARMACEUTICALS CANADA INC.,heldout,single_ingredient,oral,"[""101772""]","[""02528495""]","{""brand_name"":""GLN-ATOVAQUONE"",""active_ingredients"":[{""name"":""ATOVAQUONE"",""strength"":750,""unit"":""MG""}],""dosage_forms"":[""SUSPENSION""],""routes"":[""ORAL""]}","{""brand_name"":""GLN-ATOVAQUONE"",""active_ingredients"":[{""name"":""Atovaquone"",""strength"":750,""unit"":""MG""}],""dosage_forms"":[""Suspension""],""routes"":[""Orale""]}",00066468,53aba032af2af2e33c07c97c4f3de26901090bda45922769ff73001ff9ee618c,https://pdf.hres.ca/dpd_pm/00066468.PDF,00066660,e2ea1e2bcddc06828eb89dfc70882c0cc31541a8720d1295cbebe3ca10f81e4c,https://pdf.hres.ca/dpd_pm/00066660.PDF,passed,passed,passed,pending,pending,pending,,,
pm_product_7aecc62efa1eed6b3303,hc_dpd_f545d278184d6288,TARO-IMIPENEM-CILASTATIN,SUN PHARMA CANADA INC,heldout,multi_ingredient,parenteral,"[""83696""]","[""02351706""]","{""brand_name"":""TARO-IMIPENEM-CILASTATIN"",""active_ingredients"":[{""name"":""CILASTATIN"",""strength"":500,""unit"":""MG""},{""name"":""IMIPENEM"",""strength"":500,""unit"":""MG""}],""dosage_forms"":[""POWDER FOR SOLUTION""],""routes"":[""INTRAVENOUS""]}","{""brand_name"":""TARO-IMIPENEM-CILASTATIN"",""active_ingredients"":[{""name"":""Cilastatine"",""strength"":500,""unit"":""MG""},{""name"":""Imipénem"",""strength"":500,""unit"":""MG""}],""dosage_forms"":[""Poudre pour solution""],""routes"":[""Intraveineuse""]}",00066778,ee89fe9854e609719c25d66beed22cbc302ab58f2c98584b072defa757c784ad,https://pdf.hres.ca/dpd_pm/00066778.PDF,00067800,6b5a3ac29fe00ffe0511a1f324d672d3a42a99716bd39c82d8f4916ab9f833f1,https://pdf.hres.ca/dpd_pm/00067800.PDF,passed,passed,passed,pending,pending,pending,,,
pm_product_77da69418c65156e22a7,hc_dpd_f5df486c72f06db7,DIFFERIN XP,GALDERMA CANADA INC.,heldout,single_ingredient,topical,"[""75946""]","[""02274000""]","{""brand_name"":""DIFFERIN XP"",""active_ingredients"":[{""name"":""ADAPALENE"",""strength"":0.3,""unit"":""%""}],""dosage_forms"":[""GEL""],""routes"":[""TOPICAL""]}","{""brand_name"":""DIFFERIN XP"",""active_ingredients"":[{""name"":""Adapalène"",""strength"":0.3,""unit"":""%""}],""dosage_forms"":[""Gel""],""routes"":[""Topique""]}",00063048,17ca8198b60bd25711bbf2cae5a76c1ebf9daf7d6bf6a5bd3e01f29bc2fb49c7,https://pdf.hres.ca/dpd_pm/00063048.PDF,00063234,19b29b54acd7b52fa4a09d63c70060ff84b19416a48616b8615e5824021573fe,https://pdf.hres.ca/dpd_pm/00063234.PDF,passed,passed,passed,pending,pending,pending,,,
pm_product_57cb830afd481adc3ad9,hc_dpd_f5e70d694b6f508a,SPRAVATO,JANSSEN INC,heldout,single_ingredient,inhaled_or_nasal,"[""98903""]","[""02499290""]","{""brand_name"":""SPRAVATO"",""active_ingredients"":[{""name"":""ESKETAMINE"",""strength"":28,""unit"":""MG""}],""dosage_forms"":[""SOLUTION""],""routes"":[""NASAL""]}","{""brand_name"":""SPRAVATO"",""active_ingredients"":[{""name"":""Eskétamine"",""strength"":28,""unit"":""MG""}],""dosage_forms"":[""Solution""],""routes"":[""Nasale""]}",00080608,a8b302bd2d2934a094e027718c8dd9bdf1db3f1ccb65accf5b9d9bfce4b39765,https://pdf.hres.ca/dpd_pm/00080608.PDF,00080862,3fe99d59f3768d776292f5641144c3a10798cfe0eb63528606b8c571e9b30911,https://pdf.hres.ca/dpd_pm/00080862.PDF,passed,passed,passed,pending,pending,pending,,,
pm_product_b2f162b439a5d9974341,hc_dpd_f6ac4eef7b8fe02c,QUINSAIR,HORIZON THERAPEUTICS IRELAND DAC,heldout,single_ingredient,inhaled_or_nasal,"[""92667""]","[""02442302""]","{""brand_name"":""QUINSAIR"",""active_ingredients"":[{""name"":""LEVOFLOXACIN"",""strength"":240,""unit"":""MG""}],""dosage_forms"":[""SOLUTION""],""routes"":[""INHALATION""]}","{""brand_name"":""QUINSAIR"",""active_ingredients"":[{""name"":""Lévofloxacine"",""strength"":240,""unit"":""MG""}],""dosage_forms"":[""Solution""],""routes"":[""Inhalation""]}",00055548,abe103141f5885585ce2b13d494ff7e29016b77da77d5807dbfbcd4134977a3b,https://pdf.hres.ca/dpd_pm/00055548.PDF,00057537,9cb42967c2e4fde56200e75c401bbe499c1247069c9def4e49ad995c2dbcf546,https://pdf.hres.ca/dpd_pm/00057537.PDF,passed,passed,passed,pending,pending,pending,,,
pm_product_82023d4907591b8c1401,hc_dpd_f6c6e65ecfebf5a9,APO-TRAVOPROST-TIMOP PQ,APOTEX INC,heldout,multi_ingredient,ophthalmic_or_otic,"[""89992""]","[""02415305""]","{""brand_name"":""APO-TRAVOPROST-TIMOP PQ"",""active_ingredients"":[{""name"":""TIMOLOL"",""strength"":0.5,""unit"":""%""},{""name"":""TRAVOPROST"",""strength"":0.004,""unit"":""%""}],""dosage_forms"":[""SOLUTION""],""routes"":[""OPHTHALMIC""]}","{""brand_name"":""APO-TRAVOPROST-TIMOP PQ"",""active_ingredients"":[{""name"":""Timolol"",""strength"":0.5,""unit"":""%""},{""name"":""Travoprost"",""strength"":0.004,""unit"":""%""}],""dosage_forms"":[""Solution""],""routes"":[""Ophtalmique""]}",00072575,f6400e368a8f1327510f24d1c750ed560fe72348ad754d937e443b47652808ec,https://pdf.hres.ca/dpd_pm/00072575.PDF,00072576,ffe1a8390c870fc95480dc799d5a1f06209abc3d7a7d3b09cb72df0db8b1a61f,https://pdf.hres.ca/dpd_pm/00072576.PDF,passed,passed,passed,pending,pending,pending,,,
pm_product_9678a11aacd1c88dac37,hc_dpd_f829efbf633af9e9,HEARTBURN CONTROL,APOTEX INC,heldout,single_ingredient,oral,"[""92002""]","[""02435683""]","{""brand_name"":""HEARTBURN CONTROL"",""active_ingredients"":[{""name"":""OMEPRAZOLE"",""strength"":20,""unit"":""MG""}],""dosage_forms"":[""CAPSULE (DELAYED RELEASE)""],""routes"":[""ORAL""]}","{""brand_name"":""HEARTBURN CONTROL"",""active_ingredients"":[{""name"":""Oméprazole"",""strength"":20,""unit"":""MG""}],""dosage_forms"":[""Capsule (à libération retardée)""],""routes"":[""Orale""]}",00075542,83dda64f98c97d48d1fe08551e59109b13ca8df97b0c0ba23aa39d3b9b376053,https://pdf.hres.ca/dpd_pm/00075542.PDF,00075778,aaefd0f9ce4e0fd01a129735196b4c08ca686b3be786d7df764b141fc35598c4,https://pdf.hres.ca/dpd_pm/00075778.PDF,passed,passed,passed,pending,pending,pending,,,
pm_product_82914183a11dd3e11705,hc_dpd_f8e67f7fbd96cbac,PRO-ELETRIPTAN,PRO DOC LIMITEE,development,multi_variant,oral,"[""98004"",""98005""]","[""02489961"",""02489988""]","{""brand_name"":""PRO-ELETRIPTAN"",""active_ingredients"":[{""name"":""ELETRIPTAN"",""strength"":20,""unit"":""MG""},{""name"":""ELETRIPTAN"",""strength"":40,""unit"":""MG""}],""dosage_forms"":[""TABLET""],""routes"":[""ORAL""]}","{""brand_name"":""PRO-ELETRIPTAN"",""active_ingredients"":[{""name"":""Élétriptan"",""strength"":20,""unit"":""MG""},{""name"":""Élétriptan"",""strength"":40,""unit"":""MG""}],""dosage_forms"":[""Comprimé""],""routes"":[""Orale""]}",00083262,32e6f9e2e484ff528d466744b5d00bc7c258f6de11ed2a53172e933a2bfd1303,https://pdf.hres.ca/dpd_pm/00083262.PDF,00083263,b75beb0d52d966da2325438a4addd13cded7275bcbebab69b2ca1daddf1a0041,https://pdf.hres.ca/dpd_pm/00083263.PDF,passed,passed,passed,pending,pending,pending,,,
pm_product_82d20a223d40b1d48fc5,hc_dpd_fb8033754bd134c2,MAR-TROSPIUM,MARCAN PHARMACEUTICALS INC,heldout,single_ingredient,oral,"[""97846""]","[""02488353""]","{""brand_name"":""MAR-TROSPIUM"",""active_ingredients"":[{""name"":""TROSPIUM CHLORIDE"",""strength"":20,""unit"":""MG""}],""dosage_forms"":[""TABLET""],""routes"":[""ORAL""]}","{""brand_name"":""MAR-TROSPIUM"",""active_ingredients"":[{""name"":""Chlorure de trospium"",""strength"":20,""unit"":""MG""}],""dosage_forms"":[""Comprimé""],""routes"":[""Orale""]}",00051102,57c24507108aa0c74063942c7a067df6af10a4067436eb26219b851ed2b97339,https://pdf.hres.ca/dpd_pm/00051102.PDF,00051227,75b4c7839e815f2a66e8cd776a830bd18dbfcdbefca3b642e11134f18d357e2e,https://pdf.hres.ca/dpd_pm/00051227.PDF,passed,passed,passed,pending,pending,pending,,,
pm_product_2c9b4ecee9e8d56a0294,hc_dpd_fc7be4e0d4cf22f5,CISATRACURIUM BESYLATE INJECTION USP MULTI-DOSE,STERIMAX INC,heldout,single_ingredient,parenteral,"[""106606""]","[""02563266""]","{""brand_name"":""CISATRACURIUM BESYLATE INJECTION USP MULTI-DOSE"",""active_ingredients"":[{""name"":""CISATRACURIUM"",""strength"":2,""unit"":""MG""}],""dosage_forms"":[""SOLUTION""],""routes"":[""INTRAVENOUS""]}","{""brand_name"":""BÉSYLATE DE CISATRACURIUM INJECTABLE USP MULTIDOSE"",""active_ingredients"":[{""name"":""Cisatracurium"",""strength"":2,""unit"":""MG""}],""dosage_forms"":[""Solution""],""routes"":[""Intraveineuse""]}",00082672,959c39968fd39fba0562e8af63c70426bfec8d33b83680cddbdb0d103d599895,https://pdf.hres.ca/dpd_pm/00082672.PDF,00083074,0ce7b13faca685fe8f456fed61a2ee123483a302ff359f19530fe39db85343b7,https://pdf.hres.ca/dpd_pm/00083074.PDF,passed,passed,passed,pending,pending,pending,,,
pm_product_1686159a36a8b35b8b03,hc_dpd_fce80269123b44eb,HERCEPTIN SC,HOFFMANN-LA ROCHE LIMITED,heldout,single_ingredient,parenteral,"[""97124""]","[""02480697""]","{""brand_name"":""HERCEPTIN SC"",""active_ingredients"":[{""name"":""TRASTUZUMAB"",""strength"":600,""unit"":""MG""}],""dosage_forms"":[""SOLUTION""],""routes"":[""SUBCUTANEOUS""]}","{""brand_name"":""HERCEPTIN SC"",""active_ingredients"":[{""name"":""Trastuzumab"",""strength"":600,""unit"":""MG""}],""dosage_forms"":[""Solution""],""routes"":[""Sous-cutanée""]}",00080471,f6199e338cb8b9d2ff543161d0b9d4015cc6089f056261af5f8a6d56a445ca0e,https://pdf.hres.ca/dpd_pm/00080471.PDF,00080668,b668991201e0b3ca8f41efaab0cd59647d483c7fb1efb4e8d1f7b03af63bc797,https://pdf.hres.ca/dpd_pm/00080668.PDF,passed,passed,passed,pending,pending,pending,,,
pm_product_acd510207a1c6d147da6,hc_dpd_ff2fd69df5240e38,AG-CYCLOBENZAPRINE,ANGITA PHARMA INC.,heldout,single_ingredient,oral,"[""97566""]","[""02485419""]","{""brand_name"":""AG-CYCLOBENZAPRINE"",""active_ingredients"":[{""name"":""CYCLOBENZAPRINE HYDROCHLORIDE"",""strength"":10,""unit"":""MG""}],""dosage_forms"":[""TABLET""],""routes"":[""ORAL""]}","{""brand_name"":""AG-CYCLOBENZAPRINE"",""active_ingredients"":[{""name"":""Chlorhydrate de cyclobenzaprine"",""strength"":10,""unit"":""MG""}],""dosage_forms"":[""Comprimé""],""routes"":[""Orale""]}",00049523,bb94d6badbab5398097ef038c2a68fa59e3315d690091364d8b85b5b91327ff3,https://pdf.hres.ca/dpd_pm/00049523.PDF,00049524,8147d562c7003a20a1ac6e0edc721efd92221a162eb16345f25042be947cfff1,https://pdf.hres.ca/dpd_pm/00049524.PDF,passed,passed,passed,pending,pending,pending,,,
