product_id,language,monograph_id,source_url,dpd_info_url,retrieved_at_utc,source_last_modified,sha256,byte_size,page_count,text_extraction_status,language_validation_status,scope_alignment_status
hc_dpd_01157f8a36238f03,en,00059683,https://pdf.hres.ca/dpd_pm/00059683.PDF,https://health-products.canada.ca/dpd-bdpp/info?lang=eng&code=10025,2026-08-11T13:46:30Z,,28a8ac45b4a70a48d5df70ed0b7020abc3f08675b77da78f4b25f19b367d4e75,144070,9,passed,passed_automated,pending_human_audit
hc_dpd_01157f8a36238f03,fr,00059684,https://pdf.hres.ca/dpd_pm/00059684.PDF,https://health-products.canada.ca/dpd-bdpp/info?lang=fra&code=10025,2026-08-11T13:46:30Z,,32bea29b02aa0509147303bee5eb99d74dba04f51dde4f0ece81d05dc844069a,155541,10,passed,passed_automated,pending_human_audit
hc_dpd_0231fff5e9dde1c8,en,00068198,https://pdf.hres.ca/dpd_pm/00068198.PDF,https://health-products.canada.ca/dpd-bdpp/info?lang=eng&code=101827,2026-08-11T13:46:30Z,,a88d5aa6d4c77e18373e20fc3d6a68b71400983f6c2e065b364aaab52c00e341,1277017,37,passed,passed_automated,pending_human_audit
hc_dpd_0231fff5e9dde1c8,fr,00073120,https://pdf.hres.ca/dpd_pm/00073120.PDF,https://health-products.canada.ca/dpd-bdpp/info?lang=fra&code=101827,2026-08-11T13:46:30Z,,1c10179fcdd038a39f8a542079d6578db332b9451b75f54a3dea8ef1fceda8c1,1198770,38,passed,passed_automated,pending_human_audit
hc_dpd_03b846e2e2a869b7,en,00058230,https://pdf.hres.ca/dpd_pm/00058230.PDF,https://health-products.canada.ca/dpd-bdpp/info?lang=eng&code=99528,2026-08-11T13:46:30Z,,a6ee22c80f6326de6f200e1cb604255350fea33c2832325b4f285198fcd7d17d,426130,40,passed,passed_automated,pending_human_audit
hc_dpd_03b846e2e2a869b7,fr,00058991,https://pdf.hres.ca/dpd_pm/00058991.PDF,https://health-products.canada.ca/dpd-bdpp/info?lang=fra&code=99528,2026-08-11T13:46:30Z,,fd26483ede44a342b43bcd5e9fd2ad53f21fb4eb75cddb20bf61ce8d0867f84a,601428,44,passed,passed_automated,pending_human_audit
hc_dpd_03be53df70eb2d11,en,00062588,https://pdf.hres.ca/dpd_pm/00062588.PDF,https://health-products.canada.ca/dpd-bdpp/info?lang=eng&code=100873,2026-08-11T13:46:30Z,,edc3cbc164178d98fd1ff47cd2de98055ee92e66f32135ea3ec8d9bc9ab4c8d4,2056883,78,passed,passed_automated,pending_human_audit
hc_dpd_03be53df70eb2d11,fr,00066204,https://pdf.hres.ca/dpd_pm/00066204.PDF,https://health-products.canada.ca/dpd-bdpp/info?lang=fra&code=100873,2026-08-11T13:46:30Z,,10bfdfcf6f30b89718a4d6ba85d3e43ad6a1fc5cdf4b7523a7e70553c47dedc9,1120881,87,passed,passed_automated,pending_human_audit
hc_dpd_043c39ecda680f30,en,00081884,https://pdf.hres.ca/dpd_pm/00081884.PDF,https://health-products.canada.ca/dpd-bdpp/info?lang=eng&code=12654,2026-08-11T13:46:30Z,,88695842fd4266a5582527cb4d1cf947f96a646201f3264920e90ed85d3582ad,600025,31,passed,passed_automated,pending_human_audit
hc_dpd_043c39ecda680f30,fr,00082159,https://pdf.hres.ca/dpd_pm/00082159.PDF,https://health-products.canada.ca/dpd-bdpp/info?lang=fra&code=12654,2026-08-11T13:46:30Z,,fa91708b02b4e82d494dde8fd0866755d1a3e290824a24f5226b92fc4013f693,490153,33,passed,passed_automated,pending_human_audit
hc_dpd_081ba846a2fd5b7c,en,00072451,https://pdf.hres.ca/dpd_pm/00072451.PDF,https://health-products.canada.ca/dpd-bdpp/info?lang=eng&code=96469,2026-08-11T13:46:30Z,,235f489ebbba8cfb17184e4749b086448ca9c2a2318393bd03e1b3982519a083,1759780,63,passed,passed_automated,pending_human_audit
hc_dpd_081ba846a2fd5b7c,fr,00072528,https://pdf.hres.ca/dpd_pm/00072528.PDF,https://health-products.canada.ca/dpd-bdpp/info?lang=fra&code=96469,2026-08-11T13:46:30Z,,f9ea10e5ebaac430df3a62515b7f4893832a92bbe163b4339e2259a0c95e4683,1643679,65,passed,passed_automated,pending_human_audit
hc_dpd_088fd290b277f8f6,en,00063215,https://pdf.hres.ca/dpd_pm/00063215.PDF,https://health-products.canada.ca/dpd-bdpp/info?lang=eng&code=101039,2026-08-11T13:46:30Z,,c309de5710e50411ecb6718971cf392ec7d258e7a3fa5590aa1e6ff5a8635a62,288873,19,passed,passed_automated,pending_human_audit
hc_dpd_088fd290b277f8f6,fr,00063216,https://pdf.hres.ca/dpd_pm/00063216.PDF,https://health-products.canada.ca/dpd-bdpp/info?lang=fra&code=101039,2026-08-11T13:46:30Z,,e54673560a95ac92a3b995fbaa4f2a6f48caa38c5875807241638a58ab59db5e,343862,20,passed,passed_automated,pending_human_audit
hc_dpd_0d3f826a312f27ee,en,00081130,https://pdf.hres.ca/dpd_pm/00081130.PDF,https://health-products.canada.ca/dpd-bdpp/info?lang=eng&code=106271,2026-08-11T13:46:30Z,,4e71af0b550175652e5622af4116c1459ee28e469f4cbca27669a4cea4472516,570187,39,passed,passed_automated,pending_human_audit
hc_dpd_0d3f826a312f27ee,fr,00081581,https://pdf.hres.ca/dpd_pm/00081581.PDF,https://health-products.canada.ca/dpd-bdpp/info?lang=fra&code=106271,2026-08-11T13:46:30Z,,3b2d21152786e7af20e5d293112faa26e4e0f9edc3d2cfc4f0e96dad1ab104e9,605641,42,passed,passed_automated,pending_human_audit
hc_dpd_0e113b73c8dab8be,en,00083784,https://pdf.hres.ca/dpd_pm/00083784.PDF,https://health-products.canada.ca/dpd-bdpp/info?lang=eng&code=75617,2026-08-11T13:46:30Z,,9dde3c8a84885f2d8583caa47fb38b2f31f8c01af5ef884af2e4df81fff6430e,538094,24,passed,passed_automated,pending_human_audit
hc_dpd_0e113b73c8dab8be,fr,00084100,https://pdf.hres.ca/dpd_pm/00084100.PDF,https://health-products.canada.ca/dpd-bdpp/info?lang=fra&code=75617,2026-08-11T13:46:30Z,,a1fcabe2c52f990015957dfb74f016493f6cee10ae5174a17e15614e6b35f561,6844356,24,passed,passed_automated,pending_human_audit
hc_dpd_0e64b57edf3df6c4,en,00076177,https://pdf.hres.ca/dpd_pm/00076177.PDF,https://health-products.canada.ca/dpd-bdpp/info?lang=eng&code=4302,2026-07-30T22:00:00Z,,64a9d380d4c4630e49503040118c5c20ff6b6ce503b1cb026831c955452bd0c8,381473,30,passed,passed_automated,pending_human_audit
hc_dpd_0e64b57edf3df6c4,fr,00076178,https://pdf.hres.ca/dpd_pm/00076178.PDF,https://health-products.canada.ca/dpd-bdpp/info?lang=fra&code=4302,2026-07-30T22:00:00Z,,01c2ec7ee2418efa1da2ebde546187191c4cdcea9201ba151136b86919fd3de1,417702,32,passed,passed_automated,pending_human_audit
hc_dpd_1189b6a74cab5ab2,en,00057041,https://pdf.hres.ca/dpd_pm/00057041.PDF,https://health-products.canada.ca/dpd-bdpp/info?lang=eng&code=95236,2026-07-30T22:00:00Z,,4d0688800e05b61859a465d03d5e8863d4908fd1317b322405214537c53d6e19,965417,58,passed,passed_automated,pending_human_audit
hc_dpd_1189b6a74cab5ab2,fr,00057623,https://pdf.hres.ca/dpd_pm/00057623.PDF,https://health-products.canada.ca/dpd-bdpp/info?lang=fra&code=95236,2026-07-30T22:00:00Z,,5cd835284ad7fd0e01a2daaa69d465e8dc3872be98f5670087ffe8c235cbec88,742836,65,passed,passed_automated,pending_human_audit
hc_dpd_147a8cf2a8ead612,en,00069954,https://pdf.hres.ca/dpd_pm/00069954.PDF,https://health-products.canada.ca/dpd-bdpp/info?lang=eng&code=10494,2026-08-11T13:46:30Z,,a75440fa18ce227c3d12a6aec2bc7a6c2720fa607f07e5ae247cbfb2e3eda828,645357,43,passed,passed_automated,pending_human_audit
hc_dpd_147a8cf2a8ead612,fr,00070234,https://pdf.hres.ca/dpd_pm/00070234.PDF,https://health-products.canada.ca/dpd-bdpp/info?lang=fra&code=10494,2026-08-11T13:46:30Z,,19fcd0abcae24032e6c65e497b79b3944b708cdd321370d9bac3cb7dd476af98,415481,45,passed,passed_automated,pending_human_audit
hc_dpd_166173fb5f7b5e2a,en,00072239,https://pdf.hres.ca/dpd_pm/00072239.PDF,https://health-products.canada.ca/dpd-bdpp/info?lang=eng&code=83779,2026-08-11T13:46:30Z,,dabde81d887328f4d0de84d08a1e06d712d9359b60d8cb5b58b5c4e934d565cb,855919,52,passed,passed_automated,pending_human_audit
hc_dpd_166173fb5f7b5e2a,fr,00072240,https://pdf.hres.ca/dpd_pm/00072240.PDF,https://health-products.canada.ca/dpd-bdpp/info?lang=fra&code=83779,2026-08-11T13:46:30Z,,44b29903a0928ff4f1f6ac759342720bc6a6560f6e235cad94d824929d43c428,638812,52,passed,passed_automated,pending_human_audit
hc_dpd_1bcde8f71d81c99f,en,00069693,https://pdf.hres.ca/dpd_pm/00069693.PDF,https://health-products.canada.ca/dpd-bdpp/info?lang=eng&code=4389,2026-07-30T22:00:00Z,,8aa5b98848a4325ee6e7dd111d68f9a189c7adda78cc114636f0b76b8eeb85d5,155290,5,passed,passed_automated,pending_human_audit
hc_dpd_1bcde8f71d81c99f,fr,00068568,https://pdf.hres.ca/dpd_pm/00068568.PDF,https://health-products.canada.ca/dpd-bdpp/info?lang=fra&code=4389,2026-07-30T22:00:00Z,,83de4203c4fda3168799c553e94dd5298b3cbe39b748c845d45a35daec4ef8e6,142923,5,passed,passed_automated,pending_human_audit
hc_dpd_1d9bc02e18f10dac,en,00049111,https://pdf.hres.ca/dpd_pm/00049111.PDF,https://health-products.canada.ca/dpd-bdpp/info?lang=eng&code=89362,2026-08-11T13:46:30Z,,a682a4ccc2dd59195f29074681f37679255430fbc302c2c783303d93df99ef8c,1455526,74,passed,passed_automated,pending_human_audit
hc_dpd_1d9bc02e18f10dac,fr,00049495,https://pdf.hres.ca/dpd_pm/00049495.PDF,https://health-products.canada.ca/dpd-bdpp/info?lang=fra&code=89362,2026-08-11T13:46:30Z,,d445c606f5b123002fbb035347f6a204791c47fd6bb138bde6538752732038ac,1061323,84,passed,passed_automated,pending_human_audit
hc_dpd_1e9b078da4e50754,en,00074997,https://pdf.hres.ca/dpd_pm/00074997.PDF,https://health-products.canada.ca/dpd-bdpp/info?lang=eng&code=101174,2026-08-11T13:46:30Z,,1cb0154aa2509cf665d6ece3028b245b5d4133c73c89a6f446c21415260de043,905144,49,passed,passed_automated,pending_human_audit
hc_dpd_1e9b078da4e50754,fr,00077792,https://pdf.hres.ca/dpd_pm/00077792.PDF,https://health-products.canada.ca/dpd-bdpp/info?lang=fra&code=101174,2026-08-11T13:46:30Z,,6b1a8f6955df2ec4c67f4bf207d46014d8bca12c598ff7c704dac081f14dd417,667716,56,passed,passed_automated,pending_human_audit
hc_dpd_1eb96fee046363ec,en,00068748,https://pdf.hres.ca/dpd_pm/00068748.PDF,https://health-products.canada.ca/dpd-bdpp/info?lang=eng&code=44265,2026-08-11T13:46:30Z,,3049179f455f408eb72e2c802facbe732543275aa3d2f13cfae9fbee618d8a73,1163572,24,passed,passed_automated,pending_human_audit
hc_dpd_1eb96fee046363ec,fr,00068930,https://pdf.hres.ca/dpd_pm/00068930.PDF,https://health-products.canada.ca/dpd-bdpp/info?lang=fra&code=44265,2026-08-11T13:46:30Z,,44a67d15cf8ca8ba26ec0ef143bb3551913601e894e0233781bacfb0f55caaf7,200212,25,passed,passed_automated,pending_human_audit
hc_dpd_1f28ab1b3d2013d8,en,00065464,https://pdf.hres.ca/dpd_pm/00065464.PDF,https://health-products.canada.ca/dpd-bdpp/info?lang=eng&code=88085,2026-08-11T13:46:30Z,,42ffcf67b7a864fe1f0521cbb2ed6724f15d2403e61ed34365ba6f2cce4592d3,1195154,32,passed,passed_automated,pending_human_audit
hc_dpd_1f28ab1b3d2013d8,fr,00065466,https://pdf.hres.ca/dpd_pm/00065466.PDF,https://health-products.canada.ca/dpd-bdpp/info?lang=fra&code=88085,2026-08-11T13:46:30Z,,0ad5e707246797c29e7d0f9d9bf7f7132af9a49d004de7b84bb6b9aa9a1ffc76,5188393,35,passed,passed_automated,pending_human_audit
hc_dpd_1fb5bb2e71806452,en,00071448,https://pdf.hres.ca/dpd_pm/00071448.PDF,https://health-products.canada.ca/dpd-bdpp/info?lang=eng&code=89541,2026-08-11T13:46:30Z,,9109543b79e268133b99d1144d5d3feda4944e4d4ad18569523fba80e22afa3d,464364,33,passed,passed_automated,pending_human_audit
hc_dpd_1fb5bb2e71806452,fr,00071520,https://pdf.hres.ca/dpd_pm/00071520.PDF,https://health-products.canada.ca/dpd-bdpp/info?lang=fra&code=89541,2026-08-11T13:46:30Z,,facd5ec65314287efac786779f74021da0ab387527d8f9c2854c07deaffdc9da,338229,37,passed,passed_automated,pending_human_audit
hc_dpd_1fc393aea185226a,en,00074692,https://pdf.hres.ca/dpd_pm/00074692.PDF,https://health-products.canada.ca/dpd-bdpp/info?lang=eng&code=6511,2026-08-11T13:46:30Z,,10518ea4f75118e4c14c21c335182d0e95ccd2542b30d734bc6bc7f8cb075eed,416836,29,passed,passed_automated,pending_human_audit
hc_dpd_1fc393aea185226a,fr,00074693,https://pdf.hres.ca/dpd_pm/00074693.PDF,https://health-products.canada.ca/dpd-bdpp/info?lang=fra&code=6511,2026-08-11T13:46:30Z,,cfa084669261b6a269336b32e4ad87f3617edb841098f19e716c4e667864da9d,443408,31,passed,passed_automated,pending_human_audit
hc_dpd_1ff79e23c0fc864c,en,00059442,https://pdf.hres.ca/dpd_pm/00059442.PDF,https://health-products.canada.ca/dpd-bdpp/info?lang=eng&code=99955,2026-08-11T13:46:30Z,,a093364d17fef1959e8032e58cc53cd7b28ee29b0cb74f0dcf66cde6589007a5,1446858,30,passed,passed_automated,pending_human_audit
hc_dpd_1ff79e23c0fc864c,fr,00059632,https://pdf.hres.ca/dpd_pm/00059632.PDF,https://health-products.canada.ca/dpd-bdpp/info?lang=fra&code=99955,2026-08-11T13:46:30Z,,1f0a0b651ccc12f65a7abdd4f9572596b8140d391ed7756e4bb5b073d53c3fba,574976,33,passed,passed_automated,pending_human_audit
hc_dpd_20ce7b41df2fae3e,en,00067668,https://pdf.hres.ca/dpd_pm/00067668.PDF,https://health-products.canada.ca/dpd-bdpp/info?lang=eng&code=72692,2026-08-11T13:46:30Z,,377bb89f429a44e75b6cc6ada821ba85ca018ad640a22f3b948cfef2a83f9e11,344384,31,passed,passed_automated,pending_human_audit
hc_dpd_20ce7b41df2fae3e,fr,00068676,https://pdf.hres.ca/dpd_pm/00068676.PDF,https://health-products.canada.ca/dpd-bdpp/info?lang=fra&code=72692,2026-08-11T13:46:30Z,,1d0b59b8adfc1644fe8da1ae3a23cddd1846f66acf23bcace2fe8938dd49b5c6,249559,35,passed,passed_automated,pending_human_audit
hc_dpd_2194fc7443af5833,en,00033894,https://pdf.hres.ca/dpd_pm/00033894.PDF,https://health-products.canada.ca/dpd-bdpp/info?lang=eng&code=75820,2026-08-11T13:46:30Z,,5f30e5fe18d0cefff200980c0177529734a4a848e37fc9caf9beaf13eb166eae,664980,48,passed,passed_automated,pending_human_audit
hc_dpd_2194fc7443af5833,fr,00033908,https://pdf.hres.ca/dpd_pm/00033908.PDF,https://health-products.canada.ca/dpd-bdpp/info?lang=fra&code=75820,2026-08-11T13:46:30Z,,cc4208e66c0c544523fb785d8cd664c1ed9fa68a675e0899adbcce05d3fc56b5,2965104,48,passed,passed_automated,pending_human_audit
hc_dpd_2283d1d761151d50,en,00066993,https://pdf.hres.ca/dpd_pm/00066993.PDF,https://health-products.canada.ca/dpd-bdpp/info?lang=eng&code=50327,2026-08-11T13:46:30Z,,27afecd54e4b65eec7fee5c9ecf5e2fe80a131e2ec92b9173a2bb4daa1ba8b18,1288946,25,passed,passed_automated,pending_human_audit
hc_dpd_2283d1d761151d50,fr,00067248,https://pdf.hres.ca/dpd_pm/00067248.PDF,https://health-products.canada.ca/dpd-bdpp/info?lang=fra&code=50327,2026-08-11T13:46:30Z,,8f6c027a8e56ea9fe1123aaeab45547581e0af1863666e26379b17a51fc2230b,409990,29,passed,passed_automated,pending_human_audit
hc_dpd_228add779c9af494,en,00085112,https://pdf.hres.ca/dpd_pm/00085112.PDF,https://health-products.canada.ca/dpd-bdpp/info?lang=eng&code=103789,2026-08-11T13:46:30Z,,bdf44a9fd423afa0389186a8f1115b73d24c9ec4d05a46d51ec3a8aeb9c4e8b4,742911,41,passed,passed_automated,pending_human_audit
hc_dpd_228add779c9af494,fr,00085113,https://pdf.hres.ca/dpd_pm/00085113.PDF,https://health-products.canada.ca/dpd-bdpp/info?lang=fra&code=103789,2026-08-11T13:46:30Z,,fbd8dff01bc2ac83fd6179e7f40f6c80ea70ab081022adb754de0e8c26828049,909107,47,passed,passed_automated,pending_human_audit
hc_dpd_235be5d7ff12a27b,en,00073376,https://pdf.hres.ca/dpd_pm/00073376.PDF,https://health-products.canada.ca/dpd-bdpp/info?lang=eng&code=85818,2026-08-11T13:46:30Z,,0fba9e3b0b637991895c6a634bd1cf77d9e24e31bfe91e3eb824368b7f565e78,474047,36,passed,passed_automated,pending_human_audit
hc_dpd_235be5d7ff12a27b,fr,00073377,https://pdf.hres.ca/dpd_pm/00073377.PDF,https://health-products.canada.ca/dpd-bdpp/info?lang=fra&code=85818,2026-08-11T13:46:30Z,,db7f5c9e2157744015a0db986bd666bddfbdd030175aa319fea5c58255b17351,461528,40,passed,passed_automated,pending_human_audit
hc_dpd_24af59cf1b318c7c,en,00083740,https://pdf.hres.ca/dpd_pm/00083740.PDF,https://health-products.canada.ca/dpd-bdpp/info?lang=eng&code=35783,2026-08-11T13:46:30Z,,695574f3e35ef39d9aa9fed00f752cb1f94e765a91d9fe3db9a2a4d61803042b,192441,3,passed,passed_automated,pending_human_audit
hc_dpd_24af59cf1b318c7c,fr,00083741,https://pdf.hres.ca/dpd_pm/00083741.PDF,https://health-products.canada.ca/dpd-bdpp/info?lang=fra&code=35783,2026-08-11T13:46:30Z,,074c98055907e2be406a7ce96f39fbf6ad3c7bd7be68be3908ec44fad8be3606,124358,4,passed,passed_automated,pending_human_audit
hc_dpd_268d626d3b81a1d2,en,00066854,https://pdf.hres.ca/dpd_pm/00066854.PDF,https://health-products.canada.ca/dpd-bdpp/info?lang=eng&code=78941,2026-08-11T13:46:30Z,,ea942f6a3ceb5240bda962af3e93590710c65cc147d705e74ff4a7c5d9355320,1621217,55,passed,passed_automated,pending_human_audit
hc_dpd_268d626d3b81a1d2,fr,00066974,https://pdf.hres.ca/dpd_pm/00066974.PDF,https://health-products.canada.ca/dpd-bdpp/info?lang=fra&code=78941,2026-08-11T13:46:30Z,,caee00f6fe37e6c6fcd62879944c6c86faec1f0ed18da0b479c1142ed47c79f2,570316,68,passed,passed_automated,pending_human_audit
hc_dpd_28787c405835368e,en,00076304,https://pdf.hres.ca/dpd_pm/00076304.PDF,https://health-products.canada.ca/dpd-bdpp/info?lang=eng&code=98866,2026-07-30T22:00:00Z,,6d9d30cc7a3e44f91db99545432e45e6ee0af830074b842b2abc3413d0126b8a,272945,14,passed,passed_automated,pending_human_audit
hc_dpd_28787c405835368e,fr,00076305,https://pdf.hres.ca/dpd_pm/00076305.PDF,https://health-products.canada.ca/dpd-bdpp/info?lang=fra&code=98866,2026-07-30T22:00:00Z,,c588f9921d6f69b5339ea65b1dc3cee31e42dd3e2b7d1dbbade57fe353843131,365234,16,passed,passed_automated,pending_human_audit
hc_dpd_29a700a30cc8e32a,en,00077799,https://pdf.hres.ca/dpd_pm/00077799.PDF,https://health-products.canada.ca/dpd-bdpp/info?lang=eng&code=14354,2026-08-11T13:46:30Z,"Mon, 15 Sep 2025 13:36:18 GMT",1ecffeeab1acae5b7cf3b7e9a3dcc5f3d098b7307423acf02fcde7b79e910099,544206,56,passed,passed_automated,pending_human_audit
hc_dpd_29a700a30cc8e32a,fr,00081716,https://pdf.hres.ca/dpd_pm/00081716.PDF,https://health-products.canada.ca/dpd-bdpp/info?lang=fra&code=14354,2026-08-11T13:46:30Z,"Mon, 15 Sep 2025 13:36:19 GMT",7bc8231443cf68c17ae2e4db3fed63b421e1c88320ff76fd6ff0b8c2e6bf72a2,682599,64,passed,passed_automated,pending_human_audit
hc_dpd_2a0bd77c65e44142,en,00072741,https://pdf.hres.ca/dpd_pm/00072741.PDF,https://health-products.canada.ca/dpd-bdpp/info?lang=eng&code=90952,2026-08-11T13:46:30Z,,e6a8d697cd3643623e30be2f7a344e062e5df9e55a2b93a0b3356efc39c5ecc2,870294,63,passed,passed_automated,pending_human_audit
hc_dpd_2a0bd77c65e44142,fr,00082461,https://pdf.hres.ca/dpd_pm/00082461.PDF,https://health-products.canada.ca/dpd-bdpp/info?lang=fra&code=90952,2026-08-11T13:46:30Z,,ab983a1603d5e2c7ccb76f766a296968bd21497f8770d340836a6b780d4cf1c1,721432,71,passed,passed_automated,pending_human_audit
hc_dpd_2a0ff0f0f24451ad,en,00082278,https://pdf.hres.ca/dpd_pm/00082278.PDF,https://health-products.canada.ca/dpd-bdpp/info?lang=eng&code=88072,2026-08-11T13:46:30Z,,b17169cbd368dcd45ccd53a0abdb6b10119d652f9add7cf0a4c33272174996cf,1111192,56,passed,passed_automated,pending_human_audit
hc_dpd_2a0ff0f0f24451ad,fr,00082279,https://pdf.hres.ca/dpd_pm/00082279.PDF,https://health-products.canada.ca/dpd-bdpp/info?lang=fra&code=88072,2026-08-11T13:46:30Z,,fa26fcd5f6bdb91d53776c3ce1dcdfa40131bcb4ce7c7848faf7d358ee1cf434,1654106,67,passed,passed_automated,pending_human_audit
hc_dpd_2a5909736dbc1762,en,00075223,https://pdf.hres.ca/dpd_pm/00075223.PDF,https://health-products.canada.ca/dpd-bdpp/info?lang=eng&code=23671,2026-08-11T13:46:30Z,,85c9ab3f6fab501242b16e5b5a11041edc0a6b256dbd98eae923c498867c86ff,549581,20,passed,passed_automated,pending_human_audit
hc_dpd_2a5909736dbc1762,fr,00075294,https://pdf.hres.ca/dpd_pm/00075294.PDF,https://health-products.canada.ca/dpd-bdpp/info?lang=fra&code=23671,2026-08-11T13:46:30Z,,c8f1dc5a057fb5a32b00d6e8b39715cd2dc5b67487ecada5f2c736296a60933f,346874,22,passed,passed_automated,pending_human_audit
hc_dpd_2b59829c4fadd7cf,en,00063013,https://pdf.hres.ca/dpd_pm/00063013.PDF,https://health-products.canada.ca/dpd-bdpp/info?lang=eng&code=55839,2026-08-11T13:46:30Z,,4b8da85550129df755a348549b647528f12b977d2f4ec176f8cb670bbd1273fc,527946,42,passed,passed_automated,pending_human_audit
hc_dpd_2b59829c4fadd7cf,fr,00063360,https://pdf.hres.ca/dpd_pm/00063360.PDF,https://health-products.canada.ca/dpd-bdpp/info?lang=fra&code=55839,2026-08-11T13:46:30Z,,fc47885bcedb92bb423c8bff6c1c3cd296ddbd68a482511d6c8c9013daf452fb,1110907,41,passed,passed_automated,pending_human_audit
hc_dpd_2c2174190b036b5a,en,00065142,https://pdf.hres.ca/dpd_pm/00065142.PDF,https://health-products.canada.ca/dpd-bdpp/info?lang=eng&code=77884,2026-07-30T22:00:00Z,,b014a72320741974de3afc952e3d599b6cfef640d1e4f1dba35102fd0c1f223d,1068898,33,passed,passed_automated,pending_human_audit
hc_dpd_2c2174190b036b5a,fr,00082515,https://pdf.hres.ca/dpd_pm/00082515.PDF,https://health-products.canada.ca/dpd-bdpp/info?lang=fra&code=77884,2026-07-30T22:00:00Z,,51c6e4d39c9bee7776ae1ab018e6dc97cdb19ec841ad97b171d447704ea78264,451998,36,passed,passed_automated,pending_human_audit
hc_dpd_2c9dc4ef26788746,en,00076258,https://pdf.hres.ca/dpd_pm/00076258.PDF,https://health-products.canada.ca/dpd-bdpp/info?lang=eng&code=37363,2026-08-11T13:46:30Z,,69a409cb11db8e861f5ad868ab91b635284515b7f6e00d9ad37d5dc9a49d4136,352671,19,passed,passed_automated,pending_human_audit
hc_dpd_2c9dc4ef26788746,fr,00076259,https://pdf.hres.ca/dpd_pm/00076259.PDF,https://health-products.canada.ca/dpd-bdpp/info?lang=fra&code=37363,2026-08-11T13:46:30Z,,082628014fab8883af3ad6e49656e7f8e6c88601cc4936fe81e92d300a5df7fd,434140,22,passed,passed_automated,pending_human_audit
hc_dpd_2d463d6526a1946c,en,00067855,https://pdf.hres.ca/dpd_pm/00067855.PDF,https://health-products.canada.ca/dpd-bdpp/info?lang=eng&code=80705,2026-08-11T13:46:30Z,"Thu, 29 Aug 2024 15:06:26 GMT",0991035c4df37cae7bf25de551c1d47df438cb488cb841f8a62fd3a2a9e7633f,2078872,65,passed,passed_automated,pending_human_audit
hc_dpd_2d463d6526a1946c,fr,00068490,https://pdf.hres.ca/dpd_pm/00068490.PDF,https://health-products.canada.ca/dpd-bdpp/info?lang=fra&code=80705,2026-08-11T13:46:30Z,"Thu, 29 Aug 2024 15:06:42 GMT",6b82770e45d1cd79aa123e39c6c36b22103c58d7be97856efc34e4be30af5b01,966686,72,passed,passed_automated,pending_human_audit
hc_dpd_2dcb457e633b3402,en,00082175,https://pdf.hres.ca/dpd_pm/00082175.PDF,https://health-products.canada.ca/dpd-bdpp/info?lang=eng&code=96645,2026-07-30T22:00:00Z,,0fad3665e325677a166a8e8cb20ddfef47f8cc85fffec5b6bebc5b039bcf8ce3,864335,43,passed,passed_automated,pending_human_audit
hc_dpd_2dcb457e633b3402,fr,00082498,https://pdf.hres.ca/dpd_pm/00082498.PDF,https://health-products.canada.ca/dpd-bdpp/info?lang=fra&code=96645,2026-07-30T22:00:00Z,,ee5b74bbe99176765cb9664730283228a92066268003b93801516314df6407c3,987645,49,passed,passed_automated,pending_human_audit
hc_dpd_2debe1fde5169583,en,00075274,https://pdf.hres.ca/dpd_pm/00075274.PDF,https://health-products.canada.ca/dpd-bdpp/info?lang=eng&code=95117,2026-08-11T13:46:30Z,,8132bd367004d27bc329599db276d50ac4881459d28911bb36d30dd67c472083,586420,45,passed,passed_automated,pending_human_audit
hc_dpd_2debe1fde5169583,fr,00075275,https://pdf.hres.ca/dpd_pm/00075275.PDF,https://health-products.canada.ca/dpd-bdpp/info?lang=fra&code=95117,2026-08-11T13:46:30Z,,25a7facfc189fb6957fd1f06e16fc5ce7f0ff56c1b1601909f7afcaaf7731c5d,582352,50,passed,passed_automated,pending_human_audit
hc_dpd_2f1032fed841f093,en,00065161,https://pdf.hres.ca/dpd_pm/00065161.PDF,https://health-products.canada.ca/dpd-bdpp/info?lang=eng&code=100470,2026-08-11T13:46:30Z,,7668c36273aab3b73860895bb150d19d128fef12b8f99363de50423a0a428b67,1496975,56,passed,passed_automated,pending_human_audit
hc_dpd_2f1032fed841f093,fr,00065162,https://pdf.hres.ca/dpd_pm/00065162.PDF,https://health-products.canada.ca/dpd-bdpp/info?lang=fra&code=100470,2026-08-11T13:46:30Z,,078e9275b50732a92a7dd9d4c1400b789f1f6f34b8cb0d9b325c2be9d3dd80dc,475380,66,passed,passed_automated,pending_human_audit
hc_dpd_2fc21f129a5c9b0a,en,00084862,https://pdf.hres.ca/dpd_pm/00084862.PDF,https://health-products.canada.ca/dpd-bdpp/info?lang=eng&code=104399,2026-07-30T22:00:00Z,,69fae6be5ad666412a9484addac73318cfadb9afb854435486058e27d0ac68a4,868144,43,passed,passed_automated,pending_human_audit
hc_dpd_2fc21f129a5c9b0a,fr,00085127,https://pdf.hres.ca/dpd_pm/00085127.PDF,https://health-products.canada.ca/dpd-bdpp/info?lang=fra&code=104399,2026-07-30T22:00:00Z,,dde5508a233880d53299d91aec917e7872814d0fd7f1305239051010eda9aa59,522558,43,passed,passed_automated,pending_human_audit
hc_dpd_2fe14322c950fead,en,00078006,https://pdf.hres.ca/dpd_pm/00078006.PDF,https://health-products.canada.ca/dpd-bdpp/info?lang=eng&code=104264,2026-08-11T13:46:30Z,,fae66fcd6deb39841a09a6821ff7e6d02e04f51cf341b3dfd801006308fbc7b5,608320,43,passed,passed_automated,pending_human_audit
hc_dpd_2fe14322c950fead,fr,00080928,https://pdf.hres.ca/dpd_pm/00080928.PDF,https://health-products.canada.ca/dpd-bdpp/info?lang=fra&code=104264,2026-08-11T13:46:30Z,,066ffd52b56fdcdffabb56fcdc6645aff4eb62589bdfa3406121df11d852c0e9,557175,49,passed,passed_automated,pending_human_audit
hc_dpd_30aba3a7347bf952,en,00067870,https://pdf.hres.ca/dpd_pm/00067870.PDF,https://health-products.canada.ca/dpd-bdpp/info?lang=eng&code=102093,2026-07-30T22:00:00Z,,eb111d75d7f49c531e2b4aba3ff6f414c18f126d945ae63543f5fd25ccde3ad7,1539978,65,passed,passed_automated,pending_human_audit
hc_dpd_30aba3a7347bf952,fr,00068521,https://pdf.hres.ca/dpd_pm/00068521.PDF,https://health-products.canada.ca/dpd-bdpp/info?lang=fra&code=102093,2026-07-30T22:00:00Z,,61432cc2cca0adb07a357b29d341e036b51a9cb04c2008b39dad8699449d76a4,924672,67,passed,passed_automated,pending_human_audit
hc_dpd_3188d041219430c6,en,00066082,https://pdf.hres.ca/dpd_pm/00066082.PDF,https://health-products.canada.ca/dpd-bdpp/info?lang=eng&code=85900,2026-07-30T22:00:00Z,,a411ed175945d34811b789e0ac9034eccd66992950bfac15638ea7af23a48b6f,995013,16,passed,passed_automated,pending_human_audit
hc_dpd_3188d041219430c6,fr,00066354,https://pdf.hres.ca/dpd_pm/00066354.PDF,https://health-products.canada.ca/dpd-bdpp/info?lang=fra&code=85900,2026-07-30T22:00:00Z,,dc23d75795fcf764caf75c455961459a238079f100c9c31d8013bd9aaa12c356,280963,18,passed,passed_automated,pending_human_audit
hc_dpd_31b576037946a679,en,00060402,https://pdf.hres.ca/dpd_pm/00060402.PDF,https://health-products.canada.ca/dpd-bdpp/info?lang=eng&code=88807,2026-08-11T13:46:30Z,,e31f5ecf8a2bf65df87f219d42fb1a301275ea877a358ca4929c0fffa3571129,2245059,66,passed,passed_automated,pending_human_audit
hc_dpd_31b576037946a679,fr,00060536,https://pdf.hres.ca/dpd_pm/00060536.PDF,https://health-products.canada.ca/dpd-bdpp/info?lang=fra&code=88807,2026-08-11T13:46:30Z,,30664385f43d775c681c3baeb06e3c6c1bdf5335b8499627e8a4711e853642d3,864779,71,passed,passed_automated,pending_human_audit
hc_dpd_32f64d7617d42b75,en,00084442,https://pdf.hres.ca/dpd_pm/00084442.PDF,https://health-products.canada.ca/dpd-bdpp/info?lang=eng&code=106674,2026-07-30T22:00:00Z,,6baacff6eaad2b526e025365ec67f20cdf84952f16a27083945ba4c49951cd3c,967544,47,passed,passed_automated,pending_human_audit
hc_dpd_32f64d7617d42b75,fr,00084683,https://pdf.hres.ca/dpd_pm/00084683.PDF,https://health-products.canada.ca/dpd-bdpp/info?lang=fra&code=106674,2026-07-30T22:00:00Z,,b99d6a183e2bd695e44c8242e2ce43bbba9d528d8799f0f96f8b1bdddf420fdf,7699222,53,passed,passed_automated,pending_human_audit
hc_dpd_3367aa9c34fe4f59,en,00081567,https://pdf.hres.ca/dpd_pm/00081567.PDF,https://health-products.canada.ca/dpd-bdpp/info?lang=eng&code=71388,2026-08-11T13:46:30Z,,dacd811628737522dec46ef49c2279ef14bb0fe6a8d77f677f18a3842b51b2b8,357092,38,passed,passed_automated,pending_human_audit
hc_dpd_3367aa9c34fe4f59,fr,00081726,https://pdf.hres.ca/dpd_pm/00081726.PDF,https://health-products.canada.ca/dpd-bdpp/info?lang=fra&code=71388,2026-08-11T13:46:30Z,,5a565ff86b97d102bc1120cc0eb848822117711edd6284430c98087ac5faa8dc,525904,41,passed,passed_automated,pending_human_audit
hc_dpd_34379d6cd1a7c44d,en,00058250,https://pdf.hres.ca/dpd_pm/00058250.PDF,https://health-products.canada.ca/dpd-bdpp/info?lang=eng&code=12753,2026-08-11T13:46:30Z,,34a82e6ce96e1edb0521b1312345161e3c7f91091bb27ff06600fd94b95f7997,161643,13,passed,passed_automated,pending_human_audit
hc_dpd_34379d6cd1a7c44d,fr,00083438,https://pdf.hres.ca/dpd_pm/00083438.PDF,https://health-products.canada.ca/dpd-bdpp/info?lang=fra&code=12753,2026-08-11T13:46:30Z,,6f53640737001013b26c7f9776e904e836dcf6446a444d9c2f2df58087c0a8e6,161868,13,passed,passed_automated,pending_human_audit
hc_dpd_3444753169ab6d21,en,00081392,https://pdf.hres.ca/dpd_pm/00081392.PDF,https://health-products.canada.ca/dpd-bdpp/info?lang=eng&code=76957,2026-08-11T13:46:30Z,,429e5237984ccca7a97c9357188ead608fa3de910c3c67d204c7238d93850287,417819,44,passed,passed_automated,pending_human_audit
hc_dpd_3444753169ab6d21,fr,00081693,https://pdf.hres.ca/dpd_pm/00081693.PDF,https://health-products.canada.ca/dpd-bdpp/info?lang=fra&code=76957,2026-08-11T13:46:30Z,,910b6f436acd53372b818becc28918dd36547fae2fcda05b5e7dfd91b542b0c1,680281,47,passed,passed_automated,pending_human_audit
hc_dpd_348ddc0d132b3c19,en,00073497,https://pdf.hres.ca/dpd_pm/00073497.PDF,https://health-products.canada.ca/dpd-bdpp/info?lang=eng&code=98214,2026-08-11T13:46:30Z,,fb8d450108d86fc72e6926dd91ff5321f3d1af6a94f0d1c115ad5f062ed750ca,4796569,180,passed,passed_automated,pending_human_audit
hc_dpd_348ddc0d132b3c19,fr,00075491,https://pdf.hres.ca/dpd_pm/00075491.PDF,https://health-products.canada.ca/dpd-bdpp/info?lang=fra&code=98214,2026-08-11T13:46:30Z,,b19054af81eb2488b87419b394cb0625a0d907589156d8dea5a9f403853a4de5,2476457,191,passed,passed_automated,pending_human_audit
hc_dpd_368497cc07261e3e,en,00036792,https://pdf.hres.ca/dpd_pm/00036792.PDF,https://health-products.canada.ca/dpd-bdpp/info?lang=eng&code=93116,2026-07-30T22:00:00Z,,962f55952b7fbd66003f4b65a2e65a56c29a07bafc3a0e3f519e91f17a26be94,839716,54,passed,passed_automated,pending_human_audit
hc_dpd_368497cc07261e3e,fr,00036793,https://pdf.hres.ca/dpd_pm/00036793.PDF,https://health-products.canada.ca/dpd-bdpp/info?lang=fra&code=93116,2026-07-30T22:00:00Z,,03633ca12cf41a4bd4e86ad285c030fea3eb00424d35c80dbb6bc035bd2812e6,952438,59,passed,passed_automated,pending_human_audit
hc_dpd_3c01f49c29f6efaf,en,00046795,https://pdf.hres.ca/dpd_pm/00046795.PDF,https://health-products.canada.ca/dpd-bdpp/info?lang=eng&code=259,2026-08-11T13:46:30Z,,22dec700ffdd661003e0d7ad003c31d076a5c909227a60cc39bab67c0a1aaaea,554443,15,passed,passed_automated,pending_human_audit
hc_dpd_3c01f49c29f6efaf,fr,00047380,https://pdf.hres.ca/dpd_pm/00047380.PDF,https://health-products.canada.ca/dpd-bdpp/info?lang=fra&code=259,2026-08-11T13:46:30Z,,7591f9f2b59dc53010987ee271bfef5e47d034f2e708dc5efc74a6f4d6ee0ce4,493781,16,passed,passed_automated,pending_human_audit
hc_dpd_3c7a02c6dfa581f0,en,00062151,https://pdf.hres.ca/dpd_pm/00062151.PDF,https://health-products.canada.ca/dpd-bdpp/info?lang=eng&code=99741,2026-07-30T22:00:00Z,,8683d4d57ed850521e819e0072d06406c37407050823b45b82f2357e827f7efd,380926,33,passed,passed_automated,pending_human_audit
hc_dpd_3c7a02c6dfa581f0,fr,00063126,https://pdf.hres.ca/dpd_pm/00063126.PDF,https://health-products.canada.ca/dpd-bdpp/info?lang=fra&code=99741,2026-07-30T22:00:00Z,,e9e3bbef8c68ca3fd2c09e43bc1a3b6db73744fd3f3694b957242202b705f30f,510390,38,passed,passed_automated,pending_human_audit
hc_dpd_3f2e211bc2a89417,en,00074892,https://pdf.hres.ca/dpd_pm/00074892.PDF,https://health-products.canada.ca/dpd-bdpp/info?lang=eng&code=20287,2026-08-11T13:46:30Z,,0dcd738457be753cda3ed09322480d1732cd57dadd749561511e7383dbed48e3,436504,19,passed,passed_automated,pending_human_audit
hc_dpd_3f2e211bc2a89417,fr,00075080,https://pdf.hres.ca/dpd_pm/00075080.PDF,https://health-products.canada.ca/dpd-bdpp/info?lang=fra&code=20287,2026-08-11T13:46:30Z,,dd9a3283b43685a9c605a8cf9f0d7f84f9f5d5e43489d48c99a3150d3890eaf9,350580,21,passed,passed_automated,pending_human_audit
hc_dpd_3fe6fc58ec7db3c7,en,00064176,https://pdf.hres.ca/dpd_pm/00064176.PDF,https://health-products.canada.ca/dpd-bdpp/info?lang=eng&code=98619,2026-08-11T13:46:30Z,,da964289b48fcdd031bc4d5ab8fcab42bb395eca1eb9f846451105de17fda255,1012393,45,passed,passed_automated,pending_human_audit
hc_dpd_3fe6fc58ec7db3c7,fr,00064276,https://pdf.hres.ca/dpd_pm/00064276.PDF,https://health-products.canada.ca/dpd-bdpp/info?lang=fra&code=98619,2026-08-11T13:46:30Z,,2e4fcaaa98f01db7fec0b51d89b3a6e393741ea1fb5550fdcf876a8470a13e9e,578511,51,passed,passed_automated,pending_human_audit
hc_dpd_404d5e5f8b35ead7,en,00055547,https://pdf.hres.ca/dpd_pm/00055547.PDF,https://health-products.canada.ca/dpd-bdpp/info?lang=eng&code=2333,2026-08-11T13:46:30Z,,c37ca385d6815355980512fa742238e49f5592d0c17e9acb69aea9e2b898743c,787901,30,passed,passed_automated,pending_human_audit
hc_dpd_404d5e5f8b35ead7,fr,00055562,https://pdf.hres.ca/dpd_pm/00055562.PDF,https://health-products.canada.ca/dpd-bdpp/info?lang=fra&code=2333,2026-08-11T13:46:30Z,,3a29d956a6e5af30210f53d25bd829bda444e4a5b6001338c39f5fb974e9f70a,226251,30,passed,passed_automated,pending_human_audit
hc_dpd_409450f45758e5d1,en,00081131,https://pdf.hres.ca/dpd_pm/00081131.PDF,https://health-products.canada.ca/dpd-bdpp/info?lang=eng&code=106280,2026-08-11T13:46:30Z,,3ed1e1a822e1d69b2fe833fe213842580917a50347654449870ac69d2ca124e1,676987,38,passed,passed_automated,pending_human_audit
hc_dpd_409450f45758e5d1,fr,00081377,https://pdf.hres.ca/dpd_pm/00081377.PDF,https://health-products.canada.ca/dpd-bdpp/info?lang=fra&code=106280,2026-08-11T13:46:30Z,,a932e133f7de9a92bea6ed32757b8c39166c18f064517892612818db657d5f55,594221,43,passed,passed_automated,pending_human_audit
hc_dpd_412627fe43ba7d28,en,00082437,https://pdf.hres.ca/dpd_pm/00082437.PDF,https://health-products.canada.ca/dpd-bdpp/info?lang=eng&code=93692,2026-08-11T13:46:30Z,,b3becb05882607aff0fb65af90fcc642d9ae90f86aa6f2211df4126f5b79301e,1069744,67,passed,passed_automated,pending_human_audit
hc_dpd_412627fe43ba7d28,fr,00082776,https://pdf.hres.ca/dpd_pm/00082776.PDF,https://health-products.canada.ca/dpd-bdpp/info?lang=fra&code=93692,2026-08-11T13:46:30Z,,2719384a4532a76256fb2116a408731e4cd5d3f39e779da646b9356bbfc0dac3,1280147,72,passed,passed_automated,pending_human_audit
hc_dpd_432d18d1cd566f25,en,00084574,https://pdf.hres.ca/dpd_pm/00084574.PDF,https://health-products.canada.ca/dpd-bdpp/info?lang=eng&code=106391,2026-08-11T13:46:30Z,,dd817179cb5df757a48501e80a7c5d83bb9fbc120c47cfb24859a55863a4bf2a,962272,45,passed,passed_automated,pending_human_audit
hc_dpd_432d18d1cd566f25,fr,00084575,https://pdf.hres.ca/dpd_pm/00084575.PDF,https://health-products.canada.ca/dpd-bdpp/info?lang=fra&code=106391,2026-08-11T13:46:30Z,,a7ccbd3b227fc72a46b8e43ba9aa920525ad3eaf480c984d5f9c6f4058798f91,763579,55,passed,passed_automated,pending_human_audit
hc_dpd_440415d12c2fa7ad,en,00069681,https://pdf.hres.ca/dpd_pm/00069681.PDF,https://health-products.canada.ca/dpd-bdpp/info?lang=eng&code=87517,2026-08-11T13:46:30Z,,27434843533ad9d8342a918a32e2225ba36d2316c2ce1e8f44f5fb79b0510514,877342,44,passed,passed_automated,pending_human_audit
hc_dpd_440415d12c2fa7ad,fr,00069806,https://pdf.hres.ca/dpd_pm/00069806.PDF,https://health-products.canada.ca/dpd-bdpp/info?lang=fra&code=87517,2026-08-11T13:46:30Z,,48bfb4b37d06b82ed0c0950c13088b5491bb518abf5a798bf9d04a67734d7075,658697,48,passed,passed_automated,pending_human_audit
hc_dpd_4424763b3d592f0f,en,00059997,https://pdf.hres.ca/dpd_pm/00059997.PDF,https://health-products.canada.ca/dpd-bdpp/info?lang=eng&code=69428,2026-08-11T13:46:30Z,,aa9b941d580ae06d87d16aaabad6571c6aeb40be7f211193dda21783b05d23d2,1230880,58,passed,passed_automated,pending_human_audit
hc_dpd_4424763b3d592f0f,fr,00061466,https://pdf.hres.ca/dpd_pm/00061466.PDF,https://health-products.canada.ca/dpd-bdpp/info?lang=fra&code=69428,2026-08-11T13:46:30Z,,e39fec303793ce1c0dddd793a1e88d7af9b8b788e5b8d197814bba001149b2a6,581260,59,passed,passed_automated,pending_human_audit
hc_dpd_45de65f9755d7284,en,00069792,https://pdf.hres.ca/dpd_pm/00069792.PDF,https://health-products.canada.ca/dpd-bdpp/info?lang=eng&code=96312,2026-08-11T13:46:30Z,,dea28f0063dda7b347d6bd96b4cc3d0e347a80116f0852624366a6ddb5aef7c4,937411,64,passed,passed_automated,pending_human_audit
hc_dpd_45de65f9755d7284,fr,00070027,https://pdf.hres.ca/dpd_pm/00070027.PDF,https://health-products.canada.ca/dpd-bdpp/info?lang=fra&code=96312,2026-08-11T13:46:30Z,,6bf3467c24ec7a53a3429e1afdfd348481a6c9a524678607eabbd6b85f0355cd,488321,78,passed,passed_automated,pending_human_audit
hc_dpd_46280a20ce82b416,en,00074005,https://pdf.hres.ca/dpd_pm/00074005.PDF,https://health-products.canada.ca/dpd-bdpp/info?lang=eng&code=98062,2026-08-11T13:46:30Z,,54cfc3d7f94845db3617014e32474f5169bbdd0431c03803500eed886896330e,1004050,51,passed,passed_automated,pending_human_audit
hc_dpd_46280a20ce82b416,fr,00074006,https://pdf.hres.ca/dpd_pm/00074006.PDF,https://health-products.canada.ca/dpd-bdpp/info?lang=fra&code=98062,2026-08-11T13:46:30Z,,f21dcce29dd276f21c5dc24bdfd895ebfe19f61478d5cff04a5f63c1d166897f,1430297,52,passed,passed_automated,pending_human_audit
hc_dpd_46430cebbd4495a4,en,00082074,https://pdf.hres.ca/dpd_pm/00082074.PDF,https://health-products.canada.ca/dpd-bdpp/info?lang=eng&code=81147,2026-08-11T13:46:30Z,,340d749c6385e179164d15a77f98f7c1adf47a811c1647c520289002c1aa02cd,646609,41,passed,passed_automated,pending_human_audit
hc_dpd_46430cebbd4495a4,fr,00082309,https://pdf.hres.ca/dpd_pm/00082309.PDF,https://health-products.canada.ca/dpd-bdpp/info?lang=fra&code=81147,2026-08-11T13:46:30Z,,f098cb5e0151ddaf977a533da2c4820015086c972830dccefd50a38db62a181c,666722,45,passed,passed_automated,pending_human_audit
hc_dpd_467237d19b6080fa,en,00084447,https://pdf.hres.ca/dpd_pm/00084447.PDF,https://health-products.canada.ca/dpd-bdpp/info?lang=eng&code=63789,2026-07-30T22:00:00Z,,815e7b9515da150af48e82852ec6b7ff3bd3237c9b920959db1223180fda0049,1427195,52,passed,passed_automated,pending_human_audit
hc_dpd_467237d19b6080fa,fr,00084680,https://pdf.hres.ca/dpd_pm/00084680.PDF,https://health-products.canada.ca/dpd-bdpp/info?lang=fra&code=63789,2026-07-30T22:00:00Z,,c6ec6520bd8db200d1eb5359819f9adfac1dcd09ef5bd552fb5990974b0d9784,706483,56,passed,passed_automated,pending_human_audit
hc_dpd_46a558ac1490e5e4,en,00055253,https://pdf.hres.ca/dpd_pm/00055253.PDF,https://health-products.canada.ca/dpd-bdpp/info?lang=eng&code=9626,2026-08-11T13:46:30Z,,9000bcc8fc68b63500107b229b1256be215739d590a6ae77ec5ae5c4fa9dcf41,787183,39,passed,passed_automated,pending_human_audit
hc_dpd_46a558ac1490e5e4,fr,00083974,https://pdf.hres.ca/dpd_pm/00083974.PDF,https://health-products.canada.ca/dpd-bdpp/info?lang=fra&code=9626,2026-08-11T13:46:30Z,,465e4f5f3516d2817b02f02b4f7f4a3061afe0faaf3b70a5dc96fed625289f30,623762,42,passed,passed_automated,pending_human_audit
hc_dpd_46cd8e6f46b033b3,en,00084829,https://pdf.hres.ca/dpd_pm/00084829.PDF,https://health-products.canada.ca/dpd-bdpp/info?lang=eng&code=19763,2026-08-11T13:46:30Z,,12939ff37d0eb9568dbefbd3d3503579b3adc3a18d4fe1caae104da3ab34fef5,666738,30,passed,passed_automated,pending_human_audit
hc_dpd_46cd8e6f46b033b3,fr,00085043,https://pdf.hres.ca/dpd_pm/00085043.PDF,https://health-products.canada.ca/dpd-bdpp/info?lang=fra&code=19763,2026-08-11T13:46:30Z,,54ababe2c532b586afa923c370a2f29d9fc9ca4f33b2c9510fc1c1ed4f6fd061,657549,32,passed,passed_automated,pending_human_audit
hc_dpd_4741de91bc2d979c,en,00055254,https://pdf.hres.ca/dpd_pm/00055254.PDF,https://health-products.canada.ca/dpd-bdpp/info?lang=eng&code=98549,2026-08-11T13:46:30Z,"Thu, 29 Aug 2024 15:01:59 GMT",1cd3a4b57188e81ef8a2788464cbf03e22dc5b18c98fec45d29eed4ad3f49598,1359914,63,passed,passed_automated,pending_human_audit
hc_dpd_4741de91bc2d979c,fr,00054743,https://pdf.hres.ca/dpd_pm/00054743.PDF,https://health-products.canada.ca/dpd-bdpp/info?lang=fra&code=98549,2026-08-11T13:46:30Z,"Thu, 29 Aug 2024 15:01:49 GMT",b9615ecddf886f9bca594fbdb0ca5a4a0fada8ff1cfa14fbc030378cfe00994f,527673,72,passed,passed_automated,pending_human_audit
hc_dpd_47916090b794838b,en,00084151,https://pdf.hres.ca/dpd_pm/00084151.PDF,https://health-products.canada.ca/dpd-bdpp/info?lang=eng&code=87468,2026-08-11T13:46:30Z,,c6df4980b28b0bda1c29ad44e9912515ee5147338f41c1dd9dcebc09d13a1092,864221,60,passed,passed_automated,pending_human_audit
hc_dpd_47916090b794838b,fr,00084460,https://pdf.hres.ca/dpd_pm/00084460.PDF,https://health-products.canada.ca/dpd-bdpp/info?lang=fra&code=87468,2026-08-11T13:46:30Z,,d9372ca6489660ef320cce74c4f6bd199e22b17e5dc28ad3e4a776620b581d45,716624,69,passed,passed_automated,pending_human_audit
hc_dpd_486e43c7e5c72b57,en,00082277,https://pdf.hres.ca/dpd_pm/00082277.PDF,https://health-products.canada.ca/dpd-bdpp/info?lang=eng&code=97838,2026-07-30T22:00:00Z,,5fea5e651700b1cf124f0550a6a28b5c91d68428932232c4192e30bcefa0eb82,595857,47,passed,passed_automated,pending_human_audit
hc_dpd_486e43c7e5c72b57,fr,00082482,https://pdf.hres.ca/dpd_pm/00082482.PDF,https://health-products.canada.ca/dpd-bdpp/info?lang=fra&code=97838,2026-07-30T22:00:00Z,,a9cbf17f99e5019dc17c5d0d4ea2e8bc8fb41bafcf802c3976f6b2abed978b64,680228,51,passed,passed_automated,pending_human_audit
hc_dpd_49b68db942d82cfc,en,00074542,https://pdf.hres.ca/dpd_pm/00074542.PDF,https://health-products.canada.ca/dpd-bdpp/info?lang=eng&code=67615,2026-08-11T13:46:30Z,,fd4e89b41e400b3f46b0649c901d49161e78e1f30d1c4665e596d102c9da886c,1117081,51,passed,passed_automated,pending_human_audit
hc_dpd_49b68db942d82cfc,fr,00074904,https://pdf.hres.ca/dpd_pm/00074904.PDF,https://health-products.canada.ca/dpd-bdpp/info?lang=fra&code=67615,2026-08-11T13:46:30Z,,a81ff14e76481d1dc4b0c8e6506857d301836c26b4a7653ab6e96d0aaee25205,382282,56,passed,passed_automated,pending_human_audit
hc_dpd_4cf7b981f2157766,en,00070426,https://pdf.hres.ca/dpd_pm/00070426.PDF,https://health-products.canada.ca/dpd-bdpp/info?lang=eng&code=94803,2026-08-11T13:46:30Z,,58dc75b5e522da9a4353441119684099201b94d30a1dd89af827c0ed31db91b0,595048,37,passed,passed_automated,pending_human_audit
hc_dpd_4cf7b981f2157766,fr,00081824,https://pdf.hres.ca/dpd_pm/00081824.PDF,https://health-products.canada.ca/dpd-bdpp/info?lang=fra&code=94803,2026-08-11T13:46:30Z,,5b83fa1bc33cec6e98bc5cd0cba831f51df10ac99f5ce4695c472b8d0d576b23,580724,39,passed,passed_automated,pending_human_audit
hc_dpd_50ba913cab318fd3,en,00077951,https://pdf.hres.ca/dpd_pm/00077951.PDF,https://health-products.canada.ca/dpd-bdpp/info?lang=eng&code=88532,2026-08-11T13:46:30Z,,2372a3e998f81514daff6eb020b9a997140cea9c84d531486203c0d0640e6c15,479192,34,passed,passed_automated,pending_human_audit
hc_dpd_50ba913cab318fd3,fr,00077952,https://pdf.hres.ca/dpd_pm/00077952.PDF,https://health-products.canada.ca/dpd-bdpp/info?lang=fra&code=88532,2026-08-11T13:46:30Z,,d38681b221581dacae33ac7e13d3842729634d8ec19b99a7ec3d1accf011d3eb,486799,32,passed,passed_automated,pending_human_audit
hc_dpd_5177081c7878e167,en,00068150,https://pdf.hres.ca/dpd_pm/00068150.PDF,https://health-products.canada.ca/dpd-bdpp/info?lang=eng&code=98897,2026-08-11T13:46:30Z,,56685140f0062fb58ac25a6ff3f54528141811e455d2e1bfa6a6e1e5e21abf30,1363155,43,passed,passed_automated,pending_human_audit
hc_dpd_5177081c7878e167,fr,00068529,https://pdf.hres.ca/dpd_pm/00068529.PDF,https://health-products.canada.ca/dpd-bdpp/info?lang=fra&code=98897,2026-08-11T13:46:30Z,,34c00c26b62d9cd8b550854e25ab928d709ba351fd955b02c64462196b432f02,1238908,49,passed,passed_automated,pending_human_audit
hc_dpd_524f46556d9e7ecb,en,00066155,https://pdf.hres.ca/dpd_pm/00066155.PDF,https://health-products.canada.ca/dpd-bdpp/info?lang=eng&code=80341,2026-07-30T22:00:00Z,,46c890f08dbd92ee439cf6d7989257cd7869e714a9a4ceb2334bf997c33a2123,1850415,66,passed,passed_automated,pending_human_audit
hc_dpd_524f46556d9e7ecb,fr,00066156,https://pdf.hres.ca/dpd_pm/00066156.PDF,https://health-products.canada.ca/dpd-bdpp/info?lang=fra&code=80341,2026-07-30T22:00:00Z,,ee935140bdf538f7852d6e9224a996c898fd99d2469825bb2495daa07f4a1644,2151959,77,passed,passed_automated,pending_human_audit
hc_dpd_531bcafc30536276,en,00074850,https://pdf.hres.ca/dpd_pm/00074850.PDF,https://health-products.canada.ca/dpd-bdpp/info?lang=eng&code=19252,2026-08-11T13:46:30Z,,3b9eda75be1f45bc03073f3ebf5b476fc7c5fb54b8175c05f50c6ba3944c3821,437127,25,passed,passed_automated,pending_human_audit
hc_dpd_531bcafc30536276,fr,00074851,https://pdf.hres.ca/dpd_pm/00074851.PDF,https://health-products.canada.ca/dpd-bdpp/info?lang=fra&code=19252,2026-08-11T13:46:30Z,,83bf3279a6a18dfd40acfa704b3db1df26e7c20d0d6b835195322db3bcd12017,430852,27,passed,passed_automated,pending_human_audit
hc_dpd_57efb40bc22ca21c,en,00059479,https://pdf.hres.ca/dpd_pm/00059479.PDF,https://health-products.canada.ca/dpd-bdpp/info?lang=eng&code=94861,2026-07-30T22:00:00Z,,d2b7589eb76eaab873c05b3f71a2d47e57d24e1c565e6fe7aef42f0cdf044831,892543,65,passed,passed_automated,pending_human_audit
hc_dpd_57efb40bc22ca21c,fr,00059590,https://pdf.hres.ca/dpd_pm/00059590.PDF,https://health-products.canada.ca/dpd-bdpp/info?lang=fra&code=94861,2026-07-30T22:00:00Z,,c31a1f7d0bd6596df5e06d9d648e660154ef2c5aee0a1c0941bdb6b0d30a2941,907133,74,passed,passed_automated,pending_human_audit
hc_dpd_57f05e10f203066a,en,00080068,https://pdf.hres.ca/dpd_pm/00080068.PDF,https://health-products.canada.ca/dpd-bdpp/info?lang=eng&code=79596,2026-07-30T22:00:00Z,,0d7fbd2adaa7b0f8fa882ae9e17b5080f156b61c05f9119c9f190f564db2d499,1699216,88,passed,passed_automated,pending_human_audit
hc_dpd_57f05e10f203066a,fr,00080344,https://pdf.hres.ca/dpd_pm/00080344.PDF,https://health-products.canada.ca/dpd-bdpp/info?lang=fra&code=79596,2026-07-30T22:00:00Z,,a88843da10dc1fbe92caca1a508498851ff0fbca8ad8ca5e528324f6b8824b98,887232,98,passed,passed_automated,pending_human_audit
hc_dpd_5966e2911f55e6b1,en,00067844,https://pdf.hres.ca/dpd_pm/00067844.PDF,https://health-products.canada.ca/dpd-bdpp/info?lang=eng&code=4258,2026-07-30T22:00:00Z,,5e883beef1670117bd6d2dd70d809cbdf5d3e1c10478c8c43d663aa8a8271e02,196706,17,passed,passed_automated,pending_human_audit
hc_dpd_5966e2911f55e6b1,fr,00067845,https://pdf.hres.ca/dpd_pm/00067845.PDF,https://health-products.canada.ca/dpd-bdpp/info?lang=fra&code=4258,2026-07-30T22:00:00Z,,1ea337e7e14dccbd694933a01556a9675ed6678872ca356b385b65cbd903a36d,234678,19,passed,passed_automated,pending_human_audit
hc_dpd_59866f3bf88da67c,en,00042050,https://pdf.hres.ca/dpd_pm/00042050.PDF,https://health-products.canada.ca/dpd-bdpp/info?lang=eng&code=81133,2026-07-30T22:00:00Z,,5fde6f2e77595a9e9d92817631b740b6e384c4346e4229a0e3317cca1607d8f5,297809,33,passed,passed_automated,pending_human_audit
hc_dpd_59866f3bf88da67c,fr,00085483,https://pdf.hres.ca/dpd_pm/00085483.PDF,https://health-products.canada.ca/dpd-bdpp/info?lang=fra&code=81133,2026-07-30T22:00:00Z,,b3c4382f40b6cce07421db1be611a4529610bd3bf287f94841b14dd7cb4f70dc,622917,37,passed,passed_automated,pending_human_audit
hc_dpd_5a8993206af0ae1a,en,00085644,https://pdf.hres.ca/dpd_pm/00085644.PDF,https://health-products.canada.ca/dpd-bdpp/info?lang=eng&code=103044,2026-08-11T13:46:30Z,,1b4f6a5e5d3e731701a6e9f0c2ddb44bd484cf3fbd7e928eb29f18dd4e03fb5e,1228554,70,passed,passed_automated,pending_human_audit
hc_dpd_5a8993206af0ae1a,fr,00085645,https://pdf.hres.ca/dpd_pm/00085645.PDF,https://health-products.canada.ca/dpd-bdpp/info?lang=fra&code=103044,2026-08-11T13:46:30Z,,5b2c846f8ced7e215692f3574f77610d64f2d6e5cdeeb892f6f3e060cb9f3167,931656,76,passed,passed_automated,pending_human_audit
hc_dpd_5c4f30a07d669391,en,00051622,https://pdf.hres.ca/dpd_pm/00051622.PDF,https://health-products.canada.ca/dpd-bdpp/info?lang=eng&code=5672,2026-08-11T13:46:30Z,,cd30995c9be422fb366d4db7b77bdf923ddd4def7743d6c8fb67f5c7a615fd67,670683,24,passed,passed_automated,pending_human_audit
hc_dpd_5c4f30a07d669391,fr,00052005,https://pdf.hres.ca/dpd_pm/00052005.PDF,https://health-products.canada.ca/dpd-bdpp/info?lang=fra&code=5672,2026-08-11T13:46:30Z,,e8aa0fe118426b272a1eb4beb02cc68f4154fcd8b6ed4fe0bb9761b9dff445ed,341550,27,passed,passed_automated,pending_human_audit
hc_dpd_5f16c24567c6c335,en,00084836,https://pdf.hres.ca/dpd_pm/00084836.PDF,https://health-products.canada.ca/dpd-bdpp/info?lang=eng&code=96914,2026-08-11T13:46:30Z,,881f517dbec7330f493611d1c4f0bf74c545824ab0276160f77cffad59fc9b64,2150358,116,passed,passed_automated,pending_human_audit
hc_dpd_5f16c24567c6c335,fr,00084837,https://pdf.hres.ca/dpd_pm/00084837.PDF,https://health-products.canada.ca/dpd-bdpp/info?lang=fra&code=96914,2026-08-11T13:46:30Z,,ffa1bfe288f52a08656373e752f0a0382ffe6f531b8880217237bc5f857d798b,1776885,116,passed,passed_automated,pending_human_audit
hc_dpd_5f97d77fe629795a,en,00057731,https://pdf.hres.ca/dpd_pm/00057731.PDF,https://health-products.canada.ca/dpd-bdpp/info?lang=eng&code=92318,2026-08-11T13:46:30Z,,fa0b2f5d6372da96731f647daa4fa23d153cb31978aeb3333c8154ad4bcb9347,1073183,41,passed,passed_automated,pending_human_audit
hc_dpd_5f97d77fe629795a,fr,00058606,https://pdf.hres.ca/dpd_pm/00058606.PDF,https://health-products.canada.ca/dpd-bdpp/info?lang=fra&code=92318,2026-08-11T13:46:30Z,,c953c12318ec0bc2adc868e90be657a29d628e39ad2a843c9d0f86f46ebe40ef,436500,43,passed,passed_automated,pending_human_audit
hc_dpd_5fe4ef074cfcefc2,en,00065943,https://pdf.hres.ca/dpd_pm/00065943.PDF,https://health-products.canada.ca/dpd-bdpp/info?lang=eng&code=100706,2026-08-11T13:46:30Z,,a4cefc706f4a14de06a6fcd1d117c06df94feaa1d49bbbe4f5455c3fe3a18e94,727876,19,passed,passed_automated,pending_human_audit
hc_dpd_5fe4ef074cfcefc2,fr,00082732,https://pdf.hres.ca/dpd_pm/00082732.PDF,https://health-products.canada.ca/dpd-bdpp/info?lang=fra&code=100706,2026-08-11T13:46:30Z,,f5607f27c5a9cf72e0eeff676d77fb0b229db80f9e9fb4736a903e1ba13f8e54,363330,19,passed,passed_automated,pending_human_audit
hc_dpd_6347be01f6d2b0f9,en,00073777,https://pdf.hres.ca/dpd_pm/00073777.PDF,https://health-products.canada.ca/dpd-bdpp/info?lang=eng&code=84210,2026-08-11T13:46:30Z,"Thu, 29 Aug 2024 15:08:52 GMT",d53c901c25484aacd6e49f83319eb4ed720dc8cd32b9bbf2a6d5a19e8c075f3e,942889,60,passed,passed_automated,pending_human_audit
hc_dpd_6347be01f6d2b0f9,fr,00074056,https://pdf.hres.ca/dpd_pm/00074056.PDF,https://health-products.canada.ca/dpd-bdpp/info?lang=fra&code=84210,2026-08-11T13:46:30Z,"Thu, 29 Aug 2024 15:08:57 GMT",537ce6bb4409e44a9bbd61f4c4cea328fb4427a423564fea154bb985855696b9,820412,67,passed,passed_automated,pending_human_audit
hc_dpd_642a997c1edb19fc,en,00067342,https://pdf.hres.ca/dpd_pm/00067342.PDF,https://health-products.canada.ca/dpd-bdpp/info?lang=eng&code=92342,2026-08-11T13:46:30Z,,c6724aae0850deed52b84c3fe30b0ce7e313e578db8f023eed3bc78c209e2c95,1379128,63,passed,passed_automated,pending_human_audit
hc_dpd_642a997c1edb19fc,fr,00069248,https://pdf.hres.ca/dpd_pm/00069248.PDF,https://health-products.canada.ca/dpd-bdpp/info?lang=fra&code=92342,2026-08-11T13:46:30Z,,58cfe09158d2eaf83db23d2cf648fa69ae0b37a61841d40a6c5aab95db177d4b,1337253,69,passed,passed_automated,pending_human_audit
hc_dpd_64eeba0003c8a602,en,00082178,https://pdf.hres.ca/dpd_pm/00082178.PDF,https://health-products.canada.ca/dpd-bdpp/info?lang=eng&code=91536,2026-08-11T13:46:30Z,"Fri, 21 Nov 2025 22:07:12 GMT",2bbdb5cef51256068ded12a45ab3c1e12a8ec1ccea3f671c03aab1017c10fd7b,913420,60,passed,passed_automated,pending_human_audit
hc_dpd_64eeba0003c8a602,fr,00082510,https://pdf.hres.ca/dpd_pm/00082510.PDF,https://health-products.canada.ca/dpd-bdpp/info?lang=fra&code=91536,2026-08-11T13:46:30Z,"Fri, 21 Nov 2025 22:07:13 GMT",0c5c6344522169c8fcb66530e0811664236e7bfee7872be45a947e17584b759f,1015158,68,passed,passed_automated,pending_human_audit
hc_dpd_64fe4cbed3501d61,en,00060079,https://pdf.hres.ca/dpd_pm/00060079.PDF,https://health-products.canada.ca/dpd-bdpp/info?lang=eng&code=13889,2026-08-11T13:46:30Z,,a6e3560160dcb60ae18dee626c45e3f2d4c373bacf066d9db4643d147f2059cd,538649,19,passed,passed_automated,pending_human_audit
hc_dpd_64fe4cbed3501d61,fr,00061493,https://pdf.hres.ca/dpd_pm/00061493.PDF,https://health-products.canada.ca/dpd-bdpp/info?lang=fra&code=13889,2026-08-11T13:46:30Z,,622b933aad3245511ca8a27e46fa5bb17f4afce2ab586b83150500bb8ac80fbe,173558,18,passed,passed_automated,pending_human_audit
hc_dpd_67535c681122e884,en,00058926,https://pdf.hres.ca/dpd_pm/00058926.PDF,https://health-products.canada.ca/dpd-bdpp/info?lang=eng&code=96138,2026-08-11T13:46:30Z,,e9535e3a219ed9284664d1a864fcbba4b3af6db0836276ce4a80326d6027b483,1488642,42,passed,passed_automated,pending_human_audit
hc_dpd_67535c681122e884,fr,00058927,https://pdf.hres.ca/dpd_pm/00058927.PDF,https://health-products.canada.ca/dpd-bdpp/info?lang=fra&code=96138,2026-08-11T13:46:30Z,,32722029fd644769197e3917fb1cc988c617f47d245ddfbf03ec0f287b66a8cf,1910807,45,passed,passed_automated,pending_human_audit
hc_dpd_6863335feefef99a,en,00080721,https://pdf.hres.ca/dpd_pm/00080721.PDF,https://health-products.canada.ca/dpd-bdpp/info?lang=eng&code=76809,2026-08-11T13:46:30Z,,9006e6280798bcf601c35dfd3e33f791fce7d02fc4aa7e27ad2e11bb6ad1b6ed,403498,44,passed,passed_automated,pending_human_audit
hc_dpd_6863335feefef99a,fr,00080722,https://pdf.hres.ca/dpd_pm/00080722.PDF,https://health-products.canada.ca/dpd-bdpp/info?lang=fra&code=76809,2026-08-11T13:46:30Z,,03c6ac3602bebd2aa9ac448827328b7c47a8894a1c9a43e0220f911c9ccb1db3,4911485,48,passed,passed_automated,pending_human_audit
hc_dpd_68c60c31d7177fb9,en,00072514,https://pdf.hres.ca/dpd_pm/00072514.PDF,https://health-products.canada.ca/dpd-bdpp/info?lang=eng&code=93200,2026-08-11T13:46:30Z,,62ec1ece3f0611e6472d9616f189d86a86d0efe476fbbd1853f7eb2f1dfa0982,1134396,37,passed,passed_automated,pending_human_audit
hc_dpd_68c60c31d7177fb9,fr,00072697,https://pdf.hres.ca/dpd_pm/00072697.PDF,https://health-products.canada.ca/dpd-bdpp/info?lang=fra&code=93200,2026-08-11T13:46:30Z,,e818bda983ab8decf592be39b839de6402449b8421bdfab513c77624c21f0d83,1094167,40,passed,passed_automated,pending_human_audit
hc_dpd_6e8b14fd7652b4ca,en,00038556,https://pdf.hres.ca/dpd_pm/00038556.PDF,https://health-products.canada.ca/dpd-bdpp/info?lang=eng&code=92104,2026-08-11T13:46:30Z,,8ba1ad0304010e3192b85ad3f6f217e7dd716a65e105ab709775ae31b013a5c8,848111,36,passed,passed_automated,pending_human_audit
hc_dpd_6e8b14fd7652b4ca,fr,00038557,https://pdf.hres.ca/dpd_pm/00038557.PDF,https://health-products.canada.ca/dpd-bdpp/info?lang=fra&code=92104,2026-08-11T13:46:30Z,,93555964d24ecaa4a7bd06e0399ba6eefe41ffeea9565afe1838185b72d548e0,727684,36,passed,passed_automated,pending_human_audit
hc_dpd_70984e44b14ec304,en,00070188,https://pdf.hres.ca/dpd_pm/00070188.PDF,https://health-products.canada.ca/dpd-bdpp/info?lang=eng&code=16264,2026-08-11T13:46:30Z,,f9c0834969122864779c1549181e98ab7e7392bdeb2bd4ca54b2cacf35a7d198,543222,26,passed,passed_automated,pending_human_audit
hc_dpd_70984e44b14ec304,fr,00070390,https://pdf.hres.ca/dpd_pm/00070390.PDF,https://health-products.canada.ca/dpd-bdpp/info?lang=fra&code=16264,2026-08-11T13:46:30Z,,b7d288ea89de880222c99187df62e81578fa2b77176d63388c52a7b1bdf6b42a,417467,29,passed,passed_automated,pending_human_audit
hc_dpd_710c7a472f8dbf87,en,00049612,https://pdf.hres.ca/dpd_pm/00049612.PDF,https://health-products.canada.ca/dpd-bdpp/info?lang=eng&code=97584,2026-08-11T13:46:30Z,,c011573dfd1a307c3322e731a13235117c242a77c8acc6e85f53995efc03f4d5,223864,22,passed,passed_automated,pending_human_audit
hc_dpd_710c7a472f8dbf87,fr,00050010,https://pdf.hres.ca/dpd_pm/00050010.PDF,https://health-products.canada.ca/dpd-bdpp/info?lang=fra&code=97584,2026-08-11T13:46:30Z,,224814f9345e2b730253cd8eb2c65ede998954ae1ff0c299cb1ee7d34ab9229c,452354,24,passed,passed_automated,pending_human_audit
hc_dpd_72cb7b30e4f2eaa4,en,00054199,https://pdf.hres.ca/dpd_pm/00054199.PDF,https://health-products.canada.ca/dpd-bdpp/info?lang=eng&code=95424,2026-08-11T13:46:30Z,,490ab7465f4419dd61a3f941197778d23736da8038d939e2de86b3face54a56e,826476,26,passed,passed_automated,pending_human_audit
hc_dpd_72cb7b30e4f2eaa4,fr,00054421,https://pdf.hres.ca/dpd_pm/00054421.PDF,https://health-products.canada.ca/dpd-bdpp/info?lang=fra&code=95424,2026-08-11T13:46:30Z,,88bdda6629a40258b1091729eaa8623b2c89e96555d095f8b20a724a8a07ba39,596764,25,passed,passed_automated,pending_human_audit
hc_dpd_732a52a92f28c71e,en,00066748,https://pdf.hres.ca/dpd_pm/00066748.PDF,https://health-products.canada.ca/dpd-bdpp/info?lang=eng&code=99592,2026-08-11T13:46:30Z,"Thu, 29 Aug 2024 15:05:53 GMT",c686be7649dce8692f5ab5164414da66daff6194d990e14c2f60b4a8729d8625,2469774,74,passed,passed_automated,pending_human_audit
hc_dpd_732a52a92f28c71e,fr,00066972,https://pdf.hres.ca/dpd_pm/00066972.PDF,https://health-products.canada.ca/dpd-bdpp/info?lang=fra&code=99592,2026-08-11T13:46:30Z,"Thu, 29 Aug 2024 15:06:06 GMT",78c183e7aa67559f9379acb041b04538451fc7f4be072e5963f0568a6e844be6,1202062,85,passed,passed_automated,pending_human_audit
hc_dpd_73f1a0ded7b3dc85,en,00076465,https://pdf.hres.ca/dpd_pm/00076465.PDF,https://health-products.canada.ca/dpd-bdpp/info?lang=eng&code=99121,2026-08-11T13:46:30Z,,a58597afd5af610ba4b2b82f8185340da2696f979f37efb4609c48a40c9fa59e,496005,40,passed,passed_automated,pending_human_audit
hc_dpd_73f1a0ded7b3dc85,fr,00076466,https://pdf.hres.ca/dpd_pm/00076466.PDF,https://health-products.canada.ca/dpd-bdpp/info?lang=fra&code=99121,2026-08-11T13:46:30Z,,44cf4c5d339be4893f620e7556082d73258bf75a35c40c2dffe867196edd80eb,457208,44,passed,passed_automated,pending_human_audit
hc_dpd_7549c78320e483e3,en,00064594,https://pdf.hres.ca/dpd_pm/00064594.PDF,https://health-products.canada.ca/dpd-bdpp/info?lang=eng&code=43176,2026-07-30T22:00:00Z,,2f1a48a0a60d75c1b84706941f73eb7edc26b711d736af20857903529204b9b3,943686,27,passed,passed_automated,pending_human_audit
hc_dpd_7549c78320e483e3,fr,00064752,https://pdf.hres.ca/dpd_pm/00064752.PDF,https://health-products.canada.ca/dpd-bdpp/info?lang=fra&code=43176,2026-07-30T22:00:00Z,,f23502225886769a46114635d3450ac71c9e91ff58a329476dd0e09a986aab8b,248214,31,passed,passed_automated,pending_human_audit
hc_dpd_771eaf63bd1bf1d7,en,00084758,https://pdf.hres.ca/dpd_pm/00084758.PDF,https://health-products.canada.ca/dpd-bdpp/info?lang=eng&code=88225,2026-07-30T22:00:00Z,,bee8c727be154ada24d5ac1c1734011f46e36fa7d0d5e8c3e8a259cac319dfa0,1534514,78,passed,passed_automated,pending_human_audit
hc_dpd_771eaf63bd1bf1d7,fr,00084861,https://pdf.hres.ca/dpd_pm/00084861.PDF,https://health-products.canada.ca/dpd-bdpp/info?lang=fra&code=88225,2026-07-30T22:00:00Z,,1a58f15757b1d3cd34fc879a716a9442857f295a0bac279694edc250538e408e,2054000,88,passed,passed_automated,pending_human_audit
hc_dpd_7c564b021ccc75e5,en,00067448,https://pdf.hres.ca/dpd_pm/00067448.PDF,https://health-products.canada.ca/dpd-bdpp/info?lang=eng&code=83612,2026-07-30T22:00:00Z,,d713adcbed674f8169d05001c3ea015c2ca23307931131f81cc5cc5c3976af00,324599,30,passed,passed_automated,pending_human_audit
hc_dpd_7c564b021ccc75e5,fr,00067169,https://pdf.hres.ca/dpd_pm/00067169.PDF,https://health-products.canada.ca/dpd-bdpp/info?lang=fra&code=83612,2026-07-30T22:00:00Z,,f1860d6fa3d4770da843d4dd7b0792189499ad796f069b06d02489965a2344c7,344047,32,passed,passed_automated,pending_human_audit
hc_dpd_7cf389b7b2f4320b,en,00083761,https://pdf.hres.ca/dpd_pm/00083761.PDF,https://health-products.canada.ca/dpd-bdpp/info?lang=eng&code=87095,2026-08-11T13:46:30Z,"Tue, 10 Mar 2026 14:34:28 GMT",94b0b829884f9fa11821966f28c8d20e18fc317d8dc8bf34d411670fd20957af,672724,54,passed,passed_automated,pending_human_audit
hc_dpd_7cf389b7b2f4320b,fr,00083762,https://pdf.hres.ca/dpd_pm/00083762.PDF,https://health-products.canada.ca/dpd-bdpp/info?lang=fra&code=87095,2026-08-11T13:46:30Z,"Tue, 10 Mar 2026 14:34:28 GMT",6f2ccd63619ef9443f66cdfb0ea410f536af91a3f3e47cd8f775480458b80305,692709,56,passed,passed_automated,pending_human_audit
hc_dpd_7e495a36a5469d3a,en,00072858,https://pdf.hres.ca/dpd_pm/00072858.PDF,https://health-products.canada.ca/dpd-bdpp/info?lang=eng&code=85000,2026-08-11T13:46:30Z,,0fae5c7aa8adbcdf5ef33479363722871da31336deeb600d97f3d2f1d08be2bd,1145523,46,passed,passed_automated,pending_human_audit
hc_dpd_7e495a36a5469d3a,fr,00073564,https://pdf.hres.ca/dpd_pm/00073564.PDF,https://health-products.canada.ca/dpd-bdpp/info?lang=fra&code=85000,2026-08-11T13:46:30Z,,3e8ac44d8ba88f388d06fbdd1da0fdae43acb806f52af6db9ba46dfe57093727,1258057,50,passed,passed_automated,pending_human_audit
hc_dpd_7e8c0bd305336009,en,00081413,https://pdf.hres.ca/dpd_pm/00081413.PDF,https://health-products.canada.ca/dpd-bdpp/info?lang=eng&code=97435,2026-08-11T13:46:30Z,,6614f732257eafa6404fe164469e87c175c20208997981d369a645b36153fc65,649019,29,passed,passed_automated,pending_human_audit
hc_dpd_7e8c0bd305336009,fr,00081729,https://pdf.hres.ca/dpd_pm/00081729.PDF,https://health-products.canada.ca/dpd-bdpp/info?lang=fra&code=97435,2026-08-11T13:46:30Z,,048dd64f39d0819acb88dfcbc698b6924373fce459e0871f49ad9c6eb4db379e,692609,32,passed,passed_automated,pending_human_audit
hc_dpd_800009b2c9caf87d,en,00064477,https://pdf.hres.ca/dpd_pm/00064477.PDF,https://health-products.canada.ca/dpd-bdpp/info?lang=eng&code=101372,2026-08-11T13:46:30Z,,0762cf6afef7bd0ec8c2e62b1a6e627ef770b490815872323a226b2263230fda,1324593,37,passed,passed_automated,pending_human_audit
hc_dpd_800009b2c9caf87d,fr,00064664,https://pdf.hres.ca/dpd_pm/00064664.PDF,https://health-products.canada.ca/dpd-bdpp/info?lang=fra&code=101372,2026-08-11T13:46:30Z,,da6068287a3e50ae3bf6dc13d68189189104654d2ef14105cf0472f5e617e183,534686,38,passed,passed_automated,pending_human_audit
hc_dpd_83027a6372dd02be,en,00084660,https://pdf.hres.ca/dpd_pm/00084660.PDF,https://health-products.canada.ca/dpd-bdpp/info?lang=eng&code=98563,2026-07-30T22:00:00Z,,c1b18ff28a69503b32c3d28579e32565e6d69d10c4cb7fd86ee5841e47beb8cc,698975,24,passed,passed_automated,pending_human_audit
hc_dpd_83027a6372dd02be,fr,00084939,https://pdf.hres.ca/dpd_pm/00084939.PDF,https://health-products.canada.ca/dpd-bdpp/info?lang=fra&code=98563,2026-07-30T22:00:00Z,,9fde893e9e27c2148a90d8011bd9cddd82b45e4789ef28d68c707a301b98227b,544292,29,passed,passed_automated,pending_human_audit
hc_dpd_832be5088084b7fa,en,00072513,https://pdf.hres.ca/dpd_pm/00072513.PDF,https://health-products.canada.ca/dpd-bdpp/info?lang=eng&code=90285,2026-07-30T22:00:00Z,,84f9ef386ea4a06b1467aee68ac051951eae42d179531589e15cdf2abfc43c7b,1096068,46,passed,passed_automated,pending_human_audit
hc_dpd_832be5088084b7fa,fr,00072833,https://pdf.hres.ca/dpd_pm/00072833.PDF,https://health-products.canada.ca/dpd-bdpp/info?lang=fra&code=90285,2026-07-30T22:00:00Z,,31c22c33fe5021a6d6d7d33df64aaa4f8b00bc0e0f3b84ff7db898c1a00f28a6,1007056,51,passed,passed_automated,pending_human_audit
hc_dpd_841e6e9b6ecf3f57,en,00060860,https://pdf.hres.ca/dpd_pm/00060860.PDF,https://health-products.canada.ca/dpd-bdpp/info?lang=eng&code=86017,2026-08-11T13:46:30Z,,74eb131a60c5ba706a732ab27766154120f44c34c8c01bca1dd471ce1ff19068,610963,49,passed,passed_automated,pending_human_audit
hc_dpd_841e6e9b6ecf3f57,fr,00060861,https://pdf.hres.ca/dpd_pm/00060861.PDF,https://health-products.canada.ca/dpd-bdpp/info?lang=fra&code=86017,2026-08-11T13:46:30Z,,e21834be063783025d12b41395d4ce9197472818a85b2eb1e4cf4fd7212ed91f,668586,55,passed,passed_automated,pending_human_audit
hc_dpd_849a3bd97ea572ed,en,00075699,https://pdf.hres.ca/dpd_pm/00075699.PDF,https://health-products.canada.ca/dpd-bdpp/info?lang=eng&code=103698,2026-08-11T13:46:30Z,,5ad86eb30329d331de793437162b1981ed44d754abe194b74879f7cdb45ecdf1,605960,26,passed,passed_automated,pending_human_audit
hc_dpd_849a3bd97ea572ed,fr,00075946,https://pdf.hres.ca/dpd_pm/00075946.PDF,https://health-products.canada.ca/dpd-bdpp/info?lang=fra&code=103698,2026-08-11T13:46:30Z,,e880652b583a3f0a65fb5e473fe05b5ef7d3d71667dc0eafbb7db5364a981831,485055,27,passed,passed_automated,pending_human_audit
hc_dpd_853162ea2c353ecb,en,00081957,https://pdf.hres.ca/dpd_pm/00081957.PDF,https://health-products.canada.ca/dpd-bdpp/info?lang=eng&code=102373,2026-07-30T22:00:00Z,,7f133d944b023d0c75d07f5a5b0b33571f72cd48a793539fce84469e4ef25533,543796,28,passed,passed_automated,pending_human_audit
hc_dpd_853162ea2c353ecb,fr,00081958,https://pdf.hres.ca/dpd_pm/00081958.PDF,https://health-products.canada.ca/dpd-bdpp/info?lang=fra&code=102373,2026-07-30T22:00:00Z,,6534c823610c345fde12af784d2a1f3e74aff68d5f3ac76ec9b35dd1c031992f,757553,31,passed,passed_automated,pending_human_audit
hc_dpd_8690a3b978b95d69,en,00043689,https://pdf.hres.ca/dpd_pm/00043689.PDF,https://health-products.canada.ca/dpd-bdpp/info?lang=eng&code=79459,2026-08-11T13:46:30Z,"Thu, 29 Aug 2024 14:59:01 GMT",f84038add2d57824f833d7683d464bcdff0a143f559910316330529273ce7a04,587840,28,passed,passed_automated,pending_human_audit
hc_dpd_8690a3b978b95d69,fr,00043690,https://pdf.hres.ca/dpd_pm/00043690.PDF,https://health-products.canada.ca/dpd-bdpp/info?lang=fra&code=79459,2026-08-11T13:46:30Z,"Thu, 29 Aug 2024 14:59:01 GMT",c0517d6d6340d9e53795c43f3a2f097372198a71d0d6b58a210fa0e3e71f49f8,210755,28,passed,passed_automated,pending_human_audit
hc_dpd_87b57b93c94708b5,en,00044980,https://pdf.hres.ca/dpd_pm/00044980.PDF,https://health-products.canada.ca/dpd-bdpp/info?lang=eng&code=60542,2026-08-11T13:46:30Z,,7feab0e3a6bf1e93ee72c46855b09b5ac1654d20b0dc82877d430b0470e6e18a,731875,33,passed,passed_automated,pending_human_audit
hc_dpd_87b57b93c94708b5,fr,00045301,https://pdf.hres.ca/dpd_pm/00045301.PDF,https://health-products.canada.ca/dpd-bdpp/info?lang=fra&code=60542,2026-08-11T13:46:30Z,,2c3622187d9aad3364a304be5fa044921b1da4dd0c73b915db1ce30191561992,505148,38,passed,passed_automated,pending_human_audit
hc_dpd_8a86474f5b621207,en,00082817,https://pdf.hres.ca/dpd_pm/00082817.PDF,https://health-products.canada.ca/dpd-bdpp/info?lang=eng&code=98382,2026-08-11T13:46:30Z,,131b0bb2a6a92157bd729059937ac54302889ca32368c13010696bd77a02e2cd,875130,62,passed,passed_automated,pending_human_audit
hc_dpd_8a86474f5b621207,fr,00083143,https://pdf.hres.ca/dpd_pm/00083143.PDF,https://health-products.canada.ca/dpd-bdpp/info?lang=fra&code=98382,2026-08-11T13:46:30Z,,b3547f191f6573e25e3b3894dd71bbe98125eb5bd04ae2add83faa1cd04414bc,965592,69,passed,passed_automated,pending_human_audit
hc_dpd_8a9709bb88e823d8,en,00062572,https://pdf.hres.ca/dpd_pm/00062572.PDF,https://health-products.canada.ca/dpd-bdpp/info?lang=eng&code=16852,2026-08-11T13:46:30Z,,a2960ca6821c8dfc2b2659a3a62bfec84a9f4353bbc21eff8f3dccdb588af592,948582,21,passed,passed_automated,pending_human_audit
hc_dpd_8a9709bb88e823d8,fr,00082945,https://pdf.hres.ca/dpd_pm/00082945.PDF,https://health-products.canada.ca/dpd-bdpp/info?lang=fra&code=16852,2026-08-11T13:46:30Z,,947d00af7da22d4678a0accfd293e172a58a7f2028cd3d98750248e0e521a5c6,513044,24,passed,passed_automated,pending_human_audit
hc_dpd_8c020934f2937328,en,00073530,https://pdf.hres.ca/dpd_pm/00073530.PDF,https://health-products.canada.ca/dpd-bdpp/info?lang=eng&code=91090,2026-08-11T13:46:30Z,,d61fb7bc588f2c4897b3988f86e565e3af39bce2c735455a9be3a0295451377b,992389,58,passed,passed_automated,pending_human_audit
hc_dpd_8c020934f2937328,fr,00073531,https://pdf.hres.ca/dpd_pm/00073531.PDF,https://health-products.canada.ca/dpd-bdpp/info?lang=fra&code=91090,2026-08-11T13:46:30Z,,5caf0ea7553847ba76d6643c0ceee76dbb8c34d512e790acc8e3935ac287fc2d,920944,67,passed,passed_automated,pending_human_audit
hc_dpd_8df7e2c409b337d9,en,00075847,https://pdf.hres.ca/dpd_pm/00075847.PDF,https://health-products.canada.ca/dpd-bdpp/info?lang=eng&code=81664,2026-08-11T13:46:30Z,,b5cee3c96e32257ed7759d7af11847869a64ec6da16e7e283b263e0447a94c13,791532,67,passed,passed_automated,pending_human_audit
hc_dpd_8df7e2c409b337d9,fr,00076093,https://pdf.hres.ca/dpd_pm/00076093.PDF,https://health-products.canada.ca/dpd-bdpp/info?lang=fra&code=81664,2026-08-11T13:46:30Z,,25163c2d61d6e4c771057b5305c30576bd2110c94b2e74f5850888a298a36e1c,760210,82,passed,passed_automated,pending_human_audit
hc_dpd_90c34aee86855e30,en,00081110,https://pdf.hres.ca/dpd_pm/00081110.PDF,https://health-products.canada.ca/dpd-bdpp/info?lang=eng&code=102955,2026-07-30T22:00:00Z,,f3aad076ef60b07bb7b5e37b8b418dba092253905f244ae75c84e9f92a12ec54,753087,45,passed,passed_automated,pending_human_audit
hc_dpd_90c34aee86855e30,fr,00081342,https://pdf.hres.ca/dpd_pm/00081342.PDF,https://health-products.canada.ca/dpd-bdpp/info?lang=fra&code=102955,2026-07-30T22:00:00Z,,50dc200605788102c254e3a8b51e2591f1460594a8cb7893f573a64897d77f74,708838,51,passed,passed_automated,pending_human_audit
hc_dpd_9226b6d7d6311169,en,00083076,https://pdf.hres.ca/dpd_pm/00083076.PDF,https://health-products.canada.ca/dpd-bdpp/info?lang=eng&code=104142,2026-08-11T13:46:30Z,,f40ddff881ddbd89c4cfc27dafe065ca3eb6776cb262a1f7bcf7edfb6df08506,5358487,189,passed,passed_automated,pending_human_audit
hc_dpd_9226b6d7d6311169,fr,00083077,https://pdf.hres.ca/dpd_pm/00083077.PDF,https://health-products.canada.ca/dpd-bdpp/info?lang=fra&code=104142,2026-08-11T13:46:30Z,,5c51c829f85030733f17c97b1758932f0036a98665b212302af5461bb74b964f,3879239,187,passed,passed_automated,pending_human_audit
hc_dpd_92507a955d8de8ac,en,00066454,https://pdf.hres.ca/dpd_pm/00066454.PDF,https://health-products.canada.ca/dpd-bdpp/info?lang=eng&code=79344,2026-08-11T13:46:30Z,,f5a29d3096fe840f5bcf480aa4c0b208064bdadf880169427182125942c0e491,1332498,31,passed,passed_automated,pending_human_audit
hc_dpd_92507a955d8de8ac,fr,00066627,https://pdf.hres.ca/dpd_pm/00066627.PDF,https://health-products.canada.ca/dpd-bdpp/info?lang=fra&code=79344,2026-08-11T13:46:30Z,,98d447f255bfe6bb057e7295dc614ae53832cbcfe65a96c8c8c5826ea9db5593,428327,35,passed,passed_automated,pending_human_audit
hc_dpd_92d519855579fbb9,en,00024532,https://pdf.hres.ca/dpd_pm/00024532.PDF,https://health-products.canada.ca/dpd-bdpp/info?lang=eng&code=3769,2026-08-11T13:46:30Z,,a786e9cf3ddd0bb3c636e086f41bd91c785bc69b312c2abe19f0a166eb764dda,529809,6,passed,passed_automated,pending_human_audit
hc_dpd_92d519855579fbb9,fr,00024764,https://pdf.hres.ca/dpd_pm/00024764.PDF,https://health-products.canada.ca/dpd-bdpp/info?lang=fra&code=3769,2026-08-11T13:46:30Z,,e63ef18491688be7313dafeda8d2e990e0be6487b7ee4af6dbc61be46c4be34e,136253,6,passed,passed_automated,pending_human_audit
hc_dpd_9425627f287a0d2c,en,00070110,https://pdf.hres.ca/dpd_pm/00070110.PDF,https://health-products.canada.ca/dpd-bdpp/info?lang=eng&code=1254,2026-08-11T13:46:30Z,"Thu, 29 Aug 2024 15:07:19 GMT",27aa7e03849e68626724108ad21e3604f4da49621058562a24022ace51e71b79,366374,16,passed,passed_automated,pending_human_audit
hc_dpd_9425627f287a0d2c,fr,00070111,https://pdf.hres.ca/dpd_pm/00070111.PDF,https://health-products.canada.ca/dpd-bdpp/info?lang=fra&code=1254,2026-08-11T13:46:30Z,"Thu, 29 Aug 2024 15:07:19 GMT",caacdc0010087b556f53f2e6980200b87a8c132c3e16ceba3db5b9dd4f7ac363,222583,18,passed,passed_automated,pending_human_audit
hc_dpd_9772d28a10089a76,en,00058046,https://pdf.hres.ca/dpd_pm/00058046.PDF,https://health-products.canada.ca/dpd-bdpp/info?lang=eng&code=76788,2026-08-11T13:46:30Z,,04dcf0e5a19523d800b7b36cf205e3241d5f280a445e0deb8ac271a9d52d4936,460735,43,passed,passed_automated,pending_human_audit
hc_dpd_9772d28a10089a76,fr,00058360,https://pdf.hres.ca/dpd_pm/00058360.PDF,https://health-products.canada.ca/dpd-bdpp/info?lang=fra&code=76788,2026-08-11T13:46:30Z,,9e9c9f30996cee66d2012945d54f1bf3c9850a4bc682bf8e9fdebfadb27a4ffa,689559,48,passed,passed_automated,pending_human_audit
hc_dpd_978fc3a897cb242b,en,00078230,https://pdf.hres.ca/dpd_pm/00078230.PDF,https://health-products.canada.ca/dpd-bdpp/info?lang=eng&code=86414,2026-08-11T13:46:30Z,,d1218abc029c970a6191bc9bf8b6823bd292c18655d3aa8339963fb74a2f4151,844563,15,passed,passed_automated,pending_human_audit
hc_dpd_978fc3a897cb242b,fr,00081481,https://pdf.hres.ca/dpd_pm/00081481.PDF,https://health-products.canada.ca/dpd-bdpp/info?lang=fra&code=86414,2026-08-11T13:46:30Z,,07f344c558d3db0ea356a85680e974a30bf1d192cf639324197e1ff46e1a1649,354802,15,passed,passed_automated,pending_human_audit
hc_dpd_9ad870d869b86719,en,00078644,https://pdf.hres.ca/dpd_pm/00078644.PDF,https://health-products.canada.ca/dpd-bdpp/info?lang=eng&code=73420,2026-07-30T22:00:00Z,,d9f94d0a0fb0b7dcdd35c9c24b75d10a22646af7f3e74b20fc372f8ba614004c,916048,43,passed,passed_automated,pending_human_audit
hc_dpd_9ad870d869b86719,fr,00080325,https://pdf.hres.ca/dpd_pm/00080325.PDF,https://health-products.canada.ca/dpd-bdpp/info?lang=fra&code=73420,2026-07-30T22:00:00Z,,5b8c56323513bd1d5734cc590cef828ffd52a88e00bf2cacca850761e631cf53,1371417,46,passed,passed_automated,pending_human_audit
hc_dpd_9bf07ae12c764ca8,en,00081439,https://pdf.hres.ca/dpd_pm/00081439.PDF,https://health-products.canada.ca/dpd-bdpp/info?lang=eng&code=84739,2026-08-11T13:46:30Z,,60cc20f1a8e69350de4cc3cade8ab076f75f14d0cde4e58c003b62d9d2eae14a,1242114,32,passed,passed_automated,pending_human_audit
hc_dpd_9bf07ae12c764ca8,fr,00081818,https://pdf.hres.ca/dpd_pm/00081818.PDF,https://health-products.canada.ca/dpd-bdpp/info?lang=fra&code=84739,2026-08-11T13:46:30Z,,e11f9cd90f1b5bb2e3abe7e8f4cabb949902dfb03ff565df122d50c796dc7e11,1316739,35,passed,passed_automated,pending_human_audit
hc_dpd_9e4c289f3ec248f0,en,00074074,https://pdf.hres.ca/dpd_pm/00074074.PDF,https://health-products.canada.ca/dpd-bdpp/info?lang=eng&code=98405,2026-08-11T13:46:30Z,,97dc5e16acb2dc5beb95ad5928e3734ceacc7ccac0c3c68540b06820c0583af3,720490,46,passed,passed_automated,pending_human_audit
hc_dpd_9e4c289f3ec248f0,fr,00075178,https://pdf.hres.ca/dpd_pm/00075178.PDF,https://health-products.canada.ca/dpd-bdpp/info?lang=fra&code=98405,2026-08-11T13:46:30Z,,3499ea9afa6a767f5537736cb8f5eb95f466892543f487d5c137da9f6c66cb61,592707,50,passed,passed_automated,pending_human_audit
hc_dpd_9fcac5408ceaac3e,en,00059139,https://pdf.hres.ca/dpd_pm/00059139.PDF,https://health-products.canada.ca/dpd-bdpp/info?lang=eng&code=6054,2026-08-11T13:46:30Z,,c0564d8bbf954530a9a65b50343253a32a13f93a22b22cf6c50af643149e7560,540665,10,passed,passed_automated,pending_human_audit
hc_dpd_9fcac5408ceaac3e,fr,00059140,https://pdf.hres.ca/dpd_pm/00059140.PDF,https://health-products.canada.ca/dpd-bdpp/info?lang=fra&code=6054,2026-08-11T13:46:30Z,,c90acba127e1ae0b92805b7428d2c84af5ebeaee612093428df27868ac69821d,140684,10,passed,passed_automated,pending_human_audit
hc_dpd_a015f5aed1fb5fea,en,00066300,https://pdf.hres.ca/dpd_pm/00066300.PDF,https://health-products.canada.ca/dpd-bdpp/info?lang=eng&code=14393,2026-08-11T13:46:30Z,,11766aa32b049f2c3ed1bf0a0c55867454909008fc1dbdb73ba4bcb92e41ff53,1478151,42,passed,passed_automated,pending_human_audit
hc_dpd_a015f5aed1fb5fea,fr,00066839,https://pdf.hres.ca/dpd_pm/00066839.PDF,https://health-products.canada.ca/dpd-bdpp/info?lang=fra&code=14393,2026-08-11T13:46:30Z,,4d0d3787e0a4a6a9565d6787be7c65b4a6be88e3fa7c3bda6ba35b670f810cf7,568903,49,passed,passed_automated,pending_human_audit
hc_dpd_a1b0959d501c69f8,en,00066268,https://pdf.hres.ca/dpd_pm/00066268.PDF,https://health-products.canada.ca/dpd-bdpp/info?lang=eng&code=76857,2026-08-11T13:46:30Z,,08f765d69404e31c8d8c90b2bee72ad190300412f170c3862830bb1cc54d5dad,1489944,60,passed,passed_automated,pending_human_audit
hc_dpd_a1b0959d501c69f8,fr,00066296,https://pdf.hres.ca/dpd_pm/00066296.PDF,https://health-products.canada.ca/dpd-bdpp/info?lang=fra&code=76857,2026-08-11T13:46:30Z,,4950c2b120da6c34f7a97f03d07fa075cff95ca7c2347edd1a2e084dd020f903,1282106,67,passed,passed_automated,pending_human_audit
hc_dpd_a3d6eacc4c36e5bb,en,00039081,https://pdf.hres.ca/dpd_pm/00039081.PDF,https://health-products.canada.ca/dpd-bdpp/info?lang=eng&code=68233,2026-08-11T13:46:30Z,"Thu, 29 Aug 2024 14:57:49 GMT",98561b76fb0b9ec50d053db8eaae9b021970f0ff279402f6b8ab115f41a4a7b1,925074,50,passed,passed_automated,pending_human_audit
hc_dpd_a3d6eacc4c36e5bb,fr,00039208,https://pdf.hres.ca/dpd_pm/00039208.PDF,https://health-products.canada.ca/dpd-bdpp/info?lang=fra&code=68233,2026-08-11T13:46:30Z,"Thu, 29 Aug 2024 14:57:51 GMT",91b133dfa6843a1f2412408bca7ff7866d3b4a30d46c386dcc32ca02b815d9c0,797531,54,passed,passed_automated,pending_human_audit
hc_dpd_a4b46d8b63e0a80b,en,00075403,https://pdf.hres.ca/dpd_pm/00075403.PDF,https://health-products.canada.ca/dpd-bdpp/info?lang=eng&code=84044,2026-08-11T13:46:30Z,,d60c5e91d84a5e6cf744979b83463fe71ca7d1f5a28adc08e8fcdcf9e463a23e,618283,32,passed,passed_automated,pending_human_audit
hc_dpd_a4b46d8b63e0a80b,fr,00075488,https://pdf.hres.ca/dpd_pm/00075488.PDF,https://health-products.canada.ca/dpd-bdpp/info?lang=fra&code=84044,2026-08-11T13:46:30Z,,378f9567b538195c2360c90f2c79618fd6abcb3aee496363f506cff90f1e61bc,575014,36,passed,passed_automated,pending_human_audit
hc_dpd_a5f95b2cd54c5065,en,00069748,https://pdf.hres.ca/dpd_pm/00069748.PDF,https://health-products.canada.ca/dpd-bdpp/info?lang=eng&code=100489,2026-08-11T13:46:30Z,,d3c33a807df09e003563fc7bd2eeab5e4b5d1d32949ded77c1603c87ac4f8dac,851355,41,passed,passed_automated,pending_human_audit
hc_dpd_a5f95b2cd54c5065,fr,00069973,https://pdf.hres.ca/dpd_pm/00069973.PDF,https://health-products.canada.ca/dpd-bdpp/info?lang=fra&code=100489,2026-08-11T13:46:30Z,,fc2421abe7ce11449b79eb4f5f0d94cca4c23177eea03dfb2ad8a0f06f22382c,554278,46,passed,passed_automated,pending_human_audit
hc_dpd_a73086ff8f249009,en,00084663,https://pdf.hres.ca/dpd_pm/00084663.PDF,https://health-products.canada.ca/dpd-bdpp/info?lang=eng&code=70886,2026-08-11T13:46:30Z,,3da7ac81c90c72b25552ecee5db2f673ddf99a9d7c9c54e5fec9461ada302c7a,780505,40,passed,passed_automated,pending_human_audit
hc_dpd_a73086ff8f249009,fr,00084814,https://pdf.hres.ca/dpd_pm/00084814.PDF,https://health-products.canada.ca/dpd-bdpp/info?lang=fra&code=70886,2026-08-11T13:46:30Z,,5acac23b61bcac34e2f81436e1f87cb22b7e418dd214dc9c80119527a0c3f4ea,712232,46,passed,passed_automated,pending_human_audit
hc_dpd_a85010fc0ffad342,en,00081278,https://pdf.hres.ca/dpd_pm/00081278.PDF,https://health-products.canada.ca/dpd-bdpp/info?lang=eng&code=100216,2026-08-11T13:46:30Z,,14ddbd72eff03d6692b135c9804d64d1c8fa63ba86b87e5f8f1e4be6e9b8e0cf,1579692,75,passed,passed_automated,pending_human_audit
hc_dpd_a85010fc0ffad342,fr,00081403,https://pdf.hres.ca/dpd_pm/00081403.PDF,https://health-products.canada.ca/dpd-bdpp/info?lang=fra&code=100216,2026-08-11T13:46:30Z,,db8fec98f7e5a8b54cd24090478bfe110fce4a30f6bf4021e872cae4dcc253df,5440894,81,passed,passed_automated,pending_human_audit
hc_dpd_ab993e6a1d0f5681,en,00054012,https://pdf.hres.ca/dpd_pm/00054012.PDF,https://health-products.canada.ca/dpd-bdpp/info?lang=eng&code=98436,2026-08-11T13:46:30Z,,372f192a671b4c4a35283d88980904c367920bb81fc39833103381f927fcd7f3,655513,17,passed,passed_automated,pending_human_audit
hc_dpd_ab993e6a1d0f5681,fr,00054080,https://pdf.hres.ca/dpd_pm/00054080.PDF,https://health-products.canada.ca/dpd-bdpp/info?lang=fra&code=98436,2026-08-11T13:46:30Z,,0e99482379efd09d66fc2441dde30a8f5b21ed32d3d00249a4a480ca7cdbaf96,145486,19,passed,passed_automated,pending_human_audit
hc_dpd_abaf6bb6ee62dce4,en,00083502,https://pdf.hres.ca/dpd_pm/00083502.PDF,https://health-products.canada.ca/dpd-bdpp/info?lang=eng&code=87266,2026-08-11T13:46:30Z,,e6d7bb707fdb93c8c026e72b0d95e0bfb4f8e95cd1082c20641a727dd1f3862f,1021292,54,passed,passed_automated,pending_human_audit
hc_dpd_abaf6bb6ee62dce4,fr,00083921,https://pdf.hres.ca/dpd_pm/00083921.PDF,https://health-products.canada.ca/dpd-bdpp/info?lang=fra&code=87266,2026-08-11T13:46:30Z,,4d8116cb1a498a8d7ec6898f45269433133b00805b352be6209f23f76ca126af,1413942,62,passed,passed_automated,pending_human_audit
hc_dpd_ac7457b48f573022,en,00078844,https://pdf.hres.ca/dpd_pm/00078844.PDF,https://health-products.canada.ca/dpd-bdpp/info?lang=eng&code=92604,2026-08-11T13:46:30Z,,661838001bf89cb2d712949246f708a8b381fdacc6ef702285559aa63223ef18,532143,33,passed,passed_automated,pending_human_audit
hc_dpd_ac7457b48f573022,fr,00078845,https://pdf.hres.ca/dpd_pm/00078845.PDF,https://health-products.canada.ca/dpd-bdpp/info?lang=fra&code=92604,2026-08-11T13:46:30Z,,41879298557ff262d8af852f7d3918d0062596c81c802f15de5e6b4861d8ae25,561597,36,passed,passed_automated,pending_human_audit
hc_dpd_ad944eaa42055f08,en,00060564,https://pdf.hres.ca/dpd_pm/00060564.PDF,https://health-products.canada.ca/dpd-bdpp/info?lang=eng&code=43536,2026-08-11T13:46:30Z,,6bcfb0965f3e571bc4b1bc6e2a13ecaa0c73391f58c640b117262de1798b151f,379972,12,passed,passed_automated,pending_human_audit
hc_dpd_ad944eaa42055f08,fr,00061581,https://pdf.hres.ca/dpd_pm/00061581.PDF,https://health-products.canada.ca/dpd-bdpp/info?lang=fra&code=43536,2026-08-11T13:46:30Z,,22ea83a4fd3c7537eb4c268ff6757c51cce6a932725fba5a05b50e0ea2c0037d,103735,11,passed,passed_automated,pending_human_audit
hc_dpd_af71ca70a95d1a2d,en,00077599,https://pdf.hres.ca/dpd_pm/00077599.PDF,https://health-products.canada.ca/dpd-bdpp/info?lang=eng&code=101418,2026-07-30T22:00:00Z,,c22fba0be5ad0ed33529d1cbb10ac1dbd610becb7e3b0a8125e947df5f6dcbb1,1186742,58,passed,passed_automated,pending_human_audit
hc_dpd_af71ca70a95d1a2d,fr,00077600,https://pdf.hres.ca/dpd_pm/00077600.PDF,https://health-products.canada.ca/dpd-bdpp/info?lang=fra&code=101418,2026-07-30T22:00:00Z,,b370078dd7c9a017b78aae8c0a339c74432adae2c160124efda5802c79ee8303,677661,64,passed,passed_automated,pending_human_audit
hc_dpd_b098f5344d27f8ea,en,00084595,https://pdf.hres.ca/dpd_pm/00084595.PDF,https://health-products.canada.ca/dpd-bdpp/info?lang=eng&code=102594,2026-08-11T13:46:30Z,,30e6a5b35dfb9c69553ff5128e254170546a6b2f36a6645b50d23b7e91ded3dd,665452,29,passed,passed_automated,pending_human_audit
hc_dpd_b098f5344d27f8ea,fr,00084873,https://pdf.hres.ca/dpd_pm/00084873.PDF,https://health-products.canada.ca/dpd-bdpp/info?lang=fra&code=102594,2026-08-11T13:46:30Z,,6daf3bbbe3899893ac0d0c71c5edabeb2a722c6019d6c50a4d41d045372d2381,505558,33,passed,passed_automated,pending_human_audit
hc_dpd_b1a194aeeb9d3918,en,00074029,https://pdf.hres.ca/dpd_pm/00074029.PDF,https://health-products.canada.ca/dpd-bdpp/info?lang=eng&code=91430,2026-08-11T13:46:30Z,,764b56b281042e43cd039c35fe3de35f5c0e309d062d03a205e45aa08a360871,564350,47,passed,passed_automated,pending_human_audit
hc_dpd_b1a194aeeb9d3918,fr,00074030,https://pdf.hres.ca/dpd_pm/00074030.PDF,https://health-products.canada.ca/dpd-bdpp/info?lang=fra&code=91430,2026-08-11T13:46:30Z,,3a7105694008fd0ebe80463b92b89cdfa1931b39542a32c7d64059823c216407,628341,51,passed,passed_automated,pending_human_audit
hc_dpd_b2ae33ee64e13a77,en,00083884,https://pdf.hres.ca/dpd_pm/00083884.PDF,https://health-products.canada.ca/dpd-bdpp/info?lang=eng&code=86817,2026-07-30T22:00:00Z,,3c93affd842fbad1df461c3693f9dcdf3bb4f9791eca5c8d0b3ad87baf2b1456,447271,28,passed,passed_automated,pending_human_audit
hc_dpd_b2ae33ee64e13a77,fr,00083885,https://pdf.hres.ca/dpd_pm/00083885.PDF,https://health-products.canada.ca/dpd-bdpp/info?lang=fra&code=86817,2026-07-30T22:00:00Z,,56648c8a350c3c54cf78bc44bcc06d4d7ddfa56e8db2f18fd95f555d22f2f844,397322,30,passed,passed_automated,pending_human_audit
hc_dpd_b2e29a0786795152,en,00060365,https://pdf.hres.ca/dpd_pm/00060365.PDF,https://health-products.canada.ca/dpd-bdpp/info?lang=eng&code=97499,2026-07-30T22:00:00Z,,3a5ffeb255957155f77fb4867a7fce451e4b55058b2b94a458a827a3eafe6add,1171483,35,passed,passed_automated,pending_human_audit
hc_dpd_b2e29a0786795152,fr,00083130,https://pdf.hres.ca/dpd_pm/00083130.PDF,https://health-products.canada.ca/dpd-bdpp/info?lang=fra&code=97499,2026-07-30T22:00:00Z,,fc63610df97a58dc56e46145586c51b2bc37d4d7c90da8d659e44f12265ba6ab,361982,37,passed,passed_automated,pending_human_audit
hc_dpd_b35e1ec6cb452259,en,00067695,https://pdf.hres.ca/dpd_pm/00067695.PDF,https://health-products.canada.ca/dpd-bdpp/info?lang=eng&code=93883,2026-07-30T22:00:00Z,,7dd5c4152ce7914999cb91b3a48ca11ea55ca26d74d5ec1d8aa5b108ff2e0415,3015811,77,passed,passed_automated,pending_human_audit
hc_dpd_b35e1ec6cb452259,fr,00068470,https://pdf.hres.ca/dpd_pm/00068470.PDF,https://health-products.canada.ca/dpd-bdpp/info?lang=fra&code=93883,2026-07-30T22:00:00Z,,c456394bed328c314fed533f68de5a64f2b12faa7b18bba1c2ceff9d725fca5a,1388671,91,passed,passed_automated,pending_human_audit
hc_dpd_b3673e5f3d3b9ede,en,00085219,https://pdf.hres.ca/dpd_pm/00085219.PDF,https://health-products.canada.ca/dpd-bdpp/info?lang=eng&code=94382,2026-08-11T13:46:30Z,,6c8a8ebdba116537e22efa4afd85c791c205ab81e69ed7c05ecc3b2ff1674669,903542,39,passed,passed_automated,pending_human_audit
hc_dpd_b3673e5f3d3b9ede,fr,00085498,https://pdf.hres.ca/dpd_pm/00085498.PDF,https://health-products.canada.ca/dpd-bdpp/info?lang=fra&code=94382,2026-08-11T13:46:30Z,,ccc801c64a7c563eaad1499422afc380d6cd0780066878ce96941776e13062be,689240,40,passed,passed_automated,pending_human_audit
hc_dpd_b836349723f0bea7,en,00072663,https://pdf.hres.ca/dpd_pm/00072663.PDF,https://health-products.canada.ca/dpd-bdpp/info?lang=eng&code=93683,2026-08-11T13:46:30Z,,4920d44e3a04578dfeae480420e48af5090dc689ab61b20c3c6c4be239c8b237,729857,44,passed,passed_automated,pending_human_audit
hc_dpd_b836349723f0bea7,fr,00072772,https://pdf.hres.ca/dpd_pm/00072772.PDF,https://health-products.canada.ca/dpd-bdpp/info?lang=fra&code=93683,2026-08-11T13:46:30Z,,7d60e23e6551b7f2753a6bd00aef8a6adca46d2337e49ba100d541bc22a7fda8,342579,48,passed,passed_automated,pending_human_audit
hc_dpd_b9d6fcfa334ba454,en,00083115,https://pdf.hres.ca/dpd_pm/00083115.PDF,https://health-products.canada.ca/dpd-bdpp/info?lang=eng&code=101691,2026-07-30T22:00:00Z,,254598b70f29920e1d35cf3ec8f6547030d844901868a6048b8440d16dbb18f7,504455,25,passed,passed_automated,pending_human_audit
hc_dpd_b9d6fcfa334ba454,fr,00083358,https://pdf.hres.ca/dpd_pm/00083358.PDF,https://health-products.canada.ca/dpd-bdpp/info?lang=fra&code=101691,2026-07-30T22:00:00Z,,8898dc3dfcba61fb536b528eb8251d2811724f6a0216cc7eb291e8738587352f,382010,29,passed,passed_automated,pending_human_audit
hc_dpd_b9fa8cf66f2236dc,en,00059768,https://pdf.hres.ca/dpd_pm/00059768.PDF,https://health-products.canada.ca/dpd-bdpp/info?lang=eng&code=85604,2026-08-11T13:46:30Z,,8fb45df1350cff4fc0aedc43f1a09da12b01a7654e99890458d8669e2fea7491,996629,22,passed,passed_automated,pending_human_audit
hc_dpd_b9fa8cf66f2236dc,fr,00061444,https://pdf.hres.ca/dpd_pm/00061444.PDF,https://health-products.canada.ca/dpd-bdpp/info?lang=fra&code=85604,2026-08-11T13:46:30Z,,2f855ffc5125b74b34eb0e3ba011a8cd39859584b102ef784ec083e957d59c47,542073,25,passed,passed_automated,pending_human_audit
hc_dpd_beb9ec12b1a19300,en,00068202,https://pdf.hres.ca/dpd_pm/00068202.PDF,https://health-products.canada.ca/dpd-bdpp/info?lang=eng&code=95364,2026-08-11T13:46:30Z,,98e6d76e5ee2501243fef7cb78721e70181a6715a004fd60e5fd0bdd584aa05e,1173611,21,passed,passed_automated,pending_human_audit
hc_dpd_beb9ec12b1a19300,fr,00067762,https://pdf.hres.ca/dpd_pm/00067762.PDF,https://health-products.canada.ca/dpd-bdpp/info?lang=fra&code=95364,2026-08-11T13:46:30Z,,255e07de53ca329b52060138098499f7ea68e2393cafc61a3a29cf8c3471421c,351117,26,passed,passed_automated,pending_human_audit
hc_dpd_bf90830f437dacd1,en,00044740,https://pdf.hres.ca/dpd_pm/00044740.PDF,https://health-products.canada.ca/dpd-bdpp/info?lang=eng&code=81890,2026-08-11T13:46:30Z,,668242a8a5b171829eb9cce116666e0a2689b677300dcd9b1e8fb971ac249f63,1660438,57,passed,passed_automated,pending_human_audit
hc_dpd_bf90830f437dacd1,fr,00044928,https://pdf.hres.ca/dpd_pm/00044928.PDF,https://health-products.canada.ca/dpd-bdpp/info?lang=fra&code=81890,2026-08-11T13:46:30Z,,eae10bddc8f9f7553273d178f468109d76075e35b4a37d242343d5824cdebd0d,596916,59,passed,passed_automated,pending_human_audit
hc_dpd_c07814bd092f119d,en,00075702,https://pdf.hres.ca/dpd_pm/00075702.PDF,https://health-products.canada.ca/dpd-bdpp/info?lang=eng&code=97446,2026-08-11T13:46:30Z,,9a36d8eeca493fafff3eace9f29c064ffa3020e0ea8749ec01e53cfd952f23df,331938,22,passed,passed_automated,pending_human_audit
hc_dpd_c07814bd092f119d,fr,00075703,https://pdf.hres.ca/dpd_pm/00075703.PDF,https://health-products.canada.ca/dpd-bdpp/info?lang=fra&code=97446,2026-08-11T13:46:30Z,,f928240203728e052e005f624e6e9a721d950259a87aed37f68580507a95a8b0,206060,24,passed,passed_automated,pending_human_audit
hc_dpd_c11595f8385723f4,en,00085247,https://pdf.hres.ca/dpd_pm/00085247.PDF,https://health-products.canada.ca/dpd-bdpp/info?lang=eng&code=102210,2026-08-11T13:46:30Z,,1e1c808489aac227604e5b4bdedce1c31cea494e38f81de20b5a1b1585986363,1333831,75,passed,passed_automated,pending_human_audit
hc_dpd_c11595f8385723f4,fr,00085400,https://pdf.hres.ca/dpd_pm/00085400.PDF,https://health-products.canada.ca/dpd-bdpp/info?lang=fra&code=102210,2026-08-11T13:46:30Z,,15ce9c4e5af42e0f9a81216334fa40378a0bc4b98ca0ff3883faf78a1a3ea1a6,872806,94,passed,passed_automated,pending_human_audit
hc_dpd_c35ca9ad296f9754,en,00067771,https://pdf.hres.ca/dpd_pm/00067771.PDF,https://health-products.canada.ca/dpd-bdpp/info?lang=eng&code=95723,2026-08-11T13:46:30Z,,4208e1ef142fb6e251161efe5f4a76932c5c58bd41efd0b69d495fa676c36cf6,1762873,33,passed,passed_automated,pending_human_audit
hc_dpd_c35ca9ad296f9754,fr,00068120,https://pdf.hres.ca/dpd_pm/00068120.PDF,https://health-products.canada.ca/dpd-bdpp/info?lang=fra&code=95723,2026-08-11T13:46:30Z,,cb86514e2804c5219d263e230e7e51a61624d031bfd91af0e77cd9c908edcd26,509163,37,passed,passed_automated,pending_human_audit
hc_dpd_c3bdaf46ee6dcc7c,en,00075127,https://pdf.hres.ca/dpd_pm/00075127.PDF,https://health-products.canada.ca/dpd-bdpp/info?lang=eng&code=69619,2026-08-11T13:46:30Z,,992da64f72dce674fdadde56eceba265fb5fef8e7c55d3990d0514d3d791a124,511130,33,passed,passed_automated,pending_human_audit
hc_dpd_c3bdaf46ee6dcc7c,fr,00075359,https://pdf.hres.ca/dpd_pm/00075359.PDF,https://health-products.canada.ca/dpd-bdpp/info?lang=fra&code=69619,2026-08-11T13:46:30Z,,3e2baa89d39ad5aa9c9769a6dcedc57d84cf15b50797239041b9c209d551ceb4,401098,37,passed,passed_automated,pending_human_audit
hc_dpd_c452121698d8eedf,en,00076192,https://pdf.hres.ca/dpd_pm/00076192.PDF,https://health-products.canada.ca/dpd-bdpp/info?lang=eng&code=80080,2026-08-11T13:46:30Z,,c0976cd0bebac21ad7624621036c53b63da3101dc7364711cd46c232f197cb0c,921757,68,passed,passed_automated,pending_human_audit
hc_dpd_c452121698d8eedf,fr,00076365,https://pdf.hres.ca/dpd_pm/00076365.PDF,https://health-products.canada.ca/dpd-bdpp/info?lang=fra&code=80080,2026-08-11T13:46:30Z,,a177e840f3cfb36bb867e7f0d687cf20651b45601363cd0d3819f2c18f925389,816152,81,passed,passed_automated,pending_human_audit
hc_dpd_c709fa934174bec8,en,00081816,https://pdf.hres.ca/dpd_pm/00081816.PDF,https://health-products.canada.ca/dpd-bdpp/info?lang=eng&code=11444,2026-08-11T13:46:30Z,,5456660d677d7a86dac08e02b1f3f081d7cf27ad28585ae4631d47ae27473c04,563224,28,passed,passed_automated,pending_human_audit
hc_dpd_c709fa934174bec8,fr,00082091,https://pdf.hres.ca/dpd_pm/00082091.PDF,https://health-products.canada.ca/dpd-bdpp/info?lang=fra&code=11444,2026-08-11T13:46:30Z,,be1e2dfab0d3388be99068ad65ac1cd9e10dc551cd69acc06140aab5ba51e65a,499162,31,passed,passed_automated,pending_human_audit
hc_dpd_c791918a17ee5a36,en,00072918,https://pdf.hres.ca/dpd_pm/00072918.PDF,https://health-products.canada.ca/dpd-bdpp/info?lang=eng&code=65565,2026-08-11T13:46:30Z,,bf38c1e29610aab77f9bd7ee9df792fe8bc29f4e89449311952093de632aa1c5,627616,37,passed,passed_automated,pending_human_audit
hc_dpd_c791918a17ee5a36,fr,00073003,https://pdf.hres.ca/dpd_pm/00073003.PDF,https://health-products.canada.ca/dpd-bdpp/info?lang=fra&code=65565,2026-08-11T13:46:30Z,,2ccddaf9b4f917676cc7decbc11a4c3d7ec2e66afa570e5258373e10a2f398ca,453256,40,passed,passed_automated,pending_human_audit
hc_dpd_c84c12fc4132fe68,en,00058978,https://pdf.hres.ca/dpd_pm/00058978.PDF,https://health-products.canada.ca/dpd-bdpp/info?lang=eng&code=65175,2026-08-11T13:46:30Z,,fb1fa7b17b5dfba96898ba3e79433ec70bc52fcfcda4d8f6190ff4402e824216,411390,40,passed,passed_automated,pending_human_audit
hc_dpd_c84c12fc4132fe68,fr,00058979,https://pdf.hres.ca/dpd_pm/00058979.PDF,https://health-products.canada.ca/dpd-bdpp/info?lang=fra&code=65175,2026-08-11T13:46:30Z,,36df64d34875329c3dd521b95d5ad28311eb935a951281e18269bdd965644dcc,404182,44,passed,passed_automated,pending_human_audit
hc_dpd_c8e96c44873b5890,en,00068832,https://pdf.hres.ca/dpd_pm/00068832.PDF,https://health-products.canada.ca/dpd-bdpp/info?lang=eng&code=100870,2026-07-30T22:00:00Z,,af08143c0d740a1d7d166fd7de11b261af62ba6b26df9b54cb1e746f1c9c6271,483562,28,passed,passed_automated,pending_human_audit
hc_dpd_c8e96c44873b5890,fr,00069062,https://pdf.hres.ca/dpd_pm/00069062.PDF,https://health-products.canada.ca/dpd-bdpp/info?lang=fra&code=100870,2026-07-30T22:00:00Z,,1aebff8b4f8b3e36e0ed956fb6944afb3dd9a375d890521b60332dd9d02d920e,571408,32,passed,passed_automated,pending_human_audit
hc_dpd_c969519115e21ee6,en,00067036,https://pdf.hres.ca/dpd_pm/00067036.PDF,https://health-products.canada.ca/dpd-bdpp/info?lang=eng&code=49357,2026-08-11T13:46:30Z,,db45352e1a4c95ef7a542ddbd15af44118db1584fef4e3c4b92a35af886bd93e,1089819,22,passed,passed_automated,pending_human_audit
hc_dpd_c969519115e21ee6,fr,00067221,https://pdf.hres.ca/dpd_pm/00067221.PDF,https://health-products.canada.ca/dpd-bdpp/info?lang=fra&code=49357,2026-08-11T13:46:30Z,,09502aa78a03367c2bf3235988f0dd23a9082a6ebbd76b04ab1e4a2f2936a2a7,320882,23,passed,passed_automated,pending_human_audit
hc_dpd_cc27fef0e308f16f,en,00076104,https://pdf.hres.ca/dpd_pm/00076104.PDF,https://health-products.canada.ca/dpd-bdpp/info?lang=eng&code=103798,2026-08-11T13:46:30Z,,7e9fa76e191ea885bb394d75e5b1e7598060f1a2aaef4301dcaf0de35db0b60a,207721,30,passed,passed_automated,pending_human_audit
hc_dpd_cc27fef0e308f16f,fr,00076105,https://pdf.hres.ca/dpd_pm/00076105.PDF,https://health-products.canada.ca/dpd-bdpp/info?lang=fra&code=103798,2026-08-11T13:46:30Z,,7fd082bb3b15f0a6a9ea11446819afa727d759d1f8af9c95e0cb023bb9f58ec2,559128,36,passed,passed_automated,pending_human_audit
hc_dpd_cc2ab640bb2df611,en,00072175,https://pdf.hres.ca/dpd_pm/00072175.PDF,https://health-products.canada.ca/dpd-bdpp/info?lang=eng&code=2620,2026-08-11T13:46:30Z,,40763ed6c41aa81dc28a10dac4fbcafaed8034975de43346386a22a466b96170,510952,23,passed,passed_automated,pending_human_audit
hc_dpd_cc2ab640bb2df611,fr,00072176,https://pdf.hres.ca/dpd_pm/00072176.PDF,https://health-products.canada.ca/dpd-bdpp/info?lang=fra&code=2620,2026-08-11T13:46:30Z,,0aa3dd996425309902e47b23194db726103b458b7dbf7c05d46a681e18b1e63d,383210,26,passed,passed_automated,pending_human_audit
hc_dpd_cd09c04272dd831f,en,00049486,https://pdf.hres.ca/dpd_pm/00049486.PDF,https://health-products.canada.ca/dpd-bdpp/info?lang=eng&code=97559,2026-08-11T13:46:30Z,"Thu, 29 Aug 2024 15:00:25 GMT",b0752e9daae4f9c157b411d5cf57181a726b93ce836c0bc0c9fd818ca0fae37c,151545,23,passed,passed_automated,pending_human_audit
hc_dpd_cd09c04272dd831f,fr,00049728,https://pdf.hres.ca/dpd_pm/00049728.PDF,https://health-products.canada.ca/dpd-bdpp/info?lang=fra&code=97559,2026-08-11T13:46:30Z,"Thu, 29 Aug 2024 15:00:28 GMT",8b43188e31f05ac61a642e2cef05e2846d1f12a93c44f8017528022aa51d1fe3,506929,24,passed,passed_automated,pending_human_audit
hc_dpd_cdc8e15d496fb074,en,00083679,https://pdf.hres.ca/dpd_pm/00083679.PDF,https://health-products.canada.ca/dpd-bdpp/info?lang=eng&code=84775,2026-08-11T13:46:30Z,,f8f4c54047f8e1ea1a128bf42eddb0a09f264f317c444ade0ba9610a0a5cd397,731153,67,passed,passed_automated,pending_human_audit
hc_dpd_cdc8e15d496fb074,fr,00083680,https://pdf.hres.ca/dpd_pm/00083680.PDF,https://health-products.canada.ca/dpd-bdpp/info?lang=fra&code=84775,2026-08-11T13:46:30Z,,491f27e82fbe10af52ef849f545dbfec54fe709c00662b9f8361554cf4ce4b1d,739919,74,passed,passed_automated,pending_human_audit
hc_dpd_ce8c2274074c61e1,en,00032528,https://pdf.hres.ca/dpd_pm/00032528.PDF,https://health-products.canada.ca/dpd-bdpp/info?lang=eng&code=77648,2026-07-30T22:00:00Z,,172c8ceef079a401b2583b5b747788d53d712ea78621c8b58256108cf26e3c46,461894,16,passed,passed_automated,pending_human_audit
hc_dpd_ce8c2274074c61e1,fr,00032623,https://pdf.hres.ca/dpd_pm/00032623.PDF,https://health-products.canada.ca/dpd-bdpp/info?lang=fra&code=77648,2026-07-30T22:00:00Z,,0c0082807613618970bd170c9b2b27f84c0cace3d0808f8520b17ffaec962ca1,485527,16,passed,passed_automated,pending_human_audit
hc_dpd_d0236101a6b99c56,en,00084302,https://pdf.hres.ca/dpd_pm/00084302.PDF,https://health-products.canada.ca/dpd-bdpp/info?lang=eng&code=75619,2026-08-11T13:46:30Z,,56a210e69ac0415ff7e5da9d89643673ae8b5c3af45c1a796f5d050da720b2b7,705653,29,passed,passed_automated,pending_human_audit
hc_dpd_d0236101a6b99c56,fr,00084643,https://pdf.hres.ca/dpd_pm/00084643.PDF,https://health-products.canada.ca/dpd-bdpp/info?lang=fra&code=75619,2026-08-11T13:46:30Z,,d233559ec1a894be42050a786ae1128796b60523cb16e585e40d09e71a25555d,601307,33,passed,passed_automated,pending_human_audit
hc_dpd_d099fad485e70da1,en,00061059,https://pdf.hres.ca/dpd_pm/00061059.PDF,https://health-products.canada.ca/dpd-bdpp/info?lang=eng&code=100560,2026-08-11T13:46:30Z,,df0b6a28c00bcf0c653577afac8e49b67c5a7f11a4178e84023e1c006672d3e8,383830,9,passed,passed_automated,pending_human_audit
hc_dpd_d099fad485e70da1,fr,00063132,https://pdf.hres.ca/dpd_pm/00063132.PDF,https://health-products.canada.ca/dpd-bdpp/info?lang=fra&code=100560,2026-08-11T13:46:30Z,,000db1518cc923da28f0b445d30b5f2d1496ba53b076827b8b37ca6cc11c0604,511581,9,passed,passed_automated,pending_human_audit
hc_dpd_d1f32183370b0a73,en,00082176,https://pdf.hres.ca/dpd_pm/00082176.PDF,https://health-products.canada.ca/dpd-bdpp/info?lang=eng&code=88267,2026-08-11T13:46:30Z,"Thu, 25 Jun 2026 17:45:16 GMT",6ae606362b83666f83565a7e74d14c0fd88eee43c4ecb8efce43ac064f1ad94a,686495,48,passed,passed_automated,pending_human_audit
hc_dpd_d1f32183370b0a73,fr,00085129,https://pdf.hres.ca/dpd_pm/00085129.PDF,https://health-products.canada.ca/dpd-bdpp/info?lang=fra&code=88267,2026-08-11T13:46:30Z,"Thu, 25 Jun 2026 17:45:17 GMT",591afa8cc7a5861bf13eb4a4fa21dcc8580bd52557f19e4acf8bdc8b7e54fe97,739047,55,passed,passed_automated,pending_human_audit
hc_dpd_d56491f43e6d2377,en,00083390,https://pdf.hres.ca/dpd_pm/00083390.PDF,https://health-products.canada.ca/dpd-bdpp/info?lang=eng&code=85352,2026-07-30T22:00:00Z,,bcdf74e5c9808d92de9ee719467a8083617228a8d69c8204354714957de23963,1597220,63,passed,passed_automated,pending_human_audit
hc_dpd_d56491f43e6d2377,fr,00083672,https://pdf.hres.ca/dpd_pm/00083672.PDF,https://health-products.canada.ca/dpd-bdpp/info?lang=fra&code=85352,2026-07-30T22:00:00Z,,f9b08b04be830d8b2d62abb2c6aa30495e4cfba4781920203ee837b46cf06ffe,1218228,73,passed,passed_automated,pending_human_audit
hc_dpd_d793fa9756754dec,en,00016856,https://pdf.hres.ca/dpd_pm/00016856.PDF,https://health-products.canada.ca/dpd-bdpp/info?lang=eng&code=42778,2026-08-11T13:46:30Z,,55244ed612cd322ad37dc4997ebae508a4538f9b6ed3d12c71aaecfca161e1a0,514926,7,passed,passed_automated,pending_human_audit
hc_dpd_d793fa9756754dec,fr,00026390,https://pdf.hres.ca/dpd_pm/00026390.PDF,https://health-products.canada.ca/dpd-bdpp/info?lang=fra&code=42778,2026-08-11T13:46:30Z,,17b51360e4eda7ae03fcf3b389a0a723138c0f9f2120eb1f9e99bf37c6929fd5,137009,7,passed,passed_automated,pending_human_audit
hc_dpd_d8f5db885f46fa2d,en,00083780,https://pdf.hres.ca/dpd_pm/00083780.PDF,https://health-products.canada.ca/dpd-bdpp/info?lang=eng&code=98357,2026-07-30T22:00:00Z,,6193543ce68f066a0a50cff1fc15776514809e733db95ce3bc828dd5c2e1ff69,688164,42,passed,passed_automated,pending_human_audit
hc_dpd_d8f5db885f46fa2d,fr,00083972,https://pdf.hres.ca/dpd_pm/00083972.PDF,https://health-products.canada.ca/dpd-bdpp/info?lang=fra&code=98357,2026-07-30T22:00:00Z,,d29c3aeea484d91f7dc108ff8256fb12e70732dce8c49b14a9d408e40ed6bfde,546064,46,passed,passed_automated,pending_human_audit
hc_dpd_d98a09e572e983d5,en,00068869,https://pdf.hres.ca/dpd_pm/00068869.PDF,https://health-products.canada.ca/dpd-bdpp/info?lang=eng&code=91973,2026-08-11T13:46:30Z,,8822f034518cd78163f9da41fb665e90245af813387f15d1e89b4c4ed5c2975c,897674,39,passed,passed_automated,pending_human_audit
hc_dpd_d98a09e572e983d5,fr,00069151,https://pdf.hres.ca/dpd_pm/00069151.PDF,https://health-products.canada.ca/dpd-bdpp/info?lang=fra&code=91973,2026-08-11T13:46:30Z,,7aa3bd88cba89570dcfa75836b7a698593664d07b4edc41e3735833899fb63ae,557353,42,passed,passed_automated,pending_human_audit
hc_dpd_d98eb0afeeb72237,en,00084731,https://pdf.hres.ca/dpd_pm/00084731.PDF,https://health-products.canada.ca/dpd-bdpp/info?lang=eng&code=65897,2026-07-30T22:00:00Z,,dbccfe2574ecc7985d9188de790f8213296039c75732ac4b4f4094504e131156,677576,44,passed,passed_automated,pending_human_audit
hc_dpd_d98eb0afeeb72237,fr,00084732,https://pdf.hres.ca/dpd_pm/00084732.PDF,https://health-products.canada.ca/dpd-bdpp/info?lang=fra&code=65897,2026-07-30T22:00:00Z,,b2d933aa02bd9f41afeb35c99b03310e49605145fb29367e29e224f74a99f7d8,935912,46,passed,passed_automated,pending_human_audit
hc_dpd_da0bc262c3bc6472,en,00059480,https://pdf.hres.ca/dpd_pm/00059480.PDF,https://health-products.canada.ca/dpd-bdpp/info?lang=eng&code=88879,2026-08-11T13:46:30Z,,d085b49121a387e58b52b73614c3852c1c0e23aff72a8e158c295ad4735e30dc,701546,26,passed,passed_automated,pending_human_audit
hc_dpd_da0bc262c3bc6472,fr,00083464,https://pdf.hres.ca/dpd_pm/00083464.PDF,https://health-products.canada.ca/dpd-bdpp/info?lang=fra&code=88879,2026-08-11T13:46:30Z,,8c6ccbfd11261d6889e9bfde6bfacf9cbaf1eae5addda817b64853436801da49,586453,29,passed,passed_automated,pending_human_audit
hc_dpd_dafdf1c71fef5967,en,00013407,https://pdf.hres.ca/dpd_pm/00013407.PDF,https://health-products.canada.ca/dpd-bdpp/info?lang=eng&code=73439,2026-07-30T22:00:00Z,,691254c9888dccb0a59cc69565b5287d789dd51b31fd30d9094869e43bcf3f2b,204396,27,passed,passed_automated,pending_human_audit
hc_dpd_dafdf1c71fef5967,fr,00019841,https://pdf.hres.ca/dpd_pm/00019841.PDF,https://health-products.canada.ca/dpd-bdpp/info?lang=fra&code=73439,2026-07-30T22:00:00Z,,4fdd4851d1db238bb4b23357d5f906437177a7e70e08ca7449c0540ecdffe9d3,222035,30,passed,passed_automated,pending_human_audit
hc_dpd_dcf77f4dbfed12b5,en,00085107,https://pdf.hres.ca/dpd_pm/00085107.PDF,https://health-products.canada.ca/dpd-bdpp/info?lang=eng&code=101529,2026-08-11T13:46:30Z,,5a30bceb1096c846a274ad17c0a990038b4bb6ec5573c96c7dcaa02a7061ae8a,1266304,70,passed,passed_automated,pending_human_audit
hc_dpd_dcf77f4dbfed12b5,fr,00085652,https://pdf.hres.ca/dpd_pm/00085652.PDF,https://health-products.canada.ca/dpd-bdpp/info?lang=fra&code=101529,2026-08-11T13:46:30Z,,3cc873057b5fdc8f14ac1840912c3e4af4e1bf78372526bbfa5018d57d6c4a18,904754,73,passed,passed_automated,pending_human_audit
hc_dpd_e2756ab087d7a22b,en,00070075,https://pdf.hres.ca/dpd_pm/00070075.PDF,https://health-products.canada.ca/dpd-bdpp/info?lang=eng&code=102546,2026-07-30T22:00:00Z,,91c62d21b22fcb7db1b0357f7af95610759bf3c74e8ad505a5a55748166baf57,457438,29,passed,passed_automated,pending_human_audit
hc_dpd_e2756ab087d7a22b,fr,00070363,https://pdf.hres.ca/dpd_pm/00070363.PDF,https://health-products.canada.ca/dpd-bdpp/info?lang=fra&code=102546,2026-07-30T22:00:00Z,,0cd16a4c03030253177fdc0051990449f312a499ba84c714adf371d2247b2b61,418934,34,passed,passed_automated,pending_human_audit
hc_dpd_e39b85faf09255f6,en,00081264,https://pdf.hres.ca/dpd_pm/00081264.PDF,https://health-products.canada.ca/dpd-bdpp/info?lang=eng&code=106296,2026-08-11T13:46:30Z,,2347205da3d534f699d8e00384d5d22ca09ebc1b680133049811188595b6d204,838590,54,passed,passed_automated,pending_human_audit
hc_dpd_e39b85faf09255f6,fr,00081959,https://pdf.hres.ca/dpd_pm/00081959.PDF,https://health-products.canada.ca/dpd-bdpp/info?lang=fra&code=106296,2026-08-11T13:46:30Z,,9c56c8ace574124db8712ab96c2b01a7c994985820b025158c0e461c8e28797e,751631,60,passed,passed_automated,pending_human_audit
hc_dpd_e3e74722c86d8f79,en,00073308,https://pdf.hres.ca/dpd_pm/00073308.PDF,https://health-products.canada.ca/dpd-bdpp/info?lang=eng&code=6763,2026-08-11T13:46:30Z,"Thu, 29 Aug 2024 15:08:42 GMT",40beef3616eff1a2aca006381d248b3bf4d0839b527104b0ab9f7a407403fa0b,650730,39,passed,passed_automated,pending_human_audit
hc_dpd_e3e74722c86d8f79,fr,00068473,https://pdf.hres.ca/dpd_pm/00068473.PDF,https://health-products.canada.ca/dpd-bdpp/info?lang=fra&code=6763,2026-08-11T13:46:30Z,"Thu, 29 Aug 2024 15:06:42 GMT",985432a2255a2168951aadedc6783c322c4a4f2659b5f5a3bc194e4dc2887af0,1110731,41,passed,passed_automated,pending_human_audit
hc_dpd_e4c13ba9702f3c54,en,00078879,https://pdf.hres.ca/dpd_pm/00078879.PDF,https://health-products.canada.ca/dpd-bdpp/info?lang=eng&code=101339,2026-08-11T13:46:30Z,,a1d0e4df10c87f233228c7800b8d54d4d4b367550ad5449a4a196ba689120ea5,1254842,49,passed,passed_automated,pending_human_audit
hc_dpd_e4c13ba9702f3c54,fr,00080122,https://pdf.hres.ca/dpd_pm/00080122.PDF,https://health-products.canada.ca/dpd-bdpp/info?lang=fra&code=101339,2026-08-11T13:46:30Z,,b3f9a0fb936e18cefee1c4cee9e53e05ee09dbcf5e957174d2c4fa40935b43e1,803723,61,passed,passed_automated,pending_human_audit
hc_dpd_e5a069d0814df86b,en,00084996,https://pdf.hres.ca/dpd_pm/00084996.PDF,https://health-products.canada.ca/dpd-bdpp/info?lang=eng&code=103005,2026-08-11T13:46:30Z,,eb62ae1033542d5fd2febf06ecfd3943407f3020c44cda5da477151412d56321,912048,46,passed,passed_automated,pending_human_audit
hc_dpd_e5a069d0814df86b,fr,00085274,https://pdf.hres.ca/dpd_pm/00085274.PDF,https://health-products.canada.ca/dpd-bdpp/info?lang=fra&code=103005,2026-08-11T13:46:30Z,,5159d709c07ed7ad351f635b6f1225a49bdafc452299062ee7d73c80a59c6ce1,8892949,52,passed,passed_automated,pending_human_audit
hc_dpd_e86a94045960003f,en,00055027,https://pdf.hres.ca/dpd_pm/00055027.PDF,https://health-products.canada.ca/dpd-bdpp/info?lang=eng&code=11068,2026-08-11T13:46:30Z,,3285555c87709382eebb4933bba389c9008e7929ab8ed2ae09ebe3edf01b5938,762677,28,passed,passed_automated,pending_human_audit
hc_dpd_e86a94045960003f,fr,00055108,https://pdf.hres.ca/dpd_pm/00055108.PDF,https://health-products.canada.ca/dpd-bdpp/info?lang=fra&code=11068,2026-08-11T13:46:30Z,,6d6c404c4a126df93135c56719a9f4252e52bd8b4d25250d3d113f93370b5c7b,656553,31,passed,passed_automated,pending_human_audit
hc_dpd_ea043548b4c687ae,en,00081459,https://pdf.hres.ca/dpd_pm/00081459.PDF,https://health-products.canada.ca/dpd-bdpp/info?lang=eng&code=97651,2026-08-11T13:46:30Z,,74e7856abd649996915dd6aac50142fbc9fb676db99a9133db666433bb1b7d68,1037610,60,passed,passed_automated,pending_human_audit
hc_dpd_ea043548b4c687ae,fr,00081759,https://pdf.hres.ca/dpd_pm/00081759.PDF,https://health-products.canada.ca/dpd-bdpp/info?lang=fra&code=97651,2026-08-11T13:46:30Z,,98ae32b8bc20c5098797420443337ff2c0bca74f47e1b8554dc1bcbbce8a7945,1108790,69,passed,passed_automated,pending_human_audit
hc_dpd_eb4abd12219eb308,en,00051721,https://pdf.hres.ca/dpd_pm/00051721.PDF,https://health-products.canada.ca/dpd-bdpp/info?lang=eng&code=81005,2026-08-11T13:46:30Z,,03aebc6afd8be3988c351d71b4b7e6b9b688acb455b3ab36d71dce411f36df27,719676,32,passed,passed_automated,pending_human_audit
hc_dpd_eb4abd12219eb308,fr,00051722,https://pdf.hres.ca/dpd_pm/00051722.PDF,https://health-products.canada.ca/dpd-bdpp/info?lang=fra&code=81005,2026-08-11T13:46:30Z,,b7476843a7f25db17070ebe50cae1cd6d00c4e2a1b611e1c73506b0e52333fe4,355261,37,passed,passed_automated,pending_human_audit
hc_dpd_eb9e996547d4d04c,en,00074281,https://pdf.hres.ca/dpd_pm/00074281.PDF,https://health-products.canada.ca/dpd-bdpp/info?lang=eng&code=101289,2026-08-11T13:46:30Z,,855785dcaf52471c0ab8699de844db15e73a11fc168c244b12b599ccd586aa00,757240,48,passed,passed_automated,pending_human_audit
hc_dpd_eb9e996547d4d04c,fr,00074420,https://pdf.hres.ca/dpd_pm/00074420.PDF,https://health-products.canada.ca/dpd-bdpp/info?lang=fra&code=101289,2026-08-11T13:46:30Z,,66ee1d7adbf7347776ddfb55cfa44249ae69f335ca7ad804ec1ffd84157dab3e,811366,50,passed,passed_automated,pending_human_audit
hc_dpd_edd0bc791aa8fcd4,en,00077784,https://pdf.hres.ca/dpd_pm/00077784.PDF,https://health-products.canada.ca/dpd-bdpp/info?lang=eng&code=100339,2026-08-11T13:46:30Z,,37e8847115798dd3403f02ebaea4e623132fab40fa144aa03d0ca8bab8505d91,1160881,32,passed,passed_automated,pending_human_audit
hc_dpd_edd0bc791aa8fcd4,fr,00077937,https://pdf.hres.ca/dpd_pm/00077937.PDF,https://health-products.canada.ca/dpd-bdpp/info?lang=fra&code=100339,2026-08-11T13:46:30Z,,582763cae2955ac05734b4b507a2666ab81fd3865efe29c9ccbd0d411aec6b99,502697,33,passed,passed_automated,pending_human_audit
hc_dpd_ee9f6a69de5e3799,en,00083260,https://pdf.hres.ca/dpd_pm/00083260.PDF,https://health-products.canada.ca/dpd-bdpp/info?lang=eng&code=73612,2026-08-11T13:46:30Z,"Mon, 26 Jan 2026 12:50:16 GMT",61c3db28699d90437536b22ec99d419db94c8ce13c6e972256e8aa81c294209f,513656,31,passed,passed_automated,pending_human_audit
hc_dpd_ee9f6a69de5e3799,fr,00083261,https://pdf.hres.ca/dpd_pm/00083261.PDF,https://health-products.canada.ca/dpd-bdpp/info?lang=fra&code=73612,2026-08-11T13:46:30Z,"Mon, 26 Jan 2026 12:50:17 GMT",26235f7cb96fb94b7cffa6644d72399f3091f2ba24b0c31e7c35d7bfb87ee4a2,524574,36,passed,passed_automated,pending_human_audit
hc_dpd_f06da70ebbca5c35,en,00077738,https://pdf.hres.ca/dpd_pm/00077738.PDF,https://health-products.canada.ca/dpd-bdpp/info?lang=eng&code=99313,2026-08-11T13:46:30Z,,4bad9434b4393873e36c81c0849b7806caf0293e653e165506e14b6f3151c441,1068420,37,passed,passed_automated,pending_human_audit
hc_dpd_f06da70ebbca5c35,fr,00077639,https://pdf.hres.ca/dpd_pm/00077639.PDF,https://health-products.canada.ca/dpd-bdpp/info?lang=fra&code=99313,2026-08-11T13:46:30Z,,0cf32ddadd9b242db81fb8a11b27107b98a03822202fe04411fc2ebd70f9baec,763470,42,passed,passed_automated,pending_human_audit
hc_dpd_f420c0c5b5ab1056,en,00066468,https://pdf.hres.ca/dpd_pm/00066468.PDF,https://health-products.canada.ca/dpd-bdpp/info?lang=eng&code=101772,2026-08-11T13:46:30Z,,53aba032af2af2e33c07c97c4f3de26901090bda45922769ff73001ff9ee618c,939520,34,passed,passed_automated,pending_human_audit
hc_dpd_f420c0c5b5ab1056,fr,00066660,https://pdf.hres.ca/dpd_pm/00066660.PDF,https://health-products.canada.ca/dpd-bdpp/info?lang=fra&code=101772,2026-08-11T13:46:30Z,,e2ea1e2bcddc06828eb89dfc70882c0cc31541a8720d1295cbebe3ca10f81e4c,918536,42,passed,passed_automated,pending_human_audit
hc_dpd_f545d278184d6288,en,00066778,https://pdf.hres.ca/dpd_pm/00066778.PDF,https://health-products.canada.ca/dpd-bdpp/info?lang=eng&code=83696,2026-08-11T13:46:30Z,"Thu, 29 Aug 2024 15:05:53 GMT",ee89fe9854e609719c25d66beed22cbc302ab58f2c98584b072defa757c784ad,2357085,57,passed,passed_automated,pending_human_audit
hc_dpd_f545d278184d6288,fr,00067800,https://pdf.hres.ca/dpd_pm/00067800.PDF,https://health-products.canada.ca/dpd-bdpp/info?lang=fra&code=83696,2026-08-11T13:46:30Z,"Thu, 29 Aug 2024 15:06:25 GMT",6b5a3ac29fe00ffe0511a1f324d672d3a42a99716bd39c82d8f4916ab9f833f1,1760771,60,passed,passed_automated,pending_human_audit
hc_dpd_f5df486c72f06db7,en,00063048,https://pdf.hres.ca/dpd_pm/00063048.PDF,https://health-products.canada.ca/dpd-bdpp/info?lang=eng&code=75946,2026-08-11T13:46:30Z,,17ca8198b60bd25711bbf2cae5a76c1ebf9daf7d6bf6a5bd3e01f29bc2fb49c7,901586,29,passed,passed_automated,pending_human_audit
hc_dpd_f5df486c72f06db7,fr,00063234,https://pdf.hres.ca/dpd_pm/00063234.PDF,https://health-products.canada.ca/dpd-bdpp/info?lang=fra&code=75946,2026-08-11T13:46:30Z,,19b29b54acd7b52fa4a09d63c70060ff84b19416a48616b8615e5824021573fe,399361,31,passed,passed_automated,pending_human_audit
hc_dpd_f5e70d694b6f508a,en,00080608,https://pdf.hres.ca/dpd_pm/00080608.PDF,https://health-products.canada.ca/dpd-bdpp/info?lang=eng&code=98903,2026-08-11T13:46:30Z,"Thu, 26 Jun 2025 14:00:54 GMT",a8b302bd2d2934a094e027718c8dd9bdf1db3f1ccb65accf5b9d9bfce4b39765,1011365,64,passed,passed_automated,pending_human_audit
hc_dpd_f5e70d694b6f508a,fr,00080862,https://pdf.hres.ca/dpd_pm/00080862.PDF,https://health-products.canada.ca/dpd-bdpp/info?lang=fra&code=98903,2026-08-11T13:46:30Z,"Thu, 26 Jun 2025 14:00:55 GMT",3fe99d59f3768d776292f5641144c3a10798cfe0eb63528606b8c571e9b30911,965491,74,passed,passed_automated,pending_human_audit
hc_dpd_f6ac4eef7b8fe02c,en,00055548,https://pdf.hres.ca/dpd_pm/00055548.PDF,https://health-products.canada.ca/dpd-bdpp/info?lang=eng&code=92667,2026-08-11T13:46:30Z,,abe103141f5885585ce2b13d494ff7e29016b77da77d5807dbfbcd4134977a3b,1411201,50,passed,passed_automated,pending_human_audit
hc_dpd_f6ac4eef7b8fe02c,fr,00057537,https://pdf.hres.ca/dpd_pm/00057537.PDF,https://health-products.canada.ca/dpd-bdpp/info?lang=fra&code=92667,2026-08-11T13:46:30Z,,9cb42967c2e4fde56200e75c401bbe499c1247069c9def4e49ad995c2dbcf546,5352717,56,passed,passed_automated,pending_human_audit
hc_dpd_f6c6e65ecfebf5a9,en,00072575,https://pdf.hres.ca/dpd_pm/00072575.PDF,https://health-products.canada.ca/dpd-bdpp/info?lang=eng&code=89992,2026-08-11T13:46:30Z,,f6400e368a8f1327510f24d1c750ed560fe72348ad754d937e443b47652808ec,611368,49,passed,passed_automated,pending_human_audit
hc_dpd_f6c6e65ecfebf5a9,fr,00072576,https://pdf.hres.ca/dpd_pm/00072576.PDF,https://health-products.canada.ca/dpd-bdpp/info?lang=fra&code=89992,2026-08-11T13:46:30Z,,ffe1a8390c870fc95480dc799d5a1f06209abc3d7a7d3b09cb72df0db8b1a61f,937021,54,passed,passed_automated,pending_human_audit
hc_dpd_f829efbf633af9e9,en,00075542,https://pdf.hres.ca/dpd_pm/00075542.PDF,https://health-products.canada.ca/dpd-bdpp/info?lang=eng&code=92002,2026-08-11T13:46:30Z,,83dda64f98c97d48d1fe08551e59109b13ca8df97b0c0ba23aa39d3b9b376053,677818,45,passed,passed_automated,pending_human_audit
hc_dpd_f829efbf633af9e9,fr,00075778,https://pdf.hres.ca/dpd_pm/00075778.PDF,https://health-products.canada.ca/dpd-bdpp/info?lang=fra&code=92002,2026-08-11T13:46:30Z,,aaefd0f9ce4e0fd01a129735196b4c08ca686b3be786d7df764b141fc35598c4,561307,51,passed,passed_automated,pending_human_audit
hc_dpd_f8e67f7fbd96cbac,en,00083262,https://pdf.hres.ca/dpd_pm/00083262.PDF,https://health-products.canada.ca/dpd-bdpp/info?lang=eng&code=98004,2026-07-30T22:00:00Z,,32e6f9e2e484ff528d466744b5d00bc7c258f6de11ed2a53172e933a2bfd1303,502450,32,passed,passed_automated,pending_human_audit
hc_dpd_f8e67f7fbd96cbac,fr,00083263,https://pdf.hres.ca/dpd_pm/00083263.PDF,https://health-products.canada.ca/dpd-bdpp/info?lang=fra&code=98004,2026-07-30T22:00:00Z,,b75beb0d52d966da2325438a4addd13cded7275bcbebab69b2ca1daddf1a0041,533061,36,passed,passed_automated,pending_human_audit
hc_dpd_fb8033754bd134c2,en,00051102,https://pdf.hres.ca/dpd_pm/00051102.PDF,https://health-products.canada.ca/dpd-bdpp/info?lang=eng&code=97846,2026-08-11T13:46:30Z,,57c24507108aa0c74063942c7a067df6af10a4067436eb26219b851ed2b97339,876618,27,passed,passed_automated,pending_human_audit
hc_dpd_fb8033754bd134c2,fr,00051227,https://pdf.hres.ca/dpd_pm/00051227.PDF,https://health-products.canada.ca/dpd-bdpp/info?lang=fra&code=97846,2026-08-11T13:46:30Z,,75b4c7839e815f2a66e8cd776a830bd18dbfcdbefca3b642e11134f18d357e2e,347441,29,passed,passed_automated,pending_human_audit
hc_dpd_fc7be4e0d4cf22f5,en,00082672,https://pdf.hres.ca/dpd_pm/00082672.PDF,https://health-products.canada.ca/dpd-bdpp/info?lang=eng&code=106606,2026-08-11T13:46:30Z,"Wed, 07 Jan 2026 20:13:49 GMT",959c39968fd39fba0562e8af63c70426bfec8d33b83680cddbdb0d103d599895,625211,34,passed,passed_automated,pending_human_audit
hc_dpd_fc7be4e0d4cf22f5,fr,00083074,https://pdf.hres.ca/dpd_pm/00083074.PDF,https://health-products.canada.ca/dpd-bdpp/info?lang=fra&code=106606,2026-08-11T13:46:30Z,"Wed, 07 Jan 2026 20:13:50 GMT",0ce7b13faca685fe8f456fed61a2ee123483a302ff359f19530fe39db85343b7,600865,36,passed,passed_automated,pending_human_audit
hc_dpd_fce80269123b44eb,en,00080471,https://pdf.hres.ca/dpd_pm/00080471.PDF,https://health-products.canada.ca/dpd-bdpp/info?lang=eng&code=97124,2026-08-11T13:46:30Z,,f6199e338cb8b9d2ff543161d0b9d4015cc6089f056261af5f8a6d56a445ca0e,3498246,119,passed,passed_automated,pending_human_audit
hc_dpd_fce80269123b44eb,fr,00080668,https://pdf.hres.ca/dpd_pm/00080668.PDF,https://health-products.canada.ca/dpd-bdpp/info?lang=fra&code=97124,2026-08-11T13:46:30Z,,b668991201e0b3ca8f41efaab0cd59647d483c7fb1efb4e8d1f7b03af63bc797,5806300,156,passed,passed_automated,pending_human_audit
hc_dpd_ff2fd69df5240e38,en,00049523,https://pdf.hres.ca/dpd_pm/00049523.PDF,https://health-products.canada.ca/dpd-bdpp/info?lang=eng&code=97566,2026-08-11T13:46:30Z,,bb94d6badbab5398097ef038c2a68fa59e3315d690091364d8b85b5b91327ff3,592374,21,passed,passed_automated,pending_human_audit
hc_dpd_ff2fd69df5240e38,fr,00049524,https://pdf.hres.ca/dpd_pm/00049524.PDF,https://health-products.canada.ca/dpd-bdpp/info?lang=fra&code=97566,2026-08-11T13:46:30Z,,8147d562c7003a20a1ac6e0edc721efd92221a162eb16345f25042be947cfff1,633989,22,passed,passed_automated,pending_human_audit
