pair_outcome,case_id,product_id,language,stratum,brand_name,input,expected_output,source_metadata,gpt_5_4_mini_passed,gpt_5_4_mini_field_score,gpt_5_4_mini_error_type,gpt_5_4_mini_mismatched_fields,gpt_5_4_mini_model_output,gpt_5_6_luna_passed,gpt_5_6_luna_field_score,gpt_5_6_luna_error_type,gpt_5_6_luna_mismatched_fields,gpt_5_6_luna_model_output,gpt_5_6_terra_passed,gpt_5_6_terra_field_score,gpt_5_6_terra_error_type,gpt_5_6_terra_mismatched_fields,gpt_5_6_terra_model_output,gpt_5_6_sol_passed,gpt_5_6_sol_field_score,gpt_5_6_sol_error_type,gpt_5_6_sol_mismatched_fields,gpt_5_6_sol_model_output,preliminary_review_focus
gpt_5_6_terra_only_passed,hc_dpd_043c39ecda680f30_en,hc_dpd_043c39ecda680f30,en,multi_ingredient,FLAGYSTATIN,"Extract drug-product facts from the Health Canada Drug Product Database source record below. Return only one JSON object with exactly the keys din, brand_name, active_ingredients, dosage_forms, routes, schedule, product_status, and company. din, dosage_forms, routes, and schedule must be lists. active_ingredients must be a list of objects with name, strength, and unit keys. Combine distinct facts from every variant and do not infer values.

DPD SOURCE RECORD (ENGLISH)

VARIANT 1
DRUG_CODE: 12654
DIN: 01926829
BRAND_NAME: FLAGYSTATIN
ACTIVE_INGREDIENTS:
- NAME=NYSTATIN; STRENGTH=100000; UNIT=UNIT
- NAME=METRONIDAZOLE; STRENGTH=500; UNIT=MG
DOSAGE_FORMS: OVULE
ROUTES: VAGINAL
SCHEDULES: PRESCRIPTION
PRODUCT_STATUS: MARKETED
COMPANY: SANOFI-AVENTIS CANADA INC","{""din"":[""01926829""],""brand_name"":""FLAGYSTATIN"",""active_ingredients"":[{""name"":""METRONIDAZOLE"",""strength"":500,""unit"":""MG""},{""name"":""NYSTATIN"",""strength"":100000,""unit"":""UNIT""}],""dosage_forms"":[""OVULE""],""routes"":[""VAGINAL""],""schedule"":[""PRESCRIPTION""],""product_status"":""MARKETED"",""company"":""SANOFI-AVENTIS CANADA INC""}","{""archive_file_id"":""dpd_marketed_archive"",""archive_members"":{""comp.txt"":[1031],""drug.txt"":[1031],""form.txt"":[1032],""ingred.txt"":[1520,1521],""route.txt"":[1216],""schedule.txt"":[1033],""status.txt"":[5027]},""archive_sha256"":""94c8ef8639fd07eea9c134d8ede137d77574d4ae6761955f5aa582558ec38b25"",""drug_codes"":[""12654""],""language"":""en"",""source_dataset_id"":""hc_dpd_source_snapshot"",""source_dataset_version"":""2026.7.2"",""source_manifest_sha256"":""f674732805de6a311d5882c2e7e33747a7e214beb123d9e42c944e1ad195eba0""}",True,1,pass,[],"{""din"":[""01926829""],""brand_name"":""FLAGYSTATIN"",""active_ingredients"":[{""name"":""NYSTATIN"",""strength"":""100000"",""unit"":""UNIT""},{""name"":""METRONIDAZOLE"",""strength"":""500"",""unit"":""MG""}],""dosage_forms"":[""OVULE""],""routes"":[""VAGINAL""],""schedule"":[""PRESCRIPTION""],""product_status"":""MARKETED"",""company"":""SANOFI-AVENTIS CANADA INC""}",True,1,pass,[],"{""din"":[""01926829""],""brand_name"":""FLAGYSTATIN"",""active_ingredients"":[{""name"":""NYSTATIN"",""strength"":""100000"",""unit"":""UNIT""},{""name"":""METRONIDAZOLE"",""strength"":""500"",""unit"":""MG""}],""dosage_forms"":[""OVULE""],""routes"":[""VAGINAL""],""schedule"":[""PRESCRIPTION""],""product_status"":""MARKETED"",""company"":""SANOFI-AVENTIS CANADA INC""}",True,1,pass,[],"{""din"":[""01926829""],""brand_name"":""FLAGYSTATIN"",""active_ingredients"":[{""name"":""NYSTATIN"",""strength"":""100000"",""unit"":""UNIT""},{""name"":""METRONIDAZOLE"",""strength"":""500"",""unit"":""MG""}],""dosage_forms"":[""OVULE""],""routes"":[""VAGINAL""],""schedule"":[""PRESCRIPTION""],""product_status"":""MARKETED"",""company"":""SANOFI-AVENTIS CANADA INC""}",False,0.875,text_or_value_error,"[""active_ingredients""]","{""din"":[""01926829""],""brand_name"":""FLAGYSTATIN"",""active_ingredients"":[{""name"":""NYSTATATIN"",""strength"":""100000"",""unit"":""UNIT""},{""name"":""METRONIDAZOLE"",""strength"":""500"",""unit"":""MG""}],""dosage_forms"":[""OVULE""],""routes"":[""VAGINAL""],""schedule"":[""PRESCRIPTION""],""product_status"":""MARKETED"",""company"":""SANOFI-AVENTIS CANADA INC""}",Compare the transcription with the frozen source label.
gpt_5_6_sol_only_passed,hc_dpd_0994f807211e902b_en,hc_dpd_0994f807211e902b,en,multi_ingredient,SPORT 50 CONTINUOUS SPRAY SUNSCREEN ECRAN SOLAIRE EN VAPORISATEUR,"Extract drug-product facts from the Health Canada Drug Product Database source record below. Return only one JSON object with exactly the keys din, brand_name, active_ingredients, dosage_forms, routes, schedule, product_status, and company. din, dosage_forms, routes, and schedule must be lists. active_ingredients must be a list of objects with name, strength, and unit keys. Combine distinct facts from every variant and do not infer values.

DPD SOURCE RECORD (ENGLISH)

VARIANT 1
DRUG_CODE: 98155
DIN: 02491567
BRAND_NAME: SPORT 50 CONTINUOUS SPRAY SUNSCREEN ECRAN SOLAIRE EN VAPORISATEUR
ACTIVE_INGREDIENTS:
- NAME=AVOBENZONE; STRENGTH=3; UNIT=%
- NAME=HOMOSALATE; STRENGTH=10; UNIT=%
- NAME=OCTOCRYLENE; STRENGTH=5; UNIT=%
- NAME=OCTISALATE; STRENGTH=5; UNIT=%
DOSAGE_FORMS: SPRAY, BAG-ON-VALVE
ROUTES: TOPICAL
SCHEDULES: NON-PRESCRIPTION DRUGS
PRODUCT_STATUS: MARKETED
COMPANY: PRIME ENTERPRISES, LLC","{""din"":[""02491567""],""brand_name"":""SPORT 50 CONTINUOUS SPRAY SUNSCREEN ECRAN SOLAIRE EN VAPORISATEUR"",""active_ingredients"":[{""name"":""AVOBENZONE"",""strength"":3,""unit"":""%""},{""name"":""HOMOSALATE"",""strength"":10,""unit"":""%""},{""name"":""OCTISALATE"",""strength"":5,""unit"":""%""},{""name"":""OCTOCRYLENE"",""strength"":5,""unit"":""%""}],""dosage_forms"":[""SPRAY, BAG-ON-VALVE""],""routes"":[""TOPICAL""],""schedule"":[""NON-PRESCRIPTION DRUGS""],""product_status"":""MARKETED"",""company"":""PRIME ENTERPRISES, LLC""}","{""archive_file_id"":""dpd_marketed_archive"",""archive_members"":{""comp.txt"":[9813],""drug.txt"":[9813],""form.txt"":[10012],""ingred.txt"":[13970,13971,13972,13973],""route.txt"":[11610],""schedule.txt"":[10092],""status.txt"":[41328]},""archive_sha256"":""94c8ef8639fd07eea9c134d8ede137d77574d4ae6761955f5aa582558ec38b25"",""drug_codes"":[""98155""],""language"":""en"",""source_dataset_id"":""hc_dpd_source_snapshot"",""source_dataset_version"":""2026.7.2"",""source_manifest_sha256"":""f674732805de6a311d5882c2e7e33747a7e214beb123d9e42c944e1ad195eba0""}",False,0.875,compound_label_split_only,"[""dosage_forms""]","{""din"":[""02491567""],""brand_name"":""SPORT 50 CONTINUOUS SPRAY SUNSCREEN ECRAN SOLAIRE EN VAPORISATEUR"",""active_ingredients"":[{""name"":""AVOBENZONE"",""strength"":""3"",""unit"":""%""},{""name"":""HOMOSALATE"",""strength"":""10"",""unit"":""%""},{""name"":""OCTOCRYLENE"",""strength"":""5"",""unit"":""%""},{""name"":""OCTISALATE"",""strength"":""5"",""unit"":""%""}],""dosage_forms"":[""SPRAY"",""BAG-ON-VALVE""],""routes"":[""TOPICAL""],""schedule"":[""NON-PRESCRIPTION DRUGS""],""product_status"":""MARKETED"",""company"":""PRIME ENTERPRISES, LLC""}",False,0.5,schema_and_label_split,"[""brand_name"",""company"",""dosage_forms"",""product_status""]","{""din"":[""02491567""],""brand_name"":[""SPORT 50 CONTINUOUS SPRAY SUNSCREEN ECRAN SOLAIRE EN VAPORISATEUR""],""active_ingredients"":[{""name"":""AVOBENZONE"",""strength"":""3"",""unit"":""%""},{""name"":""HOMOSALATE"",""strength"":""10"",""unit"":""%""},{""name"":""OCTOCRYLENE"",""strength"":""5"",""unit"":""%""},{""name"":""OCTISALATE"",""strength"":""5"",""unit"":""%""}],""dosage_forms"":[""SPRAY"",""BAG-ON-VALVE""],""routes"":[""TOPICAL""],""schedule"":[""NON-PRESCRIPTION DRUGS""],""product_status"":[""MARKETED""],""company"":[""PRIME ENTERPRISES, LLC""]}",False,0.875,compound_label_split_only,"[""dosage_forms""]","{""din"":[""02491567""],""brand_name"":""SPORT 50 CONTINUOUS SPRAY SUNSCREEN ECRAN SOLAIRE EN VAPORISATEUR"",""active_ingredients"":[{""name"":""AVOBENZONE"",""strength"":""3"",""unit"":""%""},{""name"":""HOMOSALATE"",""strength"":""10"",""unit"":""%""},{""name"":""OCTOCRYLENE"",""strength"":""5"",""unit"":""%""},{""name"":""OCTISALATE"",""strength"":""5"",""unit"":""%""}],""dosage_forms"":[""SPRAY"",""BAG-ON-VALVE""],""routes"":[""TOPICAL""],""schedule"":[""NON-PRESCRIPTION DRUGS""],""product_status"":""MARKETED"",""company"":""PRIME ENTERPRISES, LLC""}",True,1,pass,[],"{""din"":[""02491567""],""brand_name"":""SPORT 50 CONTINUOUS SPRAY SUNSCREEN ECRAN SOLAIRE EN VAPORISATEUR"",""active_ingredients"":[{""name"":""AVOBENZONE"",""strength"":""3"",""unit"":""%""},{""name"":""HOMOSALATE"",""strength"":""10"",""unit"":""%""},{""name"":""OCTOCRYLENE"",""strength"":""5"",""unit"":""%""},{""name"":""OCTISALATE"",""strength"":""5"",""unit"":""%""}],""dosage_forms"":[""SPRAY, BAG-ON-VALVE""],""routes"":[""TOPICAL""],""schedule"":[""NON-PRESCRIPTION DRUGS""],""product_status"":""MARKETED"",""company"":""PRIME ENTERPRISES, LLC""}",Adjudicate whether the rendered compound DPD label is unambiguous.
gpt_5_6_sol_only_passed,hc_dpd_109d272209424fac_en,hc_dpd_109d272209424fac,en,multi_variant,ONDISSOLVE ODF,"Extract drug-product facts from the Health Canada Drug Product Database source record below. Return only one JSON object with exactly the keys din, brand_name, active_ingredients, dosage_forms, routes, schedule, product_status, and company. din, dosage_forms, routes, and schedule must be lists. active_ingredients must be a list of objects with name, strength, and unit keys. Combine distinct facts from every variant and do not infer values.

DPD SOURCE RECORD (ENGLISH)

VARIANT 1
DRUG_CODE: 87545
DIN: 02389983
BRAND_NAME: ONDISSOLVE ODF
ACTIVE_INGREDIENTS:
- NAME=ONDANSETRON; STRENGTH=4; UNIT=MG
DOSAGE_FORMS: FILM, SOLUBLE
ROUTES: ORAL
SCHEDULES: PRESCRIPTION
PRODUCT_STATUS: MARKETED
COMPANY: TAKEDA CANADA INC

VARIANT 2
DRUG_CODE: 87546
DIN: 02389991
BRAND_NAME: ONDISSOLVE ODF
ACTIVE_INGREDIENTS:
- NAME=ONDANSETRON; STRENGTH=8; UNIT=MG
DOSAGE_FORMS: FILM, SOLUBLE
ROUTES: ORAL
SCHEDULES: PRESCRIPTION
PRODUCT_STATUS: MARKETED
COMPANY: TAKEDA CANADA INC","{""din"":[""02389983"",""02389991""],""brand_name"":""ONDISSOLVE ODF"",""active_ingredients"":[{""name"":""ONDANSETRON"",""strength"":4,""unit"":""MG""},{""name"":""ONDANSETRON"",""strength"":8,""unit"":""MG""}],""dosage_forms"":[""FILM, SOLUBLE""],""routes"":[""ORAL""],""schedule"":[""PRESCRIPTION""],""product_status"":""MARKETED"",""company"":""TAKEDA CANADA INC""}","{""archive_file_id"":""dpd_marketed_archive"",""archive_members"":{""comp.txt"":[6136,6137],""drug.txt"":[6136,6137],""form.txt"":[6220,6221],""ingred.txt"":[8841,8842],""route.txt"":[7258,7259],""schedule.txt"":[6243,6244],""status.txt"":[29574,29575]},""archive_sha256"":""94c8ef8639fd07eea9c134d8ede137d77574d4ae6761955f5aa582558ec38b25"",""drug_codes"":[""87545"",""87546""],""language"":""en"",""source_dataset_id"":""hc_dpd_source_snapshot"",""source_dataset_version"":""2026.7.2"",""source_manifest_sha256"":""f674732805de6a311d5882c2e7e33747a7e214beb123d9e42c944e1ad195eba0""}",False,0.875,compound_label_split_only,"[""dosage_forms""]","{""din"":[""02389983"",""02389991""],""brand_name"":""ONDISSOLVE ODF"",""active_ingredients"":[{""name"":""ONDANSETRON"",""strength"":""4"",""unit"":""MG""},{""name"":""ONDANSETRON"",""strength"":""8"",""unit"":""MG""}],""dosage_forms"":[""FILM"",""SOLUBLE""],""routes"":[""ORAL""],""schedule"":[""PRESCRIPTION""],""product_status"":""MARKETED"",""company"":""TAKEDA CANADA INC""}",True,1,pass,[],"{""din"":[""02389983"",""02389991""],""brand_name"":""ONDISSOLVE ODF"",""active_ingredients"":[{""name"":""ONDANSETRON"",""strength"":""4"",""unit"":""MG""},{""name"":""ONDANSETRON"",""strength"":""8"",""unit"":""MG""}],""dosage_forms"":[""FILM, SOLUBLE""],""routes"":[""ORAL""],""schedule"":[""PRESCRIPTION""],""product_status"":""MARKETED"",""company"":""TAKEDA CANADA INC""}",False,0.875,compound_label_split_only,"[""dosage_forms""]","{""din"":[""02389983"",""02389991""],""brand_name"":""ONDISSOLVE ODF"",""active_ingredients"":[{""name"":""ONDANSETRON"",""strength"":""4"",""unit"":""MG""},{""name"":""ONDANSETRON"",""strength"":""8"",""unit"":""MG""}],""dosage_forms"":[""FILM"",""SOLUBLE""],""routes"":[""ORAL""],""schedule"":[""PRESCRIPTION""],""product_status"":""MARKETED"",""company"":""TAKEDA CANADA INC""}",True,1,pass,[],"{""din"":[""02389983"",""02389991""],""brand_name"":""ONDISSOLVE ODF"",""active_ingredients"":[{""name"":""ONDANSETRON"",""strength"":""4"",""unit"":""MG""},{""name"":""ONDANSETRON"",""strength"":""8"",""unit"":""MG""}],""dosage_forms"":[""FILM, SOLUBLE""],""routes"":[""ORAL""],""schedule"":[""PRESCRIPTION""],""product_status"":""MARKETED"",""company"":""TAKEDA CANADA INC""}",Adjudicate whether the rendered compound DPD label is unambiguous.
gpt_5_6_sol_only_passed,hc_dpd_11d0527904967a3d_fr,hc_dpd_11d0527904967a3d,fr,multi_ingredient_multi_variant,SUBOXONE,"Extrayez les faits de produit pharmaceutique du dossier source de la Base de données sur les produits pharmaceutiques de Santé Canada ci-dessous. Retournez uniquement un objet JSON avec exactement les clés din, brand_name, active_ingredients, dosage_forms, routes, schedule, product_status et company. din, dosage_forms, routes et schedule doivent être des listes. active_ingredients doit être une liste d'objets ayant les clés name, strength et unit. Regroupez les faits distincts de toutes les variantes, sans rien déduire.

DOSSIER SOURCE DPD (FRANÇAIS)

VARIANTE 1
DRUG_CODE: 78104
DIN: 02295695
NOM_COMMERCIAL: SUBOXONE
INGRÉDIENTS_ACTIFS:
- NOM=Buprénorphine (Chlorhydrate de buprénorphine); CONCENTRATION=2; UNITÉ=MG
- NOM=Naloxone (Chlorhydrate dihydraté de naloxone); CONCENTRATION=0.5; UNITÉ=MG
FORMES_PHARMACEUTIQUES: Comprimé
VOIES_ADMINISTRATION: Sublinguale
ANNEXES: Stupéfiants (LRCDAS I)
ÉTAT_DU_PRODUIT: COMMERCIALISÉ
ENTREPRISE: INDIVIOR UK LIMITED

VARIANTE 2
DRUG_CODE: 78105
DIN: 02295709
NOM_COMMERCIAL: SUBOXONE
INGRÉDIENTS_ACTIFS:
- NOM=Buprénorphine (Chlorhydrate de buprénorphine); CONCENTRATION=8; UNITÉ=MG
- NOM=Naloxone (Chlorhydrate dihydraté de naloxone); CONCENTRATION=2; UNITÉ=MG
FORMES_PHARMACEUTIQUES: Comprimé
VOIES_ADMINISTRATION: Sublinguale
ANNEXES: Stupéfiants (LRCDAS I)
ÉTAT_DU_PRODUIT: COMMERCIALISÉ
ENTREPRISE: INDIVIOR UK LIMITED

VARIANTE 3
DRUG_CODE: 95646
DIN: 02468085
NOM_COMMERCIAL: SUBOXONE
INGRÉDIENTS_ACTIFS:
- NOM=Buprénorphine (Chlorhydrate de buprénorphine); CONCENTRATION=12; UNITÉ=MG
- NOM=Naloxone (Chlorhydrate dihydraté de naloxone); CONCENTRATION=3; UNITÉ=MG
FORMES_PHARMACEUTIQUES: Comprimé
VOIES_ADMINISTRATION: Sublinguale
ANNEXES: Stupéfiants (LRCDAS I)
ÉTAT_DU_PRODUIT: COMMERCIALISÉ
ENTREPRISE: INDIVIOR UK LIMITED

VARIANTE 4
DRUG_CODE: 95647
DIN: 02468093
NOM_COMMERCIAL: SUBOXONE
INGRÉDIENTS_ACTIFS:
- NOM=Buprénorphine (Chlorhydrate de buprénorphine); CONCENTRATION=16; UNITÉ=MG
- NOM=Naloxone (Chlorhydrate dihydraté de naloxone); CONCENTRATION=4; UNITÉ=MG
FORMES_PHARMACEUTIQUES: Comprimé
VOIES_ADMINISTRATION: Sublinguale
ANNEXES: Stupéfiants (LRCDAS I)
ÉTAT_DU_PRODUIT: COMMERCIALISÉ
ENTREPRISE: INDIVIOR UK LIMITED

VARIANTE 5
DRUG_CODE: 99189
DIN: 02502313
NOM_COMMERCIAL: SUBOXONE
INGRÉDIENTS_ACTIFS:
- NOM=Buprénorphine (Chlorhydrate de buprénorphine); CONCENTRATION=2; UNITÉ=MG
- NOM=Naloxone (Chlorhydrate de naloxone); CONCENTRATION=0.5; UNITÉ=MG
FORMES_PHARMACEUTIQUES: Pellicule, soluble
VOIES_ADMINISTRATION: Buccale | Sublinguale
ANNEXES: Stupéfiants (LRCDAS I)
ÉTAT_DU_PRODUIT: COMMERCIALISÉ
ENTREPRISE: INDIVIOR UK LIMITED

VARIANTE 6
DRUG_CODE: 99190
DIN: 02502321
NOM_COMMERCIAL: SUBOXONE
INGRÉDIENTS_ACTIFS:
- NOM=Buprénorphine (Chlorhydrate de buprénorphine); CONCENTRATION=4; UNITÉ=MG
- NOM=Naloxone (Chlorhydrate de naloxone); CONCENTRATION=1; UNITÉ=MG
FORMES_PHARMACEUTIQUES: Pellicule, soluble
VOIES_ADMINISTRATION: Buccale | Sublinguale
ANNEXES: Stupéfiants (LRCDAS I)
ÉTAT_DU_PRODUIT: COMMERCIALISÉ
ENTREPRISE: INDIVIOR UK LIMITED

VARIANTE 7
DRUG_CODE: 99191
DIN: 02502348
NOM_COMMERCIAL: SUBOXONE
INGRÉDIENTS_ACTIFS:
- NOM=Buprénorphine (Chlorhydrate de buprénorphine); CONCENTRATION=8; UNITÉ=MG
- NOM=Naloxone (Chlorhydrate de naloxone); CONCENTRATION=2; UNITÉ=MG
FORMES_PHARMACEUTIQUES: Pellicule, soluble
VOIES_ADMINISTRATION: Buccale | Sublinguale
ANNEXES: Stupéfiants (LRCDAS I)
ÉTAT_DU_PRODUIT: COMMERCIALISÉ
ENTREPRISE: INDIVIOR UK LIMITED

VARIANTE 8
DRUG_CODE: 99192
DIN: 02502356
NOM_COMMERCIAL: SUBOXONE
INGRÉDIENTS_ACTIFS:
- NOM=Buprénorphine (Chlorhydrate de buprénorphine); CONCENTRATION=12; UNITÉ=MG
- NOM=Naloxone (Chlorhydrate de naloxone); CONCENTRATION=3; UNITÉ=MG
FORMES_PHARMACEUTIQUES: Pellicule, soluble
VOIES_ADMINISTRATION: Buccale | Sublinguale
ANNEXES: Stupéfiants (LRCDAS I)
ÉTAT_DU_PRODUIT: COMMERCIALISÉ
ENTREPRISE: INDIVIOR UK LIMITED","{""din"":[""02295695"",""02295709"",""02468085"",""02468093"",""02502313"",""02502321"",""02502348"",""02502356""],""brand_name"":""SUBOXONE"",""active_ingredients"":[{""name"":""Buprénorphine (Chlorhydrate de buprénorphine)"",""strength"":2,""unit"":""MG""},{""name"":""Buprénorphine (Chlorhydrate de buprénorphine)"",""strength"":4,""unit"":""MG""},{""name"":""Buprénorphine (Chlorhydrate de buprénorphine)"",""strength"":8,""unit"":""MG""},{""name"":""Buprénorphine (Chlorhydrate de buprénorphine)"",""strength"":12,""unit"":""MG""},{""name"":""Buprénorphine (Chlorhydrate de buprénorphine)"",""strength"":16,""unit"":""MG""},{""name"":""Naloxone (Chlorhydrate de naloxone)"",""strength"":0.5,""unit"":""MG""},{""name"":""Naloxone (Chlorhydrate de naloxone)"",""strength"":1,""unit"":""MG""},{""name"":""Naloxone (Chlorhydrate de naloxone)"",""strength"":2,""unit"":""MG""},{""name"":""Naloxone (Chlorhydrate de naloxone)"",""strength"":3,""unit"":""MG""},{""name"":""Naloxone (Chlorhydrate dihydraté de naloxone)"",""strength"":0.5,""unit"":""MG""},{""name"":""Naloxone (Chlorhydrate dihydraté de naloxone)"",""strength"":2,""unit"":""MG""},{""name"":""Naloxone (Chlorhydrate dihydraté de naloxone)"",""strength"":3,""unit"":""MG""},{""name"":""Naloxone (Chlorhydrate dihydraté de naloxone)"",""strength"":4,""unit"":""MG""}],""dosage_forms"":[""Comprimé"",""Pellicule, soluble""],""routes"":[""Buccale"",""Sublinguale""],""schedule"":[""Stupéfiants (LRCDAS I)""],""product_status"":""COMMERCIALISÉ"",""company"":""INDIVIOR UK LIMITED""}","{""archive_file_id"":""dpd_marketed_archive"",""archive_members"":{""comp.txt"":[4049,4050,8700,8701,10371,10372,10373,10374],""drug.txt"":[4049,4050,8700,8701,10371,10372,10373,10374],""form.txt"":[4091,4092,8865,8866,10593,10594,10595,10596],""ingred.txt"":[5827,5828,5829,5830,12371,12372,12373,12374,15007,15008,15009,15010,15011,15012,15013,15014],""route.txt"":[4832,4833,10277,10278,12363,12364,12365,12366,12367,12368,12369,12370],""schedule.txt"":[4115,4116,8914,8915,10675,10676,10677,10678],""status.txt"":[21120,21128,38407,38409,42645,42646,42648,42650]},""archive_sha256"":""94c8ef8639fd07eea9c134d8ede137d77574d4ae6761955f5aa582558ec38b25"",""drug_codes"":[""78104"",""78105"",""95646"",""95647"",""99189"",""99190"",""99191"",""99192""],""language"":""fr"",""source_dataset_id"":""hc_dpd_source_snapshot"",""source_dataset_version"":""2026.7.2"",""source_manifest_sha256"":""f674732805de6a311d5882c2e7e33747a7e214beb123d9e42c944e1ad195eba0""}",False,0.75,text_or_value_error,"[""active_ingredients"",""routes""]","{""din"":[""02295695"",""02295709"",""02468085"",""02468093"",""02502313"",""02502321"",""02502348"",""02502356""],""brand_name"":""SUBOXONE"",""active_ingredients"":[{""name"":""Buprénorphine (Chlorhydrate de buprénorphine)"",""strength"":""2"",""unit"":""MG""},{""name"":""Naloxone (Chlorhydrate dihydraté de naloxone)"",""strength"":""0.5"",""unit"":""MG""},{""name"":""Buprénorphine (Chlorhydrate de buprénorphine)"",""strength"":""8"",""unit"":""MG""},{""name"":""Naloxone (Chlorhydrate dihydraté de naloxone)"",""strength"":""2"",""unit"":""MG""},{""name"":""Buprénorphine (Chlorhydrate de buprénorphine)"",""strength"":""12"",""unit"":""MG""},{""name"":""Naloxone (Chlorhydrate dihydraté de naloxone)"",""strength"":""3"",""unit"":""MG""},{""name"":""Buprénorphine (Chlorhydrate de buprénorphine)"",""strength"":""16"",""unit"":""MG""},{""name"":""Naloxone (Chlorhydrate dihydraté de naloxone)"",""strength"":""4"",""unit"":""MG""},{""name"":""Buprénorphine (Chlorhydrate de buprénorphine)"",""strength"":""2"",""unit"":""MG""},{""name"":""Naloxone (Chlorhydrate de naloxone)"",""strength"":""0.5"",""unit"":""MG""},{""name"":""Buprénorphine (Chlorhydrate de buprénorphine)"",""strength"":""4"",""unit"":""MG""},{""name"":""Naloxone (Chlorhydrate de naloxone)"",""strength"":""1"",""unit"":""MG""},{""name"":""Buprénorphine (Chlorhydrate de buprénorphine)"",""strength"":""8"",""unit"":""MG""},{""name"":""Naloxone (Chlorhydrate de naloxone)"",""strength"":""2"",""unit"":""MG""},{""name"":""Buprénorphine (Chlorhydrate de buprénorphine)"",""strength"":""12"",""unit"":""MG""},{""name"":""Naloxone (Chlorhydrate de naloxone)"",""strength"":""3"",""unit"":""MG""}],""dosage_forms"":[""Comprimé"",""Pellicule, soluble""],""routes"":[""Sublinguale"",""Buccale | Sublinguale""],""schedule"":[""Stupéfiants (LRCDAS I)""],""product_status"":""COMMERCIALISÉ"",""company"":""INDIVIOR UK LIMITED""}",False,0.875,schema_type_only,"[""product_status""]","{""din"":[""02295695"",""02295709"",""02468085"",""02468093"",""02502313"",""02502321"",""02502348"",""02502356""],""brand_name"":""SUBOXONE"",""active_ingredients"":[{""name"":""Buprénorphine (Chlorhydrate de buprénorphine)"",""strength"":2,""unit"":""MG""},{""name"":""Naloxone (Chlorhydrate dihydraté de naloxone)"",""strength"":0.5,""unit"":""MG""},{""name"":""Buprénorphine (Chlorhydrate de buprénorphine)"",""strength"":8,""unit"":""MG""},{""name"":""Naloxone (Chlorhydrate dihydraté de naloxone)"",""strength"":2,""unit"":""MG""},{""name"":""Buprénorphine (Chlorhydrate de buprénorphine)"",""strength"":12,""unit"":""MG""},{""name"":""Naloxone (Chlorhydrate dihydraté de naloxone)"",""strength"":3,""unit"":""MG""},{""name"":""Buprénorphine (Chlorhydrate de buprénorphine)"",""strength"":16,""unit"":""MG""},{""name"":""Naloxone (Chlorhydrate dihydraté de naloxone)"",""strength"":4,""unit"":""MG""},{""name"":""Naloxone (Chlorhydrate de naloxone)"",""strength"":0.5,""unit"":""MG""},{""name"":""Buprénorphine (Chlorhydrate de buprénorphine)"",""strength"":4,""unit"":""MG""},{""name"":""Naloxone (Chlorhydrate de naloxone)"",""strength"":1,""unit"":""MG""},{""name"":""Naloxone (Chlorhydrate de naloxone)"",""strength"":2,""unit"":""MG""},{""name"":""Naloxone (Chlorhydrate de naloxone)"",""strength"":3,""unit"":""MG""}],""dosage_forms"":[""Comprimé"",""Pellicule, soluble""],""routes"":[""Sublinguale"",""Buccale""],""schedule"":[""Stupéfiants (LRCDAS I)""],""product_status"":[""COMMERCIALISÉ""],""company"":""INDIVIOR UK LIMITED""}",False,0.875,duplicate_items_only,"[""active_ingredients""]","{""din"":[""02295695"",""02295709"",""02468085"",""02468093"",""02502313"",""02502321"",""02502348"",""02502356""],""brand_name"":""SUBOXONE"",""active_ingredients"":[{""name"":""Buprénorphine (Chlorhydrate de buprénorphine)"",""strength"":""2"",""unit"":""MG""},{""name"":""Naloxone (Chlorhydrate dihydraté de naloxone)"",""strength"":""0.5"",""unit"":""MG""},{""name"":""Buprénorphine (Chlorhydrate de buprénorphine)"",""strength"":""8"",""unit"":""MG""},{""name"":""Naloxone (Chlorhydrate dihydraté de naloxone)"",""strength"":""2"",""unit"":""MG""},{""name"":""Buprénorphine (Chlorhydrate de buprénorphine)"",""strength"":""12"",""unit"":""MG""},{""name"":""Naloxone (Chlorhydrate dihydraté de naloxone)"",""strength"":""3"",""unit"":""MG""},{""name"":""Buprénorphine (Chlorhydrate de buprénorphine)"",""strength"":""16"",""unit"":""MG""},{""name"":""Naloxone (Chlorhydrate dihydraté de naloxone)"",""strength"":""4"",""unit"":""MG""},{""name"":""Buprénorphine (Chlorhydrate de buprénorphine)"",""strength"":""2"",""unit"":""MG""},{""name"":""Naloxone (Chlorhydrate de naloxone)"",""strength"":""0.5"",""unit"":""MG""},{""name"":""Buprénorphine (Chlorhydrate de buprénorphine)"",""strength"":""4"",""unit"":""MG""},{""name"":""Naloxone (Chlorhydrate de naloxone)"",""strength"":""1"",""unit"":""MG""},{""name"":""Buprénorphine (Chlorhydrate de buprénorphine)"",""strength"":""8"",""unit"":""MG""},{""name"":""Naloxone (Chlorhydrate de naloxone)"",""strength"":""2"",""unit"":""MG""},{""name"":""Buprénorphine (Chlorhydrate de buprénorphine)"",""strength"":""12"",""unit"":""MG""},{""name"":""Naloxone (Chlorhydrate de naloxone)"",""strength"":""3"",""unit"":""MG""}],""dosage_forms"":[""Comprimé"",""Pellicule, soluble""],""routes"":[""Sublinguale"",""Buccale""],""schedule"":[""Stupéfiants (LRCDAS I)""],""product_status"":""COMMERCIALISÉ"",""company"":""INDIVIOR UK LIMITED""}",True,1,pass,[],"{""din"":[""02295695"",""02295709"",""02468085"",""02468093"",""02502313"",""02502321"",""02502348"",""02502356""],""brand_name"":""SUBOXONE"",""active_ingredients"":[{""name"":""Buprénorphine (Chlorhydrate de buprénorphine)"",""strength"":""2"",""unit"":""MG""},{""name"":""Naloxone (Chlorhydrate dihydraté de naloxone)"",""strength"":""0.5"",""unit"":""MG""},{""name"":""Buprénorphine (Chlorhydrate de buprénorphine)"",""strength"":""8"",""unit"":""MG""},{""name"":""Naloxone (Chlorhydrate dihydraté de naloxone)"",""strength"":""2"",""unit"":""MG""},{""name"":""Buprénorphine (Chlorhydrate de buprénorphine)"",""strength"":""12"",""unit"":""MG""},{""name"":""Naloxone (Chlorhydrate dihydraté de naloxone)"",""strength"":""3"",""unit"":""MG""},{""name"":""Buprénorphine (Chlorhydrate de buprénorphine)"",""strength"":""16"",""unit"":""MG""},{""name"":""Naloxone (Chlorhydrate dihydraté de naloxone)"",""strength"":""4"",""unit"":""MG""},{""name"":""Naloxone (Chlorhydrate de naloxone)"",""strength"":""0.5"",""unit"":""MG""},{""name"":""Buprénorphine (Chlorhydrate de buprénorphine)"",""strength"":""4"",""unit"":""MG""},{""name"":""Naloxone (Chlorhydrate de naloxone)"",""strength"":""1"",""unit"":""MG""},{""name"":""Naloxone (Chlorhydrate de naloxone)"",""strength"":""2"",""unit"":""MG""},{""name"":""Naloxone (Chlorhydrate de naloxone)"",""strength"":""3"",""unit"":""MG""}],""dosage_forms"":[""Comprimé"",""Pellicule, soluble""],""routes"":[""Sublinguale"",""Buccale""],""schedule"":[""Stupéfiants (LRCDAS I)""],""product_status"":""COMMERCIALISÉ"",""company"":""INDIVIOR UK LIMITED""}",Verify distinct-fact aggregation across product variants.
gpt_5_6_sol_only_passed,hc_dpd_140ff75003163380_en,hc_dpd_140ff75003163380,en,multi_ingredient,KIDS SUNSCREEN CONTINUOUS SPRAY,"Extract drug-product facts from the Health Canada Drug Product Database source record below. Return only one JSON object with exactly the keys din, brand_name, active_ingredients, dosage_forms, routes, schedule, product_status, and company. din, dosage_forms, routes, and schedule must be lists. active_ingredients must be a list of objects with name, strength, and unit keys. Combine distinct facts from every variant and do not infer values.

DPD SOURCE RECORD (ENGLISH)

VARIANT 1
DRUG_CODE: 93312
DIN: 02447533
BRAND_NAME: KIDS SUNSCREEN CONTINUOUS SPRAY
ACTIVE_INGREDIENTS:
- NAME=OXYBENZONE; STRENGTH=6; UNIT=%
- NAME=AVOBENZONE; STRENGTH=3; UNIT=%
- NAME=HOMOSALATE; STRENGTH=15; UNIT=%
- NAME=OCTOCRYLENE; STRENGTH=10; UNIT=%
- NAME=OCTISALATE; STRENGTH=5; UNIT=%
DOSAGE_FORMS: SPRAY, BAG-ON-VALVE
ROUTES: TOPICAL
SCHEDULES: NON-PRESCRIPTION DRUGS
PRODUCT_STATUS: MARKETED
COMPANY: FRUIT OF THE EARTH, INC","{""din"":[""02447533""],""brand_name"":""KIDS SUNSCREEN CONTINUOUS SPRAY"",""active_ingredients"":[{""name"":""AVOBENZONE"",""strength"":3,""unit"":""%""},{""name"":""HOMOSALATE"",""strength"":15,""unit"":""%""},{""name"":""OCTISALATE"",""strength"":5,""unit"":""%""},{""name"":""OCTOCRYLENE"",""strength"":10,""unit"":""%""},{""name"":""OXYBENZONE"",""strength"":6,""unit"":""%""}],""dosage_forms"":[""SPRAY, BAG-ON-VALVE""],""routes"":[""TOPICAL""],""schedule"":[""NON-PRESCRIPTION DRUGS""],""product_status"":""MARKETED"",""company"":""FRUIT OF THE EARTH, INC""}","{""archive_file_id"":""dpd_marketed_archive"",""archive_members"":{""comp.txt"":[7850],""drug.txt"":[7850],""form.txt"":[7992],""ingred.txt"":[11201,11202,11203,11204,11205],""route.txt"":[9228],""schedule.txt"":[8019],""status.txt"":[36013]},""archive_sha256"":""94c8ef8639fd07eea9c134d8ede137d77574d4ae6761955f5aa582558ec38b25"",""drug_codes"":[""93312""],""language"":""en"",""source_dataset_id"":""hc_dpd_source_snapshot"",""source_dataset_version"":""2026.7.2"",""source_manifest_sha256"":""f674732805de6a311d5882c2e7e33747a7e214beb123d9e42c944e1ad195eba0""}",False,0.75,text_or_value_error,"[""active_ingredients"",""dosage_forms""]","{""din"":[""02447533""],""brand_name"":""KIDS SUNSCREEN CONTINUOUS SPRAY"",""active_ingredients"":[{""name"":""OXYBENZONE"",""strength"":""6"",""unit"":""%""},{""name"":""AVOBENZONE"",""strength"":""3"",""unit"":""%""},{""name"":""HOMOSALATE"",""strength"":""15"",""unit"":""%""},{""name"":""OOCTOCRYLENE"",""strength"":""10"",""unit"":""%""},{""name"":""OCTISALATE"",""strength"":""5"",""unit"":""%""}],""dosage_forms"":[""SPRAY"",""BAG-ON-VALVE""],""routes"":[""TOPICAL""],""schedule"":[""NON-PRESCRIPTION DRUGS""],""product_status"":""MARKETED"",""company"":""FRUIT OF THE EARTH, INC""}",False,0.875,compound_label_split_only,"[""dosage_forms""]","{""din"":[""02447533""],""brand_name"":""KIDS SUNSCREEN CONTINUOUS SPRAY"",""active_ingredients"":[{""name"":""OXYBENZONE"",""strength"":""6"",""unit"":""%""},{""name"":""AVOBENZONE"",""strength"":""3"",""unit"":""%""},{""name"":""HOMOSALATE"",""strength"":""15"",""unit"":""%""},{""name"":""OCTOCRYLENE"",""strength"":""10"",""unit"":""%""},{""name"":""OCTISALATE"",""strength"":""5"",""unit"":""%""}],""dosage_forms"":[""SPRAY"",""BAG-ON-VALVE""],""routes"":[""TOPICAL""],""schedule"":[""NON-PRESCRIPTION DRUGS""],""product_status"":""MARKETED"",""company"":""FRUIT OF THE EARTH, INC""}",False,0.875,compound_label_split_only,"[""dosage_forms""]","{""din"":[""02447533""],""brand_name"":""KIDS SUNSCREEN CONTINUOUS SPRAY"",""active_ingredients"":[{""name"":""OXYBENZONE"",""strength"":""6"",""unit"":""%""},{""name"":""AVOBENZONE"",""strength"":""3"",""unit"":""%""},{""name"":""HOMOSALATE"",""strength"":""15"",""unit"":""%""},{""name"":""OCTOCRYLENE"",""strength"":""10"",""unit"":""%""},{""name"":""OCTISALATE"",""strength"":""5"",""unit"":""%""}],""dosage_forms"":[""SPRAY"",""BAG-ON-VALVE""],""routes"":[""TOPICAL""],""schedule"":[""NON-PRESCRIPTION DRUGS""],""product_status"":""MARKETED"",""company"":""FRUIT OF THE EARTH, INC""}",True,1,pass,[],"{""din"":[""02447533""],""brand_name"":""KIDS SUNSCREEN CONTINUOUS SPRAY"",""active_ingredients"":[{""name"":""OXYBENZONE"",""strength"":""6"",""unit"":""%""},{""name"":""AVOBENZONE"",""strength"":""3"",""unit"":""%""},{""name"":""HOMOSALATE"",""strength"":""15"",""unit"":""%""},{""name"":""OCTOCRYLENE"",""strength"":""10"",""unit"":""%""},{""name"":""OCTISALATE"",""strength"":""5"",""unit"":""%""}],""dosage_forms"":[""SPRAY, BAG-ON-VALVE""],""routes"":[""TOPICAL""],""schedule"":[""NON-PRESCRIPTION DRUGS""],""product_status"":""MARKETED"",""company"":""FRUIT OF THE EARTH, INC""}",Adjudicate whether the rendered compound DPD label is unambiguous.
gpt_5_6_sol_only_passed,hc_dpd_140ff75003163380_fr,hc_dpd_140ff75003163380,fr,multi_ingredient,KIDS SUNSCREEN CONTINUOUS SPRAY,"Extrayez les faits de produit pharmaceutique du dossier source de la Base de données sur les produits pharmaceutiques de Santé Canada ci-dessous. Retournez uniquement un objet JSON avec exactement les clés din, brand_name, active_ingredients, dosage_forms, routes, schedule, product_status et company. din, dosage_forms, routes et schedule doivent être des listes. active_ingredients doit être une liste d'objets ayant les clés name, strength et unit. Regroupez les faits distincts de toutes les variantes, sans rien déduire.

DOSSIER SOURCE DPD (FRANÇAIS)

VARIANTE 1
DRUG_CODE: 93312
DIN: 02447533
NOM_COMMERCIAL: ÉCRAN SOLAIRE À VAPORISATION CONTINUE POUR ENFANTS
INGRÉDIENTS_ACTIFS:
- NOM=Oxybenzone; CONCENTRATION=6; UNITÉ=%
- NOM=Avobenzone; CONCENTRATION=3; UNITÉ=%
- NOM=Homosalate; CONCENTRATION=15; UNITÉ=%
- NOM=Octocrilène; CONCENTRATION=10; UNITÉ=%
- NOM=Octisalate; CONCENTRATION=5; UNITÉ=%
FORMES_PHARMACEUTIQUES: Pulvérisation, sac-sur-valve
VOIES_ADMINISTRATION: Topique
ANNEXES: Médicaments sans ordonnance
ÉTAT_DU_PRODUIT: COMMERCIALISÉ
ENTREPRISE: FRUIT OF THE EARTH, INC","{""din"":[""02447533""],""brand_name"":""ÉCRAN SOLAIRE À VAPORISATION CONTINUE POUR ENFANTS"",""active_ingredients"":[{""name"":""Avobenzone"",""strength"":3,""unit"":""%""},{""name"":""Homosalate"",""strength"":15,""unit"":""%""},{""name"":""Octisalate"",""strength"":5,""unit"":""%""},{""name"":""Octocrilène"",""strength"":10,""unit"":""%""},{""name"":""Oxybenzone"",""strength"":6,""unit"":""%""}],""dosage_forms"":[""Pulvérisation, sac-sur-valve""],""routes"":[""Topique""],""schedule"":[""Médicaments sans ordonnance""],""product_status"":""COMMERCIALISÉ"",""company"":""FRUIT OF THE EARTH, INC""}","{""archive_file_id"":""dpd_marketed_archive"",""archive_members"":{""comp.txt"":[7850],""drug.txt"":[7850],""form.txt"":[7992],""ingred.txt"":[11201,11202,11203,11204,11205],""route.txt"":[9228],""schedule.txt"":[8019],""status.txt"":[36013]},""archive_sha256"":""94c8ef8639fd07eea9c134d8ede137d77574d4ae6761955f5aa582558ec38b25"",""drug_codes"":[""93312""],""language"":""fr"",""source_dataset_id"":""hc_dpd_source_snapshot"",""source_dataset_version"":""2026.7.2"",""source_manifest_sha256"":""f674732805de6a311d5882c2e7e33747a7e214beb123d9e42c944e1ad195eba0""}",True,1,pass,[],"{""din"":[""02447533""],""brand_name"":""ÉCRAN SOLAIRE À VAPORISATION CONTINUE POUR ENFANTS"",""active_ingredients"":[{""name"":""Oxybenzone"",""strength"":""6"",""unit"":""%""},{""name"":""Avobenzone"",""strength"":""3"",""unit"":""%""},{""name"":""Homosalate"",""strength"":""15"",""unit"":""%""},{""name"":""Octocrilène"",""strength"":""10"",""unit"":""%""},{""name"":""Octisalate"",""strength"":""5"",""unit"":""%""}],""dosage_forms"":[""Pulvérisation, sac-sur-valve""],""routes"":[""Topique""],""schedule"":[""Médicaments sans ordonnance""],""product_status"":""COMMERCIALISÉ"",""company"":""FRUIT OF THE EARTH, INC""}",False,0.875,compound_label_split_only,"[""dosage_forms""]","{""din"":[""02447533""],""brand_name"":""ÉCRAN SOLAIRE À VAPORISATION CONTINUE POUR ENFANTS"",""active_ingredients"":[{""name"":""Oxybenzone"",""strength"":""6"",""unit"":""%""},{""name"":""Avobenzone"",""strength"":""3"",""unit"":""%""},{""name"":""Homosalate"",""strength"":""15"",""unit"":""%""},{""name"":""Octocrilène"",""strength"":""10"",""unit"":""%""},{""name"":""Octisalate"",""strength"":""5"",""unit"":""%""}],""dosage_forms"":[""Pulvérisation"",""sac-sur-valve""],""routes"":[""Topique""],""schedule"":[""Médicaments sans ordonnance""],""product_status"":""COMMERCIALISÉ"",""company"":""FRUIT OF THE EARTH, INC""}",False,0.875,compound_label_split_only,"[""dosage_forms""]","{""din"":[""02447533""],""brand_name"":""ÉCRAN SOLAIRE À VAPORISATION CONTINUE POUR ENFANTS"",""active_ingredients"":[{""name"":""Oxybenzone"",""strength"":""6"",""unit"":""%""},{""name"":""Avobenzone"",""strength"":""3"",""unit"":""%""},{""name"":""Homosalate"",""strength"":""15"",""unit"":""%""},{""name"":""Octocrilène"",""strength"":""10"",""unit"":""%""},{""name"":""Octisalate"",""strength"":""5"",""unit"":""%""}],""dosage_forms"":[""Pulvérisation"",""sac-sur-valve""],""routes"":[""Topique""],""schedule"":[""Médicaments sans ordonnance""],""product_status"":""COMMERCIALISÉ"",""company"":""FRUIT OF THE EARTH, INC""}",True,1,pass,[],"{""din"":[""02447533""],""brand_name"":""ÉCRAN SOLAIRE À VAPORISATION CONTINUE POUR ENFANTS"",""active_ingredients"":[{""name"":""Oxybenzone"",""strength"":""6"",""unit"":""%""},{""name"":""Avobenzone"",""strength"":""3"",""unit"":""%""},{""name"":""Homosalate"",""strength"":""15"",""unit"":""%""},{""name"":""Octocrilène"",""strength"":""10"",""unit"":""%""},{""name"":""Octisalate"",""strength"":""5"",""unit"":""%""}],""dosage_forms"":[""Pulvérisation, sac-sur-valve""],""routes"":[""Topique""],""schedule"":[""Médicaments sans ordonnance""],""product_status"":""COMMERCIALISÉ"",""company"":""FRUIT OF THE EARTH, INC""}",Adjudicate whether the rendered compound DPD label is unambiguous.
gpt_5_6_sol_only_passed,hc_dpd_168da1f4cff927e0_en,hc_dpd_168da1f4cff927e0,en,multi_ingredient,ACID CONCENTRATE D12286,"Extract drug-product facts from the Health Canada Drug Product Database source record below. Return only one JSON object with exactly the keys din, brand_name, active_ingredients, dosage_forms, routes, schedule, product_status, and company. din, dosage_forms, routes, and schedule must be lists. active_ingredients must be a list of objects with name, strength, and unit keys. Combine distinct facts from every variant and do not infer values.

DPD SOURCE RECORD (ENGLISH)

VARIANT 1
DRUG_CODE: 20116
DIN: 02217252
BRAND_NAME: ACID CONCENTRATE D12286
ACTIVE_INGREDIENTS:
- NAME=DEXTROSE; STRENGTH=45; UNIT=G
- NAME=ACETIC ACID; STRENGTH=10.8; UNIT=G
- NAME=MAGNESIUM CHLORIDE; STRENGTH=1.61; UNIT=G
- NAME=CALCIUM CHLORIDE; STRENGTH=6.24; UNIT=G
- NAME=POTASSIUM CHLORIDE; STRENGTH=6.7; UNIT=G
- NAME=SODIUM CHLORIDE; STRENGTH=263; UNIT=G
DOSAGE_FORMS: SOLUTION
ROUTES: HAEMODIALYSIS
SCHEDULES: ETHICAL
PRODUCT_STATUS: MARKETED
COMPANY: VANTIVE ULC","{""din"":[""02217252""],""brand_name"":""ACID CONCENTRATE D12286"",""active_ingredients"":[{""name"":""ACETIC ACID"",""strength"":10.8,""unit"":""G""},{""name"":""CALCIUM CHLORIDE"",""strength"":6.24,""unit"":""G""},{""name"":""DEXTROSE"",""strength"":45,""unit"":""G""},{""name"":""MAGNESIUM CHLORIDE"",""strength"":1.61,""unit"":""G""},{""name"":""POTASSIUM CHLORIDE"",""strength"":6.7,""unit"":""G""},{""name"":""SODIUM CHLORIDE"",""strength"":263,""unit"":""G""}],""dosage_forms"":[""SOLUTION""],""routes"":[""HAEMODIALYSIS""],""schedule"":[""ETHICAL""],""product_status"":""MARKETED"",""company"":""VANTIVE ULC""}","{""archive_file_id"":""dpd_marketed_archive"",""archive_members"":{""comp.txt"":[1687],""drug.txt"":[1687],""form.txt"":[1697],""ingred.txt"":[2508,2509,2510,2511,2512,2513],""route.txt"":[1995],""schedule.txt"":[1696],""status.txt"":[8727]},""archive_sha256"":""94c8ef8639fd07eea9c134d8ede137d77574d4ae6761955f5aa582558ec38b25"",""drug_codes"":[""20116""],""language"":""en"",""source_dataset_id"":""hc_dpd_source_snapshot"",""source_dataset_version"":""2026.7.2"",""source_manifest_sha256"":""f674732805de6a311d5882c2e7e33747a7e214beb123d9e42c944e1ad195eba0""}",True,1,pass,[],"{""din"":[""02217252""],""brand_name"":""ACID CONCENTRATE D12286"",""active_ingredients"":[{""name"":""DEXTROSE"",""strength"":""45"",""unit"":""G""},{""name"":""ACETIC ACID"",""strength"":""10.8"",""unit"":""G""},{""name"":""MAGNESIUM CHLORIDE"",""strength"":""1.61"",""unit"":""G""},{""name"":""CALCIUM CHLORIDE"",""strength"":""6.24"",""unit"":""G""},{""name"":""POTASSIUM CHLORIDE"",""strength"":""6.7"",""unit"":""G""},{""name"":""SODIUM CHLORIDE"",""strength"":""263"",""unit"":""G""}],""dosage_forms"":[""SOLUTION""],""routes"":[""HAEMODIALYSIS""],""schedule"":[""ETHICAL""],""product_status"":""MARKETED"",""company"":""VANTIVE ULC""}",True,1,pass,[],"{""din"":[""02217252""],""brand_name"":""ACID CONCENTRATE D12286"",""active_ingredients"":[{""name"":""DEXTROSE"",""strength"":""45"",""unit"":""G""},{""name"":""ACETIC ACID"",""strength"":""10.8"",""unit"":""G""},{""name"":""MAGNESIUM CHLORIDE"",""strength"":""1.61"",""unit"":""G""},{""name"":""CALCIUM CHLORIDE"",""strength"":""6.24"",""unit"":""G""},{""name"":""POTASSIUM CHLORIDE"",""strength"":""6.7"",""unit"":""G""},{""name"":""SODIUM CHLORIDE"",""strength"":""263"",""unit"":""G""}],""dosage_forms"":[""SOLUTION""],""routes"":[""HAEMODIALYSIS""],""schedule"":[""ETHICAL""],""product_status"":""MARKETED"",""company"":""VANTIVE ULC""}",False,0.875,text_or_value_error,"[""brand_name""]","{""din"":[""02217252""],""brand_name"":""ACID CONCENTATE D12286"",""active_ingredients"":[{""name"":""DEXTROSE"",""strength"":""45"",""unit"":""G""},{""name"":""ACETIC ACID"",""strength"":""10.8"",""unit"":""G""},{""name"":""MAGNESIUM CHLORIDE"",""strength"":""1.61"",""unit"":""G""},{""name"":""CALCIUM CHLORIDE"",""strength"":""6.24"",""unit"":""G""},{""name"":""POTASSIUM CHLORIDE"",""strength"":""6.7"",""unit"":""G""},{""name"":""SODIUM CHLORIDE"",""strength"":""263"",""unit"":""G""}],""dosage_forms"":[""SOLUTION""],""routes"":[""HAEMODIALYSIS""],""schedule"":[""ETHICAL""],""product_status"":""MARKETED"",""company"":""VANTIVE ULC""}",True,1,pass,[],"{""din"":[""02217252""],""brand_name"":""ACID CONCENTRATE D12286"",""active_ingredients"":[{""name"":""DEXTROSE"",""strength"":""45"",""unit"":""G""},{""name"":""ACETIC ACID"",""strength"":""10.8"",""unit"":""G""},{""name"":""MAGNESIUM CHLORIDE"",""strength"":""1.61"",""unit"":""G""},{""name"":""CALCIUM CHLORIDE"",""strength"":""6.24"",""unit"":""G""},{""name"":""POTASSIUM CHLORIDE"",""strength"":""6.7"",""unit"":""G""},{""name"":""SODIUM CHLORIDE"",""strength"":""263"",""unit"":""G""}],""dosage_forms"":[""SOLUTION""],""routes"":[""HAEMODIALYSIS""],""schedule"":[""ETHICAL""],""product_status"":""MARKETED"",""company"":""VANTIVE ULC""}",Compare the transcription with the frozen source label.
gpt_5_6_sol_only_passed,hc_dpd_1a7505ed2307af5c_en,hc_dpd_1a7505ed2307af5c,en,multi_variant,NUCYNTA EXTENDED-RELEASE,"Extract drug-product facts from the Health Canada Drug Product Database source record below. Return only one JSON object with exactly the keys din, brand_name, active_ingredients, dosage_forms, routes, schedule, product_status, and company. din, dosage_forms, routes, and schedule must be lists. active_ingredients must be a list of objects with name, strength, and unit keys. Combine distinct facts from every variant and do not infer values.

DPD SOURCE RECORD (ENGLISH)

VARIANT 1
DRUG_CODE: 90016
DIN: 02415577
BRAND_NAME: NUCYNTA EXTENDED-RELEASE
ACTIVE_INGREDIENTS:
- NAME=TAPENTADOL (TAPENTADOL HYDROCHLORIDE); STRENGTH=50; UNIT=MG
DOSAGE_FORMS: TABLET (EXTENDED-RELEASE)
ROUTES: ORAL
SCHEDULES: NARCOTICS (CDSA I)
PRODUCT_STATUS: MARKETED
COMPANY: KNIGHT THERAPEUTICS INC.

VARIANT 2
DRUG_CODE: 90017
DIN: 02415585
BRAND_NAME: NUCYNTA EXTENDED-RELEASE
ACTIVE_INGREDIENTS:
- NAME=TAPENTADOL (TAPENTADOL HYDROCHLORIDE); STRENGTH=100; UNIT=MG
DOSAGE_FORMS: TABLET (EXTENDED-RELEASE)
ROUTES: ORAL
SCHEDULES: NARCOTICS (CDSA I)
PRODUCT_STATUS: MARKETED
COMPANY: KNIGHT THERAPEUTICS INC.

VARIANT 3
DRUG_CODE: 90018
DIN: 02415593
BRAND_NAME: NUCYNTA EXTENDED-RELEASE
ACTIVE_INGREDIENTS:
- NAME=TAPENTADOL (TAPENTADOL HYDROCHLORIDE); STRENGTH=150; UNIT=MG
DOSAGE_FORMS: TABLET (EXTENDED-RELEASE)
ROUTES: ORAL
SCHEDULES: NARCOTICS (CDSA I)
PRODUCT_STATUS: MARKETED
COMPANY: KNIGHT THERAPEUTICS INC.

VARIANT 4
DRUG_CODE: 90019
DIN: 02415607
BRAND_NAME: NUCYNTA EXTENDED-RELEASE
ACTIVE_INGREDIENTS:
- NAME=TAPENTADOL (TAPENTADOL HYDROCHLORIDE); STRENGTH=200; UNIT=MG
DOSAGE_FORMS: TABLET (EXTENDED-RELEASE)
ROUTES: ORAL
SCHEDULES: NARCOTICS (CDSA I)
PRODUCT_STATUS: MARKETED
COMPANY: KNIGHT THERAPEUTICS INC.

VARIANT 5
DRUG_CODE: 90020
DIN: 02415615
BRAND_NAME: NUCYNTA EXTENDED-RELEASE
ACTIVE_INGREDIENTS:
- NAME=TAPENTADOL (TAPENTADOL HYDROCHLORIDE); STRENGTH=250; UNIT=MG
DOSAGE_FORMS: TABLET (EXTENDED-RELEASE)
ROUTES: ORAL
SCHEDULES: NARCOTICS (CDSA I)
PRODUCT_STATUS: MARKETED
COMPANY: KNIGHT THERAPEUTICS INC.","{""din"":[""02415577"",""02415585"",""02415593"",""02415607"",""02415615""],""brand_name"":""NUCYNTA EXTENDED-RELEASE"",""active_ingredients"":[{""name"":""TAPENTADOL (TAPENTADOL HYDROCHLORIDE)"",""strength"":50,""unit"":""MG""},{""name"":""TAPENTADOL (TAPENTADOL HYDROCHLORIDE)"",""strength"":100,""unit"":""MG""},{""name"":""TAPENTADOL (TAPENTADOL HYDROCHLORIDE)"",""strength"":150,""unit"":""MG""},{""name"":""TAPENTADOL (TAPENTADOL HYDROCHLORIDE)"",""strength"":200,""unit"":""MG""},{""name"":""TAPENTADOL (TAPENTADOL HYDROCHLORIDE)"",""strength"":250,""unit"":""MG""}],""dosage_forms"":[""TABLET (EXTENDED-RELEASE)""],""routes"":[""ORAL""],""schedule"":[""NARCOTICS (CDSA I)""],""product_status"":""MARKETED"",""company"":""KNIGHT THERAPEUTICS INC.""}","{""archive_file_id"":""dpd_marketed_archive"",""archive_members"":{""comp.txt"":[6861,6862,6863,6864,6865],""drug.txt"":[6861,6862,6863,6864,6865],""form.txt"":[6960,6961,6962,6963,6964],""ingred.txt"":[9846,9847,9848,9849,9850],""route.txt"":[8081,8082,8083,8084,8085],""schedule.txt"":[7001,7002,7003,7004,7005],""status.txt"":[32307,32315,32323,32331,32339]},""archive_sha256"":""94c8ef8639fd07eea9c134d8ede137d77574d4ae6761955f5aa582558ec38b25"",""drug_codes"":[""90016"",""90017"",""90018"",""90019"",""90020""],""language"":""en"",""source_dataset_id"":""hc_dpd_source_snapshot"",""source_dataset_version"":""2026.7.2"",""source_manifest_sha256"":""f674732805de6a311d5882c2e7e33747a7e214beb123d9e42c944e1ad195eba0""}",True,1,pass,[],"{""din"":[""02415577"",""02415585"",""02415593"",""02415607"",""02415615""],""brand_name"":""NUCYNTA EXTENDED-RELEASE"",""active_ingredients"":[{""name"":""TAPENTADOL (TAPENTADOL HYDROCHLORIDE)"",""strength"":""50"",""unit"":""MG""},{""name"":""TAPENTADOL (TAPENTADOL HYDROCHLORIDE)"",""strength"":""100"",""unit"":""MG""},{""name"":""TAPENTADOL (TAPENTADOL HYDROCHLORIDE)"",""strength"":""150"",""unit"":""MG""},{""name"":""TAPENTADOL (TAPENTADOL HYDROCHLORIDE)"",""strength"":""200"",""unit"":""MG""},{""name"":""TAPENTADOL (TAPENTADOL HYDROCHLORIDE)"",""strength"":""250"",""unit"":""MG""}],""dosage_forms"":[""TABLET (EXTENDED-RELEASE)""],""routes"":[""ORAL""],""schedule"":[""NARCOTICS (CDSA I)""],""product_status"":""MARKETED"",""company"":""KNIGHT THERAPEUTICS INC.""}",True,1,pass,[],"{""din"":[""02415577"",""02415585"",""02415593"",""02415607"",""02415615""],""brand_name"":""NUCYNTA EXTENDED-RELEASE"",""active_ingredients"":[{""name"":""TAPENTADOL (TAPENTADOL HYDROCHLORIDE)"",""strength"":""50"",""unit"":""MG""},{""name"":""TAPENTADOL (TAPENTADOL HYDROCHLORIDE)"",""strength"":""100"",""unit"":""MG""},{""name"":""TAPENTADOL (TAPENTADOL HYDROCHLORIDE)"",""strength"":""150"",""unit"":""MG""},{""name"":""TAPENTADOL (TAPENTADOL HYDROCHLORIDE)"",""strength"":""200"",""unit"":""MG""},{""name"":""TAPENTADOL (TAPENTADOL HYDROCHLORIDE)"",""strength"":""250"",""unit"":""MG""}],""dosage_forms"":[""TABLET (EXTENDED-RELEASE)""],""routes"":[""ORAL""],""schedule"":[""NARCOTICS (CDSA I)""],""product_status"":""MARKETED"",""company"":""KNIGHT THERAPEUTICS INC.""}",False,0.875,text_or_value_error,"[""active_ingredients""]","{""din"":[""02415577"",""02415585"",""02415593"",""02415607"",""02415615""],""brand_name"":""NUCYNTA EXTENDED-RELEASE"",""active_ingredients"":[{""name"":""TAPENTADOL (TAPENTADOL HYDROCHLORIDE)"",""strength"":""50"",""unit"":""MG""},{""name"":""TAPENTADOL (TAPENTADOL HYDROCHLORIDE)"",""strength"":""100"",""unit"":""MG""},{""name"":""TAPENTADOL (TAPENTADOL HYDROCHLORIDE)"",""strength"":""150"",""unit"":""MG""},{""name"":""TAPENTADOL (TAPENTADOL HYDROCHLIDE)"",""strength"":""200"",""unit"":""MG""},{""name"":""TAPENTADOL (TAPENTADOL HYDROCHLORIDE)"",""strength"":""250"",""unit"":""MG""}],""dosage_forms"":[""TABLET (EXTENDED-RELEASE)""],""routes"":[""ORAL""],""schedule"":[""NARCOTICS (CDSA I)""],""product_status"":""MARKETED"",""company"":""KNIGHT THERAPEUTICS INC.""}",True,1,pass,[],"{""din"":[""02415577"",""02415585"",""02415593"",""02415607"",""02415615""],""brand_name"":""NUCYNTA EXTENDED-RELEASE"",""active_ingredients"":[{""name"":""TAPENTADOL (TAPENTADOL HYDROCHLORIDE)"",""strength"":""50"",""unit"":""MG""},{""name"":""TAPENTADOL (TAPENTADOL HYDROCHLORIDE)"",""strength"":""100"",""unit"":""MG""},{""name"":""TAPENTADOL (TAPENTADOL HYDROCHLORIDE)"",""strength"":""150"",""unit"":""MG""},{""name"":""TAPENTADOL (TAPENTADOL HYDROCHLORIDE)"",""strength"":""200"",""unit"":""MG""},{""name"":""TAPENTADOL (TAPENTADOL HYDROCHLORIDE)"",""strength"":""250"",""unit"":""MG""}],""dosage_forms"":[""TABLET (EXTENDED-RELEASE)""],""routes"":[""ORAL""],""schedule"":[""NARCOTICS (CDSA I)""],""product_status"":""MARKETED"",""company"":""KNIGHT THERAPEUTICS INC.""}",Compare the transcription with the frozen source label.
gpt_5_6_sol_only_passed,hc_dpd_1e6fd69fae994a6d_fr,hc_dpd_1e6fd69fae994a6d,fr,multi_variant,SANDOZ GUANFACINE XR,"Extrayez les faits de produit pharmaceutique du dossier source de la Base de données sur les produits pharmaceutiques de Santé Canada ci-dessous. Retournez uniquement un objet JSON avec exactement les clés din, brand_name, active_ingredients, dosage_forms, routes, schedule, product_status et company. din, dosage_forms, routes et schedule doivent être des listes. active_ingredients doit être une liste d'objets ayant les clés name, strength et unit. Regroupez les faits distincts de toutes les variantes, sans rien déduire.

DOSSIER SOURCE DPD (FRANÇAIS)

VARIANTE 1
DRUG_CODE: 106599
DIN: 02563185
NOM_COMMERCIAL: SANDOZ GUANFACINE XR
INGRÉDIENTS_ACTIFS:
- NOM=Guanfacine (Chlorhydrate de guanfacine); CONCENTRATION=1; UNITÉ=MG
FORMES_PHARMACEUTIQUES: Comprimé (à libération prolongée)
VOIES_ADMINISTRATION: Orale
ANNEXES: Médicaments sur ordonnance
ÉTAT_DU_PRODUIT: COMMERCIALISÉ
ENTREPRISE: SANDOZ CANADA INCORPORATED

VARIANTE 2
DRUG_CODE: 106600
DIN: 02563193
NOM_COMMERCIAL: SANDOZ GUANFACINE XR
INGRÉDIENTS_ACTIFS:
- NOM=Guanfacine (Chlorhydrate de guanfacine); CONCENTRATION=2; UNITÉ=MG
FORMES_PHARMACEUTIQUES: Comprimé (à libération prolongée)
VOIES_ADMINISTRATION: Orale
ANNEXES: Médicaments sur ordonnance
ÉTAT_DU_PRODUIT: COMMERCIALISÉ
ENTREPRISE: SANDOZ CANADA INCORPORATED

VARIANTE 3
DRUG_CODE: 106601
DIN: 02563207
NOM_COMMERCIAL: SANDOZ GUANFACINE XR
INGRÉDIENTS_ACTIFS:
- NOM=Guanfacine (Chlorhydrate de guanfacine); CONCENTRATION=3; UNITÉ=MG
FORMES_PHARMACEUTIQUES: Comprimé (à libération prolongée)
VOIES_ADMINISTRATION: Orale
ANNEXES: Médicaments sur ordonnance
ÉTAT_DU_PRODUIT: COMMERCIALISÉ
ENTREPRISE: SANDOZ CANADA INCORPORATED

VARIANTE 4
DRUG_CODE: 106602
DIN: 02563215
NOM_COMMERCIAL: SANDOZ GUANFACINE XR
INGRÉDIENTS_ACTIFS:
- NOM=Guanfacine (Chlorhydrate de guanfacine); CONCENTRATION=4; UNITÉ=MG
FORMES_PHARMACEUTIQUES: Comprimé (à libération prolongée)
VOIES_ADMINISTRATION: Orale
ANNEXES: Médicaments sur ordonnance
ÉTAT_DU_PRODUIT: COMMERCIALISÉ
ENTREPRISE: SANDOZ CANADA INCORPORATED","{""din"":[""02563185"",""02563193"",""02563207"",""02563215""],""brand_name"":""SANDOZ GUANFACINE XR"",""active_ingredients"":[{""name"":""Guanfacine (Chlorhydrate de guanfacine)"",""strength"":1,""unit"":""MG""},{""name"":""Guanfacine (Chlorhydrate de guanfacine)"",""strength"":2,""unit"":""MG""},{""name"":""Guanfacine (Chlorhydrate de guanfacine)"",""strength"":3,""unit"":""MG""},{""name"":""Guanfacine (Chlorhydrate de guanfacine)"",""strength"":4,""unit"":""MG""}],""dosage_forms"":[""Comprimé (à libération prolongée)""],""routes"":[""Orale""],""schedule"":[""Médicaments sur ordonnance""],""product_status"":""COMMERCIALISÉ"",""company"":""SANDOZ CANADA INCORPORATED""}","{""archive_file_id"":""dpd_marketed_archive"",""archive_members"":{""comp.txt"":[13464,13465,13466,13467],""drug.txt"":[13464,13465,13466,13467],""form.txt"":[13760,13761,13762,13763],""ingred.txt"":[19618,19619,19620,19621],""route.txt"":[16073,16074,16075,16076],""schedule.txt"":[14008,14009,14010,14011],""status.txt"":[49593,49596,49597,49600]},""archive_sha256"":""94c8ef8639fd07eea9c134d8ede137d77574d4ae6761955f5aa582558ec38b25"",""drug_codes"":[""106599"",""106600"",""106601"",""106602""],""language"":""fr"",""source_dataset_id"":""hc_dpd_source_snapshot"",""source_dataset_version"":""2026.7.2"",""source_manifest_sha256"":""f674732805de6a311d5882c2e7e33747a7e214beb123d9e42c944e1ad195eba0""}",True,1,pass,[],"{""din"":[""02563185"",""02563193"",""02563207"",""02563215""],""brand_name"":""SANDOZ GUANFACINE XR"",""active_ingredients"":[{""name"":""Guanfacine (Chlorhydrate de guanfacine)"",""strength"":""1"",""unit"":""MG""},{""name"":""Guanfacine (Chlorhydrate de guanfacine)"",""strength"":""2"",""unit"":""MG""},{""name"":""Guanfacine (Chlorhydrate de guanfacine)"",""strength"":""3"",""unit"":""MG""},{""name"":""Guanfacine (Chlorhydrate de guanfacine)"",""strength"":""4"",""unit"":""MG""}],""dosage_forms"":[""Comprimé (à libération prolongée)""],""routes"":[""Orale""],""schedule"":[""Médicaments sur ordonnance""],""product_status"":""COMMERCIALISÉ"",""company"":""SANDOZ CANADA INCORPORATED""}",False,0.875,schema_type_only,"[""product_status""]","{""din"":[""02563185"",""02563193"",""02563207"",""02563215""],""brand_name"":""SANDOZ GUANFACINE XR"",""active_ingredients"":[{""name"":""Guanfacine (Chlorhydrate de guanfacine)"",""strength"":""1"",""unit"":""MG""},{""name"":""Guanfacine (Chlorhydrate de guanfacine)"",""strength"":""2"",""unit"":""MG""},{""name"":""Guanfacine (Chlorhydrate de guanfacine)"",""strength"":""3"",""unit"":""MG""},{""name"":""Guanfacine (Chlorhydrate de guanfacine)"",""strength"":""4"",""unit"":""MG""}],""dosage_forms"":[""Comprimé (à libération prolongée)""],""routes"":[""Orale""],""schedule"":[""Médicaments sur ordonnance""],""product_status"":[""COMMERCIALISÉ""],""company"":""SANDOZ CANADA INCORPORATED""}",False,0.875,text_or_value_error,"[""active_ingredients""]","{""din"":[""02563185"",""02563193"",""02563207"",""02563215""],""brand_name"":""SANDOZ GUANFACINE XR"",""active_ingredients"":[{""name"":""Guanfacine (Chlorhydrate de guanfacine)"",""strength"":""1"",""unit"":""MG""},{""name"":""Guanfacine (Chlorhydrate de guanfacine)"",""strength"":""2"",""unit"":""MG""},{""name"":""Guanfacine (Chlorhydrate de guanfacine)"",""strength"":""3"",""unit"":""MG""},{""name"":""Guanfacine (Chlorhydrate de guanfacacine)"",""strength"":""4"",""unit"":""MG""}],""dosage_forms"":[""Comprimé (à libération prolongée)""],""routes"":[""Orale""],""schedule"":[""Médicaments sur ordonnance""],""product_status"":""COMMERCIALISÉ"",""company"":""SANDOZ CANADA INCORPORATED""}",True,1,pass,[],"{""din"":[""02563185"",""02563193"",""02563207"",""02563215""],""brand_name"":""SANDOZ GUANFACINE XR"",""active_ingredients"":[{""name"":""Guanfacine (Chlorhydrate de guanfacine)"",""strength"":""1"",""unit"":""MG""},{""name"":""Guanfacine (Chlorhydrate de guanfacine)"",""strength"":""2"",""unit"":""MG""},{""name"":""Guanfacine (Chlorhydrate de guanfacine)"",""strength"":""3"",""unit"":""MG""},{""name"":""Guanfacine (Chlorhydrate de guanfacine)"",""strength"":""4"",""unit"":""MG""}],""dosage_forms"":[""Comprimé (à libération prolongée)""],""routes"":[""Orale""],""schedule"":[""Médicaments sur ordonnance""],""product_status"":""COMMERCIALISÉ"",""company"":""SANDOZ CANADA INCORPORATED""}",Compare the transcription with the frozen source label.
gpt_5_6_sol_only_passed,hc_dpd_21828b9c0c8f0130_fr,hc_dpd_21828b9c0c8f0130,fr,single_ingredient,LETROZOLE,"Extrayez les faits de produit pharmaceutique du dossier source de la Base de données sur les produits pharmaceutiques de Santé Canada ci-dessous. Retournez uniquement un objet JSON avec exactement les clés din, brand_name, active_ingredients, dosage_forms, routes, schedule, product_status et company. din, dosage_forms, routes et schedule doivent être des listes. active_ingredients doit être une liste d'objets ayant les clés name, strength et unit. Regroupez les faits distincts de toutes les variantes, sans rien déduire.

DOSSIER SOURCE DPD (FRANÇAIS)

VARIANTE 1
DRUG_CODE: 88690
DIN: 02402025
NOM_COMMERCIAL: LETROZOLE
INGRÉDIENTS_ACTIFS:
- NOM=Létrozole; CONCENTRATION=2.5; UNITÉ=MG
FORMES_PHARMACEUTIQUES: Comprimé
VOIES_ADMINISTRATION: Orale
ANNEXES: Médicaments sur ordonnance
ÉTAT_DU_PRODUIT: COMMERCIALISÉ
ENTREPRISE: PRO DOC LIMITEE","{""din"":[""02402025""],""brand_name"":""LETROZOLE"",""active_ingredients"":[{""name"":""Létrozole"",""strength"":2.5,""unit"":""MG""}],""dosage_forms"":[""Comprimé""],""routes"":[""Orale""],""schedule"":[""Médicaments sur ordonnance""],""product_status"":""COMMERCIALISÉ"",""company"":""PRO DOC LIMITEE""}","{""archive_file_id"":""dpd_marketed_archive"",""archive_members"":{""comp.txt"":[6467],""drug.txt"":[6467],""form.txt"":[6553],""ingred.txt"":[9261],""route.txt"":[7631],""schedule.txt"":[6600],""status.txt"":[30798]},""archive_sha256"":""94c8ef8639fd07eea9c134d8ede137d77574d4ae6761955f5aa582558ec38b25"",""drug_codes"":[""88690""],""language"":""fr"",""source_dataset_id"":""hc_dpd_source_snapshot"",""source_dataset_version"":""2026.7.2"",""source_manifest_sha256"":""f674732805de6a311d5882c2e7e33747a7e214beb123d9e42c944e1ad195eba0""}",True,1,pass,[],"{""din"":[""02402025""],""brand_name"":""LETROZOLE"",""active_ingredients"":[{""name"":""Létrozole"",""strength"":""2.5"",""unit"":""MG""}],""dosage_forms"":[""Comprimé""],""routes"":[""Orale""],""schedule"":[""Médicaments sur ordonnance""],""product_status"":""COMMERCIALISÉ"",""company"":""PRO DOC LIMITEE""}",True,1,pass,[],"{""din"":[""02402025""],""brand_name"":""LETROZOLE"",""active_ingredients"":[{""name"":""Létrozole"",""strength"":""2.5"",""unit"":""MG""}],""dosage_forms"":[""Comprimé""],""routes"":[""Orale""],""schedule"":[""Médicaments sur ordonnance""],""product_status"":""COMMERCIALISÉ"",""company"":""PRO DOC LIMITEE""}",False,0.625,schema_type_only,"[""brand_name"",""company"",""product_status""]","{""din"":[""02402025""],""brand_name"":[""LETROZOLE""],""active_ingredients"":[{""name"":""Létrozole"",""strength"":""2.5"",""unit"":""MG""}],""dosage_forms"":[""Comprimé""],""routes"":[""Orale""],""schedule"":[""Médicaments sur ordonnance""],""product_status"":[""COMMERCIALISÉ""],""company"":[""PRO DOC LIMITEE""]}",True,1,pass,[],"{""din"":[""02402025""],""brand_name"":""LETROZOLE"",""active_ingredients"":[{""name"":""Létrozole"",""strength"":""2.5"",""unit"":""MG""}],""dosage_forms"":[""Comprimé""],""routes"":[""Orale""],""schedule"":[""Médicaments sur ordonnance""],""product_status"":""COMMERCIALISÉ"",""company"":""PRO DOC LIMITEE""}",Verify the strict scalar and list JSON contract.
gpt_5_6_sol_only_passed,hc_dpd_2bc6e6c1885fc04c_en,hc_dpd_2bc6e6c1885fc04c,en,multi_variant,FOQUEST,"Extract drug-product facts from the Health Canada Drug Product Database source record below. Return only one JSON object with exactly the keys din, brand_name, active_ingredients, dosage_forms, routes, schedule, product_status, and company. din, dosage_forms, routes, and schedule must be lists. active_ingredients must be a list of objects with name, strength, and unit keys. Combine distinct facts from every variant and do not infer values.

DPD SOURCE RECORD (ENGLISH)

VARIANT 1
DRUG_CODE: 95927
DIN: 02470292
BRAND_NAME: FOQUEST
ACTIVE_INGREDIENTS:
- NAME=METHYLPHENIDATE HYDROCHLORIDE; STRENGTH=25; UNIT=MG
DOSAGE_FORMS: CAPSULE (CONTROLLED RELEASE)
ROUTES: ORAL
SCHEDULES: CONTROLLED DRUGS (CDSA III)
PRODUCT_STATUS: MARKETED
COMPANY: ELVIUM LIFE SCIENCES

VARIANT 2
DRUG_CODE: 95928
DIN: 02470306
BRAND_NAME: FOQUEST
ACTIVE_INGREDIENTS:
- NAME=METHYLPHENIDATE HYDROCHLORIDE; STRENGTH=35; UNIT=MG
DOSAGE_FORMS: CAPSULE (CONTROLLED RELEASE)
ROUTES: ORAL
SCHEDULES: CONTROLLED DRUGS (CDSA III)
PRODUCT_STATUS: MARKETED
COMPANY: ELVIUM LIFE SCIENCES

VARIANT 3
DRUG_CODE: 95929
DIN: 02470314
BRAND_NAME: FOQUEST
ACTIVE_INGREDIENTS:
- NAME=METHYLPHENIDATE HYDROCHLORIDE; STRENGTH=45; UNIT=MG
DOSAGE_FORMS: CAPSULE (CONTROLLED RELEASE)
ROUTES: ORAL
SCHEDULES: CONTROLLED DRUGS (CDSA III)
PRODUCT_STATUS: MARKETED
COMPANY: ELVIUM LIFE SCIENCES

VARIANT 4
DRUG_CODE: 95930
DIN: 02470322
BRAND_NAME: FOQUEST
ACTIVE_INGREDIENTS:
- NAME=METHYLPHENIDATE HYDROCHLORIDE; STRENGTH=55; UNIT=MG
DOSAGE_FORMS: CAPSULE (CONTROLLED RELEASE)
ROUTES: ORAL
SCHEDULES: CONTROLLED DRUGS (CDSA III)
PRODUCT_STATUS: MARKETED
COMPANY: ELVIUM LIFE SCIENCES

VARIANT 5
DRUG_CODE: 95931
DIN: 02470330
BRAND_NAME: FOQUEST
ACTIVE_INGREDIENTS:
- NAME=METHYLPHENIDATE HYDROCHLORIDE; STRENGTH=70; UNIT=MG
DOSAGE_FORMS: CAPSULE (CONTROLLED RELEASE)
ROUTES: ORAL
SCHEDULES: CONTROLLED DRUGS (CDSA III)
PRODUCT_STATUS: MARKETED
COMPANY: ELVIUM LIFE SCIENCES

VARIANT 6
DRUG_CODE: 95932
DIN: 02470349
BRAND_NAME: FOQUEST
ACTIVE_INGREDIENTS:
- NAME=METHYLPHENIDATE HYDROCHLORIDE; STRENGTH=85; UNIT=MG
DOSAGE_FORMS: CAPSULE (CONTROLLED RELEASE)
ROUTES: ORAL
SCHEDULES: CONTROLLED DRUGS (CDSA III)
PRODUCT_STATUS: MARKETED
COMPANY: ELVIUM LIFE SCIENCES

VARIANT 7
DRUG_CODE: 95933
DIN: 02470357
BRAND_NAME: FOQUEST
ACTIVE_INGREDIENTS:
- NAME=METHYLPHENIDATE HYDROCHLORIDE; STRENGTH=100; UNIT=MG
DOSAGE_FORMS: CAPSULE (CONTROLLED RELEASE)
ROUTES: ORAL
SCHEDULES: CONTROLLED DRUGS (CDSA III)
PRODUCT_STATUS: MARKETED
COMPANY: ELVIUM LIFE SCIENCES","{""din"":[""02470292"",""02470306"",""02470314"",""02470322"",""02470330"",""02470349"",""02470357""],""brand_name"":""FOQUEST"",""active_ingredients"":[{""name"":""METHYLPHENIDATE HYDROCHLORIDE"",""strength"":25,""unit"":""MG""},{""name"":""METHYLPHENIDATE HYDROCHLORIDE"",""strength"":35,""unit"":""MG""},{""name"":""METHYLPHENIDATE HYDROCHLORIDE"",""strength"":45,""unit"":""MG""},{""name"":""METHYLPHENIDATE HYDROCHLORIDE"",""strength"":55,""unit"":""MG""},{""name"":""METHYLPHENIDATE HYDROCHLORIDE"",""strength"":70,""unit"":""MG""},{""name"":""METHYLPHENIDATE HYDROCHLORIDE"",""strength"":85,""unit"":""MG""},{""name"":""METHYLPHENIDATE HYDROCHLORIDE"",""strength"":100,""unit"":""MG""}],""dosage_forms"":[""CAPSULE (CONTROLLED RELEASE)""],""routes"":[""ORAL""],""schedule"":[""CONTROLLED DRUGS (CDSA III)""],""product_status"":""MARKETED"",""company"":""ELVIUM LIFE SCIENCES""}","{""archive_file_id"":""dpd_marketed_archive"",""archive_members"":{""comp.txt"":[8815,8816,8817,8818,8819,8820,8821],""drug.txt"":[8815,8816,8817,8818,8819,8820,8821],""form.txt"":[8983,8984,8985,8986,8987,8988,8989],""ingred.txt"":[12521,12522,12523,12524,12525,12526,12527],""route.txt"":[10423,10424,10425,10426,10427,10428,10429],""schedule.txt"":[9033,9034,9035,9036,9037,9038,9039],""status.txt"":[38698,38703,38708,38713,38718,38723,38726]},""archive_sha256"":""94c8ef8639fd07eea9c134d8ede137d77574d4ae6761955f5aa582558ec38b25"",""drug_codes"":[""95927"",""95928"",""95929"",""95930"",""95931"",""95932"",""95933""],""language"":""en"",""source_dataset_id"":""hc_dpd_source_snapshot"",""source_dataset_version"":""2026.7.2"",""source_manifest_sha256"":""f674732805de6a311d5882c2e7e33747a7e214beb123d9e42c944e1ad195eba0""}",True,1,pass,[],"{""din"":[""02470292"",""02470306"",""02470314"",""02470322"",""02470330"",""02470349"",""02470357""],""brand_name"":""FOQUEST"",""active_ingredients"":[{""name"":""METHYLPHENIDATE HYDROCHLORIDE"",""strength"":""25"",""unit"":""MG""},{""name"":""METHYLPHENIDATE HYDROCHLORIDE"",""strength"":""35"",""unit"":""MG""},{""name"":""METHYLPHENIDATE HYDROCHLORIDE"",""strength"":""45"",""unit"":""MG""},{""name"":""METHYLPHENIDATE HYDROCHLORIDE"",""strength"":""55"",""unit"":""MG""},{""name"":""METHYLPHENIDATE HYDROCHLORIDE"",""strength"":""70"",""unit"":""MG""},{""name"":""METHYLPHENIDATE HYDROCHLORIDE"",""strength"":""85"",""unit"":""MG""},{""name"":""METHYLPHENIDATE HYDROCHLORIDE"",""strength"":""100"",""unit"":""MG""}],""dosage_forms"":[""CAPSULE (CONTROLLED RELEASE)""],""routes"":[""ORAL""],""schedule"":[""CONTROLLED DRUGS (CDSA III)""],""product_status"":""MARKETED"",""company"":""ELVIUM LIFE SCIENCES""}",True,1,pass,[],"{""din"":[""02470292"",""02470306"",""02470314"",""02470322"",""02470330"",""02470349"",""02470357""],""brand_name"":""FOQUEST"",""active_ingredients"":[{""name"":""METHYLPHENIDATE HYDROCHLORIDE"",""strength"":25,""unit"":""MG""},{""name"":""METHYLPHENIDATE HYDROCHLORIDE"",""strength"":35,""unit"":""MG""},{""name"":""METHYLPHENIDATE HYDROCHLORIDE"",""strength"":45,""unit"":""MG""},{""name"":""METHYLPHENIDATE HYDROCHLORIDE"",""strength"":55,""unit"":""MG""},{""name"":""METHYLPHENIDATE HYDROCHLORIDE"",""strength"":70,""unit"":""MG""},{""name"":""METHYLPHENIDATE HYDROCHLORIDE"",""strength"":85,""unit"":""MG""},{""name"":""METHYLPHENIDATE HYDROCHLORIDE"",""strength"":100,""unit"":""MG""}],""dosage_forms"":[""CAPSULE (CONTROLLED RELEASE)""],""routes"":[""ORAL""],""schedule"":[""CONTROLLED DRUGS (CDSA III)""],""product_status"":""MARKETED"",""company"":""ELVIUM LIFE SCIENCES""}",False,0.875,text_or_value_error,"[""active_ingredients""]","{""din"":[""02470292"",""02470306"",""02470314"",""02470322"",""02470330"",""02470349"",""02470357""],""brand_name"":""FOQUEST"",""active_ingredients"":[{""name"":""METHYLPHENIDATE HYDROCHLORIDE"",""strength"":""25"",""unit"":""MG""},{""name"":""METHYLPHENIDATE HYDROCHLORIDE"",""strength"":""35"",""unit"":""MG""},{""name"":""METHYLPHENIDATE HYDROCHLORIDE"",""strength"":""45"",""unit"":""MG""},{""name"":""METHYLPHENIDATE HYDROCHLIDE"",""strength"":""55"",""unit"":""MG""},{""name"":""METHYLPHENIDATE HYDROCHLORIDE"",""strength"":""70"",""unit"":""MG""},{""name"":""METHYLPHENIDATE HYDROCHLORIDE"",""strength"":""85"",""unit"":""MG""},{""name"":""METHYLPHENIDATE HYDROCHLORIDE"",""strength"":""100"",""unit"":""MG""}],""dosage_forms"":[""CAPSULE (CONTROLLED RELEASE)""],""routes"":[""ORAL""],""schedule"":[""CONTROLLED DRUGS (CDSA III)""],""product_status"":""MARKETED"",""company"":""ELVIUM LIFE SCIENCES""}",True,1,pass,[],"{""din"":[""02470292"",""02470306"",""02470314"",""02470322"",""02470330"",""02470349"",""02470357""],""brand_name"":""FOQUEST"",""active_ingredients"":[{""name"":""METHYLPHENIDATE HYDROCHLORIDE"",""strength"":""25"",""unit"":""MG""},{""name"":""METHYLPHENIDATE HYDROCHLORIDE"",""strength"":""35"",""unit"":""MG""},{""name"":""METHYLPHENIDATE HYDROCHLORIDE"",""strength"":""45"",""unit"":""MG""},{""name"":""METHYLPHENIDATE HYDROCHLORIDE"",""strength"":""55"",""unit"":""MG""},{""name"":""METHYLPHENIDATE HYDROCHLORIDE"",""strength"":""70"",""unit"":""MG""},{""name"":""METHYLPHENIDATE HYDROCHLORIDE"",""strength"":""85"",""unit"":""MG""},{""name"":""METHYLPHENIDATE HYDROCHLORIDE"",""strength"":""100"",""unit"":""MG""}],""dosage_forms"":[""CAPSULE (CONTROLLED RELEASE)""],""routes"":[""ORAL""],""schedule"":[""CONTROLLED DRUGS (CDSA III)""],""product_status"":""MARKETED"",""company"":""ELVIUM LIFE SCIENCES""}",Compare the transcription with the frozen source label.
both_failed,hc_dpd_3276d80002eaedbb_en,hc_dpd_3276d80002eaedbb,en,multi_ingredient_multi_variant,OLMESARTAN/HCTZ,"Extract drug-product facts from the Health Canada Drug Product Database source record below. Return only one JSON object with exactly the keys din, brand_name, active_ingredients, dosage_forms, routes, schedule, product_status, and company. din, dosage_forms, routes, and schedule must be lists. active_ingredients must be a list of objects with name, strength, and unit keys. Combine distinct facts from every variant and do not infer values.

DPD SOURCE RECORD (ENGLISH)

VARIANT 1
DRUG_CODE: 99889
DIN: 02509601
BRAND_NAME: OLMESARTAN/HCTZ
ACTIVE_INGREDIENTS:
- NAME=HYDROCHLOROTHIAZIDE; STRENGTH=12.5; UNIT=MG
- NAME=OLMESARTAN MEDOXOMIL; STRENGTH=20; UNIT=MG
DOSAGE_FORMS: TABLET
ROUTES: ORAL
SCHEDULES: PRESCRIPTION
PRODUCT_STATUS: MARKETED
COMPANY: SANIS HEALTH INC

VARIANT 2
DRUG_CODE: 99890
DIN: 02509628
BRAND_NAME: OLMESARTAN/HCTZ
ACTIVE_INGREDIENTS:
- NAME=HYDROCHLOROTHIAZIDE; STRENGTH=25; UNIT=MG
- NAME=OLMESARTAN MEDOXOMIL; STRENGTH=40; UNIT=MG
DOSAGE_FORMS: TABLET
ROUTES: ORAL
SCHEDULES: PRESCRIPTION
PRODUCT_STATUS: MARKETED
COMPANY: SANIS HEALTH INC

VARIANT 3
DRUG_CODE: 99891
DIN: 02509636
BRAND_NAME: OLMESARTAN/HCTZ
ACTIVE_INGREDIENTS:
- NAME=HYDROCHLOROTHIAZIDE; STRENGTH=12.5; UNIT=MG
- NAME=OLMESARTAN MEDOXOMIL; STRENGTH=40; UNIT=MG
DOSAGE_FORMS: TABLET
ROUTES: ORAL
SCHEDULES: PRESCRIPTION
PRODUCT_STATUS: MARKETED
COMPANY: SANIS HEALTH INC","{""din"":[""02509601"",""02509628"",""02509636""],""brand_name"":""OLMESARTAN/HCTZ"",""active_ingredients"":[{""name"":""HYDROCHLOROTHIAZIDE"",""strength"":12.5,""unit"":""MG""},{""name"":""HYDROCHLOROTHIAZIDE"",""strength"":25,""unit"":""MG""},{""name"":""OLMESARTAN MEDOXOMIL"",""strength"":20,""unit"":""MG""},{""name"":""OLMESARTAN MEDOXOMIL"",""strength"":40,""unit"":""MG""}],""dosage_forms"":[""TABLET""],""routes"":[""ORAL""],""schedule"":[""PRESCRIPTION""],""product_status"":""MARKETED"",""company"":""SANIS HEALTH INC""}","{""archive_file_id"":""dpd_marketed_archive"",""archive_members"":{""comp.txt"":[10711,10712,10713],""drug.txt"":[10711,10712,10713],""form.txt"":[10945,10946,10947],""ingred.txt"":[15491,15492,15493,15494,15495,15496],""route.txt"":[12850,12851,12852],""schedule.txt"":[11034,11035,11036],""status.txt"":[43512,43513,43519]},""archive_sha256"":""94c8ef8639fd07eea9c134d8ede137d77574d4ae6761955f5aa582558ec38b25"",""drug_codes"":[""99889"",""99890"",""99891""],""language"":""en"",""source_dataset_id"":""hc_dpd_source_snapshot"",""source_dataset_version"":""2026.7.2"",""source_manifest_sha256"":""f674732805de6a311d5882c2e7e33747a7e214beb123d9e42c944e1ad195eba0""}",False,0.875,duplicate_items_only,"[""active_ingredients""]","{""din"":[""02509601"",""02509628"",""02509636""],""brand_name"":""OLMESARTAN/HCTZ"",""active_ingredients"":[{""name"":""HYDROCHLOROTHIAZIDE"",""strength"":""12.5"",""unit"":""MG""},{""name"":""OLMESARTAN MEDOXOMIL"",""strength"":""20"",""unit"":""MG""},{""name"":""HYDROCHLOROTHIAZIDE"",""strength"":""25"",""unit"":""MG""},{""name"":""OLMESARTAN MEDOXOMIL"",""strength"":""40"",""unit"":""MG""},{""name"":""HYDROCHLOROTHIAZIDE"",""strength"":""12.5"",""unit"":""MG""},{""name"":""OLMESARTAN MEDOXOMIL"",""strength"":""40"",""unit"":""MG""}],""dosage_forms"":[""TABLET""],""routes"":[""ORAL""],""schedule"":[""PRESCRIPTION""],""product_status"":""MARKETED"",""company"":""SANIS HEALTH INC""}",False,0.875,duplicate_items_only,"[""active_ingredients""]","{""din"":[""02509601"",""02509628"",""02509636""],""brand_name"":""OLMESARTAN/HCTZ"",""active_ingredients"":[{""name"":""HYDROCHLOROTHIAZIDE"",""strength"":""12.5"",""unit"":""MG""},{""name"":""OLMESARTAN MEDOXOMIL"",""strength"":""20"",""unit"":""MG""},{""name"":""HYDROCHLOROTHIAZIDE"",""strength"":""25"",""unit"":""MG""},{""name"":""OLMESARTAN MEDOXOMIL"",""strength"":""40"",""unit"":""MG""},{""name"":""HYDROCHLOROTHIAZIDE"",""strength"":""12.5"",""unit"":""MG""},{""name"":""OLMESARTAN MEDOXOMIL"",""strength"":""40"",""unit"":""MG""}],""dosage_forms"":[""TABLET""],""routes"":[""ORAL""],""schedule"":[""PRESCRIPTION""],""product_status"":""MARKETED"",""company"":""SANIS HEALTH INC""}",False,0.875,duplicate_items_only,"[""active_ingredients""]","{""din"":[""02509601"",""02509628"",""02509636""],""brand_name"":""OLMESARTAN/HCTZ"",""active_ingredients"":[{""name"":""HYDROCHLOROTHIAZIDE"",""strength"":""12.5"",""unit"":""MG""},{""name"":""OLMESARTAN MEDOXOMIL"",""strength"":""20"",""unit"":""MG""},{""name"":""HYDROCHLOROTHIAZIDE"",""strength"":""25"",""unit"":""MG""},{""name"":""OLMESARTAN MEDOXOMIL"",""strength"":""40"",""unit"":""MG""},{""name"":""HYDROCHLOROTHIAZIDE"",""strength"":""12.5"",""unit"":""MG""},{""name"":""OLMESARTAN MEDOXOMIL"",""strength"":""40"",""unit"":""MG""}],""dosage_forms"":[""TABLET""],""routes"":[""ORAL""],""schedule"":[""PRESCRIPTION""],""product_status"":""MARKETED"",""company"":""SANIS HEALTH INC""}",False,0.875,duplicate_items_only,"[""active_ingredients""]","{""din"":[""02509601"",""02509628"",""02509636""],""brand_name"":""OLMESARTAN/HCTZ"",""active_ingredients"":[{""name"":""HYDROCHLOROTHIAZIDE"",""strength"":""12.5"",""unit"":""MG""},{""name"":""OLMESARTAN MEDOXOMIL"",""strength"":""20"",""unit"":""MG""},{""name"":""HYDROCHLOROTHIAZIDE"",""strength"":""25"",""unit"":""MG""},{""name"":""OLMESARTAN MEDOXOMIL"",""strength"":""40"",""unit"":""MG""},{""name"":""OLMESARTAN MEDOXOMIL"",""strength"":""40"",""unit"":""MG""},{""name"":""HYDROCHLOROTHIAZIDE"",""strength"":""12.5"",""unit"":""MG""}],""dosage_forms"":[""TABLET""],""routes"":[""ORAL""],""schedule"":[""PRESCRIPTION""],""product_status"":""MARKETED"",""company"":""SANIS HEALTH INC""}",Verify distinct-fact aggregation across product variants.
both_failed,hc_dpd_3276d80002eaedbb_fr,hc_dpd_3276d80002eaedbb,fr,multi_ingredient_multi_variant,OLMESARTAN/HCTZ,"Extrayez les faits de produit pharmaceutique du dossier source de la Base de données sur les produits pharmaceutiques de Santé Canada ci-dessous. Retournez uniquement un objet JSON avec exactement les clés din, brand_name, active_ingredients, dosage_forms, routes, schedule, product_status et company. din, dosage_forms, routes et schedule doivent être des listes. active_ingredients doit être une liste d'objets ayant les clés name, strength et unit. Regroupez les faits distincts de toutes les variantes, sans rien déduire.

DOSSIER SOURCE DPD (FRANÇAIS)

VARIANTE 1
DRUG_CODE: 99889
DIN: 02509601
NOM_COMMERCIAL: OLMESARTAN/HCTZ
INGRÉDIENTS_ACTIFS:
- NOM=Hydrochlorothiazide; CONCENTRATION=12.5; UNITÉ=MG
- NOM=Olmésartan médoxomil; CONCENTRATION=20; UNITÉ=MG
FORMES_PHARMACEUTIQUES: Comprimé
VOIES_ADMINISTRATION: Orale
ANNEXES: Médicaments sur ordonnance
ÉTAT_DU_PRODUIT: COMMERCIALISÉ
ENTREPRISE: SANIS HEALTH INC

VARIANTE 2
DRUG_CODE: 99890
DIN: 02509628
NOM_COMMERCIAL: OLMESARTAN/HCTZ
INGRÉDIENTS_ACTIFS:
- NOM=Hydrochlorothiazide; CONCENTRATION=25; UNITÉ=MG
- NOM=Olmésartan médoxomil; CONCENTRATION=40; UNITÉ=MG
FORMES_PHARMACEUTIQUES: Comprimé
VOIES_ADMINISTRATION: Orale
ANNEXES: Médicaments sur ordonnance
ÉTAT_DU_PRODUIT: COMMERCIALISÉ
ENTREPRISE: SANIS HEALTH INC

VARIANTE 3
DRUG_CODE: 99891
DIN: 02509636
NOM_COMMERCIAL: OLMESARTAN/HCTZ
INGRÉDIENTS_ACTIFS:
- NOM=Hydrochlorothiazide; CONCENTRATION=12.5; UNITÉ=MG
- NOM=Olmésartan médoxomil; CONCENTRATION=40; UNITÉ=MG
FORMES_PHARMACEUTIQUES: Comprimé
VOIES_ADMINISTRATION: Orale
ANNEXES: Médicaments sur ordonnance
ÉTAT_DU_PRODUIT: COMMERCIALISÉ
ENTREPRISE: SANIS HEALTH INC","{""din"":[""02509601"",""02509628"",""02509636""],""brand_name"":""OLMESARTAN/HCTZ"",""active_ingredients"":[{""name"":""Hydrochlorothiazide"",""strength"":12.5,""unit"":""MG""},{""name"":""Hydrochlorothiazide"",""strength"":25,""unit"":""MG""},{""name"":""Olmésartan médoxomil"",""strength"":20,""unit"":""MG""},{""name"":""Olmésartan médoxomil"",""strength"":40,""unit"":""MG""}],""dosage_forms"":[""Comprimé""],""routes"":[""Orale""],""schedule"":[""Médicaments sur ordonnance""],""product_status"":""COMMERCIALISÉ"",""company"":""SANIS HEALTH INC""}","{""archive_file_id"":""dpd_marketed_archive"",""archive_members"":{""comp.txt"":[10711,10712,10713],""drug.txt"":[10711,10712,10713],""form.txt"":[10945,10946,10947],""ingred.txt"":[15491,15492,15493,15494,15495,15496],""route.txt"":[12850,12851,12852],""schedule.txt"":[11034,11035,11036],""status.txt"":[43512,43513,43519]},""archive_sha256"":""94c8ef8639fd07eea9c134d8ede137d77574d4ae6761955f5aa582558ec38b25"",""drug_codes"":[""99889"",""99890"",""99891""],""language"":""fr"",""source_dataset_id"":""hc_dpd_source_snapshot"",""source_dataset_version"":""2026.7.2"",""source_manifest_sha256"":""f674732805de6a311d5882c2e7e33747a7e214beb123d9e42c944e1ad195eba0""}",True,1,pass,[],"{""din"":[""02509601"",""02509628"",""02509636""],""brand_name"":""OLMESARTAN/HCTZ"",""active_ingredients"":[{""name"":""Hydrochlorothiazide"",""strength"":""12.5"",""unit"":""MG""},{""name"":""Olmésartan médoxomil"",""strength"":""20"",""unit"":""MG""},{""name"":""Hydrochlorothiazide"",""strength"":""25"",""unit"":""MG""},{""name"":""Olmésartan médoxomil"",""strength"":""40"",""unit"":""MG""}],""dosage_forms"":[""Comprimé""],""routes"":[""Orale""],""schedule"":[""Médicaments sur ordonnance""],""product_status"":""COMMERCIALISÉ"",""company"":""SANIS HEALTH INC""}",False,0.75,text_or_value_error,"[""active_ingredients"",""product_status""]","{""din"":[""02509601"",""02509628"",""02509636""],""brand_name"":""OLMESARTAN/HCTZ"",""active_ingredients"":[{""name"":""Hydrochlorothiazide"",""strength"":[""12.5"",""25""],""unit"":""MG""},{""name"":""Olmésartan médoxomil"",""strength"":[""20"",""40""],""unit"":""MG""}],""dosage_forms"":[""Comprimé""],""routes"":[""Orale""],""schedule"":[""Médicaments sur ordonnance""],""product_status"":[""COMMERCIALISÉ""],""company"":""SANIS HEALTH INC""}",False,0.875,duplicate_items_only,"[""active_ingredients""]","{""din"":[""02509601"",""02509628"",""02509636""],""brand_name"":""OLMESARTAN/HCTZ"",""active_ingredients"":[{""name"":""Hydrochlorothiazide"",""strength"":""12.5"",""unit"":""MG""},{""name"":""Olmésartan médoxomil"",""strength"":""20"",""unit"":""MG""},{""name"":""Hydrochlorothiazide"",""strength"":""25"",""unit"":""MG""},{""name"":""Olmésartan médoxomil"",""strength"":""40"",""unit"":""MG""},{""name"":""Olmésartan médoxomil"",""strength"":""40"",""unit"":""MG""}],""dosage_forms"":[""Comprimé""],""routes"":[""Orale""],""schedule"":[""Médicaments sur ordonnance""],""product_status"":""COMMERCIALISÉ"",""company"":""SANIS HEALTH INC""}",False,0.875,duplicate_items_only,"[""active_ingredients""]","{""din"":[""02509601"",""02509628"",""02509636""],""brand_name"":""OLMESARTAN/HCTZ"",""active_ingredients"":[{""name"":""Hydrochlorothiazide"",""strength"":""12.5"",""unit"":""MG""},{""name"":""Olmésartan médoxomil"",""strength"":""20"",""unit"":""MG""},{""name"":""Hydrochlorothiazide"",""strength"":""25"",""unit"":""MG""},{""name"":""Olmésartan médoxomil"",""strength"":""40"",""unit"":""MG""},{""name"":""Olmésartan médoxomil"",""strength"":""40"",""unit"":""MG""}],""dosage_forms"":[""Comprimé""],""routes"":[""Orale""],""schedule"":[""Médicaments sur ordonnance""],""product_status"":""COMMERCIALISÉ"",""company"":""SANIS HEALTH INC""}",Verify distinct-fact aggregation across product variants.
gpt_5_6_sol_only_passed,hc_dpd_3389f2bf29575e6a_en,hc_dpd_3389f2bf29575e6a,en,multi_ingredient,SUNSCREEN CONTINUOUS SPRAY NO PUMPING NEEDED,"Extract drug-product facts from the Health Canada Drug Product Database source record below. Return only one JSON object with exactly the keys din, brand_name, active_ingredients, dosage_forms, routes, schedule, product_status, and company. din, dosage_forms, routes, and schedule must be lists. active_ingredients must be a list of objects with name, strength, and unit keys. Combine distinct facts from every variant and do not infer values.

DPD SOURCE RECORD (ENGLISH)

VARIANT 1
DRUG_CODE: 93311
DIN: 02447525
BRAND_NAME: SUNSCREEN CONTINUOUS SPRAY NO PUMPING NEEDED
ACTIVE_INGREDIENTS:
- NAME=OXYBENZONE; STRENGTH=4; UNIT=%
- NAME=AVOBENZONE; STRENGTH=2; UNIT=%
- NAME=HOMOSALATE; STRENGTH=15; UNIT=%
- NAME=OCTISALATE; STRENGTH=5; UNIT=%
DOSAGE_FORMS: SPRAY, BAG-ON-VALVE
ROUTES: TOPICAL
SCHEDULES: NON-PRESCRIPTION DRUGS
PRODUCT_STATUS: MARKETED
COMPANY: FRUIT OF THE EARTH, INC","{""din"":[""02447525""],""brand_name"":""SUNSCREEN CONTINUOUS SPRAY NO PUMPING NEEDED"",""active_ingredients"":[{""name"":""AVOBENZONE"",""strength"":2,""unit"":""%""},{""name"":""HOMOSALATE"",""strength"":15,""unit"":""%""},{""name"":""OCTISALATE"",""strength"":5,""unit"":""%""},{""name"":""OXYBENZONE"",""strength"":4,""unit"":""%""}],""dosage_forms"":[""SPRAY, BAG-ON-VALVE""],""routes"":[""TOPICAL""],""schedule"":[""NON-PRESCRIPTION DRUGS""],""product_status"":""MARKETED"",""company"":""FRUIT OF THE EARTH, INC""}","{""archive_file_id"":""dpd_marketed_archive"",""archive_members"":{""comp.txt"":[7849],""drug.txt"":[7849],""form.txt"":[7991],""ingred.txt"":[11197,11198,11199,11200],""route.txt"":[9227],""schedule.txt"":[8018],""status.txt"":[36011]},""archive_sha256"":""94c8ef8639fd07eea9c134d8ede137d77574d4ae6761955f5aa582558ec38b25"",""drug_codes"":[""93311""],""language"":""en"",""source_dataset_id"":""hc_dpd_source_snapshot"",""source_dataset_version"":""2026.7.2"",""source_manifest_sha256"":""f674732805de6a311d5882c2e7e33747a7e214beb123d9e42c944e1ad195eba0""}",False,0.875,compound_label_split_only,"[""dosage_forms""]","{""din"":[""02447525""],""brand_name"":""SUNSCREEN CONTINUOUS SPRAY NO PUMPING NEEDED"",""active_ingredients"":[{""name"":""OXYBENZONE"",""strength"":""4"",""unit"":""%""},{""name"":""AVOBENZONE"",""strength"":""2"",""unit"":""%""},{""name"":""HOMOSALATE"",""strength"":""15"",""unit"":""%""},{""name"":""OCTISALATE"",""strength"":""5"",""unit"":""%""}],""dosage_forms"":[""SPRAY"",""BAG-ON-VALVE""],""routes"":[""TOPICAL""],""schedule"":[""NON-PRESCRIPTION DRUGS""],""product_status"":""MARKETED"",""company"":""FRUIT OF THE EARTH, INC""}",True,1,pass,[],"{""din"":[""02447525""],""brand_name"":""SUNSCREEN CONTINUOUS SPRAY NO PUMPING NEEDED"",""active_ingredients"":[{""name"":""OXYBENZONE"",""strength"":""4"",""unit"":""%""},{""name"":""AVOBENZONE"",""strength"":""2"",""unit"":""%""},{""name"":""HOMOSALATE"",""strength"":""15"",""unit"":""%""},{""name"":""OCTISALATE"",""strength"":""5"",""unit"":""%""}],""dosage_forms"":[""SPRAY, BAG-ON-VALVE""],""routes"":[""TOPICAL""],""schedule"":[""NON-PRESCRIPTION DRUGS""],""product_status"":""MARKETED"",""company"":""FRUIT OF THE EARTH, INC""}",False,0.875,compound_label_split_only,"[""dosage_forms""]","{""din"":[""02447525""],""brand_name"":""SUNSCREEN CONTINUOUS SPRAY NO PUMPING NEEDED"",""active_ingredients"":[{""name"":""OXYBENZONE"",""strength"":""4"",""unit"":""%""},{""name"":""AVOBENZONE"",""strength"":""2"",""unit"":""%""},{""name"":""HOMOSALATE"",""strength"":""15"",""unit"":""%""},{""name"":""OCTISALATE"",""strength"":""5"",""unit"":""%""}],""dosage_forms"":[""SPRAY"",""BAG-ON-VALVE""],""routes"":[""TOPICAL""],""schedule"":[""NON-PRESCRIPTION DRUGS""],""product_status"":""MARKETED"",""company"":""FRUIT OF THE EARTH, INC""}",True,1,pass,[],"{""din"":[""02447525""],""brand_name"":""SUNSCREEN CONTINUOUS SPRAY NO PUMPING NEEDED"",""active_ingredients"":[{""name"":""OXYBENZONE"",""strength"":""4"",""unit"":""%""},{""name"":""AVOBENZONE"",""strength"":""2"",""unit"":""%""},{""name"":""HOMOSALATE"",""strength"":""15"",""unit"":""%""},{""name"":""OCTISALATE"",""strength"":""5"",""unit"":""%""}],""dosage_forms"":[""SPRAY, BAG-ON-VALVE""],""routes"":[""TOPICAL""],""schedule"":[""NON-PRESCRIPTION DRUGS""],""product_status"":""MARKETED"",""company"":""FRUIT OF THE EARTH, INC""}",Adjudicate whether the rendered compound DPD label is unambiguous.
gpt_5_6_sol_only_passed,hc_dpd_33db518b6565e536_en,hc_dpd_33db518b6565e536,en,multi_ingredient,SUNSCREEN CONTINUOUS SPRAY,"Extract drug-product facts from the Health Canada Drug Product Database source record below. Return only one JSON object with exactly the keys din, brand_name, active_ingredients, dosage_forms, routes, schedule, product_status, and company. din, dosage_forms, routes, and schedule must be lists. active_ingredients must be a list of objects with name, strength, and unit keys. Combine distinct facts from every variant and do not infer values.

DPD SOURCE RECORD (ENGLISH)

VARIANT 1
DRUG_CODE: 93322
DIN: 02447649
BRAND_NAME: SUNSCREEN CONTINUOUS SPRAY
ACTIVE_INGREDIENTS:
- NAME=OXYBENZONE; STRENGTH=3; UNIT=%
- NAME=AVOBENZONE; STRENGTH=2; UNIT=%
- NAME=HOMOSALATE; STRENGTH=10; UNIT=%
- NAME=OCTISALATE; STRENGTH=5; UNIT=%
DOSAGE_FORMS: SPRAY, BAG-ON-VALVE
ROUTES: TOPICAL
SCHEDULES: NON-PRESCRIPTION DRUGS
PRODUCT_STATUS: MARKETED
COMPANY: FRUIT OF THE EARTH, INC","{""din"":[""02447649""],""brand_name"":""SUNSCREEN CONTINUOUS SPRAY"",""active_ingredients"":[{""name"":""AVOBENZONE"",""strength"":2,""unit"":""%""},{""name"":""HOMOSALATE"",""strength"":10,""unit"":""%""},{""name"":""OCTISALATE"",""strength"":5,""unit"":""%""},{""name"":""OXYBENZONE"",""strength"":3,""unit"":""%""}],""dosage_forms"":[""SPRAY, BAG-ON-VALVE""],""routes"":[""TOPICAL""],""schedule"":[""NON-PRESCRIPTION DRUGS""],""product_status"":""MARKETED"",""company"":""FRUIT OF THE EARTH, INC""}","{""archive_file_id"":""dpd_marketed_archive"",""archive_members"":{""comp.txt"":[7859],""drug.txt"":[7859],""form.txt"":[8001],""ingred.txt"":[11217,11218,11219,11220],""route.txt"":[9240],""schedule.txt"":[8028],""status.txt"":[36035]},""archive_sha256"":""94c8ef8639fd07eea9c134d8ede137d77574d4ae6761955f5aa582558ec38b25"",""drug_codes"":[""93322""],""language"":""en"",""source_dataset_id"":""hc_dpd_source_snapshot"",""source_dataset_version"":""2026.7.2"",""source_manifest_sha256"":""f674732805de6a311d5882c2e7e33747a7e214beb123d9e42c944e1ad195eba0""}",False,0.875,compound_label_split_only,"[""dosage_forms""]","{""din"":[""02447649""],""brand_name"":""SUNSCREEN CONTINUOUS SPRAY"",""active_ingredients"":[{""name"":""OXYBENZONE"",""strength"":""3"",""unit"":""%""},{""name"":""AVOBENZONE"",""strength"":""2"",""unit"":""%""},{""name"":""HOMOSALATE"",""strength"":""10"",""unit"":""%""},{""name"":""OCTISALATE"",""strength"":""5"",""unit"":""%""}],""dosage_forms"":[""SPRAY"",""BAG-ON-VALVE""],""routes"":[""TOPICAL""],""schedule"":[""NON-PRESCRIPTION DRUGS""],""product_status"":""MARKETED"",""company"":""FRUIT OF THE EARTH, INC""}",True,1,pass,[],"{""din"":[""02447649""],""brand_name"":""SUNSCREEN CONTINUOUS SPRAY"",""active_ingredients"":[{""name"":""OXYBENZONE"",""strength"":""3"",""unit"":""%""},{""name"":""AVOBENZONE"",""strength"":""2"",""unit"":""%""},{""name"":""HOMOSALATE"",""strength"":""10"",""unit"":""%""},{""name"":""OCTISALATE"",""strength"":""5"",""unit"":""%""}],""dosage_forms"":[""SPRAY, BAG-ON-VALVE""],""routes"":[""TOPICAL""],""schedule"":[""NON-PRESCRIPTION DRUGS""],""product_status"":""MARKETED"",""company"":""FRUIT OF THE EARTH, INC""}",False,0.875,compound_label_split_only,"[""dosage_forms""]","{""din"":[""02447649""],""brand_name"":""SUNSCREEN CONTINUOUS SPRAY"",""active_ingredients"":[{""name"":""OXYBENZONE"",""strength"":""3"",""unit"":""%""},{""name"":""AVOBENZONE"",""strength"":""2"",""unit"":""%""},{""name"":""HOMOSALATE"",""strength"":""10"",""unit"":""%""},{""name"":""OCTISALATE"",""strength"":""5"",""unit"":""%""}],""dosage_forms"":[""SPRAY"",""BAG-ON-VALVE""],""routes"":[""TOPICAL""],""schedule"":[""NON-PRESCRIPTION DRUGS""],""product_status"":""MARKETED"",""company"":""FRUIT OF THE EARTH, INC""}",True,1,pass,[],"{""din"":[""02447649""],""brand_name"":""SUNSCREEN CONTINUOUS SPRAY"",""active_ingredients"":[{""name"":""OXYBENZONE"",""strength"":""3"",""unit"":""%""},{""name"":""AVOBENZONE"",""strength"":""2"",""unit"":""%""},{""name"":""HOMOSALATE"",""strength"":""10"",""unit"":""%""},{""name"":""OCTISALATE"",""strength"":""5"",""unit"":""%""}],""dosage_forms"":[""SPRAY, BAG-ON-VALVE""],""routes"":[""TOPICAL""],""schedule"":[""NON-PRESCRIPTION DRUGS""],""product_status"":""MARKETED"",""company"":""FRUIT OF THE EARTH, INC""}",Adjudicate whether the rendered compound DPD label is unambiguous.
gpt_5_6_sol_only_passed,hc_dpd_37ab926b4da9aa1e_en,hc_dpd_37ab926b4da9aa1e,en,multi_ingredient,SUNSCREEN CONTINUOUS SPRAY SPF 50,"Extract drug-product facts from the Health Canada Drug Product Database source record below. Return only one JSON object with exactly the keys din, brand_name, active_ingredients, dosage_forms, routes, schedule, product_status, and company. din, dosage_forms, routes, and schedule must be lists. active_ingredients must be a list of objects with name, strength, and unit keys. Combine distinct facts from every variant and do not infer values.

DPD SOURCE RECORD (ENGLISH)

VARIANT 1
DRUG_CODE: 98514
DIN: 02495201
BRAND_NAME: SUNSCREEN CONTINUOUS SPRAY SPF 50
ACTIVE_INGREDIENTS:
- NAME=AVOBENZONE; STRENGTH=3; UNIT=%
- NAME=HOMOSALATE; STRENGTH=10; UNIT=%
- NAME=OCTOCRYLENE; STRENGTH=5; UNIT=%
- NAME=OCTISALATE; STRENGTH=5; UNIT=%
DOSAGE_FORMS: SPRAY, BAG-ON-VALVE
ROUTES: TOPICAL
SCHEDULES: NON-PRESCRIPTION DRUGS
PRODUCT_STATUS: MARKETED
COMPANY: PRIME ENTERPRISES, LLC","{""din"":[""02495201""],""brand_name"":""SUNSCREEN CONTINUOUS SPRAY SPF 50"",""active_ingredients"":[{""name"":""AVOBENZONE"",""strength"":3,""unit"":""%""},{""name"":""HOMOSALATE"",""strength"":10,""unit"":""%""},{""name"":""OCTISALATE"",""strength"":5,""unit"":""%""},{""name"":""OCTOCRYLENE"",""strength"":5,""unit"":""%""}],""dosage_forms"":[""SPRAY, BAG-ON-VALVE""],""routes"":[""TOPICAL""],""schedule"":[""NON-PRESCRIPTION DRUGS""],""product_status"":""MARKETED"",""company"":""PRIME ENTERPRISES, LLC""}","{""archive_file_id"":""dpd_marketed_archive"",""archive_members"":{""comp.txt"":[10013],""drug.txt"":[10013],""form.txt"":[10214],""ingred.txt"":[14343,14344,14345,14346],""route.txt"":[11827],""schedule.txt"":[10299],""status.txt"":[41775]},""archive_sha256"":""94c8ef8639fd07eea9c134d8ede137d77574d4ae6761955f5aa582558ec38b25"",""drug_codes"":[""98514""],""language"":""en"",""source_dataset_id"":""hc_dpd_source_snapshot"",""source_dataset_version"":""2026.7.2"",""source_manifest_sha256"":""f674732805de6a311d5882c2e7e33747a7e214beb123d9e42c944e1ad195eba0""}",False,0.875,compound_label_split_only,"[""dosage_forms""]","{""din"":[""02495201""],""brand_name"":""SUNSCREEN CONTINUOUS SPRAY SPF 50"",""active_ingredients"":[{""name"":""AVOBENZONE"",""strength"":""3"",""unit"":""%""},{""name"":""HOMOSALATE"",""strength"":""10"",""unit"":""%""},{""name"":""OCTOCRYLENE"",""strength"":""5"",""unit"":""%""},{""name"":""OCTISALATE"",""strength"":""5"",""unit"":""%""}],""dosage_forms"":[""SPRAY"",""BAG-ON-VALVE""],""routes"":[""TOPICAL""],""schedule"":[""NON-PRESCRIPTION DRUGS""],""product_status"":""MARKETED"",""company"":""PRIME ENTERPRISES, LLC""}",False,0.75,schema_and_label_split,"[""din"",""dosage_forms""]","{""din"":""02495201"",""brand_name"":""SUNSCREEN CONTINUOUS SPRAY SPF 50"",""active_ingredients"":[{""name"":""AVOBENZONE"",""strength"":""3"",""unit"":""%""},{""name"":""HOMOSALATE"",""strength"":""10"",""unit"":""%""},{""name"":""OCTOCRYLENE"",""strength"":""5"",""unit"":""%""},{""name"":""OCTISALATE"",""strength"":""5"",""unit"":""%""}],""dosage_forms"":[""SPRAY"",""BAG-ON-VALVE""],""routes"":[""TOPICAL""],""schedule"":[""NON-PRESCRIPTION DRUGS""],""product_status"":""MARKETED"",""company"":""PRIME ENTERPRISES, LLC""}",False,0.875,compound_label_split_only,"[""dosage_forms""]","{""din"":[""02495201""],""brand_name"":""SUNSCREEN CONTINUOUS SPRAY SPF 50"",""active_ingredients"":[{""name"":""AVOBENZONE"",""strength"":""3"",""unit"":""%""},{""name"":""HOMOSALATE"",""strength"":""10"",""unit"":""%""},{""name"":""OCTOCRYLENE"",""strength"":""5"",""unit"":""%""},{""name"":""OCTISALATE"",""strength"":""5"",""unit"":""%""}],""dosage_forms"":[""SPRAY"",""BAG-ON-VALVE""],""routes"":[""TOPICAL""],""schedule"":[""NON-PRESCRIPTION DRUGS""],""product_status"":""MARKETED"",""company"":""PRIME ENTERPRISES, LLC""}",True,1,pass,[],"{""din"":[""02495201""],""brand_name"":""SUNSCREEN CONTINUOUS SPRAY SPF 50"",""active_ingredients"":[{""name"":""AVOBENZONE"",""strength"":""3"",""unit"":""%""},{""name"":""HOMOSALATE"",""strength"":""10"",""unit"":""%""},{""name"":""OCTOCRYLENE"",""strength"":""5"",""unit"":""%""},{""name"":""OCTISALATE"",""strength"":""5"",""unit"":""%""}],""dosage_forms"":[""SPRAY, BAG-ON-VALVE""],""routes"":[""TOPICAL""],""schedule"":[""NON-PRESCRIPTION DRUGS""],""product_status"":""MARKETED"",""company"":""PRIME ENTERPRISES, LLC""}",Adjudicate whether the rendered compound DPD label is unambiguous.
gpt_5_6_sol_only_passed,hc_dpd_37b23d6dd978e0f6_fr,hc_dpd_37b23d6dd978e0f6,fr,single_ingredient,AMIKACIN SULFATE INJECTION,"Extrayez les faits de produit pharmaceutique du dossier source de la Base de données sur les produits pharmaceutiques de Santé Canada ci-dessous. Retournez uniquement un objet JSON avec exactement les clés din, brand_name, active_ingredients, dosage_forms, routes, schedule, product_status et company. din, dosage_forms, routes et schedule doivent être des listes. active_ingredients doit être une liste d'objets ayant les clés name, strength et unit. Regroupez les faits distincts de toutes les variantes, sans rien déduire.

DOSSIER SOURCE DPD (FRANÇAIS)

VARIANTE 1
DRUG_CODE: 97689
DIN: 02486717
NOM_COMMERCIAL: AMIKACIN SULFATE INJECTION
INGRÉDIENTS_ACTIFS:
- NOM=Amikacine (Sulfate d'amikacine); CONCENTRATION=250; UNITÉ=MG
FORMES_PHARMACEUTIQUES: Solution
VOIES_ADMINISTRATION: Intramusculaire | Intraveineuse
ANNEXES: Médicaments sur ordonnance
ÉTAT_DU_PRODUIT: COMMERCIALISÉ
ENTREPRISE: OMEGA LABORATORIES LIMITED","{""din"":[""02486717""],""brand_name"":""AMIKACIN SULFATE INJECTION"",""active_ingredients"":[{""name"":""Amikacine (Sulfate d'amikacine)"",""strength"":250,""unit"":""MG""}],""dosage_forms"":[""Solution""],""routes"":[""Intramusculaire"",""Intraveineuse""],""schedule"":[""Médicaments sur ordonnance""],""product_status"":""COMMERCIALISÉ"",""company"":""OMEGA LABORATORIES LIMITED""}","{""archive_file_id"":""dpd_marketed_archive"",""archive_members"":{""comp.txt"":[9569],""drug.txt"":[9569],""form.txt"":[9761],""ingred.txt"":[13585],""route.txt"":[11331,11332],""schedule.txt"":[9837],""status.txt"":[40691]},""archive_sha256"":""94c8ef8639fd07eea9c134d8ede137d77574d4ae6761955f5aa582558ec38b25"",""drug_codes"":[""97689""],""language"":""fr"",""source_dataset_id"":""hc_dpd_source_snapshot"",""source_dataset_version"":""2026.7.2"",""source_manifest_sha256"":""f674732805de6a311d5882c2e7e33747a7e214beb123d9e42c944e1ad195eba0""}",False,0.625,schema_type_only,"[""brand_name"",""company"",""product_status""]","{""din"":[""02486717""],""brand_name"":[""AMIKACIN SULFATE INJECTION""],""active_ingredients"":[{""name"":""Amikacine (Sulfate d'amikacine)"",""strength"":""250"",""unit"":""MG""}],""dosage_forms"":[""Solution""],""routes"":[""Intramusculaire"",""Intraveineuse""],""schedule"":[""Médicaments sur ordonnance""],""product_status"":[""COMMERCIALISÉ""],""company"":[""OMEGA LABORATORIES LIMITED""]}",True,1,pass,[],"{""din"":[""02486717""],""brand_name"":""AMIKACIN SULFATE INJECTION"",""active_ingredients"":[{""name"":""Amikacine (Sulfate d'amikacine)"",""strength"":""250"",""unit"":""MG""}],""dosage_forms"":[""Solution""],""routes"":[""Intramusculaire"",""Intraveineuse""],""schedule"":[""Médicaments sur ordonnance""],""product_status"":""COMMERCIALISÉ"",""company"":""OMEGA LABORATORIES LIMITED""}",False,0.625,schema_type_only,"[""brand_name"",""company"",""product_status""]","{""din"":[""02486717""],""brand_name"":[""AMIKACIN SULFATE INJECTION""],""active_ingredients"":[{""name"":""Amikacine (Sulfate d'amikacine)"",""strength"":""250"",""unit"":""MG""}],""dosage_forms"":[""Solution""],""routes"":[""Intramusculaire"",""Intraveineuse""],""schedule"":[""Médicaments sur ordonnance""],""product_status"":[""COMMERCIALISÉ""],""company"":[""OMEGA LABORATORIES LIMITED""]}",True,1,pass,[],"{""din"":[""02486717""],""brand_name"":""AMIKACIN SULFATE INJECTION"",""active_ingredients"":[{""name"":""Amikacine (Sulfate d'amikacine)"",""strength"":""250"",""unit"":""MG""}],""dosage_forms"":[""Solution""],""routes"":[""Intramusculaire"",""Intraveineuse""],""schedule"":[""Médicaments sur ordonnance""],""product_status"":""COMMERCIALISÉ"",""company"":""OMEGA LABORATORIES LIMITED""}",Verify the strict scalar and list JSON contract.
gpt_5_6_terra_only_passed,hc_dpd_3e3c972983718ecd_en,hc_dpd_3e3c972983718ecd,en,single_ingredient,ZOLADEX LA,"Extract drug-product facts from the Health Canada Drug Product Database source record below. Return only one JSON object with exactly the keys din, brand_name, active_ingredients, dosage_forms, routes, schedule, product_status, and company. din, dosage_forms, routes, and schedule must be lists. active_ingredients must be a list of objects with name, strength, and unit keys. Combine distinct facts from every variant and do not infer values.

DPD SOURCE RECORD (ENGLISH)

VARIANT 1
DRUG_CODE: 43433
DIN: 02225905
BRAND_NAME: ZOLADEX LA
ACTIVE_INGREDIENTS:
- NAME=GOSERELIN (GOSERELIN ACETATE); STRENGTH=10.8; UNIT=MG
DOSAGE_FORMS: IMPLANT
ROUTES: SUBCUTANEOUS
SCHEDULES: PRESCRIPTION
PRODUCT_STATUS: MARKETED
COMPANY: TERSERA THERAPEUTICS LLC","{""din"":[""02225905""],""brand_name"":""ZOLADEX LA"",""active_ingredients"":[{""name"":""GOSERELIN (GOSERELIN ACETATE)"",""strength"":10.8,""unit"":""MG""}],""dosage_forms"":[""IMPLANT""],""routes"":[""SUBCUTANEOUS""],""schedule"":[""PRESCRIPTION""],""product_status"":""MARKETED"",""company"":""TERSERA THERAPEUTICS LLC""}","{""archive_file_id"":""dpd_marketed_archive"",""archive_members"":{""comp.txt"":[1953],""drug.txt"":[1953],""form.txt"":[1969],""ingred.txt"":[2930],""route.txt"":[2320],""schedule.txt"":[1962],""status.txt"":[10389]},""archive_sha256"":""94c8ef8639fd07eea9c134d8ede137d77574d4ae6761955f5aa582558ec38b25"",""drug_codes"":[""43433""],""language"":""en"",""source_dataset_id"":""hc_dpd_source_snapshot"",""source_dataset_version"":""2026.7.2"",""source_manifest_sha256"":""f674732805de6a311d5882c2e7e33747a7e214beb123d9e42c944e1ad195eba0""}",True,1,pass,[],"{""din"":[""02225905""],""brand_name"":""ZOLADEX LA"",""active_ingredients"":[{""name"":""GOSERELIN (GOSERELIN ACETATE)"",""strength"":""10.8"",""unit"":""MG""}],""dosage_forms"":[""IMPLANT""],""routes"":[""SUBCUTANEOUS""],""schedule"":[""PRESCRIPTION""],""product_status"":""MARKETED"",""company"":""TERSERA THERAPEUTICS LLC""}",True,1,pass,[],"{""din"":[""02225905""],""brand_name"":""ZOLADEX LA"",""active_ingredients"":[{""name"":""GOSERELIN (GOSERELIN ACETATE)"",""strength"":""10.8"",""unit"":""MG""}],""dosage_forms"":[""IMPLANT""],""routes"":[""SUBCUTANEOUS""],""schedule"":[""PRESCRIPTION""],""product_status"":""MARKETED"",""company"":""TERSERA THERAPEUTICS LLC""}",True,1,pass,[],"{""din"":[""02225905""],""brand_name"":""ZOLADEX LA"",""active_ingredients"":[{""name"":""GOSERELIN (GOSERELIN ACETATE)"",""strength"":""10.8"",""unit"":""MG""}],""dosage_forms"":[""IMPLANT""],""routes"":[""SUBCUTANEOUS""],""schedule"":[""PRESCRIPTION""],""product_status"":""MARKETED"",""company"":""TERSERA THERAPEUTICS LLC""}",False,0.875,text_or_value_error,"[""company""]","{""din"":[""02225905""],""brand_name"":""ZOLADEX LA"",""active_ingredients"":[{""name"":""GOSERELIN (GOSERELIN ACETATE)"",""strength"":""10.8"",""unit"":""MG""}],""dosage_forms"":[""IMPLANT""],""routes"":[""SUBCUTANEOUS""],""schedule"":[""PRESCRIPTION""],""product_status"":""MARKETED"",""company"":""TERSERА THERAPEUTICS LLC""}",Compare the transcription with the frozen source label.
gpt_5_6_terra_only_passed,hc_dpd_3e3c972983718ecd_fr,hc_dpd_3e3c972983718ecd,fr,single_ingredient,ZOLADEX LA,"Extrayez les faits de produit pharmaceutique du dossier source de la Base de données sur les produits pharmaceutiques de Santé Canada ci-dessous. Retournez uniquement un objet JSON avec exactement les clés din, brand_name, active_ingredients, dosage_forms, routes, schedule, product_status et company. din, dosage_forms, routes et schedule doivent être des listes. active_ingredients doit être une liste d'objets ayant les clés name, strength et unit. Regroupez les faits distincts de toutes les variantes, sans rien déduire.

DOSSIER SOURCE DPD (FRANÇAIS)

VARIANTE 1
DRUG_CODE: 43433
DIN: 02225905
NOM_COMMERCIAL: ZOLADEX LA
INGRÉDIENTS_ACTIFS:
- NOM=GosérélinE (Acétate de goséréline); CONCENTRATION=10.8; UNITÉ=MG
FORMES_PHARMACEUTIQUES: Implant
VOIES_ADMINISTRATION: Sous-cutanée
ANNEXES: Médicaments sur ordonnance
ÉTAT_DU_PRODUIT: COMMERCIALISÉ
ENTREPRISE: TERSERA THERAPEUTICS LLC","{""din"":[""02225905""],""brand_name"":""ZOLADEX LA"",""active_ingredients"":[{""name"":""GosérélinE (Acétate de goséréline)"",""strength"":10.8,""unit"":""MG""}],""dosage_forms"":[""Implant""],""routes"":[""Sous-cutanée""],""schedule"":[""Médicaments sur ordonnance""],""product_status"":""COMMERCIALISÉ"",""company"":""TERSERA THERAPEUTICS LLC""}","{""archive_file_id"":""dpd_marketed_archive"",""archive_members"":{""comp.txt"":[1953],""drug.txt"":[1953],""form.txt"":[1969],""ingred.txt"":[2930],""route.txt"":[2320],""schedule.txt"":[1962],""status.txt"":[10389]},""archive_sha256"":""94c8ef8639fd07eea9c134d8ede137d77574d4ae6761955f5aa582558ec38b25"",""drug_codes"":[""43433""],""language"":""fr"",""source_dataset_id"":""hc_dpd_source_snapshot"",""source_dataset_version"":""2026.7.2"",""source_manifest_sha256"":""f674732805de6a311d5882c2e7e33747a7e214beb123d9e42c944e1ad195eba0""}",True,1,pass,[],"{""din"":[""02225905""],""brand_name"":""ZOLADEX LA"",""active_ingredients"":[{""name"":""GosérélinE (Acétate de goséréline)"",""strength"":""10.8"",""unit"":""MG""}],""dosage_forms"":[""Implant""],""routes"":[""Sous-cutanée""],""schedule"":[""Médicaments sur ordonnance""],""product_status"":""COMMERCIALISÉ"",""company"":""TERSERA THERAPEUTICS LLC""}",True,1,pass,[],"{""din"":[""02225905""],""brand_name"":""ZOLADEX LA"",""active_ingredients"":[{""name"":""GosérélinE (Acétate de goséréline)"",""strength"":""10.8"",""unit"":""MG""}],""dosage_forms"":[""Implant""],""routes"":[""Sous-cutanée""],""schedule"":[""Médicaments sur ordonnance""],""product_status"":""COMMERCIALISÉ"",""company"":""TERSERA THERAPEUTICS LLC""}",True,1,pass,[],"{""din"":[""02225905""],""brand_name"":""ZOLADEX LA"",""active_ingredients"":[{""name"":""GosérélinE (Acétate de goséréline)"",""strength"":""10.8"",""unit"":""MG""}],""dosage_forms"":[""Implant""],""routes"":[""Sous-cutanée""],""schedule"":[""Médicaments sur ordonnance""],""product_status"":""COMMERCIALISÉ"",""company"":""TERSERA THERAPEUTICS LLC""}",False,0.875,text_or_value_error,"[""company""]","{""din"":[""02225905""],""brand_name"":""ZOLADEX LA"",""active_ingredients"":[{""name"":""GosérélinE (Acétate de goséréline)"",""strength"":""10.8"",""unit"":""MG""}],""dosage_forms"":[""Implant""],""routes"":[""Sous-cutanée""],""schedule"":[""Médicaments sur ordonnance""],""product_status"":""COMMERCIALISÉ"",""company"":""TERSERА THERAPEUTICS LLC""}",Compare the transcription with the frozen source label.
gpt_5_6_sol_only_passed,hc_dpd_40b574fa64c87b42_en,hc_dpd_40b574fa64c87b42,en,multi_ingredient,ACID CONCENTRATE D12290,"Extract drug-product facts from the Health Canada Drug Product Database source record below. Return only one JSON object with exactly the keys din, brand_name, active_ingredients, dosage_forms, routes, schedule, product_status, and company. din, dosage_forms, routes, and schedule must be lists. active_ingredients must be a list of objects with name, strength, and unit keys. Combine distinct facts from every variant and do not infer values.

DPD SOURCE RECORD (ENGLISH)

VARIANT 1
DRUG_CODE: 20041
DIN: 02217643
BRAND_NAME: ACID CONCENTRATE D12290
ACTIVE_INGREDIENTS:
- NAME=DEXTROSE; STRENGTH=90; UNIT=G
- NAME=ACETIC ACID; STRENGTH=10.8; UNIT=G
- NAME=MAGNESIUM CHLORIDE; STRENGTH=1.61; UNIT=G
- NAME=CALCIUM CHLORIDE; STRENGTH=7.48; UNIT=G
- NAME=POTASSIUM CHLORIDE; STRENGTH=10; UNIT=G
- NAME=SODIUM CHLORIDE; STRENGTH=263; UNIT=G
DOSAGE_FORMS: SOLUTION
ROUTES: HAEMODIALYSIS
SCHEDULES: ETHICAL
PRODUCT_STATUS: MARKETED
COMPANY: VANTIVE ULC","{""din"":[""02217643""],""brand_name"":""ACID CONCENTRATE D12290"",""active_ingredients"":[{""name"":""ACETIC ACID"",""strength"":10.8,""unit"":""G""},{""name"":""CALCIUM CHLORIDE"",""strength"":7.48,""unit"":""G""},{""name"":""DEXTROSE"",""strength"":90,""unit"":""G""},{""name"":""MAGNESIUM CHLORIDE"",""strength"":1.61,""unit"":""G""},{""name"":""POTASSIUM CHLORIDE"",""strength"":10,""unit"":""G""},{""name"":""SODIUM CHLORIDE"",""strength"":263,""unit"":""G""}],""dosage_forms"":[""SOLUTION""],""routes"":[""HAEMODIALYSIS""],""schedule"":[""ETHICAL""],""product_status"":""MARKETED"",""company"":""VANTIVE ULC""}","{""archive_file_id"":""dpd_marketed_archive"",""archive_members"":{""comp.txt"":[1676],""drug.txt"":[1676],""form.txt"":[1685],""ingred.txt"":[2465,2466,2467,2468,2469,2470],""route.txt"":[1983],""schedule.txt"":[1684],""status.txt"":[8676]},""archive_sha256"":""94c8ef8639fd07eea9c134d8ede137d77574d4ae6761955f5aa582558ec38b25"",""drug_codes"":[""20041""],""language"":""en"",""source_dataset_id"":""hc_dpd_source_snapshot"",""source_dataset_version"":""2026.7.2"",""source_manifest_sha256"":""f674732805de6a311d5882c2e7e33747a7e214beb123d9e42c944e1ad195eba0""}",True,1,pass,[],"{""din"":[""02217643""],""brand_name"":""ACID CONCENTRATE D12290"",""active_ingredients"":[{""name"":""DEXTROSE"",""strength"":""90"",""unit"":""G""},{""name"":""ACETIC ACID"",""strength"":""10.8"",""unit"":""G""},{""name"":""MAGNESIUM CHLORIDE"",""strength"":""1.61"",""unit"":""G""},{""name"":""CALCIUM CHLORIDE"",""strength"":""7.48"",""unit"":""G""},{""name"":""POTASSIUM CHLORIDE"",""strength"":""10"",""unit"":""G""},{""name"":""SODIUM CHLORIDE"",""strength"":""263"",""unit"":""G""}],""dosage_forms"":[""SOLUTION""],""routes"":[""HAEMODIALYSIS""],""schedule"":[""ETHICAL""],""product_status"":""MARKETED"",""company"":""VANTIVE ULC""}",True,1,pass,[],"{""din"":[""02217643""],""brand_name"":""ACID CONCENTRATE D12290"",""active_ingredients"":[{""name"":""DEXTROSE"",""strength"":""90"",""unit"":""G""},{""name"":""ACETIC ACID"",""strength"":""10.8"",""unit"":""G""},{""name"":""MAGNESIUM CHLORIDE"",""strength"":""1.61"",""unit"":""G""},{""name"":""CALCIUM CHLORIDE"",""strength"":""7.48"",""unit"":""G""},{""name"":""POTASSIUM CHLORIDE"",""strength"":""10"",""unit"":""G""},{""name"":""SODIUM CHLORIDE"",""strength"":""263"",""unit"":""G""}],""dosage_forms"":[""SOLUTION""],""routes"":[""HAEMODIALYSIS""],""schedule"":[""ETHICAL""],""product_status"":""MARKETED"",""company"":""VANTIVE ULC""}",False,0.875,text_or_value_error,"[""brand_name""]","{""din"":[""02217643""],""brand_name"":""ACID CONCENTATE D12290"",""active_ingredients"":[{""name"":""DEXTROSE"",""strength"":""90"",""unit"":""G""},{""name"":""ACETIC ACID"",""strength"":""10.8"",""unit"":""G""},{""name"":""MAGNESIUM CHLORIDE"",""strength"":""1.61"",""unit"":""G""},{""name"":""CALCIUM CHLORIDE"",""strength"":""7.48"",""unit"":""G""},{""name"":""POTASSIUM CHLORIDE"",""strength"":""10"",""unit"":""G""},{""name"":""SODIUM CHLORIDE"",""strength"":""263"",""unit"":""G""}],""dosage_forms"":[""SOLUTION""],""routes"":[""HAEMODIALYSIS""],""schedule"":[""ETHICAL""],""product_status"":""MARKETED"",""company"":""VANTIVE ULC""}",True,1,pass,[],"{""din"":[""02217643""],""brand_name"":""ACID CONCENTRATE D12290"",""active_ingredients"":[{""name"":""DEXTROSE"",""strength"":""90"",""unit"":""G""},{""name"":""ACETIC ACID"",""strength"":""10.8"",""unit"":""G""},{""name"":""MAGNESIUM CHLORIDE"",""strength"":""1.61"",""unit"":""G""},{""name"":""CALCIUM CHLORIDE"",""strength"":""7.48"",""unit"":""G""},{""name"":""POTASSIUM CHLORIDE"",""strength"":""10"",""unit"":""G""},{""name"":""SODIUM CHLORIDE"",""strength"":""263"",""unit"":""G""}],""dosage_forms"":[""SOLUTION""],""routes"":[""HAEMODIALYSIS""],""schedule"":[""ETHICAL""],""product_status"":""MARKETED"",""company"":""VANTIVE ULC""}",Compare the transcription with the frozen source label.
gpt_5_6_sol_only_passed,hc_dpd_44b8aa41b04e55a9_fr,hc_dpd_44b8aa41b04e55a9,fr,single_ingredient,"DOXORUBICIN INJECTION, BP","Extrayez les faits de produit pharmaceutique du dossier source de la Base de données sur les produits pharmaceutiques de Santé Canada ci-dessous. Retournez uniquement un objet JSON avec exactement les clés din, brand_name, active_ingredients, dosage_forms, routes, schedule, product_status et company. din, dosage_forms, routes et schedule doivent être des listes. active_ingredients doit être une liste d'objets ayant les clés name, strength et unit. Regroupez les faits distincts de toutes les variantes, sans rien déduire.

DOSSIER SOURCE DPD (FRANÇAIS)

VARIANTE 1
DRUG_CODE: 86785
DIN: 02381982
NOM_COMMERCIAL: DOXORUBICIN INJECTION, BP
INGRÉDIENTS_ACTIFS:
- NOM=Chlorhydrate de doxorubicine; CONCENTRATION=2; UNITÉ=MG
FORMES_PHARMACEUTIQUES: Solution
VOIES_ADMINISTRATION: Intraveineuse | Intravésicale
ANNEXES: Médicaments sur ordonnance
ÉTAT_DU_PRODUIT: COMMERCIALISÉ
ENTREPRISE: ACCORD HEALTHCARE INC","{""din"":[""02381982""],""brand_name"":""DOXORUBICIN INJECTION, BP"",""active_ingredients"":[{""name"":""Chlorhydrate de doxorubicine"",""strength"":2,""unit"":""MG""}],""dosage_forms"":[""Solution""],""routes"":[""Intraveineuse"",""Intravésicale""],""schedule"":[""Médicaments sur ordonnance""],""product_status"":""COMMERCIALISÉ"",""company"":""ACCORD HEALTHCARE INC""}","{""archive_file_id"":""dpd_marketed_archive"",""archive_members"":{""comp.txt"":[5888],""drug.txt"":[5888],""form.txt"":[5962],""ingred.txt"":[8473],""route.txt"":[6982,6983],""schedule.txt"":[5993],""status.txt"":[28616]},""archive_sha256"":""94c8ef8639fd07eea9c134d8ede137d77574d4ae6761955f5aa582558ec38b25"",""drug_codes"":[""86785""],""language"":""fr"",""source_dataset_id"":""hc_dpd_source_snapshot"",""source_dataset_version"":""2026.7.2"",""source_manifest_sha256"":""f674732805de6a311d5882c2e7e33747a7e214beb123d9e42c944e1ad195eba0""}",True,1,pass,[],"{""din"":[""02381982""],""brand_name"":""DOXORUBICIN INJECTION, BP"",""active_ingredients"":[{""name"":""Chlorhydrate de doxorubicine"",""strength"":""2"",""unit"":""MG""}],""dosage_forms"":[""Solution""],""routes"":[""Intraveineuse"",""Intravésicale""],""schedule"":[""Médicaments sur ordonnance""],""product_status"":""COMMERCIALISÉ"",""company"":""ACCORD HEALTHCARE INC""}",True,1,pass,[],"{""din"":[""02381982""],""brand_name"":""DOXORUBICIN INJECTION, BP"",""active_ingredients"":[{""name"":""Chlorhydrate de doxorubicine"",""strength"":""2"",""unit"":""MG""}],""dosage_forms"":[""Solution""],""routes"":[""Intraveineuse"",""Intravésicale""],""schedule"":[""Médicaments sur ordonnance""],""product_status"":""COMMERCIALISÉ"",""company"":""ACCORD HEALTHCARE INC""}",False,0.875,text_or_value_error,"[""routes""]","{""din"":[""02381982""],""brand_name"":""DOXORUBICIN INJECTION, BP"",""active_ingredients"":[{""name"":""Chlorhydrate de doxorubicine"",""strength"":""2"",""unit"":""MG""}],""dosage_forms"":[""Solution""],""routes"":[""Intraveineuse"",""Intrésicale""],""schedule"":[""Médicaments sur ordonnance""],""product_status"":""COMMERCIALISÉ"",""company"":""ACCORD HEALTHCARE INC""}",True,1,pass,[],"{""din"":[""02381982""],""brand_name"":""DOXORUBICIN INJECTION, BP"",""active_ingredients"":[{""name"":""Chlorhydrate de doxorubicine"",""strength"":""2"",""unit"":""MG""}],""dosage_forms"":[""Solution""],""routes"":[""Intraveineuse"",""Intravésicale""],""schedule"":[""Médicaments sur ordonnance""],""product_status"":""COMMERCIALISÉ"",""company"":""ACCORD HEALTHCARE INC""}",Compare the transcription with the frozen source label.
gpt_5_6_sol_only_passed,hc_dpd_459fc0afa213da7b_en,hc_dpd_459fc0afa213da7b,en,multi_ingredient,COOLA CLEAR SUNSCREEN SPRAY FRAGRANCE FREE,"Extract drug-product facts from the Health Canada Drug Product Database source record below. Return only one JSON object with exactly the keys din, brand_name, active_ingredients, dosage_forms, routes, schedule, product_status, and company. din, dosage_forms, routes, and schedule must be lists. active_ingredients must be a list of objects with name, strength, and unit keys. Combine distinct facts from every variant and do not infer values.

DPD SOURCE RECORD (ENGLISH)

VARIANT 1
DRUG_CODE: 99934
DIN: 02510081
BRAND_NAME: COOLA CLEAR SUNSCREEN SPRAY FRAGRANCE FREE
ACTIVE_INGREDIENTS:
- NAME=AVOBENZONE; STRENGTH=2.9; UNIT=%
- NAME=HOMOSALATE; STRENGTH=4.3; UNIT=%
- NAME=OCTOCRYLENE; STRENGTH=9.5; UNIT=%
- NAME=OCTISALATE; STRENGTH=4.9; UNIT=%
DOSAGE_FORMS: SPRAY, BAG-ON-VALVE
ROUTES: TOPICAL
SCHEDULES: NON-PRESCRIPTION DRUGS
PRODUCT_STATUS: MARKETED
COMPANY: COOLA LLC","{""din"":[""02510081""],""brand_name"":""COOLA CLEAR SUNSCREEN SPRAY FRAGRANCE FREE"",""active_ingredients"":[{""name"":""AVOBENZONE"",""strength"":2.9,""unit"":""%""},{""name"":""HOMOSALATE"",""strength"":4.3,""unit"":""%""},{""name"":""OCTISALATE"",""strength"":4.9,""unit"":""%""},{""name"":""OCTOCRYLENE"",""strength"":9.5,""unit"":""%""}],""dosage_forms"":[""SPRAY, BAG-ON-VALVE""],""routes"":[""TOPICAL""],""schedule"":[""NON-PRESCRIPTION DRUGS""],""product_status"":""MARKETED"",""company"":""COOLA LLC""}","{""archive_file_id"":""dpd_marketed_archive"",""archive_members"":{""comp.txt"":[10730],""drug.txt"":[10730],""form.txt"":[10965],""ingred.txt"":[15520,15521,15522,15523],""route.txt"":[12877],""schedule.txt"":[11056],""status.txt"":[43570]},""archive_sha256"":""94c8ef8639fd07eea9c134d8ede137d77574d4ae6761955f5aa582558ec38b25"",""drug_codes"":[""99934""],""language"":""en"",""source_dataset_id"":""hc_dpd_source_snapshot"",""source_dataset_version"":""2026.7.2"",""source_manifest_sha256"":""f674732805de6a311d5882c2e7e33747a7e214beb123d9e42c944e1ad195eba0""}",False,0.875,compound_label_split_only,"[""dosage_forms""]","{""din"":[""02510081""],""brand_name"":""COOLA CLEAR SUNSCREEN SPRAY FRAGRANCE FREE"",""active_ingredients"":[{""name"":""AVOBENZONE"",""strength"":""2.9"",""unit"":""%""},{""name"":""HOMOSALATE"",""strength"":""4.3"",""unit"":""%""},{""name"":""OCTOCRYLENE"",""strength"":""9.5"",""unit"":""%""},{""name"":""OCTISALATE"",""strength"":""4.9"",""unit"":""%""}],""dosage_forms"":[""SPRAY"",""BAG-ON-VALVE""],""routes"":[""TOPICAL""],""schedule"":[""NON-PRESCRIPTION DRUGS""],""product_status"":""MARKETED"",""company"":""COOLA LLC""}",False,0.875,compound_label_split_only,"[""dosage_forms""]","{""din"":[""02510081""],""brand_name"":""COOLA CLEAR SUNSCREEN SPRAY FRAGRANCE FREE"",""active_ingredients"":[{""name"":""AVOBENZONE"",""strength"":""2.9"",""unit"":""%""},{""name"":""HOMOSALATE"",""strength"":""4.3"",""unit"":""%""},{""name"":""OCTOCRYLENE"",""strength"":""9.5"",""unit"":""%""},{""name"":""OCTISALATE"",""strength"":""4.9"",""unit"":""%""}],""dosage_forms"":[""SPRAY"",""BAG-ON-VALVE""],""routes"":[""TOPICAL""],""schedule"":[""NON-PRESCRIPTION DRUGS""],""product_status"":""MARKETED"",""company"":""COOLA LLC""}",False,0.875,compound_label_split_only,"[""dosage_forms""]","{""din"":[""02510081""],""brand_name"":""COOLA CLEAR SUNSCREEN SPRAY FRAGRANCE FREE"",""active_ingredients"":[{""name"":""AVOBENZONE"",""strength"":""2.9"",""unit"":""%""},{""name"":""HOMOSALATE"",""strength"":""4.3"",""unit"":""%""},{""name"":""OCTOCRYLENE"",""strength"":""9.5"",""unit"":""%""},{""name"":""OCTISALATE"",""strength"":""4.9"",""unit"":""%""}],""dosage_forms"":[""SPRAY"",""BAG-ON-VALVE""],""routes"":[""TOPICAL""],""schedule"":[""NON-PRESCRIPTION DRUGS""],""product_status"":""MARKETED"",""company"":""COOLA LLC""}",True,1,pass,[],"{""din"":[""02510081""],""brand_name"":""COOLA CLEAR SUNSCREEN SPRAY FRAGRANCE FREE"",""active_ingredients"":[{""name"":""AVOBENZONE"",""strength"":""2.9"",""unit"":""%""},{""name"":""HOMOSALATE"",""strength"":""4.3"",""unit"":""%""},{""name"":""OCTOCRYLENE"",""strength"":""9.5"",""unit"":""%""},{""name"":""OCTISALATE"",""strength"":""4.9"",""unit"":""%""}],""dosage_forms"":[""SPRAY, BAG-ON-VALVE""],""routes"":[""TOPICAL""],""schedule"":[""NON-PRESCRIPTION DRUGS""],""product_status"":""MARKETED"",""company"":""COOLA LLC""}",Adjudicate whether the rendered compound DPD label is unambiguous.
gpt_5_6_terra_only_passed,hc_dpd_464e4967d555d027_en,hc_dpd_464e4967d555d027,en,multi_ingredient,CAPVAXIVE,"Extract drug-product facts from the Health Canada Drug Product Database source record below. Return only one JSON object with exactly the keys din, brand_name, active_ingredients, dosage_forms, routes, schedule, product_status, and company. din, dosage_forms, routes, and schedule must be lists. active_ingredients must be a list of objects with name, strength, and unit keys. Combine distinct facts from every variant and do not infer values.

DPD SOURCE RECORD (ENGLISH)

VARIANT 1
DRUG_CODE: 103871
DIN: 02549891
BRAND_NAME: CAPVAXIVE
ACTIVE_INGREDIENTS:
- NAME=CORYNEBACTERIUM DIPHTHERIAE CRM-197 PROTEIN; STRENGTH=65; UNIT=MCG
- NAME=PNEUMOCOCCAL POLYSACCHARIDE SEROTYPE 3; STRENGTH=4; UNIT=MCG
- NAME=PNEUMOCOCCAL POLYSACCHARIDE SEROTYPE 6A; STRENGTH=4; UNIT=MCG
- NAME=PNEUMOCOCCAL POLYSACCHARIDE SEROTYPE 7F; STRENGTH=4; UNIT=MCG
- NAME=PNEUMOCOCCAL POLYSACCHARIDE SEROTYPE 8; STRENGTH=4; UNIT=MCG
- NAME=PNEUMOCOCCAL POLYSACCHARIDE SEROTYPE 9N; STRENGTH=4; UNIT=MCG
- NAME=PNEUMOCOCCAL POLYSACCHARIDE SEROTYPE 10A; STRENGTH=4; UNIT=MCG
- NAME=PNEUMOCOCCAL POLYSACCHARIDE SEROTYPE 11A; STRENGTH=4; UNIT=MCG
- NAME=PNEUMOCOCCAL POLYSACCHARIDE SEROTYPE 12F; STRENGTH=4; UNIT=MCG
- NAME=PNEUMOCOCCAL POLYSACCHARIDE SEROTYPE 17F; STRENGTH=4; UNIT=MCG
- NAME=PNEUMOCOCCAL POLYSACCHARIDE SEROTYPE 19A; STRENGTH=4; UNIT=MCG
- NAME=PNEUMOCOCCAL POLYSACCHARIDE SEROTYPE 22F; STRENGTH=4; UNIT=MCG
- NAME=PNEUMOCOCCAL POLYSACCHARIDE SEROTYPE 33F; STRENGTH=4; UNIT=MCG
- NAME=PNEUMOCOCCAL POLYSACCHARIDE SEROTYPE 15A; STRENGTH=4; UNIT=MCG
- NAME=PNEUMOCOCCAL POLYSACCHARIDE SEROTYPE DEOAC15B; STRENGTH=4; UNIT=MCG
- NAME=PNEUMOCOCCAL POLYSACCHARIDE SEROTYPE 16F; STRENGTH=4; UNIT=MCG
- NAME=PNEUMOCOCCAL POLYSACCHARIDE SEROTYPE 20A; STRENGTH=4; UNIT=MCG
- NAME=PNEUMOCOCCAL POLYSACCHARIDE SEROTYPE 23A; STRENGTH=4; UNIT=MCG
- NAME=PNEUMOCOCCAL POLYSACCHARIDE SEROTYPE 23B; STRENGTH=4; UNIT=MCG
- NAME=PNEUMOCOCCAL POLYSACCHARIDE SEROTYPE 24F; STRENGTH=4; UNIT=MCG
- NAME=PNEUMOCOCCAL POLYSACCHARIDE SEROTYPE 31; STRENGTH=4; UNIT=MCG
- NAME=PNEUMOCOCCAL POLYSACCHARIDE SEROTYPE 35B; STRENGTH=4; UNIT=MCG
DOSAGE_FORMS: SOLUTION
ROUTES: INTRAMUSCULAR
SCHEDULES: SCHEDULE D
PRODUCT_STATUS: MARKETED
COMPANY: MERCK CANADA INC","{""din"":[""02549891""],""brand_name"":""CAPVAXIVE"",""active_ingredients"":[{""name"":""CORYNEBACTERIUM DIPHTHERIAE CRM-197 PROTEIN"",""strength"":65,""unit"":""MCG""},{""name"":""PNEUMOCOCCAL POLYSACCHARIDE SEROTYPE 10A"",""strength"":4,""unit"":""MCG""},{""name"":""PNEUMOCOCCAL POLYSACCHARIDE SEROTYPE 11A"",""strength"":4,""unit"":""MCG""},{""name"":""PNEUMOCOCCAL POLYSACCHARIDE SEROTYPE 12F"",""strength"":4,""unit"":""MCG""},{""name"":""PNEUMOCOCCAL POLYSACCHARIDE SEROTYPE 15A"",""strength"":4,""unit"":""MCG""},{""name"":""PNEUMOCOCCAL POLYSACCHARIDE SEROTYPE 16F"",""strength"":4,""unit"":""MCG""},{""name"":""PNEUMOCOCCAL POLYSACCHARIDE SEROTYPE 17F"",""strength"":4,""unit"":""MCG""},{""name"":""PNEUMOCOCCAL POLYSACCHARIDE SEROTYPE 19A"",""strength"":4,""unit"":""MCG""},{""name"":""PNEUMOCOCCAL POLYSACCHARIDE SEROTYPE 20A"",""strength"":4,""unit"":""MCG""},{""name"":""PNEUMOCOCCAL POLYSACCHARIDE SEROTYPE 22F"",""strength"":4,""unit"":""MCG""},{""name"":""PNEUMOCOCCAL POLYSACCHARIDE SEROTYPE 23A"",""strength"":4,""unit"":""MCG""},{""name"":""PNEUMOCOCCAL POLYSACCHARIDE SEROTYPE 23B"",""strength"":4,""unit"":""MCG""},{""name"":""PNEUMOCOCCAL POLYSACCHARIDE SEROTYPE 24F"",""strength"":4,""unit"":""MCG""},{""name"":""PNEUMOCOCCAL POLYSACCHARIDE SEROTYPE 3"",""strength"":4,""unit"":""MCG""},{""name"":""PNEUMOCOCCAL POLYSACCHARIDE SEROTYPE 31"",""strength"":4,""unit"":""MCG""},{""name"":""PNEUMOCOCCAL POLYSACCHARIDE SEROTYPE 33F"",""strength"":4,""unit"":""MCG""},{""name"":""PNEUMOCOCCAL POLYSACCHARIDE SEROTYPE 35B"",""strength"":4,""unit"":""MCG""},{""name"":""PNEUMOCOCCAL POLYSACCHARIDE SEROTYPE 6A"",""strength"":4,""unit"":""MCG""},{""name"":""PNEUMOCOCCAL POLYSACCHARIDE SEROTYPE 7F"",""strength"":4,""unit"":""MCG""},{""name"":""PNEUMOCOCCAL POLYSACCHARIDE SEROTYPE 8"",""strength"":4,""unit"":""MCG""},{""name"":""PNEUMOCOCCAL POLYSACCHARIDE SEROTYPE 9N"",""strength"":4,""unit"":""MCG""},{""name"":""PNEUMOCOCCAL POLYSACCHARIDE SEROTYPE DEOAC15B"",""strength"":4,""unit"":""MCG""}],""dosage_forms"":[""SOLUTION""],""routes"":[""INTRAMUSCULAR""],""schedule"":[""SCHEDULE D""],""product_status"":""MARKETED"",""company"":""MERCK CANADA INC""}","{""archive_file_id"":""dpd_marketed_archive"",""archive_members"":{""comp.txt"":[12855],""drug.txt"":[12855],""form.txt"":[13144],""ingred.txt"":[18650,18651,18652,18653,18654,18655,18656,18657,18658,18659,18660,18661,18662,18663,18664,18665,18666,18667,18668,18669,18670,18671],""route.txt"":[15419],""schedule.txt"":[13326],""status.txt"":[48313]},""archive_sha256"":""94c8ef8639fd07eea9c134d8ede137d77574d4ae6761955f5aa582558ec38b25"",""drug_codes"":[""103871""],""language"":""en"",""source_dataset_id"":""hc_dpd_source_snapshot"",""source_dataset_version"":""2026.7.2"",""source_manifest_sha256"":""f674732805de6a311d5882c2e7e33747a7e214beb123d9e42c944e1ad195eba0""}",True,1,pass,[],"{""din"":[""02549891""],""brand_name"":""CAPVAXIVE"",""active_ingredients"":[{""name"":""CORYNEBACTERIUM DIPHTHERIAE CRM-197 PROTEIN"",""strength"":""65"",""unit"":""MCG""},{""name"":""PNEUMOCOCCAL POLYSACCHARIDE SEROTYPE 3"",""strength"":""4"",""unit"":""MCG""},{""name"":""PNEUMOCOCCAL POLYSACCHARIDE SEROTYPE 6A"",""strength"":""4"",""unit"":""MCG""},{""name"":""PNEUMOCOCCAL POLYSACCHARIDE SEROTYPE 7F"",""strength"":""4"",""unit"":""MCG""},{""name"":""PNEUMOCOCCAL POLYSACCHARIDE SEROTYPE 8"",""strength"":""4"",""unit"":""MCG""},{""name"":""PNEUMOCOCCAL POLYSACCHARIDE SEROTYPE 9N"",""strength"":""4"",""unit"":""MCG""},{""name"":""PNEUMOCOCCAL POLYSACCHARIDE SEROTYPE 10A"",""strength"":""4"",""unit"":""MCG""},{""name"":""PNEUMOCOCCAL POLYSACCHARIDE SEROTYPE 11A"",""strength"":""4"",""unit"":""MCG""},{""name"":""PNEUMOCOCCAL POLYSACCHARIDE SEROTYPE 12F"",""strength"":""4"",""unit"":""MCG""},{""name"":""PNEUMOCOCCAL POLYSACCHARIDE SEROTYPE 17F"",""strength"":""4"",""unit"":""MCG""},{""name"":""PNEUMOCOCCAL POLYSACCHARIDE SEROTYPE 19A"",""strength"":""4"",""unit"":""MCG""},{""name"":""PNEUMOCOCCAL POLYSACCHARIDE SEROTYPE 22F"",""strength"":""4"",""unit"":""MCG""},{""name"":""PNEUMOCOCCAL POLYSACCHARIDE SEROTYPE 33F"",""strength"":""4"",""unit"":""MCG""},{""name"":""PNEUMOCOCCAL POLYSACCHARIDE SEROTYPE 15A"",""strength"":""4"",""unit"":""MCG""},{""name"":""PNEUMOCOCCAL POLYSACCHARIDE SEROTYPE DEOAC15B"",""strength"":""4"",""unit"":""MCG""},{""name"":""PNEUMOCOCCAL POLYSACCHARIDE SEROTYPE 16F"",""strength"":""4"",""unit"":""MCG""},{""name"":""PNEUMOCOCCAL POLYSACCHARIDE SEROTYPE 20A"",""strength"":""4"",""unit"":""MCG""},{""name"":""PNEUMOCOCCAL POLYSACCHARIDE SEROTYPE 23A"",""strength"":""4"",""unit"":""MCG""},{""name"":""PNEUMOCOCCAL POLYSACCHARIDE SEROTYPE 23B"",""strength"":""4"",""unit"":""MCG""},{""name"":""PNEUMOCOCCAL POLYSACCHARIDE SEROTYPE 24F"",""strength"":""4"",""unit"":""MCG""},{""name"":""PNEUMOCOCCAL POLYSACCHARIDE SEROTYPE 31"",""strength"":""4"",""unit"":""MCG""},{""name"":""PNEUMOCOCCAL POLYSACCHARIDE SEROTYPE 35B"",""strength"":""4"",""unit"":""MCG""}],""dosage_forms"":[""SOLUTION""],""routes"":[""INTRAMUSCULAR""],""schedule"":[""SCHEDULE D""],""product_status"":""MARKETED"",""company"":""MERCK CANADA INC""}",True,1,pass,[],"{""din"":[""02549891""],""brand_name"":""CAPVAXIVE"",""active_ingredients"":[{""name"":""CORYNEBACTERIUM DIPHTHERIAE CRM-197 PROTEIN"",""strength"":65,""unit"":""MCG""},{""name"":""PNEUMOCOCCAL POLYSACCHARIDE SEROTYPE 3"",""strength"":4,""unit"":""MCG""},{""name"":""PNEUMOCOCCAL POLYSACCHARIDE SEROTYPE 6A"",""strength"":4,""unit"":""MCG""},{""name"":""PNEUMOCOCCAL POLYSACCHARIDE SEROTYPE 7F"",""strength"":4,""unit"":""MCG""},{""name"":""PNEUMOCOCCAL POLYSACCHARIDE SEROTYPE 8"",""strength"":4,""unit"":""MCG""},{""name"":""PNEUMOCOCCAL POLYSACCHARIDE SEROTYPE 9N"",""strength"":4,""unit"":""MCG""},{""name"":""PNEUMOCOCCAL POLYSACCHARIDE SEROTYPE 10A"",""strength"":4,""unit"":""MCG""},{""name"":""PNEUMOCOCCAL POLYSACCHARIDE SEROTYPE 11A"",""strength"":4,""unit"":""MCG""},{""name"":""PNEUMOCOCCAL POLYSACCHARIDE SEROTYPE 12F"",""strength"":4,""unit"":""MCG""},{""name"":""PNEUMOCOCCAL POLYSACCHARIDE SEROTYPE 17F"",""strength"":4,""unit"":""MCG""},{""name"":""PNEUMOCOCCAL POLYSACCHARIDE SEROTYPE 19A"",""strength"":4,""unit"":""MCG""},{""name"":""PNEUMOCOCCAL POLYSACCHARIDE SEROTYPE 22F"",""strength"":4,""unit"":""MCG""},{""name"":""PNEUMOCOCCAL POLYSACCHARIDE SEROTYPE 33F"",""strength"":4,""unit"":""MCG""},{""name"":""PNEUMOCOCCAL POLYSACCHARIDE SEROTYPE 15A"",""strength"":4,""unit"":""MCG""},{""name"":""PNEUMOCOCCAL POLYSACCHARIDE SEROTYPE DEOAC15B"",""strength"":4,""unit"":""MCG""},{""name"":""PNEUMOCOCCAL POLYSACCHARIDE SEROTYPE 16F"",""strength"":4,""unit"":""MCG""},{""name"":""PNEUMOCOCCAL POLYSACCHARIDE SEROTYPE 20A"",""strength"":4,""unit"":""MCG""},{""name"":""PNEUMOCOCCAL POLYSACCHARIDE SEROTYPE 23A"",""strength"":4,""unit"":""MCG""},{""name"":""PNEUMOCOCCAL POLYSACCHARIDE SEROTYPE 23B"",""strength"":4,""unit"":""MCG""},{""name"":""PNEUMOCOCCAL POLYSACCHARIDE SEROTYPE 24F"",""strength"":4,""unit"":""MCG""},{""name"":""PNEUMOCOCCAL POLYSACCHARIDE SEROTYPE 31"",""strength"":4,""unit"":""MCG""},{""name"":""PNEUMOCOCCAL POLYSACCHARIDE SEROTYPE 35B"",""strength"":4,""unit"":""MCG""}],""dosage_forms"":[""SOLUTION""],""routes"":[""INTRAMUSCULAR""],""schedule"":[""SCHEDULE D""],""product_status"":""MARKETED"",""company"":""MERCK CANADA INC""}",True,1,pass,[],"{""din"":[""02549891""],""brand_name"":""CAPVAXIVE"",""active_ingredients"":[{""name"":""CORYNEBACTERIUM DIPHTHERIAE CRM-197 PROTEIN"",""strength"":""65"",""unit"":""MCG""},{""name"":""PNEUMOCOCCAL POLYSACCHARIDE SEROTYPE 3"",""strength"":""4"",""unit"":""MCG""},{""name"":""PNEUMOCOCCAL POLYSACCHARIDE SEROTYPE 6A"",""strength"":""4"",""unit"":""MCG""},{""name"":""PNEUMOCOCCAL POLYSACCHARIDE SEROTYPE 7F"",""strength"":""4"",""unit"":""MCG""},{""name"":""PNEUMOCOCCAL POLYSACCHARIDE SEROTYPE 8"",""strength"":""4"",""unit"":""MCG""},{""name"":""PNEUMOCOCCAL POLYSACCHARIDE SEROTYPE 9N"",""strength"":""4"",""unit"":""MCG""},{""name"":""PNEUMOCOCCAL POLYSACCHARIDE SEROTYPE 10A"",""strength"":""4"",""unit"":""MCG""},{""name"":""PNEUMOCOCCAL POLYSACCHARIDE SEROTYPE 11A"",""strength"":""4"",""unit"":""MCG""},{""name"":""PNEUMOCOCCAL POLYSACCHARIDE SEROTYPE 12F"",""strength"":""4"",""unit"":""MCG""},{""name"":""PNEUMOCOCCAL POLYSACCHARIDE SEROTYPE 17F"",""strength"":""4"",""unit"":""MCG""},{""name"":""PNEUMOCOCCAL POLYSACCHARIDE SEROTYPE 19A"",""strength"":""4"",""unit"":""MCG""},{""name"":""PNEUMOCOCCAL POLYSACCHARIDE SEROTYPE 22F"",""strength"":""4"",""unit"":""MCG""},{""name"":""PNEUMOCOCCAL POLYSACCHARIDE SEROTYPE 33F"",""strength"":""4"",""unit"":""MCG""},{""name"":""PNEUMOCOCCAL POLYSACCHARIDE SEROTYPE 15A"",""strength"":""4"",""unit"":""MCG""},{""name"":""PNEUMOCOCCAL POLYSACCHARIDE SEROTYPE DEOAC15B"",""strength"":""4"",""unit"":""MCG""},{""name"":""PNEUMOCOCCAL POLYSACCHARIDE SEROTYPE 16F"",""strength"":""4"",""unit"":""MCG""},{""name"":""PNEUMOCOCCAL POLYSACCHARIDE SEROTYPE 20A"",""strength"":""4"",""unit"":""MCG""},{""name"":""PNEUMOCOCCAL POLYSACCHARIDE SEROTYPE 23A"",""strength"":""4"",""unit"":""MCG""},{""name"":""PNEUMOCOCCAL POLYSACCHARIDE SEROTYPE 23B"",""strength"":""4"",""unit"":""MCG""},{""name"":""PNEUMOCOCCAL POLYSACCHARIDE SEROTYPE 24F"",""strength"":""4"",""unit"":""MCG""},{""name"":""PNEUMOCOCCAL POLYSACCHARIDE SEROTYPE 31"",""strength"":""4"",""unit"":""MCG""},{""name"":""PNEUMOCOCCAL POLYSACCHARIDE SEROTYPE 35B"",""strength"":""4"",""unit"":""MCG""}],""dosage_forms"":[""SOLUTION""],""routes"":[""INTRAMUSCULAR""],""schedule"":[""SCHEDULE D""],""product_status"":""MARKETED"",""company"":""MERCK CANADA INC""}",False,0.875,text_or_value_error,"[""active_ingredients""]","{""din"":[""02549891""],""brand_name"":""CAPVAXIVE"",""active_ingredients"":[{""name"":""CORYNEBACTERIUM DIPHTHERIAE CRM-197 PROTEIN"",""strength"":""65"",""unit"":""MCG""},{""name"":""PNEUMOCOCCAL POLYSACCHARIDE SEROTYPE 3"",""strength"":""4"",""unit"":""MCG""},{""name"":""PNEUMOCOCCAL POLYSACCHARIDE SEROTYPE 6A"",""strength"":""4"",""unit"":""MCG""},{""name"":""PNEUMOCOCCAL POLYSACCHARIDE SEROTYPE 7F"",""strength"":""4"",""unit"":""MCG""},{""name"":""PNEUMOCOCCAL POLYSACCHARIDE SEROTYPE 8"",""strength"":""4"",""unit"":""MCG""},{""name"":""PNEUMOCOCCAL POLYSACCHARIDE SEROTYPE 9N"",""strength"":""4"",""unit"":""MCG""},{""name"":""PNEUMOCOCCAL POLYSACCHARIDE SEROTYPE 10A"",""strength"":""4"",""unit"":""MCG""},{""name"":""PNEUMOCOCCAL POLACCHARIDE SEROTYPE 11A"",""strength"":""4"",""unit"":""MCG""},{""name"":""PNEUMOCOCCAL POLYSACCHARIDE SEROTYPE 12F"",""strength"":""4"",""unit"":""MCG""},{""name"":""PNEUMOCOCCAL POLYSACCHARIDE SEROTYPE 17F"",""strength"":""4"",""unit"":""MCG""},{""name"":""PNEUMOCOCCAL POLYSACCHARIDE SEROTYPE 19A"",""strength"":""4"",""unit"":""MCG""},{""name"":""PNEUMOCOCCAL POLYSACCHARIDE SEROTYPE 22F"",""strength"":""4"",""unit"":""MCG""},{""name"":""PNEUMOCOCCAL POLYSACCHARIDE SEROTYPE 33F"",""strength"":""4"",""unit"":""MCG""},{""name"":""PNEUMOCOCCAL POLYSACCHARIDE SEROTYPE 15A"",""strength"":""4"",""unit"":""MCG""},{""name"":""PNEUMOCOCCAL POLYSACCHARIDE SEROTYPE DEOAC15B"",""strength"":""4"",""unit"":""MCG""},{""name"":""PNEUMOCOCCAL POLYSACCHARIDE SEROTYPE 16F"",""strength"":""4"",""unit"":""MCG""},{""name"":""PNEUMOCOCCAL POLYSACCHARIDE SEROTYPE 20A"",""strength"":""4"",""unit"":""MCG""},{""name"":""PNEUMOCOCCAL POLYSACCHARIDE SEROTYPE 23A"",""strength"":""4"",""unit"":""MCG""},{""name"":""PNEUMOCOCCAL POLYSACCHARIDE SEROTYPE 23B"",""strength"":""4"",""unit"":""MCG""},{""name"":""PNEUMOCOCCAL POLYSACCHARIDE SEROTYPE 24F"",""strength"":""4"",""unit"":""MCG""},{""name"":""PNEUMOCOCCAL POLYSACCHARIDE SEROTYPE 31"",""strength"":""4"",""unit"":""MCG""},{""name"":""PNEUMOCOCCAL POLYSACCHARIDE SEROTYPE 35B"",""strength"":""4"",""unit"":""MCG""}],""dosage_forms"":[""SOLUTION""],""routes"":[""INTRAMUSCULAR""],""schedule"":[""SCHEDULE D""],""product_status"":""MARKETED"",""company"":""MERCK CANADA INC""}",Compare the transcription with the frozen source label.
gpt_5_6_sol_only_passed,hc_dpd_5014b3caea449119_en,hc_dpd_5014b3caea449119,en,multi_ingredient,SUNSCREEN CONTINUOUS SPRAY SPF 50 SPORT,"Extract drug-product facts from the Health Canada Drug Product Database source record below. Return only one JSON object with exactly the keys din, brand_name, active_ingredients, dosage_forms, routes, schedule, product_status, and company. din, dosage_forms, routes, and schedule must be lists. active_ingredients must be a list of objects with name, strength, and unit keys. Combine distinct facts from every variant and do not infer values.

DPD SOURCE RECORD (ENGLISH)

VARIANT 1
DRUG_CODE: 98515
DIN: 02495228
BRAND_NAME: SUNSCREEN CONTINUOUS SPRAY SPF 50 SPORT
ACTIVE_INGREDIENTS:
- NAME=AVOBENZONE; STRENGTH=3; UNIT=%
- NAME=HOMOSALATE; STRENGTH=10; UNIT=%
- NAME=OCTOCRYLENE; STRENGTH=5; UNIT=%
- NAME=OCTISALATE; STRENGTH=5; UNIT=%
DOSAGE_FORMS: SPRAY, BAG-ON-VALVE
ROUTES: TOPICAL
SCHEDULES: NON-PRESCRIPTION DRUGS
PRODUCT_STATUS: MARKETED
COMPANY: PRIME ENTERPRISES, LLC","{""din"":[""02495228""],""brand_name"":""SUNSCREEN CONTINUOUS SPRAY SPF 50 SPORT"",""active_ingredients"":[{""name"":""AVOBENZONE"",""strength"":3,""unit"":""%""},{""name"":""HOMOSALATE"",""strength"":10,""unit"":""%""},{""name"":""OCTISALATE"",""strength"":5,""unit"":""%""},{""name"":""OCTOCRYLENE"",""strength"":5,""unit"":""%""}],""dosage_forms"":[""SPRAY, BAG-ON-VALVE""],""routes"":[""TOPICAL""],""schedule"":[""NON-PRESCRIPTION DRUGS""],""product_status"":""MARKETED"",""company"":""PRIME ENTERPRISES, LLC""}","{""archive_file_id"":""dpd_marketed_archive"",""archive_members"":{""comp.txt"":[10014],""drug.txt"":[10014],""form.txt"":[10215],""ingred.txt"":[14347,14348,14349,14350],""route.txt"":[11828],""schedule.txt"":[10300],""status.txt"":[41777]},""archive_sha256"":""94c8ef8639fd07eea9c134d8ede137d77574d4ae6761955f5aa582558ec38b25"",""drug_codes"":[""98515""],""language"":""en"",""source_dataset_id"":""hc_dpd_source_snapshot"",""source_dataset_version"":""2026.7.2"",""source_manifest_sha256"":""f674732805de6a311d5882c2e7e33747a7e214beb123d9e42c944e1ad195eba0""}",False,0.875,compound_label_split_only,"[""dosage_forms""]","{""din"":[""02495228""],""brand_name"":""SUNSCREEN CONTINUOUS SPRAY SPF 50 SPORT"",""active_ingredients"":[{""name"":""AVOBENZONE"",""strength"":""3"",""unit"":""%""},{""name"":""HOMOSALATE"",""strength"":""10"",""unit"":""%""},{""name"":""OCTOCRYLENE"",""strength"":""5"",""unit"":""%""},{""name"":""OCTISALATE"",""strength"":""5"",""unit"":""%""}],""dosage_forms"":[""SPRAY"",""BAG-ON-VALVE""],""routes"":[""TOPICAL""],""schedule"":[""NON-PRESCRIPTION DRUGS""],""product_status"":""MARKETED"",""company"":""PRIME ENTERPRISES, LLC""}",False,0.75,schema_and_label_split,"[""din"",""dosage_forms""]","{""din"":""02495228"",""brand_name"":""SUNSCREEN CONTINUOUS SPRAY SPF 50 SPORT"",""active_ingredients"":[{""name"":""AVOBENZONE"",""strength"":""3"",""unit"":""%""},{""name"":""HOMOSALATE"",""strength"":""10"",""unit"":""%""},{""name"":""OCTOCRYLENE"",""strength"":""5"",""unit"":""%""},{""name"":""OCTISALATE"",""strength"":""5"",""unit"":""%""}],""dosage_forms"":[""SPRAY"",""BAG-ON-VALVE""],""routes"":[""TOPICAL""],""schedule"":[""NON-PRESCRIPTION DRUGS""],""product_status"":""MARKETED"",""company"":""PRIME ENTERPRISES, LLC""}",False,0.875,compound_label_split_only,"[""dosage_forms""]","{""din"":[""02495228""],""brand_name"":""SUNSCREEN CONTINUOUS SPRAY SPF 50 SPORT"",""active_ingredients"":[{""name"":""AVOBENZONE"",""strength"":""3"",""unit"":""%""},{""name"":""HOMOSALATE"",""strength"":""10"",""unit"":""%""},{""name"":""OCTOCRYLENE"",""strength"":""5"",""unit"":""%""},{""name"":""OCTISALATE"",""strength"":""5"",""unit"":""%""}],""dosage_forms"":[""SPRAY"",""BAG-ON-VALVE""],""routes"":[""TOPICAL""],""schedule"":[""NON-PRESCRIPTION DRUGS""],""product_status"":""MARKETED"",""company"":""PRIME ENTERPRISES, LLC""}",True,1,pass,[],"{""din"":[""02495228""],""brand_name"":""SUNSCREEN CONTINUOUS SPRAY SPF 50 SPORT"",""active_ingredients"":[{""name"":""AVOBENZONE"",""strength"":""3"",""unit"":""%""},{""name"":""HOMOSALATE"",""strength"":""10"",""unit"":""%""},{""name"":""OCTOCRYLENE"",""strength"":""5"",""unit"":""%""},{""name"":""OCTISALATE"",""strength"":""5"",""unit"":""%""}],""dosage_forms"":[""SPRAY, BAG-ON-VALVE""],""routes"":[""TOPICAL""],""schedule"":[""NON-PRESCRIPTION DRUGS""],""product_status"":""MARKETED"",""company"":""PRIME ENTERPRISES, LLC""}",Adjudicate whether the rendered compound DPD label is unambiguous.
both_failed,hc_dpd_54012ce9033dd2c6_en,hc_dpd_54012ce9033dd2c6,en,multi_ingredient,INSTANT BRONZER INSTANTANÉ 30 CONTINUOUS SPRAY SUNSCREEN,"Extract drug-product facts from the Health Canada Drug Product Database source record below. Return only one JSON object with exactly the keys din, brand_name, active_ingredients, dosage_forms, routes, schedule, product_status, and company. din, dosage_forms, routes, and schedule must be lists. active_ingredients must be a list of objects with name, strength, and unit keys. Combine distinct facts from every variant and do not infer values.

DPD SOURCE RECORD (ENGLISH)

VARIANT 1
DRUG_CODE: 99070
DIN: 02501058
BRAND_NAME: INSTANT BRONZER INSTANTANÉ 30 CONTINUOUS SPRAY SUNSCREEN
ACTIVE_INGREDIENTS:
- NAME=AVOBENZONE; STRENGTH=3; UNIT=%
- NAME=HOMOSALATE; STRENGTH=7.5; UNIT=%
- NAME=OCTOCRYLENE; STRENGTH=5; UNIT=%
- NAME=OCTISALATE; STRENGTH=5; UNIT=%
DOSAGE_FORMS: SPRAY, BAG-ON-VALVE
ROUTES: TOPICAL
SCHEDULES: NON-PRESCRIPTION DRUGS
PRODUCT_STATUS: MARKETED
COMPANY: PRIME ENTERPRISES, LLC","{""din"":[""02501058""],""brand_name"":""INSTANT BRONZER INSTANTANÉ 30 CONTINUOUS SPRAY SUNSCREEN"",""active_ingredients"":[{""name"":""AVOBENZONE"",""strength"":3,""unit"":""%""},{""name"":""HOMOSALATE"",""strength"":7.5,""unit"":""%""},{""name"":""OCTISALATE"",""strength"":5,""unit"":""%""},{""name"":""OCTOCRYLENE"",""strength"":5,""unit"":""%""}],""dosage_forms"":[""SPRAY, BAG-ON-VALVE""],""routes"":[""TOPICAL""],""schedule"":[""NON-PRESCRIPTION DRUGS""],""product_status"":""MARKETED"",""company"":""PRIME ENTERPRISES, LLC""}","{""archive_file_id"":""dpd_marketed_archive"",""archive_members"":{""comp.txt"":[10314],""drug.txt"":[10314],""form.txt"":[10534],""ingred.txt"":[14877,14878,14879,14880],""route.txt"":[12279],""schedule.txt"":[10618],""status.txt"":[42523]},""archive_sha256"":""94c8ef8639fd07eea9c134d8ede137d77574d4ae6761955f5aa582558ec38b25"",""drug_codes"":[""99070""],""language"":""en"",""source_dataset_id"":""hc_dpd_source_snapshot"",""source_dataset_version"":""2026.7.2"",""source_manifest_sha256"":""f674732805de6a311d5882c2e7e33747a7e214beb123d9e42c944e1ad195eba0""}",False,0.875,compound_label_split_only,"[""dosage_forms""]","{""din"":[""02501058""],""brand_name"":""INSTANT BRONZER INSTANTANÉ 30 CONTINUOUS SPRAY SUNSCREEN"",""active_ingredients"":[{""name"":""AVOBENZONE"",""strength"":""3"",""unit"":""%""},{""name"":""HOMOSALATE"",""strength"":""7.5"",""unit"":""%""},{""name"":""OCTOCRYLENE"",""strength"":""5"",""unit"":""%""},{""name"":""OCTISALATE"",""strength"":""5"",""unit"":""%""}],""dosage_forms"":[""SPRAY"",""BAG-ON-VALVE""],""routes"":[""TOPICAL""],""schedule"":[""NON-PRESCRIPTION DRUGS""],""product_status"":""MARKETED"",""company"":""PRIME ENTERPRISES, LLC""}",False,0.875,compound_label_split_only,"[""dosage_forms""]","{""din"":[""02501058""],""brand_name"":""INSTANT BRONZER INSTANTANÉ 30 CONTINUOUS SPRAY SUNSCREEN"",""active_ingredients"":[{""name"":""AVOBENZONE"",""strength"":""3"",""unit"":""%""},{""name"":""HOMOSALATE"",""strength"":""7.5"",""unit"":""%""},{""name"":""OCTOCRYLENE"",""strength"":""5"",""unit"":""%""},{""name"":""OCTISALATE"",""strength"":""5"",""unit"":""%""}],""dosage_forms"":[""SPRAY"",""BAG-ON-VALVE""],""routes"":[""TOPICAL""],""schedule"":[""NON-PRESCRIPTION DRUGS""],""product_status"":""MARKETED"",""company"":""PRIME ENTERPRISES, LLC""}",False,0.875,compound_label_split_only,"[""dosage_forms""]","{""din"":[""02501058""],""brand_name"":""INSTANT BRONZER INSTANTANÉ 30 CONTINUOUS SPRAY SUNSCREEN"",""active_ingredients"":[{""name"":""AVOBENZONE"",""strength"":""3"",""unit"":""%""},{""name"":""HOMOSALATE"",""strength"":""7.5"",""unit"":""%""},{""name"":""OCTOCRYLENE"",""strength"":""5"",""unit"":""%""},{""name"":""OCTISALATE"",""strength"":""5"",""unit"":""%""}],""dosage_forms"":[""SPRAY"",""BAG-ON-VALVE""],""routes"":[""TOPICAL""],""schedule"":[""NON-PRESCRIPTION DRUGS""],""product_status"":""MARKETED"",""company"":""PRIME ENTERPRISES, LLC""}",False,0.875,compound_label_split_only,"[""dosage_forms""]","{""din"":[""02501058""],""brand_name"":""INSTANT BRONZER INSTANTANÉ 30 CONTINUOUS SPRAY SUNSCREEN"",""active_ingredients"":[{""name"":""AVOBENZONE"",""strength"":""3"",""unit"":""%""},{""name"":""HOMOSALATE"",""strength"":""7.5"",""unit"":""%""},{""name"":""OCTOCRYLENE"",""strength"":""5"",""unit"":""%""},{""name"":""OCTISALATE"",""strength"":""5"",""unit"":""%""}],""dosage_forms"":[""SPRAY"",""BAG-ON-VALVE""],""routes"":[""TOPICAL""],""schedule"":[""NON-PRESCRIPTION DRUGS""],""product_status"":""MARKETED"",""company"":""PRIME ENTERPRISES, LLC""}",Adjudicate whether the rendered compound DPD label is unambiguous.
gpt_5_6_sol_only_passed,hc_dpd_58f6653bb011297d_en,hc_dpd_58f6653bb011297d,en,multi_ingredient,ACID CONCENTRATE D12316,"Extract drug-product facts from the Health Canada Drug Product Database source record below. Return only one JSON object with exactly the keys din, brand_name, active_ingredients, dosage_forms, routes, schedule, product_status, and company. din, dosage_forms, routes, and schedule must be lists. active_ingredients must be a list of objects with name, strength, and unit keys. Combine distinct facts from every variant and do not infer values.

DPD SOURCE RECORD (ENGLISH)

VARIANT 1
DRUG_CODE: 34881
DIN: 02178168
BRAND_NAME: ACID CONCENTRATE D12316
ACTIVE_INGREDIENTS:
- NAME=DEXTROSE; STRENGTH=90; UNIT=G
- NAME=ACETIC ACID; STRENGTH=10.8; UNIT=G
- NAME=MAGNESIUM CHLORIDE; STRENGTH=1.61; UNIT=G
- NAME=CALCIUM CHLORIDE; STRENGTH=6.24; UNIT=G
- NAME=POTASSIUM CHLORIDE; STRENGTH=3.35; UNIT=G
- NAME=SODIUM CHLORIDE; STRENGTH=263; UNIT=G
DOSAGE_FORMS: SOLUTION
ROUTES: HAEMODIALYSIS
SCHEDULES: ETHICAL
PRODUCT_STATUS: MARKETED
COMPANY: VANTIVE ULC","{""din"":[""02178168""],""brand_name"":""ACID CONCENTRATE D12316"",""active_ingredients"":[{""name"":""ACETIC ACID"",""strength"":10.8,""unit"":""G""},{""name"":""CALCIUM CHLORIDE"",""strength"":6.24,""unit"":""G""},{""name"":""DEXTROSE"",""strength"":90,""unit"":""G""},{""name"":""MAGNESIUM CHLORIDE"",""strength"":1.61,""unit"":""G""},{""name"":""POTASSIUM CHLORIDE"",""strength"":3.35,""unit"":""G""},{""name"":""SODIUM CHLORIDE"",""strength"":263,""unit"":""G""}],""dosage_forms"":[""SOLUTION""],""routes"":[""HAEMODIALYSIS""],""schedule"":[""ETHICAL""],""product_status"":""MARKETED"",""company"":""VANTIVE ULC""}","{""archive_file_id"":""dpd_marketed_archive"",""archive_members"":{""comp.txt"":[1774],""drug.txt"":[1774],""form.txt"":[1787],""ingred.txt"":[2684,2685,2686,2687,2688,2689],""route.txt"":[2104],""schedule.txt"":[1783],""status.txt"":[9177]},""archive_sha256"":""94c8ef8639fd07eea9c134d8ede137d77574d4ae6761955f5aa582558ec38b25"",""drug_codes"":[""34881""],""language"":""en"",""source_dataset_id"":""hc_dpd_source_snapshot"",""source_dataset_version"":""2026.7.2"",""source_manifest_sha256"":""f674732805de6a311d5882c2e7e33747a7e214beb123d9e42c944e1ad195eba0""}",True,1,pass,[],"{""din"":[""02178168""],""brand_name"":""ACID CONCENTRATE D12316"",""active_ingredients"":[{""name"":""DEXTROSE"",""strength"":""90"",""unit"":""G""},{""name"":""ACETIC ACID"",""strength"":""10.8"",""unit"":""G""},{""name"":""MAGNESIUM CHLORIDE"",""strength"":""1.61"",""unit"":""G""},{""name"":""CALCIUM CHLORIDE"",""strength"":""6.24"",""unit"":""G""},{""name"":""POTASSIUM CHLORIDE"",""strength"":""3.35"",""unit"":""G""},{""name"":""SODIUM CHLORIDE"",""strength"":""263"",""unit"":""G""}],""dosage_forms"":[""SOLUTION""],""routes"":[""HAEMODIALYSIS""],""schedule"":[""ETHICAL""],""product_status"":""MARKETED"",""company"":""VANTIVE ULC""}",False,0.625,schema_type_only,"[""brand_name"",""company"",""product_status""]","{""din"":[""02178168""],""brand_name"":[""ACID CONCENTRATE D12316""],""active_ingredients"":[{""name"":""DEXTROSE"",""strength"":""90"",""unit"":""G""},{""name"":""ACETIC ACID"",""strength"":""10.8"",""unit"":""G""},{""name"":""MAGNESIUM CHLORIDE"",""strength"":""1.61"",""unit"":""G""},{""name"":""CALCIUM CHLORIDE"",""strength"":""6.24"",""unit"":""G""},{""name"":""POTASSIUM CHLORIDE"",""strength"":""3.35"",""unit"":""G""},{""name"":""SODIUM CHLORIDE"",""strength"":""263"",""unit"":""G""}],""dosage_forms"":[""SOLUTION""],""routes"":[""HAEMODIALYSIS""],""schedule"":[""ETHICAL""],""product_status"":[""MARKETED""],""company"":[""VANTIVE ULC""]}",False,0.875,text_or_value_error,"[""brand_name""]","{""din"":[""02178168""],""brand_name"":""ACID CONCENTATE D12316"",""active_ingredients"":[{""name"":""DEXTROSE"",""strength"":""90"",""unit"":""G""},{""name"":""ACETIC ACID"",""strength"":""10.8"",""unit"":""G""},{""name"":""MAGNESIUM CHLORIDE"",""strength"":""1.61"",""unit"":""G""},{""name"":""CALCIUM CHLORIDE"",""strength"":""6.24"",""unit"":""G""},{""name"":""POTASSIUM CHLORIDE"",""strength"":""3.35"",""unit"":""G""},{""name"":""SODIUM CHLORIDE"",""strength"":""263"",""unit"":""G""}],""dosage_forms"":[""SOLUTION""],""routes"":[""HAEMODIALYSIS""],""schedule"":[""ETHICAL""],""product_status"":""MARKETED"",""company"":""VANTIVE ULC""}",True,1,pass,[],"{""din"":[""02178168""],""brand_name"":""ACID CONCENTRATE D12316"",""active_ingredients"":[{""name"":""DEXTROSE"",""strength"":""90"",""unit"":""G""},{""name"":""ACETIC ACID"",""strength"":""10.8"",""unit"":""G""},{""name"":""MAGNESIUM CHLORIDE"",""strength"":""1.61"",""unit"":""G""},{""name"":""CALCIUM CHLORIDE"",""strength"":""6.24"",""unit"":""G""},{""name"":""POTASSIUM CHLORIDE"",""strength"":""3.35"",""unit"":""G""},{""name"":""SODIUM CHLORIDE"",""strength"":""263"",""unit"":""G""}],""dosage_forms"":[""SOLUTION""],""routes"":[""HAEMODIALYSIS""],""schedule"":[""ETHICAL""],""product_status"":""MARKETED"",""company"":""VANTIVE ULC""}",Compare the transcription with the frozen source label.
gpt_5_6_sol_only_passed,hc_dpd_61b9b01caf49e51d_en,hc_dpd_61b9b01caf49e51d,en,multi_ingredient,COOLA CLEAR SUNSCREEN SPRAY PINA COLADA SCENT,"Extract drug-product facts from the Health Canada Drug Product Database source record below. Return only one JSON object with exactly the keys din, brand_name, active_ingredients, dosage_forms, routes, schedule, product_status, and company. din, dosage_forms, routes, and schedule must be lists. active_ingredients must be a list of objects with name, strength, and unit keys. Combine distinct facts from every variant and do not infer values.

DPD SOURCE RECORD (ENGLISH)

VARIANT 1
DRUG_CODE: 99956
DIN: 02510332
BRAND_NAME: COOLA CLEAR SUNSCREEN SPRAY PINA COLADA SCENT
ACTIVE_INGREDIENTS:
- NAME=AVOBENZONE; STRENGTH=2.8; UNIT=%
- NAME=OCTOCRYLENE; STRENGTH=7.6; UNIT=%
- NAME=OCTISALATE; STRENGTH=4.9; UNIT=%
DOSAGE_FORMS: SPRAY, BAG-ON-VALVE
ROUTES: TOPICAL
SCHEDULES: NON-PRESCRIPTION DRUGS
PRODUCT_STATUS: MARKETED
COMPANY: COOLA LLC","{""din"":[""02510332""],""brand_name"":""COOLA CLEAR SUNSCREEN SPRAY PINA COLADA SCENT"",""active_ingredients"":[{""name"":""AVOBENZONE"",""strength"":2.8,""unit"":""%""},{""name"":""OCTISALATE"",""strength"":4.9,""unit"":""%""},{""name"":""OCTOCRYLENE"",""strength"":7.6,""unit"":""%""}],""dosage_forms"":[""SPRAY, BAG-ON-VALVE""],""routes"":[""TOPICAL""],""schedule"":[""NON-PRESCRIPTION DRUGS""],""product_status"":""MARKETED"",""company"":""COOLA LLC""}","{""archive_file_id"":""dpd_marketed_archive"",""archive_members"":{""comp.txt"":[10741],""drug.txt"":[10741],""form.txt"":[10977],""ingred.txt"":[15556,15557,15558],""route.txt"":[12894],""schedule.txt"":[11067],""status.txt"":[43600]},""archive_sha256"":""94c8ef8639fd07eea9c134d8ede137d77574d4ae6761955f5aa582558ec38b25"",""drug_codes"":[""99956""],""language"":""en"",""source_dataset_id"":""hc_dpd_source_snapshot"",""source_dataset_version"":""2026.7.2"",""source_manifest_sha256"":""f674732805de6a311d5882c2e7e33747a7e214beb123d9e42c944e1ad195eba0""}",False,0.875,compound_label_split_only,"[""dosage_forms""]","{""din"":[""02510332""],""brand_name"":""COOLA CLEAR SUNSCREEN SPRAY PINA COLADA SCENT"",""active_ingredients"":[{""name"":""AVOBENZONE"",""strength"":""2.8"",""unit"":""%""},{""name"":""OCTOCRYLENE"",""strength"":""7.6"",""unit"":""%""},{""name"":""OCTISALATE"",""strength"":""4.9"",""unit"":""%""}],""dosage_forms"":[""SPRAY"",""BAG-ON-VALVE""],""routes"":[""TOPICAL""],""schedule"":[""NON-PRESCRIPTION DRUGS""],""product_status"":""MARKETED"",""company"":""COOLA LLC""}",False,0.75,schema_and_label_split,"[""din"",""dosage_forms""]","{""din"":""02510332"",""brand_name"":""COOLA CLEAR SUNSCREEN SPRAY PINA COLADA SCENT"",""active_ingredients"":[{""name"":""AVOBENZONE"",""strength"":""2.8"",""unit"":""%""},{""name"":""OCTOCRYLENE"",""strength"":""7.6"",""unit"":""%""},{""name"":""OCTISALATE"",""strength"":""4.9"",""unit"":""%""}],""dosage_forms"":[""SPRAY"",""BAG-ON-VALVE""],""routes"":[""TOPICAL""],""schedule"":[""NON-PRESCRIPTION DRUGS""],""product_status"":""MARKETED"",""company"":""COOLA LLC""}",False,0.875,compound_label_split_only,"[""dosage_forms""]","{""din"":[""02510332""],""brand_name"":""COOLA CLEAR SUNSCREEN SPRAY PINA COLADA SCENT"",""active_ingredients"":[{""name"":""AVOBENZONE"",""strength"":""2.8"",""unit"":""%""},{""name"":""OCTOCRYLENE"",""strength"":""7.6"",""unit"":""%""},{""name"":""OCTISALATE"",""strength"":""4.9"",""unit"":""%""}],""dosage_forms"":[""SPRAY"",""BAG-ON-VALVE""],""routes"":[""TOPICAL""],""schedule"":[""NON-PRESCRIPTION DRUGS""],""product_status"":""MARKETED"",""company"":""COOLA LLC""}",True,1,pass,[],"{""din"":[""02510332""],""brand_name"":""COOLA CLEAR SUNSCREEN SPRAY PINA COLADA SCENT"",""active_ingredients"":[{""name"":""AVOBENZONE"",""strength"":""2.8"",""unit"":""%""},{""name"":""OCTOCRYLENE"",""strength"":""7.6"",""unit"":""%""},{""name"":""OCTISALATE"",""strength"":""4.9"",""unit"":""%""}],""dosage_forms"":[""SPRAY, BAG-ON-VALVE""],""routes"":[""TOPICAL""],""schedule"":[""NON-PRESCRIPTION DRUGS""],""product_status"":""MARKETED"",""company"":""COOLA LLC""}",Adjudicate whether the rendered compound DPD label is unambiguous.
gpt_5_6_sol_only_passed,hc_dpd_636549b40a317029_en,hc_dpd_636549b40a317029,en,multi_ingredient,DRY OIL SUNSCREEN,"Extract drug-product facts from the Health Canada Drug Product Database source record below. Return only one JSON object with exactly the keys din, brand_name, active_ingredients, dosage_forms, routes, schedule, product_status, and company. din, dosage_forms, routes, and schedule must be lists. active_ingredients must be a list of objects with name, strength, and unit keys. Combine distinct facts from every variant and do not infer values.

DPD SOURCE RECORD (ENGLISH)

VARIANT 1
DRUG_CODE: 91549
DIN: 02431041
BRAND_NAME: DRY OIL SUNSCREEN
ACTIVE_INGREDIENTS:
- NAME=OXYBENZONE; STRENGTH=3.0; UNIT=%
- NAME=HOMOSALATE; STRENGTH=5.0; UNIT=%
- NAME=OCTISALATE; STRENGTH=5.0; UNIT=%
- NAME=OCTINOXATE; STRENGTH=7.5; UNIT=%
DOSAGE_FORMS: SPRAY, BAG-ON-VALVE
ROUTES: TOPICAL
SCHEDULES: NON-PRESCRIPTION DRUGS
PRODUCT_STATUS: MARKETED
COMPANY: FRUIT OF THE EARTH, INC","{""din"":[""02431041""],""brand_name"":""DRY OIL SUNSCREEN"",""active_ingredients"":[{""name"":""HOMOSALATE"",""strength"":5,""unit"":""%""},{""name"":""OCTINOXATE"",""strength"":7.5,""unit"":""%""},{""name"":""OCTISALATE"",""strength"":5,""unit"":""%""},{""name"":""OXYBENZONE"",""strength"":3,""unit"":""%""}],""dosage_forms"":[""SPRAY, BAG-ON-VALVE""],""routes"":[""TOPICAL""],""schedule"":[""NON-PRESCRIPTION DRUGS""],""product_status"":""MARKETED"",""company"":""FRUIT OF THE EARTH, INC""}","{""archive_file_id"":""dpd_marketed_archive"",""archive_members"":{""comp.txt"":[7334],""drug.txt"":[7334],""form.txt"":[7454],""ingred.txt"":[10435,10436,10437,10438],""route.txt"":[8623],""schedule.txt"":[7485],""status.txt"":[34097]},""archive_sha256"":""94c8ef8639fd07eea9c134d8ede137d77574d4ae6761955f5aa582558ec38b25"",""drug_codes"":[""91549""],""language"":""en"",""source_dataset_id"":""hc_dpd_source_snapshot"",""source_dataset_version"":""2026.7.2"",""source_manifest_sha256"":""f674732805de6a311d5882c2e7e33747a7e214beb123d9e42c944e1ad195eba0""}",False,0.875,compound_label_split_only,"[""dosage_forms""]","{""din"":[""02431041""],""brand_name"":""DRY OIL SUNSCREEN"",""active_ingredients"":[{""name"":""OXYBENZONE"",""strength"":""3.0"",""unit"":""%""},{""name"":""HOMOSALATE"",""strength"":""5.0"",""unit"":""%""},{""name"":""OCTISALATE"",""strength"":""5.0"",""unit"":""%""},{""name"":""OCTINOXATE"",""strength"":""7.5"",""unit"":""%""}],""dosage_forms"":[""SPRAY"",""BAG-ON-VALVE""],""routes"":[""TOPICAL""],""schedule"":[""NON-PRESCRIPTION DRUGS""],""product_status"":""MARKETED"",""company"":""FRUIT OF THE EARTH, INC""}",False,0.75,schema_and_label_split,"[""din"",""dosage_forms""]","{""din"":""02431041"",""brand_name"":""DRY OIL SUNSCREEN"",""active_ingredients"":[{""name"":""OXYBENZONE"",""strength"":""3.0"",""unit"":""%""},{""name"":""HOMOSALATE"",""strength"":""5.0"",""unit"":""%""},{""name"":""OCTISALATE"",""strength"":""5.0"",""unit"":""%""},{""name"":""OCTINOXATE"",""strength"":""7.5"",""unit"":""%""}],""dosage_forms"":[""SPRAY"",""BAG-ON-VALVE""],""routes"":[""TOPICAL""],""schedule"":[""NON-PRESCRIPTION DRUGS""],""product_status"":""MARKETED"",""company"":""FRUIT OF THE EARTH, INC""}",False,0.875,compound_label_split_only,"[""dosage_forms""]","{""din"":[""02431041""],""brand_name"":""DRY OIL SUNSCREEN"",""active_ingredients"":[{""name"":""OXYBENZONE"",""strength"":""3.0"",""unit"":""%""},{""name"":""HOMOSALATE"",""strength"":""5.0"",""unit"":""%""},{""name"":""OCTISALATE"",""strength"":""5.0"",""unit"":""%""},{""name"":""OCTINOXATE"",""strength"":""7.5"",""unit"":""%""}],""dosage_forms"":[""SPRAY"",""BAG-ON-VALVE""],""routes"":[""TOPICAL""],""schedule"":[""NON-PRESCRIPTION DRUGS""],""product_status"":""MARKETED"",""company"":""FRUIT OF THE EARTH, INC""}",True,1,pass,[],"{""din"":[""02431041""],""brand_name"":""DRY OIL SUNSCREEN"",""active_ingredients"":[{""name"":""OXYBENZONE"",""strength"":""3.0"",""unit"":""%""},{""name"":""HOMOSALATE"",""strength"":""5.0"",""unit"":""%""},{""name"":""OCTISALATE"",""strength"":""5.0"",""unit"":""%""},{""name"":""OCTINOXATE"",""strength"":""7.5"",""unit"":""%""}],""dosage_forms"":[""SPRAY, BAG-ON-VALVE""],""routes"":[""TOPICAL""],""schedule"":[""NON-PRESCRIPTION DRUGS""],""product_status"":""MARKETED"",""company"":""FRUIT OF THE EARTH, INC""}",Adjudicate whether the rendered compound DPD label is unambiguous.
gpt_5_6_sol_only_passed,hc_dpd_6b32e5532fbd8ca1_fr,hc_dpd_6b32e5532fbd8ca1,fr,single_ingredient,MITOMYCIN FOR INJECTION USP,"Extrayez les faits de produit pharmaceutique du dossier source de la Base de données sur les produits pharmaceutiques de Santé Canada ci-dessous. Retournez uniquement un objet JSON avec exactement les clés din, brand_name, active_ingredients, dosage_forms, routes, schedule, product_status et company. din, dosage_forms, routes et schedule doivent être des listes. active_ingredients doit être une liste d'objets ayant les clés name, strength et unit. Regroupez les faits distincts de toutes les variantes, sans rien déduire.

DOSSIER SOURCE DPD (FRANÇAIS)

VARIANTE 1
DRUG_CODE: 95282
DIN: 02464691
NOM_COMMERCIAL: MITOMYCIN FOR INJECTION USP
INGRÉDIENTS_ACTIFS:
- NOM=Mitomycine; CONCENTRATION=20; UNITÉ=MG
FORMES_PHARMACEUTIQUES: Poudre pour solution
VOIES_ADMINISTRATION: Intraveineuse | Intravésicale
ANNEXES: Médicaments sur ordonnance
ÉTAT_DU_PRODUIT: COMMERCIALISÉ
ENTREPRISE: ACCORD HEALTHCARE INC","{""din"":[""02464691""],""brand_name"":""MITOMYCIN FOR INJECTION USP"",""active_ingredients"":[{""name"":""Mitomycine"",""strength"":20,""unit"":""MG""}],""dosage_forms"":[""Poudre pour solution""],""routes"":[""Intraveineuse"",""Intravésicale""],""schedule"":[""Médicaments sur ordonnance""],""product_status"":""COMMERCIALISÉ"",""company"":""ACCORD HEALTHCARE INC""}","{""archive_file_id"":""dpd_marketed_archive"",""archive_members"":{""comp.txt"":[8562],""drug.txt"":[8562],""form.txt"":[8725],""ingred.txt"":[12189],""route.txt"":[10113,10114],""schedule.txt"":[8773],""status.txt"":[38028]},""archive_sha256"":""94c8ef8639fd07eea9c134d8ede137d77574d4ae6761955f5aa582558ec38b25"",""drug_codes"":[""95282""],""language"":""fr"",""source_dataset_id"":""hc_dpd_source_snapshot"",""source_dataset_version"":""2026.7.2"",""source_manifest_sha256"":""f674732805de6a311d5882c2e7e33747a7e214beb123d9e42c944e1ad195eba0""}",True,1,pass,[],"{""din"":[""02464691""],""brand_name"":""MITOMYCIN FOR INJECTION USP"",""active_ingredients"":[{""name"":""Mitomycine"",""strength"":""20"",""unit"":""MG""}],""dosage_forms"":[""Poudre pour solution""],""routes"":[""Intraveineuse"",""Intravésicale""],""schedule"":[""Médicaments sur ordonnance""],""product_status"":""COMMERCIALISÉ"",""company"":""ACCORD HEALTHCARE INC""}",True,1,pass,[],"{""din"":[""02464691""],""brand_name"":""MITOMYCIN FOR INJECTION USP"",""active_ingredients"":[{""name"":""Mitomycine"",""strength"":""20"",""unit"":""MG""}],""dosage_forms"":[""Poudre pour solution""],""routes"":[""Intraveineuse"",""Intravésicale""],""schedule"":[""Médicaments sur ordonnance""],""product_status"":""COMMERCIALISÉ"",""company"":""ACCORD HEALTHCARE INC""}",False,0.875,text_or_value_error,"[""routes""]","{""din"":[""02464691""],""brand_name"":""MITOMYCIN FOR INJECTION USP"",""active_ingredients"":[{""name"":""Mitomycine"",""strength"":""20"",""unit"":""MG""}],""dosage_forms"":[""Poudre pour solution""],""routes"":[""Intraveineuse"",""Intrésicale""],""schedule"":[""Médicaments sur ordonnance""],""product_status"":""COMMERCIALISÉ"",""company"":""ACCORD HEALTHCARE INC""}",True,1,pass,[],"{""din"":[""02464691""],""brand_name"":""MITOMYCIN FOR INJECTION USP"",""active_ingredients"":[{""name"":""Mitomycine"",""strength"":""20"",""unit"":""MG""}],""dosage_forms"":[""Poudre pour solution""],""routes"":[""Intraveineuse"",""Intravésicale""],""schedule"":[""Médicaments sur ordonnance""],""product_status"":""COMMERCIALISÉ"",""company"":""ACCORD HEALTHCARE INC""}",Compare the transcription with the frozen source label.
gpt_5_6_sol_only_passed,hc_dpd_6e17e93ca19678c1_en,hc_dpd_6e17e93ca19678c1,en,multi_ingredient,LIFE BRAND SPORT SUNSCREEN CONTINUOUS SPRAY SPF 50+,"Extract drug-product facts from the Health Canada Drug Product Database source record below. Return only one JSON object with exactly the keys din, brand_name, active_ingredients, dosage_forms, routes, schedule, product_status, and company. din, dosage_forms, routes, and schedule must be lists. active_ingredients must be a list of objects with name, strength, and unit keys. Combine distinct facts from every variant and do not infer values.

DPD SOURCE RECORD (ENGLISH)

VARIANT 1
DRUG_CODE: 98882
DIN: 02499053
BRAND_NAME: LIFE BRAND SPORT SUNSCREEN CONTINUOUS SPRAY SPF 50+
ACTIVE_INGREDIENTS:
- NAME=OXYBENZONE; STRENGTH=6; UNIT=%
- NAME=AVOBENZONE; STRENGTH=3; UNIT=%
- NAME=HOMOSALATE; STRENGTH=15; UNIT=%
- NAME=OCTOCRYLENE; STRENGTH=10; UNIT=%
- NAME=OCTISALATE; STRENGTH=5; UNIT=%
DOSAGE_FORMS: SPRAY, BAG-ON-VALVE
ROUTES: TOPICAL
SCHEDULES: NON-PRESCRIPTION DRUGS
PRODUCT_STATUS: MARKETED
COMPANY: FRUIT OF THE EARTH, INC","{""din"":[""02499053""],""brand_name"":""LIFE BRAND SPORT SUNSCREEN CONTINUOUS SPRAY SPF 50+"",""active_ingredients"":[{""name"":""AVOBENZONE"",""strength"":3,""unit"":""%""},{""name"":""HOMOSALATE"",""strength"":15,""unit"":""%""},{""name"":""OCTISALATE"",""strength"":5,""unit"":""%""},{""name"":""OCTOCRYLENE"",""strength"":10,""unit"":""%""},{""name"":""OXYBENZONE"",""strength"":6,""unit"":""%""}],""dosage_forms"":[""SPRAY, BAG-ON-VALVE""],""routes"":[""TOPICAL""],""schedule"":[""NON-PRESCRIPTION DRUGS""],""product_status"":""MARKETED"",""company"":""FRUIT OF THE EARTH, INC""}","{""archive_file_id"":""dpd_marketed_archive"",""archive_members"":{""comp.txt"":[10228],""drug.txt"":[10228],""form.txt"":[10444],""ingred.txt"":[14749,14750,14751,14752,14753],""route.txt"":[12114],""schedule.txt"":[10530],""status.txt"":[42298]},""archive_sha256"":""94c8ef8639fd07eea9c134d8ede137d77574d4ae6761955f5aa582558ec38b25"",""drug_codes"":[""98882""],""language"":""en"",""source_dataset_id"":""hc_dpd_source_snapshot"",""source_dataset_version"":""2026.7.2"",""source_manifest_sha256"":""f674732805de6a311d5882c2e7e33747a7e214beb123d9e42c944e1ad195eba0""}",False,0.875,compound_label_split_only,"[""dosage_forms""]","{""din"":[""02499053""],""brand_name"":""LIFE BRAND SPORT SUNSCREEN CONTINUOUS SPRAY SPF 50+"",""active_ingredients"":[{""name"":""OXYBENZONE"",""strength"":""6"",""unit"":""%""},{""name"":""AVOBENZONE"",""strength"":""3"",""unit"":""%""},{""name"":""HOMOSALATE"",""strength"":""15"",""unit"":""%""},{""name"":""OCTOCRYLENE"",""strength"":""10"",""unit"":""%""},{""name"":""OCTISALATE"",""strength"":""5"",""unit"":""%""}],""dosage_forms"":[""SPRAY"",""BAG-ON-VALVE""],""routes"":[""TOPICAL""],""schedule"":[""NON-PRESCRIPTION DRUGS""],""product_status"":""MARKETED"",""company"":""FRUIT OF THE EARTH, INC""}",False,0.875,compound_label_split_only,"[""dosage_forms""]","{""din"":[""02499053""],""brand_name"":""LIFE BRAND SPORT SUNSCREEN CONTINUOUS SPRAY SPF 50+"",""active_ingredients"":[{""name"":""OXYBENZONE"",""strength"":""6"",""unit"":""%""},{""name"":""AVOBENZONE"",""strength"":""3"",""unit"":""%""},{""name"":""HOMOSALATE"",""strength"":""15"",""unit"":""%""},{""name"":""OCTOCRYLENE"",""strength"":""10"",""unit"":""%""},{""name"":""OCTISALATE"",""strength"":""5"",""unit"":""%""}],""dosage_forms"":[""SPRAY"",""BAG-ON-VALVE""],""routes"":[""TOPICAL""],""schedule"":[""NON-PRESCRIPTION DRUGS""],""product_status"":""MARKETED"",""company"":""FRUIT OF THE EARTH, INC""}",False,0.875,compound_label_split_only,"[""dosage_forms""]","{""din"":[""02499053""],""brand_name"":""LIFE BRAND SPORT SUNSCREEN CONTINUOUS SPRAY SPF 50+"",""active_ingredients"":[{""name"":""OXYBENZONE"",""strength"":""6"",""unit"":""%""},{""name"":""AVOBENZONE"",""strength"":""3"",""unit"":""%""},{""name"":""HOMOSALATE"",""strength"":""15"",""unit"":""%""},{""name"":""OCTOCRYLENE"",""strength"":""10"",""unit"":""%""},{""name"":""OCTISALATE"",""strength"":""5"",""unit"":""%""}],""dosage_forms"":[""SPRAY"",""BAG-ON-VALVE""],""routes"":[""TOPICAL""],""schedule"":[""NON-PRESCRIPTION DRUGS""],""product_status"":""MARKETED"",""company"":""FRUIT OF THE EARTH, INC""}",True,1,pass,[],"{""din"":[""02499053""],""brand_name"":""LIFE BRAND SPORT SUNSCREEN CONTINUOUS SPRAY SPF 50+"",""active_ingredients"":[{""name"":""OXYBENZONE"",""strength"":""6"",""unit"":""%""},{""name"":""AVOBENZONE"",""strength"":""3"",""unit"":""%""},{""name"":""HOMOSALATE"",""strength"":""15"",""unit"":""%""},{""name"":""OCTOCRYLENE"",""strength"":""10"",""unit"":""%""},{""name"":""OCTISALATE"",""strength"":""5"",""unit"":""%""}],""dosage_forms"":[""SPRAY, BAG-ON-VALVE""],""routes"":[""TOPICAL""],""schedule"":[""NON-PRESCRIPTION DRUGS""],""product_status"":""MARKETED"",""company"":""FRUIT OF THE EARTH, INC""}",Adjudicate whether the rendered compound DPD label is unambiguous.
gpt_5_6_terra_only_passed,hc_dpd_73d9e3c207a7580f_en,hc_dpd_73d9e3c207a7580f,en,multi_variant,AG-ATORVASTATIN,"Extract drug-product facts from the Health Canada Drug Product Database source record below. Return only one JSON object with exactly the keys din, brand_name, active_ingredients, dosage_forms, routes, schedule, product_status, and company. din, dosage_forms, routes, and schedule must be lists. active_ingredients must be a list of objects with name, strength, and unit keys. Combine distinct facts from every variant and do not infer values.

DPD SOURCE RECORD (ENGLISH)

VARIANT 1
DRUG_CODE: 99542
DIN: 02506076
BRAND_NAME: AG-ATORVASTATIN
ACTIVE_INGREDIENTS:
- NAME=ATORVASTATIN (ATORVASTATIN CALCIUM); STRENGTH=10; UNIT=MG
DOSAGE_FORMS: TABLET
ROUTES: ORAL
SCHEDULES: PRESCRIPTION
PRODUCT_STATUS: MARKETED
COMPANY: ANGITA PHARMA INC.

VARIANT 2
DRUG_CODE: 99543
DIN: 02506084
BRAND_NAME: AG-ATORVASTATIN
ACTIVE_INGREDIENTS:
- NAME=ATORVASTATIN (ATORVASTATIN CALCIUM); STRENGTH=20; UNIT=MG
DOSAGE_FORMS: TABLET
ROUTES: ORAL
SCHEDULES: PRESCRIPTION
PRODUCT_STATUS: MARKETED
COMPANY: ANGITA PHARMA INC.

VARIANT 3
DRUG_CODE: 99544
DIN: 02506092
BRAND_NAME: AG-ATORVASTATIN
ACTIVE_INGREDIENTS:
- NAME=ATORVASTATIN (ATORVASTATIN CALCIUM); STRENGTH=40; UNIT=MG
DOSAGE_FORMS: TABLET
ROUTES: ORAL
SCHEDULES: PRESCRIPTION
PRODUCT_STATUS: MARKETED
COMPANY: ANGITA PHARMA INC.

VARIANT 4
DRUG_CODE: 99545
DIN: 02506106
BRAND_NAME: AG-ATORVASTATIN
ACTIVE_INGREDIENTS:
- NAME=ATORVASTATIN (ATORVASTATIN CALCIUM); STRENGTH=80; UNIT=MG
DOSAGE_FORMS: TABLET
ROUTES: ORAL
SCHEDULES: PRESCRIPTION
PRODUCT_STATUS: MARKETED
COMPANY: ANGITA PHARMA INC.","{""din"":[""02506076"",""02506084"",""02506092"",""02506106""],""brand_name"":""AG-ATORVASTATIN"",""active_ingredients"":[{""name"":""ATORVASTATIN (ATORVASTATIN CALCIUM)"",""strength"":10,""unit"":""MG""},{""name"":""ATORVASTATIN (ATORVASTATIN CALCIUM)"",""strength"":20,""unit"":""MG""},{""name"":""ATORVASTATIN (ATORVASTATIN CALCIUM)"",""strength"":40,""unit"":""MG""},{""name"":""ATORVASTATIN (ATORVASTATIN CALCIUM)"",""strength"":80,""unit"":""MG""}],""dosage_forms"":[""TABLET""],""routes"":[""ORAL""],""schedule"":[""PRESCRIPTION""],""product_status"":""MARKETED"",""company"":""ANGITA PHARMA INC.""}","{""archive_file_id"":""dpd_marketed_archive"",""archive_members"":{""comp.txt"":[10539,10540,10541,10542],""drug.txt"":[10539,10540,10541,10542],""form.txt"":[10769,10770,10771,10772],""ingred.txt"":[15256,15257,15258,15259],""route.txt"":[12600,12601,12602,12603],""schedule.txt"":[10858,10859,10860,10861],""status.txt"":[43113,43118,43123,43128]},""archive_sha256"":""94c8ef8639fd07eea9c134d8ede137d77574d4ae6761955f5aa582558ec38b25"",""drug_codes"":[""99542"",""99543"",""99544"",""99545""],""language"":""en"",""source_dataset_id"":""hc_dpd_source_snapshot"",""source_dataset_version"":""2026.7.2"",""source_manifest_sha256"":""f674732805de6a311d5882c2e7e33747a7e214beb123d9e42c944e1ad195eba0""}",True,1,pass,[],"{""din"":[""02506076"",""02506084"",""02506092"",""02506106""],""brand_name"":""AG-ATORVASTATIN"",""active_ingredients"":[{""name"":""ATORVASTATIN (ATORVASTATIN CALCIUM)"",""strength"":""10"",""unit"":""MG""},{""name"":""ATORVASTATIN (ATORVASTATIN CALCIUM)"",""strength"":""20"",""unit"":""MG""},{""name"":""ATORVASTATIN (ATORVASTATIN CALCIUM)"",""strength"":""40"",""unit"":""MG""},{""name"":""ATORVASTATIN (ATORVASTATIN CALCIUM)"",""strength"":""80"",""unit"":""MG""}],""dosage_forms"":[""TABLET""],""routes"":[""ORAL""],""schedule"":[""PRESCRIPTION""],""product_status"":""MARKETED"",""company"":""ANGITA PHARMA INC.""}",False,0.625,schema_type_only,"[""brand_name"",""company"",""product_status""]","{""din"":[""02506076"",""02506084"",""02506092"",""02506106""],""brand_name"":[""AG-ATORVASTATIN""],""active_ingredients"":[{""name"":""ATORVASTATIN (ATORVASTATIN CALCIUM)"",""strength"":""10"",""unit"":""MG""},{""name"":""ATORVASTATIN (ATORVASTATIN CALCIUM)"",""strength"":""20"",""unit"":""MG""},{""name"":""ATORVASTATIN (ATORVASTATIN CALCIUM)"",""strength"":""40"",""unit"":""MG""},{""name"":""ATORVASTATIN (ATORVASTATIN CALCIUM)"",""strength"":""80"",""unit"":""MG""}],""dosage_forms"":[""TABLET""],""routes"":[""ORAL""],""schedule"":[""PRESCRIPTION""],""product_status"":[""MARKETED""],""company"":[""ANGITA PHARMA INC.""]}",True,1,pass,[],"{""din"":[""02506076"",""02506084"",""02506092"",""02506106""],""brand_name"":""AG-ATORVASTATIN"",""active_ingredients"":[{""name"":""ATORVASTATIN (ATORVASTATIN CALCIUM)"",""strength"":""10"",""unit"":""MG""},{""name"":""ATORVASTATIN (ATORVASTATIN CALCIUM)"",""strength"":""20"",""unit"":""MG""},{""name"":""ATORVASTATIN (ATORVASTATIN CALCIUM)"",""strength"":""40"",""unit"":""MG""},{""name"":""ATORVASTATIN (ATORVASTATIN CALCIUM)"",""strength"":""80"",""unit"":""MG""}],""dosage_forms"":[""TABLET""],""routes"":[""ORAL""],""schedule"":[""PRESCRIPTION""],""product_status"":""MARKETED"",""company"":""ANGITA PHARMA INC.""}",False,0.875,text_or_value_error,"[""active_ingredients""]","{""din"":[""02506076"",""02506084"",""02506092"",""02506106""],""brand_name"":""AG-ATORVASTATIN"",""active_ingredients"":[{""name"":""ATORVASTATIN (ATORVASTATIN CALCIUM)"",""strength"":""10"",""unit"":""MG""},{""name"":""ATORVASTATIN (ATORVASTATIN CALCIUM)"",""strength"":""20"",""unit"":""MG""},{""name"":""ATORVASTATIN (ATORVASTATATIN CALCIUM)"",""strength"":""40"",""unit"":""MG""},{""name"":""ATORVASTATIN (ATORVASTATIN CALCIUM)"",""strength"":""80"",""unit"":""MG""}],""dosage_forms"":[""TABLET""],""routes"":[""ORAL""],""schedule"":[""PRESCRIPTION""],""product_status"":""MARKETED"",""company"":""ANGITA PHARMA INC.""}",Compare the transcription with the frozen source label.
gpt_5_6_sol_only_passed,hc_dpd_7719bcd652a89165_en,hc_dpd_7719bcd652a89165,en,multi_variant,TARO-LURASIDONE,"Extract drug-product facts from the Health Canada Drug Product Database source record below. Return only one JSON object with exactly the keys din, brand_name, active_ingredients, dosage_forms, routes, schedule, product_status, and company. din, dosage_forms, routes, and schedule must be lists. active_ingredients must be a list of objects with name, strength, and unit keys. Combine distinct facts from every variant and do not infer values.

DPD SOURCE RECORD (ENGLISH)

VARIANT 1
DRUG_CODE: 99391
DIN: 02504499
BRAND_NAME: TARO-LURASIDONE
ACTIVE_INGREDIENTS:
- NAME=LURASIDONE HYDROCHLORIDE; STRENGTH=20; UNIT=MG
DOSAGE_FORMS: TABLET
ROUTES: ORAL
SCHEDULES: PRESCRIPTION
PRODUCT_STATUS: MARKETED
COMPANY: TARO PHARMACEUTICALS INC

VARIANT 2
DRUG_CODE: 99392
DIN: 02504502
BRAND_NAME: TARO-LURASIDONE
ACTIVE_INGREDIENTS:
- NAME=LURASIDONE HYDROCHLORIDE; STRENGTH=40; UNIT=MG
DOSAGE_FORMS: TABLET
ROUTES: ORAL
SCHEDULES: PRESCRIPTION
PRODUCT_STATUS: MARKETED
COMPANY: TARO PHARMACEUTICALS INC

VARIANT 3
DRUG_CODE: 99393
DIN: 02504510
BRAND_NAME: TARO-LURASIDONE
ACTIVE_INGREDIENTS:
- NAME=LURASIDONE HYDROCHLORIDE; STRENGTH=60; UNIT=MG
DOSAGE_FORMS: TABLET
ROUTES: ORAL
SCHEDULES: PRESCRIPTION
PRODUCT_STATUS: MARKETED
COMPANY: TARO PHARMACEUTICALS INC

VARIANT 4
DRUG_CODE: 99394
DIN: 02504529
BRAND_NAME: TARO-LURASIDONE
ACTIVE_INGREDIENTS:
- NAME=LURASIDONE HYDROCHLORIDE; STRENGTH=80; UNIT=MG
DOSAGE_FORMS: TABLET
ROUTES: ORAL
SCHEDULES: PRESCRIPTION
PRODUCT_STATUS: MARKETED
COMPANY: TARO PHARMACEUTICALS INC

VARIANT 5
DRUG_CODE: 99395
DIN: 02504537
BRAND_NAME: TARO-LURASIDONE
ACTIVE_INGREDIENTS:
- NAME=LURASIDONE HYDROCHLORIDE; STRENGTH=120; UNIT=MG
DOSAGE_FORMS: TABLET
ROUTES: ORAL
SCHEDULES: PRESCRIPTION
PRODUCT_STATUS: MARKETED
COMPANY: TARO PHARMACEUTICALS INC","{""din"":[""02504499"",""02504502"",""02504510"",""02504529"",""02504537""],""brand_name"":""TARO-LURASIDONE"",""active_ingredients"":[{""name"":""LURASIDONE HYDROCHLORIDE"",""strength"":20,""unit"":""MG""},{""name"":""LURASIDONE HYDROCHLORIDE"",""strength"":40,""unit"":""MG""},{""name"":""LURASIDONE HYDROCHLORIDE"",""strength"":60,""unit"":""MG""},{""name"":""LURASIDONE HYDROCHLORIDE"",""strength"":80,""unit"":""MG""},{""name"":""LURASIDONE HYDROCHLORIDE"",""strength"":120,""unit"":""MG""}],""dosage_forms"":[""TABLET""],""routes"":[""ORAL""],""schedule"":[""PRESCRIPTION""],""product_status"":""MARKETED"",""company"":""TARO PHARMACEUTICALS INC""}","{""archive_file_id"":""dpd_marketed_archive"",""archive_members"":{""comp.txt"":[10465,10466,10467,10468,10469],""drug.txt"":[10465,10466,10467,10468,10469],""form.txt"":[10691,10692,10693,10694,10695],""ingred.txt"":[15152,15153,15154,15155,15156],""route.txt"":[12485,12486,12487,12488,12489],""schedule.txt"":[10777,10778,10779,10780,10781],""status.txt"":[42931,42933,42935,42937,42939]},""archive_sha256"":""94c8ef8639fd07eea9c134d8ede137d77574d4ae6761955f5aa582558ec38b25"",""drug_codes"":[""99391"",""99392"",""99393"",""99394"",""99395""],""language"":""en"",""source_dataset_id"":""hc_dpd_source_snapshot"",""source_dataset_version"":""2026.7.2"",""source_manifest_sha256"":""f674732805de6a311d5882c2e7e33747a7e214beb123d9e42c944e1ad195eba0""}",True,1,pass,[],"{""din"":[""02504499"",""02504502"",""02504510"",""02504529"",""02504537""],""brand_name"":""TARO-LURASIDONE"",""active_ingredients"":[{""name"":""LURASIDONE HYDROCHLORIDE"",""strength"":""20"",""unit"":""MG""},{""name"":""LURASIDONE HYDROCHLORIDE"",""strength"":""40"",""unit"":""MG""},{""name"":""LURASIDONE HYDROCHLORIDE"",""strength"":""60"",""unit"":""MG""},{""name"":""LURASIDONE HYDROCHLORIDE"",""strength"":""80"",""unit"":""MG""},{""name"":""LURASIDONE HYDROCHLORIDE"",""strength"":""120"",""unit"":""MG""}],""dosage_forms"":[""TABLET""],""routes"":[""ORAL""],""schedule"":[""PRESCRIPTION""],""product_status"":""MARKETED"",""company"":""TARO PHARMACEUTICALS INC""}",True,1,pass,[],"{""din"":[""02504499"",""02504502"",""02504510"",""02504529"",""02504537""],""brand_name"":""TARO-LURASIDONE"",""active_ingredients"":[{""name"":""LURASIDONE HYDROCHLORIDE"",""strength"":""20"",""unit"":""MG""},{""name"":""LURASIDONE HYDROCHLORIDE"",""strength"":""40"",""unit"":""MG""},{""name"":""LURASIDONE HYDROCHLORIDE"",""strength"":""60"",""unit"":""MG""},{""name"":""LURASIDONE HYDROCHLORIDE"",""strength"":""80"",""unit"":""MG""},{""name"":""LURASIDONE HYDROCHLORIDE"",""strength"":""120"",""unit"":""MG""}],""dosage_forms"":[""TABLET""],""routes"":[""ORAL""],""schedule"":[""PRESCRIPTION""],""product_status"":""MARKETED"",""company"":""TARO PHARMACEUTICALS INC""}",False,0.875,text_or_value_error,"[""active_ingredients""]","{""din"":[""02504499"",""02504502"",""02504510"",""02504529"",""02504537""],""brand_name"":""TARO-LURASIDONE"",""active_ingredients"":[{""name"":""LURASIDONE HYDROCHLORIDE"",""strength"":""20"",""unit"":""MG""},{""name"":""LURASIDONE HYDROCHLORIDE"",""strength"":""40"",""unit"":""MG""},{""name"":""LURASIDONE HYDROCHLORIDE"",""strength"":""60"",""unit"":""MG""},{""name"":""LURASIDONE HYDROCHLORIDE"",""strength"":""80"",""unit"":""MG""},{""name"":""LURASIDONE HYDROCHLIDE"",""strength"":""120"",""unit"":""MG""}],""dosage_forms"":[""TABLET""],""routes"":[""ORAL""],""schedule"":[""PRESCRIPTION""],""product_status"":""MARKETED"",""company"":""TARO PHARMACEUTICALS INC""}",True,1,pass,[],"{""din"":[""02504499"",""02504502"",""02504510"",""02504529"",""02504537""],""brand_name"":""TARO-LURASIDONE"",""active_ingredients"":[{""name"":""LURASIDONE HYDROCHLORIDE"",""strength"":""20"",""unit"":""MG""},{""name"":""LURASIDONE HYDROCHLORIDE"",""strength"":""40"",""unit"":""MG""},{""name"":""LURASIDONE HYDROCHLORIDE"",""strength"":""60"",""unit"":""MG""},{""name"":""LURASIDONE HYDROCHLORIDE"",""strength"":""80"",""unit"":""MG""},{""name"":""LURASIDONE HYDROCHLORIDE"",""strength"":""120"",""unit"":""MG""}],""dosage_forms"":[""TABLET""],""routes"":[""ORAL""],""schedule"":[""PRESCRIPTION""],""product_status"":""MARKETED"",""company"":""TARO PHARMACEUTICALS INC""}",Compare the transcription with the frozen source label.
gpt_5_6_sol_only_passed,hc_dpd_81b2bbdab192abd6_en,hc_dpd_81b2bbdab192abd6,en,multi_ingredient,PREMIUM SUNSCREEN SPRAY SUN BUM 50,"Extract drug-product facts from the Health Canada Drug Product Database source record below. Return only one JSON object with exactly the keys din, brand_name, active_ingredients, dosage_forms, routes, schedule, product_status, and company. din, dosage_forms, routes, and schedule must be lists. active_ingredients must be a list of objects with name, strength, and unit keys. Combine distinct facts from every variant and do not infer values.

DPD SOURCE RECORD (ENGLISH)

VARIANT 1
DRUG_CODE: 97407
DIN: 02483726
BRAND_NAME: PREMIUM SUNSCREEN SPRAY SUN BUM 50
ACTIVE_INGREDIENTS:
- NAME=AVOBENZONE; STRENGTH=3; UNIT=%
- NAME=HOMOSALATE; STRENGTH=15; UNIT=%
- NAME=OCTOCRYLENE; STRENGTH=7; UNIT=%
- NAME=OCTISALATE; STRENGTH=5; UNIT=%
DOSAGE_FORMS: SPRAY, BAG-ON-VALVE
ROUTES: TOPICAL
SCHEDULES: NON-PRESCRIPTION DRUGS
PRODUCT_STATUS: MARKETED
COMPANY: SUN BUM LLC","{""din"":[""02483726""],""brand_name"":""PREMIUM SUNSCREEN SPRAY SUN BUM 50"",""active_ingredients"":[{""name"":""AVOBENZONE"",""strength"":3,""unit"":""%""},{""name"":""HOMOSALATE"",""strength"":15,""unit"":""%""},{""name"":""OCTISALATE"",""strength"":5,""unit"":""%""},{""name"":""OCTOCRYLENE"",""strength"":7,""unit"":""%""}],""dosage_forms"":[""SPRAY, BAG-ON-VALVE""],""routes"":[""TOPICAL""],""schedule"":[""NON-PRESCRIPTION DRUGS""],""product_status"":""MARKETED"",""company"":""SUN BUM LLC""}","{""archive_file_id"":""dpd_marketed_archive"",""archive_members"":{""comp.txt"":[9439],""drug.txt"":[9439],""form.txt"":[9623],""ingred.txt"":[13403,13404,13405,13406],""route.txt"":[11159],""schedule.txt"":[9700],""status.txt"":[40360]},""archive_sha256"":""94c8ef8639fd07eea9c134d8ede137d77574d4ae6761955f5aa582558ec38b25"",""drug_codes"":[""97407""],""language"":""en"",""source_dataset_id"":""hc_dpd_source_snapshot"",""source_dataset_version"":""2026.7.2"",""source_manifest_sha256"":""f674732805de6a311d5882c2e7e33747a7e214beb123d9e42c944e1ad195eba0""}",False,0.875,compound_label_split_only,"[""dosage_forms""]","{""din"":[""02483726""],""brand_name"":""PREMIUM SUNSCREEN SPRAY SUN BUM 50"",""active_ingredients"":[{""name"":""AVOBENZONE"",""strength"":""3"",""unit"":""%""},{""name"":""HOMOSALATE"",""strength"":""15"",""unit"":""%""},{""name"":""OCTOCRYLENE"",""strength"":""7"",""unit"":""%""},{""name"":""OCTISALATE"",""strength"":""5"",""unit"":""%""}],""dosage_forms"":[""SPRAY"",""BAG-ON-VALVE""],""routes"":[""TOPICAL""],""schedule"":[""NON-PRESCRIPTION DRUGS""],""product_status"":""MARKETED"",""company"":""SUN BUM LLC""}",False,0.75,schema_and_label_split,"[""din"",""dosage_forms""]","{""din"":""02483726"",""brand_name"":""PREMIUM SUNSCREEN SPRAY SUN BUM 50"",""active_ingredients"":[{""name"":""AVOBENZONE"",""strength"":""3"",""unit"":""%""},{""name"":""HOMOSALATE"",""strength"":""15"",""unit"":""%""},{""name"":""OCTOCRYLENE"",""strength"":""7"",""unit"":""%""},{""name"":""OCTISALATE"",""strength"":""5"",""unit"":""%""}],""dosage_forms"":[""SPRAY"",""BAG-ON-VALVE""],""routes"":[""TOPICAL""],""schedule"":[""NON-PRESCRIPTION DRUGS""],""product_status"":""MARKETED"",""company"":""SUN BUM LLC""}",False,0.875,compound_label_split_only,"[""dosage_forms""]","{""din"":[""02483726""],""brand_name"":""PREMIUM SUNSCREEN SPRAY SUN BUM 50"",""active_ingredients"":[{""name"":""AVOBENZONE"",""strength"":""3"",""unit"":""%""},{""name"":""HOMOSALATE"",""strength"":""15"",""unit"":""%""},{""name"":""OCTOCRYLENE"",""strength"":""7"",""unit"":""%""},{""name"":""OCTISALATE"",""strength"":""5"",""unit"":""%""}],""dosage_forms"":[""SPRAY"",""BAG-ON-VALVE""],""routes"":[""TOPICAL""],""schedule"":[""NON-PRESCRIPTION DRUGS""],""product_status"":""MARKETED"",""company"":""SUN BUM LLC""}",True,1,pass,[],"{""din"":[""02483726""],""brand_name"":""PREMIUM SUNSCREEN SPRAY SUN BUM 50"",""active_ingredients"":[{""name"":""AVOBENZONE"",""strength"":""3"",""unit"":""%""},{""name"":""HOMOSALATE"",""strength"":""15"",""unit"":""%""},{""name"":""OCTOCRYLENE"",""strength"":""7"",""unit"":""%""},{""name"":""OCTISALATE"",""strength"":""5"",""unit"":""%""}],""dosage_forms"":[""SPRAY, BAG-ON-VALVE""],""routes"":[""TOPICAL""],""schedule"":[""NON-PRESCRIPTION DRUGS""],""product_status"":""MARKETED"",""company"":""SUN BUM LLC""}",Adjudicate whether the rendered compound DPD label is unambiguous.
gpt_5_6_sol_only_passed,hc_dpd_935daabeb01e4523_en,hc_dpd_935daabeb01e4523,en,single_ingredient,NIMOTOP,"Extract drug-product facts from the Health Canada Drug Product Database source record below. Return only one JSON object with exactly the keys din, brand_name, active_ingredients, dosage_forms, routes, schedule, product_status, and company. din, dosage_forms, routes, and schedule must be lists. active_ingredients must be a list of objects with name, strength, and unit keys. Combine distinct facts from every variant and do not infer values.

DPD SOURCE RECORD (ENGLISH)

VARIANT 1
DRUG_CODE: 81127
DIN: 02325926
BRAND_NAME: NIMOTOP
ACTIVE_INGREDIENTS:
- NAME=NIMODIPINE; STRENGTH=30; UNIT=MG
DOSAGE_FORMS: TABLET
ROUTES: ORAL
SCHEDULES: PRESCRIPTION
PRODUCT_STATUS: MARKETED
COMPANY: LABORATOIRE X.0","{""din"":[""02325926""],""brand_name"":""NIMOTOP"",""active_ingredients"":[{""name"":""NIMODIPINE"",""strength"":30,""unit"":""MG""}],""dosage_forms"":[""TABLET""],""routes"":[""ORAL""],""schedule"":[""PRESCRIPTION""],""product_status"":""MARKETED"",""company"":""LABORATOIRE X.0""}","{""archive_file_id"":""dpd_marketed_archive"",""archive_members"":{""comp.txt"":[4729],""drug.txt"":[4729],""form.txt"":[4778],""ingred.txt"":[6710],""route.txt"":[5613],""schedule.txt"":[4811],""status.txt"":[24067]},""archive_sha256"":""94c8ef8639fd07eea9c134d8ede137d77574d4ae6761955f5aa582558ec38b25"",""drug_codes"":[""81127""],""language"":""en"",""source_dataset_id"":""hc_dpd_source_snapshot"",""source_dataset_version"":""2026.7.2"",""source_manifest_sha256"":""f674732805de6a311d5882c2e7e33747a7e214beb123d9e42c944e1ad195eba0""}",True,1,pass,[],"{""din"":[""02325926""],""brand_name"":""NIMOTOP"",""active_ingredients"":[{""name"":""NIMODIPINE"",""strength"":""30"",""unit"":""MG""}],""dosage_forms"":[""TABLET""],""routes"":[""ORAL""],""schedule"":[""PRESCRIPTION""],""product_status"":""MARKETED"",""company"":""LABORATOIRE X.0""}",True,1,pass,[],"{""din"":[""02325926""],""brand_name"":""NIMOTOP"",""active_ingredients"":[{""name"":""NIMODIPINE"",""strength"":""30"",""unit"":""MG""}],""dosage_forms"":[""TABLET""],""routes"":[""ORAL""],""schedule"":[""PRESCRIPTION""],""product_status"":""MARKETED"",""company"":""LABORATOIRE X.0""}",False,0.875,text_or_value_error,"[""company""]","{""din"":[""02325926""],""brand_name"":""NIMOTOP"",""active_ingredients"":[{""name"":""NIMODIPINE"",""strength"":""30"",""unit"":""MG""}],""dosage_forms"":[""TABLET""],""routes"":[""ORAL""],""schedule"":[""PRESCRIPTION""],""product_status"":""MARKETED"",""company"":""LABORATOIRE X""}",True,1,pass,[],"{""din"":[""02325926""],""brand_name"":""NIMOTOP"",""active_ingredients"":[{""name"":""NIMODIPINE"",""strength"":""30"",""unit"":""MG""}],""dosage_forms"":[""TABLET""],""routes"":[""ORAL""],""schedule"":[""PRESCRIPTION""],""product_status"":""MARKETED"",""company"":""LABORATOIRE X.0""}",Compare the transcription with the frozen source label.
gpt_5_6_terra_only_passed,hc_dpd_97fc1d09ecf78eaa_fr,hc_dpd_97fc1d09ecf78eaa,fr,single_ingredient,CYSVIEW,"Extrayez les faits de produit pharmaceutique du dossier source de la Base de données sur les produits pharmaceutiques de Santé Canada ci-dessous. Retournez uniquement un objet JSON avec exactement les clés din, brand_name, active_ingredients, dosage_forms, routes, schedule, product_status et company. din, dosage_forms, routes et schedule doivent être des listes. active_ingredients doit être une liste d'objets ayant les clés name, strength et unit. Regroupez les faits distincts de toutes les variantes, sans rien déduire.

DOSSIER SOURCE DPD (FRANÇAIS)

VARIANTE 1
DRUG_CODE: 92096
DIN: 02436639
NOM_COMMERCIAL: CYSVIEW
INGRÉDIENTS_ACTIFS:
- NOM=Chlorhydrate d'hexaminolévulinate; CONCENTRATION=100; UNITÉ=MG
FORMES_PHARMACEUTIQUES: Trousse | Poudre pour solution
VOIES_ADMINISTRATION: Intravésicale
ANNEXES: Médicaments sur ordonnance
ÉTAT_DU_PRODUIT: COMMERCIALISÉ
ENTREPRISE: PHOTOCURE ASA","{""din"":[""02436639""],""brand_name"":""CYSVIEW"",""active_ingredients"":[{""name"":""Chlorhydrate d'hexaminolévulinate"",""strength"":100,""unit"":""MG""}],""dosage_forms"":[""Poudre pour solution"",""Trousse""],""routes"":[""Intravésicale""],""schedule"":[""Médicaments sur ordonnance""],""product_status"":""COMMERCIALISÉ"",""company"":""PHOTOCURE ASA""}","{""archive_file_id"":""dpd_marketed_archive"",""archive_members"":{""comp.txt"":[7486],""drug.txt"":[7486],""form.txt"":[7619,7620],""ingred.txt"":[10660],""route.txt"":[8807],""schedule.txt"":[7640],""status.txt"":[34669]},""archive_sha256"":""94c8ef8639fd07eea9c134d8ede137d77574d4ae6761955f5aa582558ec38b25"",""drug_codes"":[""92096""],""language"":""fr"",""source_dataset_id"":""hc_dpd_source_snapshot"",""source_dataset_version"":""2026.7.2"",""source_manifest_sha256"":""f674732805de6a311d5882c2e7e33747a7e214beb123d9e42c944e1ad195eba0""}",True,1,pass,[],"{""din"":[""02436639""],""brand_name"":""CYSVIEW"",""active_ingredients"":[{""name"":""Chlorhydrate d'hexaminolévulinate"",""strength"":""100"",""unit"":""MG""}],""dosage_forms"":[""Trousse"",""Poudre pour solution""],""routes"":[""Intravésicale""],""schedule"":[""Médicaments sur ordonnance""],""product_status"":""COMMERCIALISÉ"",""company"":""PHOTOCURE ASA""}",True,1,pass,[],"{""din"":[""02436639""],""brand_name"":""CYSVIEW"",""active_ingredients"":[{""name"":""Chlorhydrate d'hexaminolévulinate"",""strength"":""100"",""unit"":""MG""}],""dosage_forms"":[""Trousse"",""Poudre pour solution""],""routes"":[""Intravésicale""],""schedule"":[""Médicaments sur ordonnance""],""product_status"":""COMMERCIALISÉ"",""company"":""PHOTOCURE ASA""}",True,1,pass,[],"{""din"":[""02436639""],""brand_name"":""CYSVIEW"",""active_ingredients"":[{""name"":""Chlorhydrate d'hexaminolévulinate"",""strength"":""100"",""unit"":""MG""}],""dosage_forms"":[""Trousse"",""Poudre pour solution""],""routes"":[""Intravésicale""],""schedule"":[""Médicaments sur ordonnance""],""product_status"":""COMMERCIALISÉ"",""company"":""PHOTOCURE ASA""}",False,0.875,text_or_value_error,"[""routes""]","{""din"":[""02436639""],""brand_name"":""CYSVIEW"",""active_ingredients"":[{""name"":""Chlorhydrate d'hexaminolévulinate"",""strength"":""100"",""unit"":""MG""}],""dosage_forms"":[""Trousse"",""Poudre pour solution""],""routes"":[""Intr vésicale""],""schedule"":[""Médicaments sur ordonnance""],""product_status"":""COMMERCIALISÉ"",""company"":""PHOTOCURE ASA""}",Compare the transcription with the frozen source label.
gpt_5_6_sol_only_passed,hc_dpd_b4fb3fb21fe042cb_en,hc_dpd_b4fb3fb21fe042cb,en,multi_variant,JAMP ONDANSETRON ODF,"Extract drug-product facts from the Health Canada Drug Product Database source record below. Return only one JSON object with exactly the keys din, brand_name, active_ingredients, dosage_forms, routes, schedule, product_status, and company. din, dosage_forms, routes, and schedule must be lists. active_ingredients must be a list of objects with name, strength, and unit keys. Combine distinct facts from every variant and do not infer values.

DPD SOURCE RECORD (ENGLISH)

VARIANT 1
DRUG_CODE: 103000
DIN: 02541351
BRAND_NAME: JAMP ONDANSETRON ODF
ACTIVE_INGREDIENTS:
- NAME=ONDANSETRON; STRENGTH=4; UNIT=MG
DOSAGE_FORMS: FILM, SOLUBLE
ROUTES: ORAL
SCHEDULES: PRESCRIPTION
PRODUCT_STATUS: MARKETED
COMPANY: JAMP PHARMA CORPORATION

VARIANT 2
DRUG_CODE: 103001
DIN: 02541378
BRAND_NAME: JAMP ONDANSETRON ODF
ACTIVE_INGREDIENTS:
- NAME=ONDANSETRON; STRENGTH=8; UNIT=MG
DOSAGE_FORMS: FILM, SOLUBLE
ROUTES: ORAL
SCHEDULES: PRESCRIPTION
PRODUCT_STATUS: MARKETED
COMPANY: JAMP PHARMA CORPORATION","{""din"":[""02541351"",""02541378""],""brand_name"":""JAMP ONDANSETRON ODF"",""active_ingredients"":[{""name"":""ONDANSETRON"",""strength"":4,""unit"":""MG""},{""name"":""ONDANSETRON"",""strength"":8,""unit"":""MG""}],""dosage_forms"":[""FILM, SOLUBLE""],""routes"":[""ORAL""],""schedule"":[""PRESCRIPTION""],""product_status"":""MARKETED"",""company"":""JAMP PHARMA CORPORATION""}","{""archive_file_id"":""dpd_marketed_archive"",""archive_members"":{""comp.txt"":[12380,12381],""drug.txt"":[12380,12381],""form.txt"":[12654,12655],""ingred.txt"":[17997,17998],""route.txt"":[14871,14872],""schedule.txt"":[12810,12811],""status.txt"":[47280,47282]},""archive_sha256"":""94c8ef8639fd07eea9c134d8ede137d77574d4ae6761955f5aa582558ec38b25"",""drug_codes"":[""103000"",""103001""],""language"":""en"",""source_dataset_id"":""hc_dpd_source_snapshot"",""source_dataset_version"":""2026.7.2"",""source_manifest_sha256"":""f674732805de6a311d5882c2e7e33747a7e214beb123d9e42c944e1ad195eba0""}",False,0.875,compound_label_split_only,"[""dosage_forms""]","{""din"":[""02541351"",""02541378""],""brand_name"":""JAMP ONDANSETRON ODF"",""active_ingredients"":[{""name"":""ONDANSETRON"",""strength"":""4"",""unit"":""MG""},{""name"":""ONDANSETRON"",""strength"":""8"",""unit"":""MG""}],""dosage_forms"":[""FILM"",""SOLUBLE""],""routes"":[""ORAL""],""schedule"":[""PRESCRIPTION""],""product_status"":""MARKETED"",""company"":""JAMP PHARMA CORPORATION""}",True,1,pass,[],"{""din"":[""02541351"",""02541378""],""brand_name"":""JAMP ONDANSETRON ODF"",""active_ingredients"":[{""name"":""ONDANSETRON"",""strength"":""4"",""unit"":""MG""},{""name"":""ONDANSETRON"",""strength"":""8"",""unit"":""MG""}],""dosage_forms"":[""FILM, SOLUBLE""],""routes"":[""ORAL""],""schedule"":[""PRESCRIPTION""],""product_status"":""MARKETED"",""company"":""JAMP PHARMA CORPORATION""}",False,0.875,compound_label_split_only,"[""dosage_forms""]","{""din"":[""02541351"",""02541378""],""brand_name"":""JAMP ONDANSETRON ODF"",""active_ingredients"":[{""name"":""ONDANSETRON"",""strength"":""4"",""unit"":""MG""},{""name"":""ONDANSETRON"",""strength"":""8"",""unit"":""MG""}],""dosage_forms"":[""FILM"",""SOLUBLE""],""routes"":[""ORAL""],""schedule"":[""PRESCRIPTION""],""product_status"":""MARKETED"",""company"":""JAMP PHARMA CORPORATION""}",True,1,pass,[],"{""din"":[""02541351"",""02541378""],""brand_name"":""JAMP ONDANSETRON ODF"",""active_ingredients"":[{""name"":""ONDANSETRON"",""strength"":""4"",""unit"":""MG""},{""name"":""ONDANSETRON"",""strength"":""8"",""unit"":""MG""}],""dosage_forms"":[""FILM, SOLUBLE""],""routes"":[""ORAL""],""schedule"":[""PRESCRIPTION""],""product_status"":""MARKETED"",""company"":""JAMP PHARMA CORPORATION""}",Adjudicate whether the rendered compound DPD label is unambiguous.
gpt_5_6_sol_only_passed,hc_dpd_b6e4c986a445e320_en,hc_dpd_b6e4c986a445e320,en,multi_ingredient,SPORT 30 CONTINUOUS SPRAY SUNSCREEN ÉCRAN SOLAIRE EN VAPORISATEUR,"Extract drug-product facts from the Health Canada Drug Product Database source record below. Return only one JSON object with exactly the keys din, brand_name, active_ingredients, dosage_forms, routes, schedule, product_status, and company. din, dosage_forms, routes, and schedule must be lists. active_ingredients must be a list of objects with name, strength, and unit keys. Combine distinct facts from every variant and do not infer values.

DPD SOURCE RECORD (ENGLISH)

VARIANT 1
DRUG_CODE: 98230
DIN: 02492261
BRAND_NAME: SPORT 30 CONTINUOUS SPRAY SUNSCREEN ÉCRAN SOLAIRE EN VAPORISATEUR
ACTIVE_INGREDIENTS:
- NAME=AVOBENZONE; STRENGTH=3; UNIT=%
- NAME=HOMOSALATE; STRENGTH=7.5; UNIT=%
- NAME=OCTOCRYLENE; STRENGTH=5; UNIT=%
- NAME=OCTISALATE; STRENGTH=5; UNIT=%
DOSAGE_FORMS: SPRAY, BAG-ON-VALVE
ROUTES: TOPICAL
SCHEDULES: NON-PRESCRIPTION DRUGS
PRODUCT_STATUS: MARKETED
COMPANY: PRIME ENTERPRISES, LLC","{""din"":[""02492261""],""brand_name"":""SPORT 30 CONTINUOUS SPRAY SUNSCREEN ÉCRAN SOLAIRE EN VAPORISATEUR"",""active_ingredients"":[{""name"":""AVOBENZONE"",""strength"":3,""unit"":""%""},{""name"":""HOMOSALATE"",""strength"":7.5,""unit"":""%""},{""name"":""OCTISALATE"",""strength"":5,""unit"":""%""},{""name"":""OCTOCRYLENE"",""strength"":5,""unit"":""%""}],""dosage_forms"":[""SPRAY, BAG-ON-VALVE""],""routes"":[""TOPICAL""],""schedule"":[""NON-PRESCRIPTION DRUGS""],""product_status"":""MARKETED"",""company"":""PRIME ENTERPRISES, LLC""}","{""archive_file_id"":""dpd_marketed_archive"",""archive_members"":{""comp.txt"":[9853],""drug.txt"":[9853],""form.txt"":[10052],""ingred.txt"":[14042,14043,14044,14045],""route.txt"":[11655],""schedule.txt"":[10134],""status.txt"":[41414]},""archive_sha256"":""94c8ef8639fd07eea9c134d8ede137d77574d4ae6761955f5aa582558ec38b25"",""drug_codes"":[""98230""],""language"":""en"",""source_dataset_id"":""hc_dpd_source_snapshot"",""source_dataset_version"":""2026.7.2"",""source_manifest_sha256"":""f674732805de6a311d5882c2e7e33747a7e214beb123d9e42c944e1ad195eba0""}",False,0.5,schema_and_label_split,"[""brand_name"",""company"",""dosage_forms"",""product_status""]","{""din"":[""02492261""],""brand_name"":[""SPORT 30 CONTINUOUS SPRAY SUNSCREEN ÉCRAN SOLAIRE EN VAPORISATEUR""],""active_ingredients"":[{""name"":""AVOBENZONE"",""strength"":""3"",""unit"":""%""},{""name"":""HOMOSALATE"",""strength"":""7.5"",""unit"":""%""},{""name"":""OCTOCRYLENE"",""strength"":""5"",""unit"":""%""},{""name"":""OCTISALATE"",""strength"":""5"",""unit"":""%""}],""dosage_forms"":[""SPRAY"",""BAG-ON-VALVE""],""routes"":[""TOPICAL""],""schedule"":[""NON-PRESCRIPTION DRUGS""],""product_status"":[""MARKETED""],""company"":[""PRIME ENTERPRISES, LLC""]}",False,0.875,compound_label_split_only,"[""dosage_forms""]","{""din"":[""02492261""],""brand_name"":""SPORT 30 CONTINUOUS SPRAY SUNSCREEN ÉCRAN SOLAIRE EN VAPORISATEUR"",""active_ingredients"":[{""name"":""AVOBENZONE"",""strength"":""3"",""unit"":""%""},{""name"":""HOMOSALATE"",""strength"":""7.5"",""unit"":""%""},{""name"":""OCTOCRYLENE"",""strength"":""5"",""unit"":""%""},{""name"":""OCTISALATE"",""strength"":""5"",""unit"":""%""}],""dosage_forms"":[""SPRAY"",""BAG-ON-VALVE""],""routes"":[""TOPICAL""],""schedule"":[""NON-PRESCRIPTION DRUGS""],""product_status"":""MARKETED"",""company"":""PRIME ENTERPRISES, LLC""}",False,0.875,compound_label_split_only,"[""dosage_forms""]","{""din"":[""02492261""],""brand_name"":""SPORT 30 CONTINUOUS SPRAY SUNSCREEN ÉCRAN SOLAIRE EN VAPORISATEUR"",""active_ingredients"":[{""name"":""AVOBENZONE"",""strength"":""3"",""unit"":""%""},{""name"":""HOMOSALATE"",""strength"":""7.5"",""unit"":""%""},{""name"":""OCTOCRYLENE"",""strength"":""5"",""unit"":""%""},{""name"":""OCTISALATE"",""strength"":""5"",""unit"":""%""}],""dosage_forms"":[""SPRAY"",""BAG-ON-VALVE""],""routes"":[""TOPICAL""],""schedule"":[""NON-PRESCRIPTION DRUGS""],""product_status"":""MARKETED"",""company"":""PRIME ENTERPRISES, LLC""}",True,1,pass,[],"{""din"":[""02492261""],""brand_name"":""SPORT 30 CONTINUOUS SPRAY SUNSCREEN ÉCRAN SOLAIRE EN VAPORISATEUR"",""active_ingredients"":[{""name"":""AVOBENZONE"",""strength"":""3"",""unit"":""%""},{""name"":""HOMOSALATE"",""strength"":""7.5"",""unit"":""%""},{""name"":""OCTOCRYLENE"",""strength"":""5"",""unit"":""%""},{""name"":""OCTISALATE"",""strength"":""5"",""unit"":""%""}],""dosage_forms"":[""SPRAY, BAG-ON-VALVE""],""routes"":[""TOPICAL""],""schedule"":[""NON-PRESCRIPTION DRUGS""],""product_status"":""MARKETED"",""company"":""PRIME ENTERPRISES, LLC""}",Adjudicate whether the rendered compound DPD label is unambiguous.
gpt_5_6_sol_only_passed,hc_dpd_c2fad45d252cf41d_fr,hc_dpd_c2fad45d252cf41d,fr,multi_ingredient_multi_variant,JAMP PERINDOPRIL/INDAPAMIDE,"Extrayez les faits de produit pharmaceutique du dossier source de la Base de données sur les produits pharmaceutiques de Santé Canada ci-dessous. Retournez uniquement un objet JSON avec exactement les clés din, brand_name, active_ingredients, dosage_forms, routes, schedule, product_status et company. din, dosage_forms, routes et schedule doivent être des listes. active_ingredients doit être une liste d'objets ayant les clés name, strength et unit. Regroupez les faits distincts de toutes les variantes, sans rien déduire.

DOSSIER SOURCE DPD (FRANÇAIS)

VARIANTE 1
DRUG_CODE: 104299
DIN: 02554119
NOM_COMMERCIAL: JAMP PERINDOPRIL/INDAPAMIDE
INGRÉDIENTS_ACTIFS:
- NOM=Périndopril erbumine; CONCENTRATION=2; UNITÉ=MG
- NOM=Indapamide; CONCENTRATION=0.625; UNITÉ=MG
FORMES_PHARMACEUTIQUES: Comprimé
VOIES_ADMINISTRATION: Orale
ANNEXES: Médicaments sur ordonnance
ÉTAT_DU_PRODUIT: COMMERCIALISÉ
ENTREPRISE: JAMP PHARMA CORPORATION

VARIANTE 2
DRUG_CODE: 104300
DIN: 02554127
NOM_COMMERCIAL: JAMP PERINDOPRIL/INDAPAMIDE
INGRÉDIENTS_ACTIFS:
- NOM=Périndopril erbumine; CONCENTRATION=4; UNITÉ=MG
- NOM=Indapamide; CONCENTRATION=1.25; UNITÉ=MG
FORMES_PHARMACEUTIQUES: Comprimé
VOIES_ADMINISTRATION: Orale
ANNEXES: Médicaments sur ordonnance
ÉTAT_DU_PRODUIT: COMMERCIALISÉ
ENTREPRISE: JAMP PHARMA CORPORATION

VARIANTE 3
DRUG_CODE: 104301
DIN: 02554135
NOM_COMMERCIAL: JAMP PERINDOPRIL/INDAPAMIDE
INGRÉDIENTS_ACTIFS:
- NOM=Périndopril erbumine; CONCENTRATION=8; UNITÉ=MG
- NOM=Indapamide; CONCENTRATION=2.5; UNITÉ=MG
FORMES_PHARMACEUTIQUES: Comprimé
VOIES_ADMINISTRATION: Orale
ANNEXES: Médicaments sur ordonnance
ÉTAT_DU_PRODUIT: COMMERCIALISÉ
ENTREPRISE: JAMP PHARMA CORPORATION","{""din"":[""02554119"",""02554127"",""02554135""],""brand_name"":""JAMP PERINDOPRIL/INDAPAMIDE"",""active_ingredients"":[{""name"":""Indapamide"",""strength"":0.625,""unit"":""MG""},{""name"":""Indapamide"",""strength"":1.25,""unit"":""MG""},{""name"":""Indapamide"",""strength"":2.5,""unit"":""MG""},{""name"":""Périndopril erbumine"",""strength"":2,""unit"":""MG""},{""name"":""Périndopril erbumine"",""strength"":4,""unit"":""MG""},{""name"":""Périndopril erbumine"",""strength"":8,""unit"":""MG""}],""dosage_forms"":[""Comprimé""],""routes"":[""Orale""],""schedule"":[""Médicaments sur ordonnance""],""product_status"":""COMMERCIALISÉ"",""company"":""JAMP PHARMA CORPORATION""}","{""archive_file_id"":""dpd_marketed_archive"",""archive_members"":{""comp.txt"":[13112,13113,13114],""drug.txt"":[13112,13113,13114],""form.txt"":[13406,13407,13408],""ingred.txt"":[19082,19083,19084,19085,19086,19087],""route.txt"":[15702,15703,15704],""schedule.txt"":[13611,13612,13613],""status.txt"":[48851,48852,48854]},""archive_sha256"":""94c8ef8639fd07eea9c134d8ede137d77574d4ae6761955f5aa582558ec38b25"",""drug_codes"":[""104299"",""104300"",""104301""],""language"":""fr"",""source_dataset_id"":""hc_dpd_source_snapshot"",""source_dataset_version"":""2026.7.2"",""source_manifest_sha256"":""f674732805de6a311d5882c2e7e33747a7e214beb123d9e42c944e1ad195eba0""}",True,1,pass,[],"{""din"":[""02554119"",""02554127"",""02554135""],""brand_name"":""JAMP PERINDOPRIL/INDAPAMIDE"",""active_ingredients"":[{""name"":""Périndopril erbumine"",""strength"":""2"",""unit"":""MG""},{""name"":""Indapamide"",""strength"":""0.625"",""unit"":""MG""},{""name"":""Périndopril erbumine"",""strength"":""4"",""unit"":""MG""},{""name"":""Indapamide"",""strength"":""1.25"",""unit"":""MG""},{""name"":""Périndopril erbumine"",""strength"":""8"",""unit"":""MG""},{""name"":""Indapamide"",""strength"":""2.5"",""unit"":""MG""}],""dosage_forms"":[""Comprimé""],""routes"":[""Orale""],""schedule"":[""Médicaments sur ordonnance""],""product_status"":""COMMERCIALISÉ"",""company"":""JAMP PHARMA CORPORATION""}",False,0.875,schema_type_only,"[""product_status""]","{""din"":[""02554119"",""02554127"",""02554135""],""brand_name"":""JAMP PERINDOPRIL/INDAPAMIDE"",""active_ingredients"":[{""name"":""Périndopril erbumine"",""strength"":2,""unit"":""MG""},{""name"":""Indapamide"",""strength"":0.625,""unit"":""MG""},{""name"":""Périndopril erbumine"",""strength"":4,""unit"":""MG""},{""name"":""Indapamide"",""strength"":1.25,""unit"":""MG""},{""name"":""Périndopril erbumine"",""strength"":8,""unit"":""MG""},{""name"":""Indapamide"",""strength"":2.5,""unit"":""MG""}],""dosage_forms"":[""Comprimé""],""routes"":[""Orale""],""schedule"":[""Médicaments sur ordonnance""],""product_status"":[""COMMERCIALISÉ""],""company"":""JAMP PHARMA CORPORATION""}",False,0.875,text_or_value_error,"[""active_ingredients""]","{""din"":[""02554119"",""02554127"",""02554135""],""brand_name"":""JAMP PERINDOPRIL/INDAPAMIDE"",""active_ingredients"":[{""name"":""Périndopril erbumine"",""strength"":""2"",""unit"":""MG""},{""name"":""Indapamide"",""strength"":""0.625"",""unit"":""MG""},{""name"":""Périndopril erbumine"",""strength"":""4"",""unit"":""MG""},{""name"":""Indapamide"",""strength"":""1.25"",""unit"":""MG""},{""name"":""Périndopamide erbumine"",""strength"":""8"",""unit"":""MG""},{""name"":""Indapamide"",""strength"":""2.5"",""unit"":""MG""}],""dosage_forms"":[""Comprimé""],""routes"":[""Orale""],""schedule"":[""Médicaments sur ordonnance""],""product_status"":""COMMERCIALISÉ"",""company"":""JAMP PHARMA CORPORATION""}",True,1,pass,[],"{""din"":[""02554119"",""02554127"",""02554135""],""brand_name"":""JAMP PERINDOPRIL/INDAPAMIDE"",""active_ingredients"":[{""name"":""Périndopril erbumine"",""strength"":""2"",""unit"":""MG""},{""name"":""Indapamide"",""strength"":""0.625"",""unit"":""MG""},{""name"":""Périndopril erbumine"",""strength"":""4"",""unit"":""MG""},{""name"":""Indapamide"",""strength"":""1.25"",""unit"":""MG""},{""name"":""Périndopril erbumine"",""strength"":""8"",""unit"":""MG""},{""name"":""Indapamide"",""strength"":""2.5"",""unit"":""MG""}],""dosage_forms"":[""Comprimé""],""routes"":[""Orale""],""schedule"":[""Médicaments sur ordonnance""],""product_status"":""COMMERCIALISÉ"",""company"":""JAMP PHARMA CORPORATION""}",Compare the transcription with the frozen source label.
both_failed,hc_dpd_c4f2ab05670620ad_en,hc_dpd_c4f2ab05670620ad,en,multi_ingredient_multi_variant,TEVA-TELMISARTAN HCTZ,"Extract drug-product facts from the Health Canada Drug Product Database source record below. Return only one JSON object with exactly the keys din, brand_name, active_ingredients, dosage_forms, routes, schedule, product_status, and company. din, dosage_forms, routes, and schedule must be lists. active_ingredients must be a list of objects with name, strength, and unit keys. Combine distinct facts from every variant and do not infer values.

DPD SOURCE RECORD (ENGLISH)

VARIANT 1
DRUG_CODE: 81603
DIN: 02330288
BRAND_NAME: TEVA-TELMISARTAN HCTZ
ACTIVE_INGREDIENTS:
- NAME=HYDROCHLOROTHIAZIDE; STRENGTH=12.5; UNIT=MG
- NAME=TELMISARTAN (TELMISARTAN SODIUM); STRENGTH=80; UNIT=MG
DOSAGE_FORMS: TABLET
ROUTES: ORAL
SCHEDULES: PRESCRIPTION
PRODUCT_STATUS: MARKETED
COMPANY: TEVA CANADA LIMITED

VARIANT 2
DRUG_CODE: 86513
DIN: 02379252
BRAND_NAME: TEVA-TELMISARTAN HCTZ
ACTIVE_INGREDIENTS:
- NAME=HYDROCHLOROTHIAZIDE; STRENGTH=25.0; UNIT=MG
- NAME=TELMISARTAN (TELMISARTAN SODIUM); STRENGTH=80.0; UNIT=MG
DOSAGE_FORMS: TABLET
ROUTES: ORAL
SCHEDULES: PRESCRIPTION
PRODUCT_STATUS: MARKETED
COMPANY: TEVA CANADA LIMITED","{""din"":[""02330288"",""02379252""],""brand_name"":""TEVA-TELMISARTAN HCTZ"",""active_ingredients"":[{""name"":""HYDROCHLOROTHIAZIDE"",""strength"":12.5,""unit"":""MG""},{""name"":""HYDROCHLOROTHIAZIDE"",""strength"":25,""unit"":""MG""},{""name"":""TELMISARTAN (TELMISARTAN SODIUM)"",""strength"":80,""unit"":""MG""}],""dosage_forms"":[""TABLET""],""routes"":[""ORAL""],""schedule"":[""PRESCRIPTION""],""product_status"":""MARKETED"",""company"":""TEVA CANADA LIMITED""}","{""archive_file_id"":""dpd_marketed_archive"",""archive_members"":{""comp.txt"":[4840,5794],""drug.txt"":[4840,5794],""form.txt"":[4899,5868],""ingred.txt"":[6947,6948,8358,8359],""route.txt"":[5739,6873],""schedule.txt"":[4925,5896],""status.txt"":[24562,28205]},""archive_sha256"":""94c8ef8639fd07eea9c134d8ede137d77574d4ae6761955f5aa582558ec38b25"",""drug_codes"":[""81603"",""86513""],""language"":""en"",""source_dataset_id"":""hc_dpd_source_snapshot"",""source_dataset_version"":""2026.7.2"",""source_manifest_sha256"":""f674732805de6a311d5882c2e7e33747a7e214beb123d9e42c944e1ad195eba0""}",False,0.875,duplicate_items_only,"[""active_ingredients""]","{""din"":[""02330288"",""02379252""],""brand_name"":""TEVA-TELMISARTAN HCTZ"",""active_ingredients"":[{""name"":""HYDROCHLOROTHIAZIDE"",""strength"":""12.5"",""unit"":""MG""},{""name"":""TELMISARTAN (TELMISARTAN SODIUM)"",""strength"":""80"",""unit"":""MG""},{""name"":""HYDROCHLOROTHIAZIDE"",""strength"":""25.0"",""unit"":""MG""},{""name"":""TELMISARTAN (TELMISARTAN SODIUM)"",""strength"":""80.0"",""unit"":""MG""}],""dosage_forms"":[""TABLET""],""routes"":[""ORAL""],""schedule"":[""PRESCRIPTION""],""product_status"":""MARKETED"",""company"":""TEVA CANADA LIMITED""}",False,0.875,duplicate_items_only,"[""active_ingredients""]","{""din"":[""02330288"",""02379252""],""brand_name"":""TEVA-TELMISARTAN HCTZ"",""active_ingredients"":[{""name"":""HYDROCHLOROTHIAZIDE"",""strength"":""12.5"",""unit"":""MG""},{""name"":""TELMISARTAN (TELMISARTAN SODIUM)"",""strength"":""80"",""unit"":""MG""},{""name"":""HYDROCHLOROTHIAZIDE"",""strength"":""25.0"",""unit"":""MG""},{""name"":""TELMISARTAN (TELMISARTAN SODIUM)"",""strength"":""80.0"",""unit"":""MG""}],""dosage_forms"":[""TABLET""],""routes"":[""ORAL""],""schedule"":[""PRESCRIPTION""],""product_status"":""MARKETED"",""company"":""TEVA CANADA LIMITED""}",False,0.875,duplicate_items_only,"[""active_ingredients""]","{""din"":[""02330288"",""02379252""],""brand_name"":""TEVA-TELMISARTAN HCTZ"",""active_ingredients"":[{""name"":""HYDROCHLOROTHIAZIDE"",""strength"":""12.5"",""unit"":""MG""},{""name"":""TELMISARTAN (TELMISARTAN SODIUM)"",""strength"":""80"",""unit"":""MG""},{""name"":""HYDROCHLOROTHIAZIDE"",""strength"":""25.0"",""unit"":""MG""},{""name"":""TELMISARTAN (TELMISARTAN SODIUM)"",""strength"":""80.0"",""unit"":""MG""}],""dosage_forms"":[""TABLET""],""routes"":[""ORAL""],""schedule"":[""PRESCRIPTION""],""product_status"":""MARKETED"",""company"":""TEVA CANADA LIMITED""}",False,0.875,duplicate_items_only,"[""active_ingredients""]","{""din"":[""02330288"",""02379252""],""brand_name"":""TEVA-TELMISARTAN HCTZ"",""active_ingredients"":[{""name"":""HYDROCHLOROTHIAZIDE"",""strength"":""12.5"",""unit"":""MG""},{""name"":""TELMISARTAN (TELMISARTAN SODIUM)"",""strength"":""80"",""unit"":""MG""},{""name"":""HYDROCHLOROTHIAZIDE"",""strength"":""25.0"",""unit"":""MG""},{""name"":""TELMISARTAN (TELMISARTAN SODIUM)"",""strength"":""80.0"",""unit"":""MG""}],""dosage_forms"":[""TABLET""],""routes"":[""ORAL""],""schedule"":[""PRESCRIPTION""],""product_status"":""MARKETED"",""company"":""TEVA CANADA LIMITED""}",Verify distinct-fact aggregation across product variants.
both_failed,hc_dpd_c4f2ab05670620ad_fr,hc_dpd_c4f2ab05670620ad,fr,multi_ingredient_multi_variant,TEVA-TELMISARTAN HCTZ,"Extrayez les faits de produit pharmaceutique du dossier source de la Base de données sur les produits pharmaceutiques de Santé Canada ci-dessous. Retournez uniquement un objet JSON avec exactement les clés din, brand_name, active_ingredients, dosage_forms, routes, schedule, product_status et company. din, dosage_forms, routes et schedule doivent être des listes. active_ingredients doit être une liste d'objets ayant les clés name, strength et unit. Regroupez les faits distincts de toutes les variantes, sans rien déduire.

DOSSIER SOURCE DPD (FRANÇAIS)

VARIANTE 1
DRUG_CODE: 81603
DIN: 02330288
NOM_COMMERCIAL: TEVA-TELMISARTAN HCTZ
INGRÉDIENTS_ACTIFS:
- NOM=Hydrochlorothiazide; CONCENTRATION=12.5; UNITÉ=MG
- NOM=Telmisartan (Telmisartan sodique); CONCENTRATION=80; UNITÉ=MG
FORMES_PHARMACEUTIQUES: Comprimé
VOIES_ADMINISTRATION: Orale
ANNEXES: Médicaments sur ordonnance
ÉTAT_DU_PRODUIT: COMMERCIALISÉ
ENTREPRISE: TEVA CANADA LIMITED

VARIANTE 2
DRUG_CODE: 86513
DIN: 02379252
NOM_COMMERCIAL: TEVA-TELMISARTAN HCTZ
INGRÉDIENTS_ACTIFS:
- NOM=Hydrochlorothiazide; CONCENTRATION=25.0; UNITÉ=MG
- NOM=Telmisartan (Telmisartan sodique); CONCENTRATION=80.0; UNITÉ=MG
FORMES_PHARMACEUTIQUES: Comprimé
VOIES_ADMINISTRATION: Orale
ANNEXES: Médicaments sur ordonnance
ÉTAT_DU_PRODUIT: COMMERCIALISÉ
ENTREPRISE: TEVA CANADA LIMITED","{""din"":[""02330288"",""02379252""],""brand_name"":""TEVA-TELMISARTAN HCTZ"",""active_ingredients"":[{""name"":""Hydrochlorothiazide"",""strength"":12.5,""unit"":""MG""},{""name"":""Hydrochlorothiazide"",""strength"":25,""unit"":""MG""},{""name"":""Telmisartan (Telmisartan sodique)"",""strength"":80,""unit"":""MG""}],""dosage_forms"":[""Comprimé""],""routes"":[""Orale""],""schedule"":[""Médicaments sur ordonnance""],""product_status"":""COMMERCIALISÉ"",""company"":""TEVA CANADA LIMITED""}","{""archive_file_id"":""dpd_marketed_archive"",""archive_members"":{""comp.txt"":[4840,5794],""drug.txt"":[4840,5794],""form.txt"":[4899,5868],""ingred.txt"":[6947,6948,8358,8359],""route.txt"":[5739,6873],""schedule.txt"":[4925,5896],""status.txt"":[24562,28205]},""archive_sha256"":""94c8ef8639fd07eea9c134d8ede137d77574d4ae6761955f5aa582558ec38b25"",""drug_codes"":[""81603"",""86513""],""language"":""fr"",""source_dataset_id"":""hc_dpd_source_snapshot"",""source_dataset_version"":""2026.7.2"",""source_manifest_sha256"":""f674732805de6a311d5882c2e7e33747a7e214beb123d9e42c944e1ad195eba0""}",False,0.875,duplicate_items_only,"[""active_ingredients""]","{""din"":[""02330288"",""02379252""],""brand_name"":""TEVA-TELMISARTAN HCTZ"",""active_ingredients"":[{""name"":""Hydrochlorothiazide"",""strength"":""12.5"",""unit"":""MG""},{""name"":""Telmisartan (Telmisartan sodique)"",""strength"":""80"",""unit"":""MG""},{""name"":""Hydrochlorothiazide"",""strength"":""25.0"",""unit"":""MG""},{""name"":""Telmisartan (Telmisartan sodique)"",""strength"":""80.0"",""unit"":""MG""}],""dosage_forms"":[""Comprimé""],""routes"":[""Orale""],""schedule"":[""Médicaments sur ordonnance""],""product_status"":""COMMERCIALISÉ"",""company"":""TEVA CANADA LIMITED""}",False,0.75,schema_and_duplicates,"[""active_ingredients"",""product_status""]","{""din"":[""02330288"",""02379252""],""brand_name"":""TEVA-TELMISARTAN HCTZ"",""active_ingredients"":[{""name"":""Hydrochlorothiazide"",""strength"":""12.5"",""unit"":""MG""},{""name"":""Telmisartan (Telmisartan sodique)"",""strength"":""80"",""unit"":""MG""},{""name"":""Hydrochlorothiazide"",""strength"":""25.0"",""unit"":""MG""},{""name"":""Telmisartan (Telmisartan sodique)"",""strength"":""80.0"",""unit"":""MG""}],""dosage_forms"":[""Comprimé""],""routes"":[""Orale""],""schedule"":[""Médicaments sur ordonnance""],""product_status"":[""COMMERCIALISÉ""],""company"":""TEVA CANADA LIMITED""}",False,0.875,duplicate_items_only,"[""active_ingredients""]","{""din"":[""02330288"",""02379252""],""brand_name"":""TEVA-TELMISARTAN HCTZ"",""active_ingredients"":[{""name"":""Hydrochlorothiazide"",""strength"":""12.5"",""unit"":""MG""},{""name"":""Telmisartan (Telmisartan sodique)"",""strength"":""80"",""unit"":""MG""},{""name"":""Hydrochlorothiazide"",""strength"":""25.0"",""unit"":""MG""},{""name"":""Telmisartan (Telmisartan sodique)"",""strength"":""80.0"",""unit"":""MG""}],""dosage_forms"":[""Comprimé""],""routes"":[""Orale""],""schedule"":[""Médicaments sur ordonnance""],""product_status"":""COMMERCIALISÉ"",""company"":""TEVA CANADA LIMITED""}",False,0.875,duplicate_items_only,"[""active_ingredients""]","{""din"":[""02330288"",""02379252""],""brand_name"":""TEVA-TELMISARTAN HCTZ"",""active_ingredients"":[{""name"":""Hydrochlorothiazide"",""strength"":""12.5"",""unit"":""MG""},{""name"":""Telmisartan (Telmisartan sodique)"",""strength"":""80"",""unit"":""MG""},{""name"":""Hydrochlorothiazide"",""strength"":""25.0"",""unit"":""MG""},{""name"":""Telmisartan (Telmisartan sodique)"",""strength"":""80.0"",""unit"":""MG""}],""dosage_forms"":[""Comprimé""],""routes"":[""Orale""],""schedule"":[""Médicaments sur ordonnance""],""product_status"":""COMMERCIALISÉ"",""company"":""TEVA CANADA LIMITED""}",Verify distinct-fact aggregation across product variants.
gpt_5_6_sol_only_passed,hc_dpd_c70a9a51d4567621_en,hc_dpd_c70a9a51d4567621,en,multi_ingredient,PREMIUM SUNSCREEN SPRAY SUN BUM 30,"Extract drug-product facts from the Health Canada Drug Product Database source record below. Return only one JSON object with exactly the keys din, brand_name, active_ingredients, dosage_forms, routes, schedule, product_status, and company. din, dosage_forms, routes, and schedule must be lists. active_ingredients must be a list of objects with name, strength, and unit keys. Combine distinct facts from every variant and do not infer values.

DPD SOURCE RECORD (ENGLISH)

VARIANT 1
DRUG_CODE: 97377
DIN: 02483335
BRAND_NAME: PREMIUM SUNSCREEN SPRAY SUN BUM 30
ACTIVE_INGREDIENTS:
- NAME=AVOBENZONE; STRENGTH=3; UNIT=%
- NAME=HOMOSALATE; STRENGTH=10; UNIT=%
- NAME=OCTOCRYLENE; STRENGTH=3.75; UNIT=%
- NAME=OCTISALATE; STRENGTH=5; UNIT=%
DOSAGE_FORMS: SPRAY, BAG-ON-VALVE
ROUTES: TOPICAL
SCHEDULES: NON-PRESCRIPTION DRUGS
PRODUCT_STATUS: MARKETED
COMPANY: SUN BUM LLC","{""din"":[""02483335""],""brand_name"":""PREMIUM SUNSCREEN SPRAY SUN BUM 30"",""active_ingredients"":[{""name"":""AVOBENZONE"",""strength"":3,""unit"":""%""},{""name"":""HOMOSALATE"",""strength"":10,""unit"":""%""},{""name"":""OCTISALATE"",""strength"":5,""unit"":""%""},{""name"":""OCTOCRYLENE"",""strength"":3.75,""unit"":""%""}],""dosage_forms"":[""SPRAY, BAG-ON-VALVE""],""routes"":[""TOPICAL""],""schedule"":[""NON-PRESCRIPTION DRUGS""],""product_status"":""MARKETED"",""company"":""SUN BUM LLC""}","{""archive_file_id"":""dpd_marketed_archive"",""archive_members"":{""comp.txt"":[9417],""drug.txt"":[9417],""form.txt"":[9598],""ingred.txt"":[13371,13372,13373,13374],""route.txt"":[11135],""schedule.txt"":[9673],""status.txt"":[40291]},""archive_sha256"":""94c8ef8639fd07eea9c134d8ede137d77574d4ae6761955f5aa582558ec38b25"",""drug_codes"":[""97377""],""language"":""en"",""source_dataset_id"":""hc_dpd_source_snapshot"",""source_dataset_version"":""2026.7.2"",""source_manifest_sha256"":""f674732805de6a311d5882c2e7e33747a7e214beb123d9e42c944e1ad195eba0""}",False,0.875,compound_label_split_only,"[""dosage_forms""]","{""din"":[""02483335""],""brand_name"":""PREMIUM SUNSCREEN SPRAY SUN BUM 30"",""active_ingredients"":[{""name"":""AVOBENZONE"",""strength"":""3"",""unit"":""%""},{""name"":""HOMOSALATE"",""strength"":""10"",""unit"":""%""},{""name"":""OCTOCRYLENE"",""strength"":""3.75"",""unit"":""%""},{""name"":""OCTISALATE"",""strength"":""5"",""unit"":""%""}],""dosage_forms"":[""SPRAY"",""BAG-ON-VALVE""],""routes"":[""TOPICAL""],""schedule"":[""NON-PRESCRIPTION DRUGS""],""product_status"":""MARKETED"",""company"":""SUN BUM LLC""}",False,0.75,schema_and_label_split,"[""din"",""dosage_forms""]","{""din"":""02483335"",""brand_name"":""PREMIUM SUNSCREEN SPRAY SUN BUM 30"",""active_ingredients"":[{""name"":""AVOBENZONE"",""strength"":""3"",""unit"":""%""},{""name"":""HOMOSALATE"",""strength"":""10"",""unit"":""%""},{""name"":""OCTOCRYLENE"",""strength"":""3.75"",""unit"":""%""},{""name"":""OCTISALATE"",""strength"":""5"",""unit"":""%""}],""dosage_forms"":[""SPRAY"",""BAG-ON-VALVE""],""routes"":[""TOPICAL""],""schedule"":[""NON-PRESCRIPTION DRUGS""],""product_status"":""MARKETED"",""company"":""SUN BUM LLC""}",False,0.875,compound_label_split_only,"[""dosage_forms""]","{""din"":[""02483335""],""brand_name"":""PREMIUM SUNSCREEN SPRAY SUN BUM 30"",""active_ingredients"":[{""name"":""AVOBENZONE"",""strength"":""3"",""unit"":""%""},{""name"":""HOMOSALATE"",""strength"":""10"",""unit"":""%""},{""name"":""OCTOCRYLENE"",""strength"":""3.75"",""unit"":""%""},{""name"":""OCTISALATE"",""strength"":""5"",""unit"":""%""}],""dosage_forms"":[""SPRAY"",""BAG-ON-VALVE""],""routes"":[""TOPICAL""],""schedule"":[""NON-PRESCRIPTION DRUGS""],""product_status"":""MARKETED"",""company"":""SUN BUM LLC""}",True,1,pass,[],"{""din"":[""02483335""],""brand_name"":""PREMIUM SUNSCREEN SPRAY SUN BUM 30"",""active_ingredients"":[{""name"":""AVOBENZONE"",""strength"":""3"",""unit"":""%""},{""name"":""HOMOSALATE"",""strength"":""10"",""unit"":""%""},{""name"":""OCTOCRYLENE"",""strength"":""3.75"",""unit"":""%""},{""name"":""OCTISALATE"",""strength"":""5"",""unit"":""%""}],""dosage_forms"":[""SPRAY, BAG-ON-VALVE""],""routes"":[""TOPICAL""],""schedule"":[""NON-PRESCRIPTION DRUGS""],""product_status"":""MARKETED"",""company"":""SUN BUM LLC""}",Adjudicate whether the rendered compound DPD label is unambiguous.
gpt_5_6_sol_only_passed,hc_dpd_cc20d74d3c39f3eb_fr,hc_dpd_cc20d74d3c39f3eb,fr,multi_ingredient,COLLYRE BLEU LAITER,"Extrayez les faits de produit pharmaceutique du dossier source de la Base de données sur les produits pharmaceutiques de Santé Canada ci-dessous. Retournez uniquement un objet JSON avec exactement les clés din, brand_name, active_ingredients, dosage_forms, routes, schedule, product_status et company. din, dosage_forms, routes et schedule doivent être des listes. active_ingredients doit être une liste d'objets ayant les clés name, strength et unit. Regroupez les faits distincts de toutes les variantes, sans rien déduire.

DOSSIER SOURCE DPD (FRANÇAIS)

VARIANTE 1
DRUG_CODE: 7203
DIN: 00674354
NOM_COMMERCIAL: COLLYRE BLEU LAITER
INGRÉDIENTS_ACTIFS:
- NOM=Nitrate de naphazoline; CONCENTRATION=0.5; UNITÉ=MG
- NOM=Bleu de méthylène; CONCENTRATION=0.2; UNITÉ=MG
FORMES_PHARMACEUTIQUES: Gouttes
VOIES_ADMINISTRATION: Ophtalmique
ANNEXES: Médicaments sans ordonnance
ÉTAT_DU_PRODUIT: COMMERCIALISÉ
ENTREPRISE: FRILAB SA","{""din"":[""00674354""],""brand_name"":""COLLYRE BLEU LAITER"",""active_ingredients"":[{""name"":""Bleu de méthylène"",""strength"":0.2,""unit"":""MG""},{""name"":""Nitrate de naphazoline"",""strength"":0.5,""unit"":""MG""}],""dosage_forms"":[""Gouttes""],""routes"":[""Ophtalmique""],""schedule"":[""Médicaments sans ordonnance""],""product_status"":""COMMERCIALISÉ"",""company"":""FRILAB SA""}","{""archive_file_id"":""dpd_marketed_archive"",""archive_members"":{""comp.txt"":[598],""drug.txt"":[598],""form.txt"":[599],""ingred.txt"":[866,867],""route.txt"":[721],""schedule.txt"":[598],""status.txt"":[3035]},""archive_sha256"":""94c8ef8639fd07eea9c134d8ede137d77574d4ae6761955f5aa582558ec38b25"",""drug_codes"":[""7203""],""language"":""fr"",""source_dataset_id"":""hc_dpd_source_snapshot"",""source_dataset_version"":""2026.7.2"",""source_manifest_sha256"":""f674732805de6a311d5882c2e7e33747a7e214beb123d9e42c944e1ad195eba0""}",True,1,pass,[],"{""din"":[""00674354""],""brand_name"":""COLLYRE BLEU LAITER"",""active_ingredients"":[{""name"":""Nitrate de naphazoline"",""strength"":""0.5"",""unit"":""MG""},{""name"":""Bleu de méthylène"",""strength"":""0.2"",""unit"":""MG""}],""dosage_forms"":[""Gouttes""],""routes"":[""Ophtalmique""],""schedule"":[""Médicaments sans ordonnance""],""product_status"":""COMMERCIALISÉ"",""company"":""FRILAB SA""}",True,1,pass,[],"{""din"":[""00674354""],""brand_name"":""COLLYRE BLEU LAITER"",""active_ingredients"":[{""name"":""Nitrate de naphazoline"",""strength"":""0.5"",""unit"":""MG""},{""name"":""Bleu de méthylène"",""strength"":""0.2"",""unit"":""MG""}],""dosage_forms"":[""Gouttes""],""routes"":[""Ophtalmique""],""schedule"":[""Médicaments sans ordonnance""],""product_status"":""COMMERCIALISÉ"",""company"":""FRILAB SA""}",False,0.625,schema_type_only,"[""brand_name"",""company"",""product_status""]","{""din"":[""00674354""],""brand_name"":[""COLLYRE BLEU LAITER""],""active_ingredients"":[{""name"":""Nitrate de naphazoline"",""strength"":0.5,""unit"":""MG""},{""name"":""Bleu de méthylène"",""strength"":0.2,""unit"":""MG""}],""dosage_forms"":[""Gouttes""],""routes"":[""Ophtalmique""],""schedule"":[""Médicaments sans ordonnance""],""product_status"":[""COMMERCIALISÉ""],""company"":[""FRILAB SA""]}",True,1,pass,[],"{""din"":[""00674354""],""brand_name"":""COLLYRE BLEU LAITER"",""active_ingredients"":[{""name"":""Nitrate de naphazoline"",""strength"":""0.5"",""unit"":""MG""},{""name"":""Bleu de méthylène"",""strength"":""0.2"",""unit"":""MG""}],""dosage_forms"":[""Gouttes""],""routes"":[""Ophtalmique""],""schedule"":[""Médicaments sans ordonnance""],""product_status"":""COMMERCIALISÉ"",""company"":""FRILAB SA""}",Verify the strict scalar and list JSON contract.
gpt_5_6_sol_only_passed,hc_dpd_cc217db844e40422_en,hc_dpd_cc217db844e40422,en,multi_ingredient,LIFE BRAND SPORT SUNSCREEN BROAD SPECTRUM SPRAY,"Extract drug-product facts from the Health Canada Drug Product Database source record below. Return only one JSON object with exactly the keys din, brand_name, active_ingredients, dosage_forms, routes, schedule, product_status, and company. din, dosage_forms, routes, and schedule must be lists. active_ingredients must be a list of objects with name, strength, and unit keys. Combine distinct facts from every variant and do not infer values.

DPD SOURCE RECORD (ENGLISH)

VARIANT 1
DRUG_CODE: 93309
DIN: 02447509
BRAND_NAME: LIFE BRAND SPORT SUNSCREEN BROAD SPECTRUM SPRAY
ACTIVE_INGREDIENTS:
- NAME=OXYBENZONE; STRENGTH=4; UNIT=%
- NAME=AVOBENZONE; STRENGTH=2; UNIT=%
- NAME=HOMOSALATE; STRENGTH=15; UNIT=%
- NAME=OCTISALATE; STRENGTH=5; UNIT=%
DOSAGE_FORMS: SPRAY, BAG-ON-VALVE
ROUTES: TOPICAL
SCHEDULES: NON-PRESCRIPTION DRUGS
PRODUCT_STATUS: MARKETED
COMPANY: FRUIT OF THE EARTH, INC","{""din"":[""02447509""],""brand_name"":""LIFE BRAND SPORT SUNSCREEN BROAD SPECTRUM SPRAY"",""active_ingredients"":[{""name"":""AVOBENZONE"",""strength"":2,""unit"":""%""},{""name"":""HOMOSALATE"",""strength"":15,""unit"":""%""},{""name"":""OCTISALATE"",""strength"":5,""unit"":""%""},{""name"":""OXYBENZONE"",""strength"":4,""unit"":""%""}],""dosage_forms"":[""SPRAY, BAG-ON-VALVE""],""routes"":[""TOPICAL""],""schedule"":[""NON-PRESCRIPTION DRUGS""],""product_status"":""MARKETED"",""company"":""FRUIT OF THE EARTH, INC""}","{""archive_file_id"":""dpd_marketed_archive"",""archive_members"":{""comp.txt"":[7847],""drug.txt"":[7847],""form.txt"":[7989],""ingred.txt"":[11188,11189,11190,11191],""route.txt"":[9225],""schedule.txt"":[8016],""status.txt"":[36008]},""archive_sha256"":""94c8ef8639fd07eea9c134d8ede137d77574d4ae6761955f5aa582558ec38b25"",""drug_codes"":[""93309""],""language"":""en"",""source_dataset_id"":""hc_dpd_source_snapshot"",""source_dataset_version"":""2026.7.2"",""source_manifest_sha256"":""f674732805de6a311d5882c2e7e33747a7e214beb123d9e42c944e1ad195eba0""}",False,0.875,compound_label_split_only,"[""dosage_forms""]","{""din"":[""02447509""],""brand_name"":""LIFE BRAND SPORT SUNSCREEN BROAD SPECTRUM SPRAY"",""active_ingredients"":[{""name"":""OXYBENZONE"",""strength"":""4"",""unit"":""%""},{""name"":""AVOBENZONE"",""strength"":""2"",""unit"":""%""},{""name"":""HOMOSALATE"",""strength"":""15"",""unit"":""%""},{""name"":""OCTISALATE"",""strength"":""5"",""unit"":""%""}],""dosage_forms"":[""SPRAY"",""BAG-ON-VALVE""],""routes"":[""TOPICAL""],""schedule"":[""NON-PRESCRIPTION DRUGS""],""product_status"":""MARKETED"",""company"":""FRUIT OF THE EARTH, INC""}",False,0.875,compound_label_split_only,"[""dosage_forms""]","{""din"":[""02447509""],""brand_name"":""LIFE BRAND SPORT SUNSCREEN BROAD SPECTRUM SPRAY"",""active_ingredients"":[{""name"":""OXYBENZONE"",""strength"":""4"",""unit"":""%""},{""name"":""AVOBENZONE"",""strength"":""2"",""unit"":""%""},{""name"":""HOMOSALATE"",""strength"":""15"",""unit"":""%""},{""name"":""OCTISALATE"",""strength"":""5"",""unit"":""%""}],""dosage_forms"":[""SPRAY"",""BAG-ON-VALVE""],""routes"":[""TOPICAL""],""schedule"":[""NON-PRESCRIPTION DRUGS""],""product_status"":""MARKETED"",""company"":""FRUIT OF THE EARTH, INC""}",False,0.875,compound_label_split_only,"[""dosage_forms""]","{""din"":[""02447509""],""brand_name"":""LIFE BRAND SPORT SUNSCREEN BROAD SPECTRUM SPRAY"",""active_ingredients"":[{""name"":""OXYBENZONE"",""strength"":""4"",""unit"":""%""},{""name"":""AVOBENZONE"",""strength"":""2"",""unit"":""%""},{""name"":""HOMOSALATE"",""strength"":""15"",""unit"":""%""},{""name"":""OCTISALATE"",""strength"":""5"",""unit"":""%""}],""dosage_forms"":[""SPRAY"",""BAG-ON-VALVE""],""routes"":[""TOPICAL""],""schedule"":[""NON-PRESCRIPTION DRUGS""],""product_status"":""MARKETED"",""company"":""FRUIT OF THE EARTH, INC""}",True,1,pass,[],"{""din"":[""02447509""],""brand_name"":""LIFE BRAND SPORT SUNSCREEN BROAD SPECTRUM SPRAY"",""active_ingredients"":[{""name"":""OXYBENZONE"",""strength"":""4"",""unit"":""%""},{""name"":""AVOBENZONE"",""strength"":""2"",""unit"":""%""},{""name"":""HOMOSALATE"",""strength"":""15"",""unit"":""%""},{""name"":""OCTISALATE"",""strength"":""5"",""unit"":""%""}],""dosage_forms"":[""SPRAY, BAG-ON-VALVE""],""routes"":[""TOPICAL""],""schedule"":[""NON-PRESCRIPTION DRUGS""],""product_status"":""MARKETED"",""company"":""FRUIT OF THE EARTH, INC""}",Adjudicate whether the rendered compound DPD label is unambiguous.
gpt_5_6_sol_only_passed,hc_dpd_cdab3f033b8be8a5_en,hc_dpd_cdab3f033b8be8a5,en,multi_ingredient,XYLONOR,"Extract drug-product facts from the Health Canada Drug Product Database source record below. Return only one JSON object with exactly the keys din, brand_name, active_ingredients, dosage_forms, routes, schedule, product_status, and company. din, dosage_forms, routes, and schedule must be lists. active_ingredients must be a list of objects with name, strength, and unit keys. Combine distinct facts from every variant and do not infer values.

DPD SOURCE RECORD (ENGLISH)

VARIANT 1
DRUG_CODE: 37164
DIN: 02218607
BRAND_NAME: XYLONOR
ACTIVE_INGREDIENTS:
- NAME=CETRIMIDE; STRENGTH=150; UNIT=MG
- NAME=LIDOCAINE; STRENGTH=15; UNIT=G
DOSAGE_FORMS: SPRAY, METERED DOSE
ROUTES: BUCCAL
SCHEDULES: ETHICAL
PRODUCT_STATUS: MARKETED
COMPANY: SEPTODONT","{""din"":[""02218607""],""brand_name"":""XYLONOR"",""active_ingredients"":[{""name"":""CETRIMIDE"",""strength"":150,""unit"":""MG""},{""name"":""LIDOCAINE"",""strength"":15,""unit"":""G""}],""dosage_forms"":[""SPRAY, METERED DOSE""],""routes"":[""BUCCAL""],""schedule"":[""ETHICAL""],""product_status"":""MARKETED"",""company"":""SEPTODONT""}","{""archive_file_id"":""dpd_marketed_archive"",""archive_members"":{""comp.txt"":[1811],""drug.txt"":[1811],""form.txt"":[1824],""ingred.txt"":[2749,2750],""route.txt"":[2149],""schedule.txt"":[1820],""status.txt"":[9433]},""archive_sha256"":""94c8ef8639fd07eea9c134d8ede137d77574d4ae6761955f5aa582558ec38b25"",""drug_codes"":[""37164""],""language"":""en"",""source_dataset_id"":""hc_dpd_source_snapshot"",""source_dataset_version"":""2026.7.2"",""source_manifest_sha256"":""f674732805de6a311d5882c2e7e33747a7e214beb123d9e42c944e1ad195eba0""}",False,0.625,schema_type_only,"[""brand_name"",""company"",""product_status""]","{""din"":[""02218607""],""brand_name"":[""XYLONOR""],""active_ingredients"":[{""name"":""CETRIMIDE"",""strength"":""150"",""unit"":""MG""},{""name"":""LIDOCAINE"",""strength"":""15"",""unit"":""G""}],""dosage_forms"":[""SPRAY, METERED DOSE""],""routes"":[""BUCCAL""],""schedule"":[""ETHICAL""],""product_status"":[""MARKETED""],""company"":[""SEPTODONT""]}",True,1,pass,[],"{""din"":[""02218607""],""brand_name"":""XYLONOR"",""active_ingredients"":[{""name"":""CETRIMIDE"",""strength"":""150"",""unit"":""MG""},{""name"":""LIDOCAINE"",""strength"":""15"",""unit"":""G""}],""dosage_forms"":[""SPRAY, METERED DOSE""],""routes"":[""BUCCAL""],""schedule"":[""ETHICAL""],""product_status"":""MARKETED"",""company"":""SEPTODONT""}",False,0.875,compound_label_split_only,"[""dosage_forms""]","{""din"":[""02218607""],""brand_name"":""XYLONOR"",""active_ingredients"":[{""name"":""CETRIMIDE"",""strength"":""150"",""unit"":""MG""},{""name"":""LIDOCAINE"",""strength"":""15"",""unit"":""G""}],""dosage_forms"":[""SPRAY"",""METERED DOSE""],""routes"":[""BUCCAL""],""schedule"":[""ETHICAL""],""product_status"":""MARKETED"",""company"":""SEPTODONT""}",True,1,pass,[],"{""din"":[""02218607""],""brand_name"":""XYLONOR"",""active_ingredients"":[{""name"":""CETRIMIDE"",""strength"":""150"",""unit"":""MG""},{""name"":""LIDOCAINE"",""strength"":""15"",""unit"":""G""}],""dosage_forms"":[""SPRAY, METERED DOSE""],""routes"":[""BUCCAL""],""schedule"":[""ETHICAL""],""product_status"":""MARKETED"",""company"":""SEPTODONT""}",Adjudicate whether the rendered compound DPD label is unambiguous.
gpt_5_6_sol_only_passed,hc_dpd_ce451f141937a2b7_en,hc_dpd_ce451f141937a2b7,en,multi_ingredient,ACID CONCENTRATE D12302,"Extract drug-product facts from the Health Canada Drug Product Database source record below. Return only one JSON object with exactly the keys din, brand_name, active_ingredients, dosage_forms, routes, schedule, product_status, and company. din, dosage_forms, routes, and schedule must be lists. active_ingredients must be a list of objects with name, strength, and unit keys. Combine distinct facts from every variant and do not infer values.

DPD SOURCE RECORD (ENGLISH)

VARIANT 1
DRUG_CODE: 20046
DIN: 02217635
BRAND_NAME: ACID CONCENTRATE D12302
ACTIVE_INGREDIENTS:
- NAME=DEXTROSE; STRENGTH=45; UNIT=G
- NAME=ACETIC ACID; STRENGTH=10.8; UNIT=G
- NAME=MAGNESIUM CHLORIDE; STRENGTH=2.14; UNIT=G
- NAME=CALCIUM CHLORIDE; STRENGTH=4.99; UNIT=G
- NAME=POTASSIUM CHLORIDE; STRENGTH=3.35; UNIT=G
- NAME=SODIUM CHLORIDE; STRENGTH=263; UNIT=G
DOSAGE_FORMS: SOLUTION
ROUTES: HAEMODIALYSIS
SCHEDULES: ETHICAL
PRODUCT_STATUS: MARKETED
COMPANY: VANTIVE ULC","{""din"":[""02217635""],""brand_name"":""ACID CONCENTRATE D12302"",""active_ingredients"":[{""name"":""ACETIC ACID"",""strength"":10.8,""unit"":""G""},{""name"":""CALCIUM CHLORIDE"",""strength"":4.99,""unit"":""G""},{""name"":""DEXTROSE"",""strength"":45,""unit"":""G""},{""name"":""MAGNESIUM CHLORIDE"",""strength"":2.14,""unit"":""G""},{""name"":""POTASSIUM CHLORIDE"",""strength"":3.35,""unit"":""G""},{""name"":""SODIUM CHLORIDE"",""strength"":263,""unit"":""G""}],""dosage_forms"":[""SOLUTION""],""routes"":[""HAEMODIALYSIS""],""schedule"":[""ETHICAL""],""product_status"":""MARKETED"",""company"":""VANTIVE ULC""}","{""archive_file_id"":""dpd_marketed_archive"",""archive_members"":{""comp.txt"":[1678],""drug.txt"":[1678],""form.txt"":[1687],""ingred.txt"":[2477,2478,2479,2480,2481,2482],""route.txt"":[1985],""schedule.txt"":[1686],""status.txt"":[8687]},""archive_sha256"":""94c8ef8639fd07eea9c134d8ede137d77574d4ae6761955f5aa582558ec38b25"",""drug_codes"":[""20046""],""language"":""en"",""source_dataset_id"":""hc_dpd_source_snapshot"",""source_dataset_version"":""2026.7.2"",""source_manifest_sha256"":""f674732805de6a311d5882c2e7e33747a7e214beb123d9e42c944e1ad195eba0""}",True,1,pass,[],"{""din"":[""02217635""],""brand_name"":""ACID CONCENTRATE D12302"",""active_ingredients"":[{""name"":""DEXTROSE"",""strength"":45,""unit"":""G""},{""name"":""ACETIC ACID"",""strength"":10.8,""unit"":""G""},{""name"":""MAGNESIUM CHLORIDE"",""strength"":2.14,""unit"":""G""},{""name"":""CALCIUM CHLORIDE"",""strength"":4.99,""unit"":""G""},{""name"":""POTASSIUM CHLORIDE"",""strength"":3.35,""unit"":""G""},{""name"":""SODIUM CHLORIDE"",""strength"":263,""unit"":""G""}],""dosage_forms"":[""SOLUTION""],""routes"":[""HAEMODIALYSIS""],""schedule"":[""ETHICAL""],""product_status"":""MARKETED"",""company"":""VANTIVE ULC""}",True,1,pass,[],"{""din"":[""02217635""],""brand_name"":""ACID CONCENTRATE D12302"",""active_ingredients"":[{""name"":""DEXTROSE"",""strength"":""45"",""unit"":""G""},{""name"":""ACETIC ACID"",""strength"":""10.8"",""unit"":""G""},{""name"":""MAGNESIUM CHLORIDE"",""strength"":""2.14"",""unit"":""G""},{""name"":""CALCIUM CHLORIDE"",""strength"":""4.99"",""unit"":""G""},{""name"":""POTASSIUM CHLORIDE"",""strength"":""3.35"",""unit"":""G""},{""name"":""SODIUM CHLORIDE"",""strength"":""263"",""unit"":""G""}],""dosage_forms"":[""SOLUTION""],""routes"":[""HAEMODIALYSIS""],""schedule"":[""ETHICAL""],""product_status"":""MARKETED"",""company"":""VANTIVE ULC""}",False,0.875,text_or_value_error,"[""brand_name""]","{""din"":[""02217635""],""brand_name"":""ACID CONCENTATE D12302"",""active_ingredients"":[{""name"":""DEXTROSE"",""strength"":""45"",""unit"":""G""},{""name"":""ACETIC ACID"",""strength"":""10.8"",""unit"":""G""},{""name"":""MAGNESIUM CHLORIDE"",""strength"":""2.14"",""unit"":""G""},{""name"":""CALCIUM CHLORIDE"",""strength"":""4.99"",""unit"":""G""},{""name"":""POTASSIUM CHLORIDE"",""strength"":""3.35"",""unit"":""G""},{""name"":""SODIUM CHLORIDE"",""strength"":""263"",""unit"":""G""}],""dosage_forms"":[""SOLUTION""],""routes"":[""HAEMODIALYSIS""],""schedule"":[""ETHICAL""],""product_status"":""MARKETED"",""company"":""VANTIVE ULC""}",True,1,pass,[],"{""din"":[""02217635""],""brand_name"":""ACID CONCENTRATE D12302"",""active_ingredients"":[{""name"":""DEXTROSE"",""strength"":""45"",""unit"":""G""},{""name"":""ACETIC ACID"",""strength"":""10.8"",""unit"":""G""},{""name"":""MAGNESIUM CHLORIDE"",""strength"":""2.14"",""unit"":""G""},{""name"":""CALCIUM CHLORIDE"",""strength"":""4.99"",""unit"":""G""},{""name"":""POTASSIUM CHLORIDE"",""strength"":""3.35"",""unit"":""G""},{""name"":""SODIUM CHLORIDE"",""strength"":""263"",""unit"":""G""}],""dosage_forms"":[""SOLUTION""],""routes"":[""HAEMODIALYSIS""],""schedule"":[""ETHICAL""],""product_status"":""MARKETED"",""company"":""VANTIVE ULC""}",Compare the transcription with the frozen source label.
gpt_5_6_sol_only_passed,hc_dpd_d088b284691ec3f4_en,hc_dpd_d088b284691ec3f4,en,multi_variant,AURO-ATOMOXETINE,"Extract drug-product facts from the Health Canada Drug Product Database source record below. Return only one JSON object with exactly the keys din, brand_name, active_ingredients, dosage_forms, routes, schedule, product_status, and company. din, dosage_forms, routes, and schedule must be lists. active_ingredients must be a list of objects with name, strength, and unit keys. Combine distinct facts from every variant and do not infer values.

DPD SOURCE RECORD (ENGLISH)

VARIANT 1
DRUG_CODE: 96064
DIN: 02471485
BRAND_NAME: AURO-ATOMOXETINE
ACTIVE_INGREDIENTS:
- NAME=ATOMOXETINE (ATOMOXETINE HYDROCHLORIDE); STRENGTH=10; UNIT=MG
DOSAGE_FORMS: CAPSULE
ROUTES: ORAL
SCHEDULES: PRESCRIPTION
PRODUCT_STATUS: MARKETED
COMPANY: AURO PHARMA INC

VARIANT 2
DRUG_CODE: 96065
DIN: 02471493
BRAND_NAME: AURO-ATOMOXETINE
ACTIVE_INGREDIENTS:
- NAME=ATOMOXETINE (ATOMOXETINE HYDROCHLORIDE); STRENGTH=18; UNIT=MG
DOSAGE_FORMS: CAPSULE
ROUTES: ORAL
SCHEDULES: PRESCRIPTION
PRODUCT_STATUS: MARKETED
COMPANY: AURO PHARMA INC

VARIANT 3
DRUG_CODE: 96066
DIN: 02471507
BRAND_NAME: AURO-ATOMOXETINE
ACTIVE_INGREDIENTS:
- NAME=ATOMOXETINE (ATOMOXETINE HYDROCHLORIDE); STRENGTH=25; UNIT=MG
DOSAGE_FORMS: CAPSULE
ROUTES: ORAL
SCHEDULES: PRESCRIPTION
PRODUCT_STATUS: MARKETED
COMPANY: AURO PHARMA INC

VARIANT 4
DRUG_CODE: 96067
DIN: 02471515
BRAND_NAME: AURO-ATOMOXETINE
ACTIVE_INGREDIENTS:
- NAME=ATOMOXETINE (ATOMOXETINE HYDROCHLORIDE); STRENGTH=40; UNIT=MG
DOSAGE_FORMS: CAPSULE
ROUTES: ORAL
SCHEDULES: PRESCRIPTION
PRODUCT_STATUS: MARKETED
COMPANY: AURO PHARMA INC

VARIANT 5
DRUG_CODE: 96068
DIN: 02471523
BRAND_NAME: AURO-ATOMOXETINE
ACTIVE_INGREDIENTS:
- NAME=ATOMOXETINE (ATOMOXETINE HYDROCHLORIDE); STRENGTH=60; UNIT=MG
DOSAGE_FORMS: CAPSULE
ROUTES: ORAL
SCHEDULES: PRESCRIPTION
PRODUCT_STATUS: MARKETED
COMPANY: AURO PHARMA INC

VARIANT 6
DRUG_CODE: 96069
DIN: 02471531
BRAND_NAME: AURO-ATOMOXETINE
ACTIVE_INGREDIENTS:
- NAME=ATOMOXETINE (ATOMOXETINE HYDROCHLORIDE); STRENGTH=80; UNIT=MG
DOSAGE_FORMS: CAPSULE
ROUTES: ORAL
SCHEDULES: PRESCRIPTION
PRODUCT_STATUS: MARKETED
COMPANY: AURO PHARMA INC

VARIANT 7
DRUG_CODE: 96070
DIN: 02471558
BRAND_NAME: AURO-ATOMOXETINE
ACTIVE_INGREDIENTS:
- NAME=ATOMOXETINE (ATOMOXETINE HYDROCHLORIDE); STRENGTH=100; UNIT=MG
DOSAGE_FORMS: CAPSULE
ROUTES: ORAL
SCHEDULES: PRESCRIPTION
PRODUCT_STATUS: MARKETED
COMPANY: AURO PHARMA INC","{""din"":[""02471485"",""02471493"",""02471507"",""02471515"",""02471523"",""02471531"",""02471558""],""brand_name"":""AURO-ATOMOXETINE"",""active_ingredients"":[{""name"":""ATOMOXETINE (ATOMOXETINE HYDROCHLORIDE)"",""strength"":10,""unit"":""MG""},{""name"":""ATOMOXETINE (ATOMOXETINE HYDROCHLORIDE)"",""strength"":18,""unit"":""MG""},{""name"":""ATOMOXETINE (ATOMOXETINE HYDROCHLORIDE)"",""strength"":25,""unit"":""MG""},{""name"":""ATOMOXETINE (ATOMOXETINE HYDROCHLORIDE)"",""strength"":40,""unit"":""MG""},{""name"":""ATOMOXETINE (ATOMOXETINE HYDROCHLORIDE)"",""strength"":60,""unit"":""MG""},{""name"":""ATOMOXETINE (ATOMOXETINE HYDROCHLORIDE)"",""strength"":80,""unit"":""MG""},{""name"":""ATOMOXETINE (ATOMOXETINE HYDROCHLORIDE)"",""strength"":100,""unit"":""MG""}],""dosage_forms"":[""CAPSULE""],""routes"":[""ORAL""],""schedule"":[""PRESCRIPTION""],""product_status"":""MARKETED"",""company"":""AURO PHARMA INC""}","{""archive_file_id"":""dpd_marketed_archive"",""archive_members"":{""comp.txt"":[8887,8888,8889,8890,8891,8892,8893],""drug.txt"":[8887,8888,8889,8890,8891,8892,8893],""form.txt"":[9058,9059,9060,9061,9062,9063,9064],""ingred.txt"":[12611,12612,12613,12614,12615,12616,12617],""route.txt"":[10515,10516,10517,10518,10519,10520,10521],""schedule.txt"":[9115,9116,9117,9118,9119,9120,9121],""status.txt"":[38920,38922,38924,38926,38928,38930,38933]},""archive_sha256"":""94c8ef8639fd07eea9c134d8ede137d77574d4ae6761955f5aa582558ec38b25"",""drug_codes"":[""96064"",""96065"",""96066"",""96067"",""96068"",""96069"",""96070""],""language"":""en"",""source_dataset_id"":""hc_dpd_source_snapshot"",""source_dataset_version"":""2026.7.2"",""source_manifest_sha256"":""f674732805de6a311d5882c2e7e33747a7e214beb123d9e42c944e1ad195eba0""}",True,1,pass,[],"{""din"":[""02471485"",""02471493"",""02471507"",""02471515"",""02471523"",""02471531"",""02471558""],""brand_name"":""AURO-ATOMOXETINE"",""active_ingredients"":[{""name"":""ATOMOXETINE (ATOMOXETINE HYDROCHLORIDE)"",""strength"":""10"",""unit"":""MG""},{""name"":""ATOMOXETINE (ATOMOXETINE HYDROCHLORIDE)"",""strength"":""18"",""unit"":""MG""},{""name"":""ATOMOXETINE (ATOMOXETINE HYDROCHLORIDE)"",""strength"":""25"",""unit"":""MG""},{""name"":""ATOMOXETINE (ATOMOXETINE HYDROCHLORIDE)"",""strength"":""40"",""unit"":""MG""},{""name"":""ATOMOXETINE (ATOMOXETINE HYDROCHLORIDE)"",""strength"":""60"",""unit"":""MG""},{""name"":""ATOMOXETINE (ATOMOXETINE HYDROCHLORIDE)"",""strength"":""80"",""unit"":""MG""},{""name"":""ATOMOXETINE (ATOMOXETINE HYDROCHLORIDE)"",""strength"":""100"",""unit"":""MG""}],""dosage_forms"":[""CAPSULE""],""routes"":[""ORAL""],""schedule"":[""PRESCRIPTION""],""product_status"":""MARKETED"",""company"":""AURO PHARMA INC""}",True,1,pass,[],"{""din"":[""02471485"",""02471493"",""02471507"",""02471515"",""02471523"",""02471531"",""02471558""],""brand_name"":""AURO-ATOMOXETINE"",""active_ingredients"":[{""name"":""ATOMOXETINE (ATOMOXETINE HYDROCHLORIDE)"",""strength"":""10"",""unit"":""MG""},{""name"":""ATOMOXETINE (ATOMOXETINE HYDROCHLORIDE)"",""strength"":""18"",""unit"":""MG""},{""name"":""ATOMOXETINE (ATOMOXETINE HYDROCHLORIDE)"",""strength"":""25"",""unit"":""MG""},{""name"":""ATOMOXETINE (ATOMOXETINE HYDROCHLORIDE)"",""strength"":""40"",""unit"":""MG""},{""name"":""ATOMOXETINE (ATOMOXETINE HYDROCHLORIDE)"",""strength"":""60"",""unit"":""MG""},{""name"":""ATOMOXETINE (ATOMOXETINE HYDROCHLORIDE)"",""strength"":""80"",""unit"":""MG""},{""name"":""ATOMOXETINE (ATOMOXETINE HYDROCHLORIDE)"",""strength"":""100"",""unit"":""MG""}],""dosage_forms"":[""CAPSULE""],""routes"":[""ORAL""],""schedule"":[""PRESCRIPTION""],""product_status"":""MARKETED"",""company"":""AURO PHARMA INC""}",False,0.875,text_or_value_error,"[""active_ingredients""]","{""din"":[""02471485"",""02471493"",""02471507"",""02471515"",""02471523"",""02471531"",""02471558""],""brand_name"":""AURO-ATOMOXETINE"",""active_ingredients"":[{""name"":""ATOMOXETINE (ATOMOXETINE HYDROCHLORIDE)"",""strength"":""10"",""unit"":""MG""},{""name"":""ATOMOXETINE (ATOMOXETINE HYDROCHLORIDE)"",""strength"":""18"",""unit"":""MG""},{""name"":""ATOMOXETINE (ATOMOXETINE HYDROCHLIDE)"",""strength"":""25"",""unit"":""MG""},{""name"":""ATOMOXETINE (ATOMOXETINE HYDROCHLORIDE)"",""strength"":""40"",""unit"":""MG""},{""name"":""ATOMOXETINE (ATOMOXETINE HYDROCHLORIDE)"",""strength"":""60"",""unit"":""MG""},{""name"":""ATOMOXETINE (ATOMOXETINE HYDROCHLORIDE)"",""strength"":""80"",""unit"":""MG""},{""name"":""ATOMOXETINE (ATOMOXETINE HYDROCHLORIDE)"",""strength"":""100"",""unit"":""MG""}],""dosage_forms"":[""CAPSULE""],""routes"":[""ORAL""],""schedule"":[""PRESCRIPTION""],""product_status"":""MARKETED"",""company"":""AURO PHARMA INC""}",True,1,pass,[],"{""din"":[""02471485"",""02471493"",""02471507"",""02471515"",""02471523"",""02471531"",""02471558""],""brand_name"":""AURO-ATOMOXETINE"",""active_ingredients"":[{""name"":""ATOMOXETINE (ATOMOXETINE HYDROCHLORIDE)"",""strength"":""10"",""unit"":""MG""},{""name"":""ATOMOXETINE (ATOMOXETINE HYDROCHLORIDE)"",""strength"":""18"",""unit"":""MG""},{""name"":""ATOMOXETINE (ATOMOXETINE HYDROCHLORIDE)"",""strength"":""25"",""unit"":""MG""},{""name"":""ATOMOXETINE (ATOMOXETINE HYDROCHLORIDE)"",""strength"":""40"",""unit"":""MG""},{""name"":""ATOMOXETINE (ATOMOXETINE HYDROCHLORIDE)"",""strength"":""60"",""unit"":""MG""},{""name"":""ATOMOXETINE (ATOMOXETINE HYDROCHLORIDE)"",""strength"":""80"",""unit"":""MG""},{""name"":""ATOMOXETINE (ATOMOXETINE HYDROCHLORIDE)"",""strength"":""100"",""unit"":""MG""}],""dosage_forms"":[""CAPSULE""],""routes"":[""ORAL""],""schedule"":[""PRESCRIPTION""],""product_status"":""MARKETED"",""company"":""AURO PHARMA INC""}",Compare the transcription with the frozen source label.
gpt_5_6_sol_only_passed,hc_dpd_daad616224da1d77_en,hc_dpd_daad616224da1d77,en,multi_ingredient,COOLA CLEAR SUNSCREEN SPRAY TROPICAL COCONUT SCENT,"Extract drug-product facts from the Health Canada Drug Product Database source record below. Return only one JSON object with exactly the keys din, brand_name, active_ingredients, dosage_forms, routes, schedule, product_status, and company. din, dosage_forms, routes, and schedule must be lists. active_ingredients must be a list of objects with name, strength, and unit keys. Combine distinct facts from every variant and do not infer values.

DPD SOURCE RECORD (ENGLISH)

VARIANT 1
DRUG_CODE: 99932
DIN: 02510065
BRAND_NAME: COOLA CLEAR SUNSCREEN SPRAY TROPICAL COCONUT SCENT
ACTIVE_INGREDIENTS:
- NAME=AVOBENZONE; STRENGTH=2.8; UNIT=%
- NAME=OCTOCRYLENE; STRENGTH=7.6; UNIT=%
- NAME=OCTISALATE; STRENGTH=4.9; UNIT=%
DOSAGE_FORMS: SPRAY, BAG-ON-VALVE
ROUTES: TOPICAL
SCHEDULES: NON-PRESCRIPTION DRUGS
PRODUCT_STATUS: MARKETED
COMPANY: COOLA LLC","{""din"":[""02510065""],""brand_name"":""COOLA CLEAR SUNSCREEN SPRAY TROPICAL COCONUT SCENT"",""active_ingredients"":[{""name"":""AVOBENZONE"",""strength"":2.8,""unit"":""%""},{""name"":""OCTISALATE"",""strength"":4.9,""unit"":""%""},{""name"":""OCTOCRYLENE"",""strength"":7.6,""unit"":""%""}],""dosage_forms"":[""SPRAY, BAG-ON-VALVE""],""routes"":[""TOPICAL""],""schedule"":[""NON-PRESCRIPTION DRUGS""],""product_status"":""MARKETED"",""company"":""COOLA LLC""}","{""archive_file_id"":""dpd_marketed_archive"",""archive_members"":{""comp.txt"":[10728],""drug.txt"":[10728],""form.txt"":[10963],""ingred.txt"":[15515,15516,15517],""route.txt"":[12875],""schedule.txt"":[11054],""status.txt"":[43562]},""archive_sha256"":""94c8ef8639fd07eea9c134d8ede137d77574d4ae6761955f5aa582558ec38b25"",""drug_codes"":[""99932""],""language"":""en"",""source_dataset_id"":""hc_dpd_source_snapshot"",""source_dataset_version"":""2026.7.2"",""source_manifest_sha256"":""f674732805de6a311d5882c2e7e33747a7e214beb123d9e42c944e1ad195eba0""}",False,0.875,compound_label_split_only,"[""dosage_forms""]","{""din"":[""02510065""],""brand_name"":""COOLA CLEAR SUNSCREEN SPRAY TROPICAL COCONUT SCENT"",""active_ingredients"":[{""name"":""AVOBENZONE"",""strength"":""2.8"",""unit"":""%""},{""name"":""OCTOCRYLENE"",""strength"":""7.6"",""unit"":""%""},{""name"":""OCTISALATE"",""strength"":""4.9"",""unit"":""%""}],""dosage_forms"":[""SPRAY"",""BAG-ON-VALVE""],""routes"":[""TOPICAL""],""schedule"":[""NON-PRESCRIPTION DRUGS""],""product_status"":""MARKETED"",""company"":""COOLA LLC""}",False,0.75,schema_and_label_split,"[""din"",""dosage_forms""]","{""din"":""02510065"",""brand_name"":""COOLA CLEAR SUNSCREEN SPRAY TROPICAL COCONUT SCENT"",""active_ingredients"":[{""name"":""AVOBENZONE"",""strength"":""2.8"",""unit"":""%""},{""name"":""OCTOCRYLENE"",""strength"":""7.6"",""unit"":""%""},{""name"":""OCTISALATE"",""strength"":""4.9"",""unit"":""%""}],""dosage_forms"":[""SPRAY"",""BAG-ON-VALVE""],""routes"":[""TOPICAL""],""schedule"":[""NON-PRESCRIPTION DRUGS""],""product_status"":""MARKETED"",""company"":""COOLA LLC""}",False,0.875,compound_label_split_only,"[""dosage_forms""]","{""din"":[""02510065""],""brand_name"":""COOLA CLEAR SUNSCREEN SPRAY TROPICAL COCONUT SCENT"",""active_ingredients"":[{""name"":""AVOBENZONE"",""strength"":""2.8"",""unit"":""%""},{""name"":""OCTOCRYLENE"",""strength"":""7.6"",""unit"":""%""},{""name"":""OCTISALATE"",""strength"":""4.9"",""unit"":""%""}],""dosage_forms"":[""SPRAY"",""BAG-ON-VALVE""],""routes"":[""TOPICAL""],""schedule"":[""NON-PRESCRIPTION DRUGS""],""product_status"":""MARKETED"",""company"":""COOLA LLC""}",True,1,pass,[],"{""din"":[""02510065""],""brand_name"":""COOLA CLEAR SUNSCREEN SPRAY TROPICAL COCONUT SCENT"",""active_ingredients"":[{""name"":""AVOBENZONE"",""strength"":""2.8"",""unit"":""%""},{""name"":""OCTOCRYLENE"",""strength"":""7.6"",""unit"":""%""},{""name"":""OCTISALATE"",""strength"":""4.9"",""unit"":""%""}],""dosage_forms"":[""SPRAY, BAG-ON-VALVE""],""routes"":[""TOPICAL""],""schedule"":[""NON-PRESCRIPTION DRUGS""],""product_status"":""MARKETED"",""company"":""COOLA LLC""}",Adjudicate whether the rendered compound DPD label is unambiguous.
gpt_5_6_sol_only_passed,hc_dpd_dd1617e7f586a43d_en,hc_dpd_dd1617e7f586a43d,en,multi_ingredient,SPF 50+ FPS ULTRA,"Extract drug-product facts from the Health Canada Drug Product Database source record below. Return only one JSON object with exactly the keys din, brand_name, active_ingredients, dosage_forms, routes, schedule, product_status, and company. din, dosage_forms, routes, and schedule must be lists. active_ingredients must be a list of objects with name, strength, and unit keys. Combine distinct facts from every variant and do not infer values.

DPD SOURCE RECORD (ENGLISH)

VARIANT 1
DRUG_CODE: 93546
DIN: 02449625
BRAND_NAME: SPF 50+ FPS ULTRA
ACTIVE_INGREDIENTS:
- NAME=AVOBENZONE; STRENGTH=3; UNIT=%
- NAME=HOMOSALATE; STRENGTH=10; UNIT=%
- NAME=OCTOCRYLENE; STRENGTH=10; UNIT=%
- NAME=OCTISALATE; STRENGTH=5; UNIT=%
- NAME=OCTINOXATE; STRENGTH=7.5; UNIT=%
DOSAGE_FORMS: SPRAY, BAG-ON-VALVE
ROUTES: TOPICAL
SCHEDULES: NON-PRESCRIPTION DRUGS
PRODUCT_STATUS: MARKETED
COMPANY: EMPACK SPRAYTECH INC","{""din"":[""02449625""],""brand_name"":""SPF 50+ FPS ULTRA"",""active_ingredients"":[{""name"":""AVOBENZONE"",""strength"":3,""unit"":""%""},{""name"":""HOMOSALATE"",""strength"":10,""unit"":""%""},{""name"":""OCTINOXATE"",""strength"":7.5,""unit"":""%""},{""name"":""OCTISALATE"",""strength"":5,""unit"":""%""},{""name"":""OCTOCRYLENE"",""strength"":10,""unit"":""%""}],""dosage_forms"":[""SPRAY, BAG-ON-VALVE""],""routes"":[""TOPICAL""],""schedule"":[""NON-PRESCRIPTION DRUGS""],""product_status"":""MARKETED"",""company"":""EMPACK SPRAYTECH INC""}","{""archive_file_id"":""dpd_marketed_archive"",""archive_members"":{""comp.txt"":[7936],""drug.txt"":[7936],""form.txt"":[8082],""ingred.txt"":[11339,11340,11341,11342,11343],""route.txt"":[9351],""schedule.txt"":[8114],""status.txt"":[36256]},""archive_sha256"":""94c8ef8639fd07eea9c134d8ede137d77574d4ae6761955f5aa582558ec38b25"",""drug_codes"":[""93546""],""language"":""en"",""source_dataset_id"":""hc_dpd_source_snapshot"",""source_dataset_version"":""2026.7.2"",""source_manifest_sha256"":""f674732805de6a311d5882c2e7e33747a7e214beb123d9e42c944e1ad195eba0""}",False,0.875,compound_label_split_only,"[""dosage_forms""]","{""din"":[""02449625""],""brand_name"":""SPF 50+ FPS ULTRA"",""active_ingredients"":[{""name"":""AVOBENZONE"",""strength"":""3"",""unit"":""%""},{""name"":""HOMOSALATE"",""strength"":""10"",""unit"":""%""},{""name"":""OCTOCRYLENE"",""strength"":""10"",""unit"":""%""},{""name"":""OCTISALATE"",""strength"":""5"",""unit"":""%""},{""name"":""OCTINOXATE"",""strength"":""7.5"",""unit"":""%""}],""dosage_forms"":[""SPRAY"",""BAG-ON-VALVE""],""routes"":[""TOPICAL""],""schedule"":[""NON-PRESCRIPTION DRUGS""],""product_status"":""MARKETED"",""company"":""EMPACK SPRAYTECH INC""}",False,0.625,schema_type_only,"[""brand_name"",""company"",""product_status""]","{""din"":[""02449625""],""brand_name"":[""SPF 50+ FPS ULTRA""],""active_ingredients"":[{""name"":""AVOBENZONE"",""strength"":""3"",""unit"":""%""},{""name"":""HOMOSALATE"",""strength"":""10"",""unit"":""%""},{""name"":""OCTOCRYLENE"",""strength"":""10"",""unit"":""%""},{""name"":""OCTISALATE"",""strength"":""5"",""unit"":""%""},{""name"":""OCTINOXATE"",""strength"":""7.5"",""unit"":""%""}],""dosage_forms"":[""SPRAY, BAG-ON-VALVE""],""routes"":[""TOPICAL""],""schedule"":[""NON-PRESCRIPTION DRUGS""],""product_status"":[""MARKETED""],""company"":[""EMPACK SPRAYTECH INC""]}",False,0.875,compound_label_split_only,"[""dosage_forms""]","{""din"":[""02449625""],""brand_name"":""SPF 50+ FPS ULTRA"",""active_ingredients"":[{""name"":""AVOBENZONE"",""strength"":""3"",""unit"":""%""},{""name"":""HOMOSALATE"",""strength"":""10"",""unit"":""%""},{""name"":""OCTOCRYLENE"",""strength"":""10"",""unit"":""%""},{""name"":""OCTISALATE"",""strength"":""5"",""unit"":""%""},{""name"":""OCTINOXATE"",""strength"":""7.5"",""unit"":""%""}],""dosage_forms"":[""SPRAY"",""BAG-ON-VALVE""],""routes"":[""TOPICAL""],""schedule"":[""NON-PRESCRIPTION DRUGS""],""product_status"":""MARKETED"",""company"":""EMPACK SPRAYTECH INC""}",True,1,pass,[],"{""din"":[""02449625""],""brand_name"":""SPF 50+ FPS ULTRA"",""active_ingredients"":[{""name"":""AVOBENZONE"",""strength"":""3"",""unit"":""%""},{""name"":""HOMOSALATE"",""strength"":""10"",""unit"":""%""},{""name"":""OCTOCRYLENE"",""strength"":""10"",""unit"":""%""},{""name"":""OCTISALATE"",""strength"":""5"",""unit"":""%""},{""name"":""OCTINOXATE"",""strength"":""7.5"",""unit"":""%""}],""dosage_forms"":[""SPRAY, BAG-ON-VALVE""],""routes"":[""TOPICAL""],""schedule"":[""NON-PRESCRIPTION DRUGS""],""product_status"":""MARKETED"",""company"":""EMPACK SPRAYTECH INC""}",Adjudicate whether the rendered compound DPD label is unambiguous.
both_failed,hc_dpd_df86ea9ed8e7d06b_fr,hc_dpd_df86ea9ed8e7d06b,fr,single_ingredient,METOCLOPRAMIDE HYDROCHLORIDE INJECTION,"Extrayez les faits de produit pharmaceutique du dossier source de la Base de données sur les produits pharmaceutiques de Santé Canada ci-dessous. Retournez uniquement un objet JSON avec exactement les clés din, brand_name, active_ingredients, dosage_forms, routes, schedule, product_status et company. din, dosage_forms, routes et schedule doivent être des listes. active_ingredients doit être une liste d'objets ayant les clés name, strength et unit. Regroupez les faits distincts de toutes les variantes, sans rien déduire.

DOSSIER SOURCE DPD (FRANÇAIS)

VARIANTE 1
DRUG_CODE: 102611
DIN: 02537397
NOM_COMMERCIAL: CHLORHYDRATE DE MÉTOCLOPRAMIDE INJECTION
INGRÉDIENTS_ACTIFS:
- NOM=(FR) METOCLOPRAMIDE DIHYDROCHLORIDE (Chlorhydrate de métoclopramide monohydraté); CONCENTRATION=5; UNITÉ=MG
FORMES_PHARMACEUTIQUES: Solution
VOIES_ADMINISTRATION: Intramusculaire | Intraveineuse
ANNEXES: Médicaments sur ordonnance
ÉTAT_DU_PRODUIT: COMMERCIALISÉ
ENTREPRISE: JAMP PHARMA CORPORATION","{""din"":[""02537397""],""brand_name"":""CHLORHYDRATE DE MÉTOCLOPRAMIDE INJECTION"",""active_ingredients"":[{""name"":""(FR) METOCLOPRAMIDE DIHYDROCHLORIDE (Chlorhydrate de métoclopramide monohydraté)"",""strength"":5,""unit"":""MG""}],""dosage_forms"":[""Solution""],""routes"":[""Intramusculaire"",""Intraveineuse""],""schedule"":[""Médicaments sur ordonnance""],""product_status"":""COMMERCIALISÉ"",""company"":""JAMP PHARMA CORPORATION""}","{""archive_file_id"":""dpd_marketed_archive"",""archive_members"":{""comp.txt"":[12135],""drug.txt"":[12135],""form.txt"":[12407],""ingred.txt"":[17602],""route.txt"":[14608,14609],""schedule.txt"":[12554],""status.txt"":[46735]},""archive_sha256"":""94c8ef8639fd07eea9c134d8ede137d77574d4ae6761955f5aa582558ec38b25"",""drug_codes"":[""102611""],""language"":""fr"",""source_dataset_id"":""hc_dpd_source_snapshot"",""source_dataset_version"":""2026.7.2"",""source_manifest_sha256"":""f674732805de6a311d5882c2e7e33747a7e214beb123d9e42c944e1ad195eba0""}",False,0.875,text_or_value_error,"[""active_ingredients""]","{""din"":[""02537397""],""brand_name"":""CHLORHYDRATE DE MÉTOCLOPRAMIDE INJECTION"",""active_ingredients"":[{""name"":""METOCLOPRAMIDE DIHYDROCHLORIDE (Chlorhydrate de métoclopramide monohydraté)"",""strength"":""5"",""unit"":""MG""}],""dosage_forms"":[""Solution""],""routes"":[""Intramusculaire"",""Intraveineuse""],""schedule"":[""Médicaments sur ordonnance""],""product_status"":""COMMERCIALISÉ"",""company"":""JAMP PHARMA CORPORATION""}",False,0.875,text_or_value_error,"[""active_ingredients""]","{""din"":[""02537397""],""brand_name"":""CHLORHYDRATE DE MÉTOCLOPRAMIDE INJECTION"",""active_ingredients"":[{""name"":""METOCLOPRAMIDE DIHYDROCHLORIDE (Chlorhydrate de métoclopramide monohydraté)"",""strength"":""5"",""unit"":""MG""}],""dosage_forms"":[""Solution""],""routes"":[""Intramusculaire"",""Intraveineuse""],""schedule"":[""Médicaments sur ordonnance""],""product_status"":""COMMERCIALISÉ"",""company"":""JAMP PHARMA CORPORATION""}",False,0.875,text_or_value_error,"[""active_ingredients""]","{""din"":[""02537397""],""brand_name"":""CHLORHYDRATE DE MÉTOCLOPRAMIDE INJECTION"",""active_ingredients"":[{""name"":""METOCLOPRAMIDE DIHYDROCHLORIDE (Chlorhydrate de métoclopramide monohydraté)"",""strength"":""5"",""unit"":""MG""}],""dosage_forms"":[""Solution""],""routes"":[""Intramusculaire"",""Intraveineuse""],""schedule"":[""Médicaments sur ordonnance""],""product_status"":""COMMERCIALISÉ"",""company"":""JAMP PHARMA CORPORATION""}",False,0.875,text_or_value_error,"[""active_ingredients""]","{""din"":[""02537397""],""brand_name"":""CHLORHYDRATE DE MÉTOCLOPRAMIDE INJECTION"",""active_ingredients"":[{""name"":""METOCLOPRAMIDE DIHYDROCHLORIDE (Chlorhydrate de métoclopramide monohydraté)"",""strength"":""5"",""unit"":""MG""}],""dosage_forms"":[""Solution""],""routes"":[""Intramusculaire"",""Intraveineuse""],""schedule"":[""Médicaments sur ordonnance""],""product_status"":""COMMERCIALISÉ"",""company"":""JAMP PHARMA CORPORATION""}",Compare the transcription with the frozen source label.
gpt_5_6_sol_only_passed,hc_dpd_e1269013cc9e6040_en,hc_dpd_e1269013cc9e6040,en,multi_ingredient,COOLA CLEAR SUNSCREEN SPRAY GUAVA MANGO SCENT,"Extract drug-product facts from the Health Canada Drug Product Database source record below. Return only one JSON object with exactly the keys din, brand_name, active_ingredients, dosage_forms, routes, schedule, product_status, and company. din, dosage_forms, routes, and schedule must be lists. active_ingredients must be a list of objects with name, strength, and unit keys. Combine distinct facts from every variant and do not infer values.

DPD SOURCE RECORD (ENGLISH)

VARIANT 1
DRUG_CODE: 101115
DIN: 02521989
BRAND_NAME: COOLA CLEAR SUNSCREEN SPRAY GUAVA MANGO SCENT
ACTIVE_INGREDIENTS:
- NAME=AVOBENZONE; STRENGTH=3; UNIT=%
- NAME=HOMOSALATE; STRENGTH=4.08; UNIT=%
- NAME=OCTOCRYLENE; STRENGTH=10; UNIT=%
- NAME=OCTISALATE; STRENGTH=5; UNIT=%
DOSAGE_FORMS: SPRAY, BAG-ON-VALVE
ROUTES: TOPICAL
SCHEDULES: NON-PRESCRIPTION DRUGS
PRODUCT_STATUS: MARKETED
COMPANY: COOLA LLC","{""din"":[""02521989""],""brand_name"":""COOLA CLEAR SUNSCREEN SPRAY GUAVA MANGO SCENT"",""active_ingredients"":[{""name"":""AVOBENZONE"",""strength"":3,""unit"":""%""},{""name"":""HOMOSALATE"",""strength"":4.08,""unit"":""%""},{""name"":""OCTISALATE"",""strength"":5,""unit"":""%""},{""name"":""OCTOCRYLENE"",""strength"":10,""unit"":""%""}],""dosage_forms"":[""SPRAY, BAG-ON-VALVE""],""routes"":[""TOPICAL""],""schedule"":[""NON-PRESCRIPTION DRUGS""],""product_status"":""MARKETED"",""company"":""COOLA LLC""}","{""archive_file_id"":""dpd_marketed_archive"",""archive_members"":{""comp.txt"":[11252],""drug.txt"":[11252],""form.txt"":[11513],""ingred.txt"":[16272,16273,16274,16275],""route.txt"":[13586],""schedule.txt"":[11604],""status.txt"":[44760]},""archive_sha256"":""94c8ef8639fd07eea9c134d8ede137d77574d4ae6761955f5aa582558ec38b25"",""drug_codes"":[""101115""],""language"":""en"",""source_dataset_id"":""hc_dpd_source_snapshot"",""source_dataset_version"":""2026.7.2"",""source_manifest_sha256"":""f674732805de6a311d5882c2e7e33747a7e214beb123d9e42c944e1ad195eba0""}",False,0.875,compound_label_split_only,"[""dosage_forms""]","{""din"":[""02521989""],""brand_name"":""COOLA CLEAR SUNSCREEN SPRAY GUAVA MANGO SCENT"",""active_ingredients"":[{""name"":""AVOBENZONE"",""strength"":""3"",""unit"":""%""},{""name"":""HOMOSALATE"",""strength"":""4.08"",""unit"":""%""},{""name"":""OCTOCRYLENE"",""strength"":""10"",""unit"":""%""},{""name"":""OCTISALATE"",""strength"":""5"",""unit"":""%""}],""dosage_forms"":[""SPRAY"",""BAG-ON-VALVE""],""routes"":[""TOPICAL""],""schedule"":[""NON-PRESCRIPTION DRUGS""],""product_status"":""MARKETED"",""company"":""COOLA LLC""}",False,0.75,schema_and_label_split,"[""din"",""dosage_forms""]","{""din"":""02521989"",""brand_name"":""COOLA CLEAR SUNSCREEN SPRAY GUAVA MANGO SCENT"",""active_ingredients"":[{""name"":""AVOBENZONE"",""strength"":""3"",""unit"":""%""},{""name"":""HOMOSALATE"",""strength"":""4.08"",""unit"":""%""},{""name"":""OCTOCRYLENE"",""strength"":""10"",""unit"":""%""},{""name"":""OCTISALATE"",""strength"":""5"",""unit"":""%""}],""dosage_forms"":[""SPRAY"",""BAG-ON-VALVE""],""routes"":[""TOPICAL""],""schedule"":[""NON-PRESCRIPTION DRUGS""],""product_status"":""MARKETED"",""company"":""COOLA LLC""}",False,0.875,compound_label_split_only,"[""dosage_forms""]","{""din"":[""02521989""],""brand_name"":""COOLA CLEAR SUNSCREEN SPRAY GUAVA MANGO SCENT"",""active_ingredients"":[{""name"":""AVOBENZONE"",""strength"":""3"",""unit"":""%""},{""name"":""HOMOSALATE"",""strength"":""4.08"",""unit"":""%""},{""name"":""OCTOCRYLENE"",""strength"":""10"",""unit"":""%""},{""name"":""OCTISALATE"",""strength"":""5"",""unit"":""%""}],""dosage_forms"":[""SPRAY"",""BAG-ON-VALVE""],""routes"":[""TOPICAL""],""schedule"":[""NON-PRESCRIPTION DRUGS""],""product_status"":""MARKETED"",""company"":""COOLA LLC""}",True,1,pass,[],"{""din"":[""02521989""],""brand_name"":""COOLA CLEAR SUNSCREEN SPRAY GUAVA MANGO SCENT"",""active_ingredients"":[{""name"":""AVOBENZONE"",""strength"":""3"",""unit"":""%""},{""name"":""HOMOSALATE"",""strength"":""4.08"",""unit"":""%""},{""name"":""OCTOCRYLENE"",""strength"":""10"",""unit"":""%""},{""name"":""OCTISALATE"",""strength"":""5"",""unit"":""%""}],""dosage_forms"":[""SPRAY, BAG-ON-VALVE""],""routes"":[""TOPICAL""],""schedule"":[""NON-PRESCRIPTION DRUGS""],""product_status"":""MARKETED"",""company"":""COOLA LLC""}",Adjudicate whether the rendered compound DPD label is unambiguous.
gpt_5_6_terra_only_passed,hc_dpd_e59e4150dafc95bb_en,hc_dpd_e59e4150dafc95bb,en,multi_ingredient_multi_variant,SYNJARDY,"Extract drug-product facts from the Health Canada Drug Product Database source record below. Return only one JSON object with exactly the keys din, brand_name, active_ingredients, dosage_forms, routes, schedule, product_status, and company. din, dosage_forms, routes, and schedule must be lists. active_ingredients must be a list of objects with name, strength, and unit keys. Combine distinct facts from every variant and do not infer values.

DPD SOURCE RECORD (ENGLISH)

VARIANT 1
DRUG_CODE: 94357
DIN: 02456575
BRAND_NAME: SYNJARDY
ACTIVE_INGREDIENTS:
- NAME=METFORMIN HYDROCHLORIDE; STRENGTH=500; UNIT=MG
- NAME=EMPAGLIFLOZIN; STRENGTH=5; UNIT=MG
DOSAGE_FORMS: TABLET
ROUTES: ORAL
SCHEDULES: PRESCRIPTION
PRODUCT_STATUS: MARKETED
COMPANY: BOEHRINGER INGELHEIM (CANADA) LTD LTEE

VARIANT 2
DRUG_CODE: 94358
DIN: 02456583
BRAND_NAME: SYNJARDY
ACTIVE_INGREDIENTS:
- NAME=METFORMIN HYDROCHLORIDE; STRENGTH=850; UNIT=MG
- NAME=EMPAGLIFLOZIN; STRENGTH=5; UNIT=MG
DOSAGE_FORMS: TABLET
ROUTES: ORAL
SCHEDULES: PRESCRIPTION
PRODUCT_STATUS: MARKETED
COMPANY: BOEHRINGER INGELHEIM (CANADA) LTD LTEE

VARIANT 3
DRUG_CODE: 94359
DIN: 02456591
BRAND_NAME: SYNJARDY
ACTIVE_INGREDIENTS:
- NAME=METFORMIN HYDROCHLORIDE; STRENGTH=1000; UNIT=MG
- NAME=EMPAGLIFLOZIN; STRENGTH=5; UNIT=MG
DOSAGE_FORMS: TABLET
ROUTES: ORAL
SCHEDULES: PRESCRIPTION
PRODUCT_STATUS: MARKETED
COMPANY: BOEHRINGER INGELHEIM (CANADA) LTD LTEE

VARIANT 4
DRUG_CODE: 94360
DIN: 02456605
BRAND_NAME: SYNJARDY
ACTIVE_INGREDIENTS:
- NAME=METFORMIN HYDROCHLORIDE; STRENGTH=500; UNIT=MG
- NAME=EMPAGLIFLOZIN; STRENGTH=12.5; UNIT=MG
DOSAGE_FORMS: TABLET
ROUTES: ORAL
SCHEDULES: PRESCRIPTION
PRODUCT_STATUS: MARKETED
COMPANY: BOEHRINGER INGELHEIM (CANADA) LTD LTEE

VARIANT 5
DRUG_CODE: 94361
DIN: 02456613
BRAND_NAME: SYNJARDY
ACTIVE_INGREDIENTS:
- NAME=METFORMIN HYDROCHLORIDE; STRENGTH=850; UNIT=MG
- NAME=EMPAGLIFLOZIN; STRENGTH=12.5; UNIT=MG
DOSAGE_FORMS: TABLET
ROUTES: ORAL
SCHEDULES: PRESCRIPTION
PRODUCT_STATUS: MARKETED
COMPANY: BOEHRINGER INGELHEIM (CANADA) LTD LTEE

VARIANT 6
DRUG_CODE: 94362
DIN: 02456621
BRAND_NAME: SYNJARDY
ACTIVE_INGREDIENTS:
- NAME=METFORMIN HYDROCHLORIDE; STRENGTH=1000; UNIT=MG
- NAME=EMPAGLIFLOZIN; STRENGTH=12.5; UNIT=MG
DOSAGE_FORMS: TABLET
ROUTES: ORAL
SCHEDULES: PRESCRIPTION
PRODUCT_STATUS: MARKETED
COMPANY: BOEHRINGER INGELHEIM (CANADA) LTD LTEE","{""din"":[""02456575"",""02456583"",""02456591"",""02456605"",""02456613"",""02456621""],""brand_name"":""SYNJARDY"",""active_ingredients"":[{""name"":""EMPAGLIFLOZIN"",""strength"":5,""unit"":""MG""},{""name"":""EMPAGLIFLOZIN"",""strength"":12.5,""unit"":""MG""},{""name"":""METFORMIN HYDROCHLORIDE"",""strength"":500,""unit"":""MG""},{""name"":""METFORMIN HYDROCHLORIDE"",""strength"":850,""unit"":""MG""},{""name"":""METFORMIN HYDROCHLORIDE"",""strength"":1000,""unit"":""MG""}],""dosage_forms"":[""TABLET""],""routes"":[""ORAL""],""schedule"":[""PRESCRIPTION""],""product_status"":""MARKETED"",""company"":""BOEHRINGER INGELHEIM (CANADA) LTD LTEE""}","{""archive_file_id"":""dpd_marketed_archive"",""archive_members"":{""comp.txt"":[8203,8204,8205,8206,8207,8208],""drug.txt"":[8203,8204,8205,8206,8207,8208],""form.txt"":[8358,8359,8360,8361,8362,8363],""ingred.txt"":[11713,11714,11715,11716,11717,11718,11719,11720,11721,11722,11723,11724],""route.txt"":[9678,9679,9680,9681,9682,9683],""schedule.txt"":[8394,8395,8396,8397,8398,8399],""status.txt"":[37019,37021,37023,37025,37027,37029]},""archive_sha256"":""94c8ef8639fd07eea9c134d8ede137d77574d4ae6761955f5aa582558ec38b25"",""drug_codes"":[""94357"",""94358"",""94359"",""94360"",""94361"",""94362""],""language"":""en"",""source_dataset_id"":""hc_dpd_source_snapshot"",""source_dataset_version"":""2026.7.2"",""source_manifest_sha256"":""f674732805de6a311d5882c2e7e33747a7e214beb123d9e42c944e1ad195eba0""}",True,1,pass,[],"{""din"":[""02456575"",""02456583"",""02456591"",""02456605"",""02456613"",""02456621""],""brand_name"":""SYNJARDY"",""active_ingredients"":[{""name"":""METFORMIN HYDROCHLORIDE"",""strength"":""500"",""unit"":""MG""},{""name"":""EMPAGLIFLOZIN"",""strength"":""5"",""unit"":""MG""},{""name"":""METFORMIN HYDROCHLORIDE"",""strength"":""850"",""unit"":""MG""},{""name"":""METFORMIN HYDROCHLORIDE"",""strength"":""1000"",""unit"":""MG""},{""name"":""EMPAGLIFLOZIN"",""strength"":""12.5"",""unit"":""MG""}],""dosage_forms"":[""TABLET""],""routes"":[""ORAL""],""schedule"":[""PRESCRIPTION""],""product_status"":""MARKETED"",""company"":""BOEHRINGER INGELHEIM (CANADA) LTD LTEE""}",True,1,pass,[],"{""din"":[""02456575"",""02456583"",""02456591"",""02456605"",""02456613"",""02456621""],""brand_name"":""SYNJARDY"",""active_ingredients"":[{""name"":""METFORMIN HYDROCHLORIDE"",""strength"":""500"",""unit"":""MG""},{""name"":""EMPAGLIFLOZIN"",""strength"":""5"",""unit"":""MG""},{""name"":""METFORMIN HYDROCHLORIDE"",""strength"":""850"",""unit"":""MG""},{""name"":""METFORMIN HYDROCHLORIDE"",""strength"":""1000"",""unit"":""MG""},{""name"":""EMPAGLIFLOZIN"",""strength"":""12.5"",""unit"":""MG""}],""dosage_forms"":[""TABLET""],""routes"":[""ORAL""],""schedule"":[""PRESCRIPTION""],""product_status"":""MARKETED"",""company"":""BOEHRINGER INGELHEIM (CANADA) LTD LTEE""}",True,1,pass,[],"{""din"":[""02456575"",""02456583"",""02456591"",""02456605"",""02456613"",""02456621""],""brand_name"":""SYNJARDY"",""active_ingredients"":[{""name"":""METFORMIN HYDROCHLORIDE"",""strength"":""500"",""unit"":""MG""},{""name"":""EMPAGLIFLOZIN"",""strength"":""5"",""unit"":""MG""},{""name"":""METFORMIN HYDROCHLORIDE"",""strength"":""850"",""unit"":""MG""},{""name"":""METFORMIN HYDROCHLORIDE"",""strength"":""1000"",""unit"":""MG""},{""name"":""EMPAGLIFLOZIN"",""strength"":""12.5"",""unit"":""MG""}],""dosage_forms"":[""TABLET""],""routes"":[""ORAL""],""schedule"":[""PRESCRIPTION""],""product_status"":""MARKETED"",""company"":""BOEHRINGER INGELHEIM (CANADA) LTD LTEE""}",False,0.875,duplicate_items_only,"[""active_ingredients""]","{""din"":[""02456575"",""02456583"",""02456591"",""02456605"",""02456613"",""02456621""],""brand_name"":""SYNJARDY"",""active_ingredients"":[{""name"":""METFORMIN HYDROCHLORIDE"",""strength"":""500"",""unit"":""MG""},{""name"":""EMPAGLIFLOZIN"",""strength"":""5"",""unit"":""MG""},{""name"":""METFORMIN HYDROCHLORIDE"",""strength"":""850"",""unit"":""MG""},{""name"":""METFORMIN HYDROCHLORIDE"",""strength"":""1000"",""unit"":""MG""},{""name"":""METFORMIN HYDROCHLORIDE"",""strength"":""500"",""unit"":""MG""},{""name"":""EMPAGLIFLOZIN"",""strength"":""12.5"",""unit"":""MG""},{""name"":""METFORMIN HYDROCHLORIDE"",""strength"":""850"",""unit"":""MG""},{""name"":""METFORMIN HYDROCHLORIDE"",""strength"":""1000"",""unit"":""MG""}],""dosage_forms"":[""TABLET""],""routes"":[""ORAL""],""schedule"":[""PRESCRIPTION""],""product_status"":""MARKETED"",""company"":""BOEHRINGER INGELHEIM (CANADA) LTD LTEE""}",Verify distinct-fact aggregation across product variants.
gpt_5_6_sol_only_passed,hc_dpd_f0e25f797232a6c1_en,hc_dpd_f0e25f797232a6c1,en,multi_ingredient,SUNSCREEN CONTINUOUS SPRAY SPF 30 SPORT,"Extract drug-product facts from the Health Canada Drug Product Database source record below. Return only one JSON object with exactly the keys din, brand_name, active_ingredients, dosage_forms, routes, schedule, product_status, and company. din, dosage_forms, routes, and schedule must be lists. active_ingredients must be a list of objects with name, strength, and unit keys. Combine distinct facts from every variant and do not infer values.

DPD SOURCE RECORD (ENGLISH)

VARIANT 1
DRUG_CODE: 98377
DIN: 02493772
BRAND_NAME: SUNSCREEN CONTINUOUS SPRAY SPF 30 SPORT
ACTIVE_INGREDIENTS:
- NAME=AVOBENZONE; STRENGTH=3; UNIT=%
- NAME=HOMOSALATE; STRENGTH=7.5; UNIT=%
- NAME=OCTOCRYLENE; STRENGTH=5; UNIT=%
- NAME=OCTISALATE; STRENGTH=5; UNIT=%
DOSAGE_FORMS: SPRAY, BAG-ON-VALVE
ROUTES: TOPICAL
SCHEDULES: NON-PRESCRIPTION DRUGS
PRODUCT_STATUS: MARKETED
COMPANY: PRIME ENTERPRISES, LLC","{""din"":[""02493772""],""brand_name"":""SUNSCREEN CONTINUOUS SPRAY SPF 30 SPORT"",""active_ingredients"":[{""name"":""AVOBENZONE"",""strength"":3,""unit"":""%""},{""name"":""HOMOSALATE"",""strength"":7.5,""unit"":""%""},{""name"":""OCTISALATE"",""strength"":5,""unit"":""%""},{""name"":""OCTOCRYLENE"",""strength"":5,""unit"":""%""}],""dosage_forms"":[""SPRAY, BAG-ON-VALVE""],""routes"":[""TOPICAL""],""schedule"":[""NON-PRESCRIPTION DRUGS""],""product_status"":""MARKETED"",""company"":""PRIME ENTERPRISES, LLC""}","{""archive_file_id"":""dpd_marketed_archive"",""archive_members"":{""comp.txt"":[9930],""drug.txt"":[9930],""form.txt"":[10129],""ingred.txt"":[14171,14172,14173,14174],""route.txt"":[11736],""schedule.txt"":[10215],""status.txt"":[41598]},""archive_sha256"":""94c8ef8639fd07eea9c134d8ede137d77574d4ae6761955f5aa582558ec38b25"",""drug_codes"":[""98377""],""language"":""en"",""source_dataset_id"":""hc_dpd_source_snapshot"",""source_dataset_version"":""2026.7.2"",""source_manifest_sha256"":""f674732805de6a311d5882c2e7e33747a7e214beb123d9e42c944e1ad195eba0""}",False,0.875,compound_label_split_only,"[""dosage_forms""]","{""din"":[""02493772""],""brand_name"":""SUNSCREEN CONTINUOUS SPRAY SPF 30 SPORT"",""active_ingredients"":[{""name"":""AVOBENZONE"",""strength"":""3"",""unit"":""%""},{""name"":""HOMOSALATE"",""strength"":""7.5"",""unit"":""%""},{""name"":""OCTOCRYLENE"",""strength"":""5"",""unit"":""%""},{""name"":""OCTISALATE"",""strength"":""5"",""unit"":""%""}],""dosage_forms"":[""SPRAY"",""BAG-ON-VALVE""],""routes"":[""TOPICAL""],""schedule"":[""NON-PRESCRIPTION DRUGS""],""product_status"":""MARKETED"",""company"":""PRIME ENTERPRISES, LLC""}",False,0.75,schema_and_label_split,"[""din"",""dosage_forms""]","{""din"":""02493772"",""brand_name"":""SUNSCREEN CONTINUOUS SPRAY SPF 30 SPORT"",""active_ingredients"":[{""name"":""AVOBENZONE"",""strength"":""3"",""unit"":""%""},{""name"":""HOMOSALATE"",""strength"":""7.5"",""unit"":""%""},{""name"":""OCTOCRYLENE"",""strength"":""5"",""unit"":""%""},{""name"":""OCTISALATE"",""strength"":""5"",""unit"":""%""}],""dosage_forms"":[""SPRAY"",""BAG-ON-VALVE""],""routes"":[""TOPICAL""],""schedule"":[""NON-PRESCRIPTION DRUGS""],""product_status"":""MARKETED"",""company"":""PRIME ENTERPRISES, LLC""}",False,0.875,compound_label_split_only,"[""dosage_forms""]","{""din"":[""02493772""],""brand_name"":""SUNSCREEN CONTINUOUS SPRAY SPF 30 SPORT"",""active_ingredients"":[{""name"":""AVOBENZONE"",""strength"":""3"",""unit"":""%""},{""name"":""HOMOSALATE"",""strength"":""7.5"",""unit"":""%""},{""name"":""OCTOCRYLENE"",""strength"":""5"",""unit"":""%""},{""name"":""OCTISALATE"",""strength"":""5"",""unit"":""%""}],""dosage_forms"":[""SPRAY"",""BAG-ON-VALVE""],""routes"":[""TOPICAL""],""schedule"":[""NON-PRESCRIPTION DRUGS""],""product_status"":""MARKETED"",""company"":""PRIME ENTERPRISES, LLC""}",True,1,pass,[],"{""din"":[""02493772""],""brand_name"":""SUNSCREEN CONTINUOUS SPRAY SPF 30 SPORT"",""active_ingredients"":[{""name"":""AVOBENZONE"",""strength"":""3"",""unit"":""%""},{""name"":""HOMOSALATE"",""strength"":""7.5"",""unit"":""%""},{""name"":""OCTOCRYLENE"",""strength"":""5"",""unit"":""%""},{""name"":""OCTISALATE"",""strength"":""5"",""unit"":""%""}],""dosage_forms"":[""SPRAY, BAG-ON-VALVE""],""routes"":[""TOPICAL""],""schedule"":[""NON-PRESCRIPTION DRUGS""],""product_status"":""MARKETED"",""company"":""PRIME ENTERPRISES, LLC""}",Adjudicate whether the rendered compound DPD label is unambiguous.
gpt_5_6_sol_only_passed,hc_dpd_f1a8a26e9669fd6b_en,hc_dpd_f1a8a26e9669fd6b,en,multi_ingredient,SUNSCREEN CONTINUOUS SPRAY SPF 30,"Extract drug-product facts from the Health Canada Drug Product Database source record below. Return only one JSON object with exactly the keys din, brand_name, active_ingredients, dosage_forms, routes, schedule, product_status, and company. din, dosage_forms, routes, and schedule must be lists. active_ingredients must be a list of objects with name, strength, and unit keys. Combine distinct facts from every variant and do not infer values.

DPD SOURCE RECORD (ENGLISH)

VARIANT 1
DRUG_CODE: 98413
DIN: 02494108
BRAND_NAME: SUNSCREEN CONTINUOUS SPRAY SPF 30
ACTIVE_INGREDIENTS:
- NAME=AVOBENZONE; STRENGTH=3; UNIT=%
- NAME=HOMOSALATE; STRENGTH=7.5; UNIT=%
- NAME=OCTOCRYLENE; STRENGTH=5; UNIT=%
- NAME=OCTISALATE; STRENGTH=5; UNIT=%
DOSAGE_FORMS: SPRAY, BAG-ON-VALVE
ROUTES: TOPICAL
SCHEDULES: NON-PRESCRIPTION DRUGS
PRODUCT_STATUS: MARKETED
COMPANY: PRIME ENTERPRISES, LLC","{""din"":[""02494108""],""brand_name"":""SUNSCREEN CONTINUOUS SPRAY SPF 30"",""active_ingredients"":[{""name"":""AVOBENZONE"",""strength"":3,""unit"":""%""},{""name"":""HOMOSALATE"",""strength"":7.5,""unit"":""%""},{""name"":""OCTISALATE"",""strength"":5,""unit"":""%""},{""name"":""OCTOCRYLENE"",""strength"":5,""unit"":""%""}],""dosage_forms"":[""SPRAY, BAG-ON-VALVE""],""routes"":[""TOPICAL""],""schedule"":[""NON-PRESCRIPTION DRUGS""],""product_status"":""MARKETED"",""company"":""PRIME ENTERPRISES, LLC""}","{""archive_file_id"":""dpd_marketed_archive"",""archive_members"":{""comp.txt"":[9946],""drug.txt"":[9946],""form.txt"":[10147],""ingred.txt"":[14206,14207,14208,14209],""route.txt"":[11752],""schedule.txt"":[10231],""status.txt"":[41635]},""archive_sha256"":""94c8ef8639fd07eea9c134d8ede137d77574d4ae6761955f5aa582558ec38b25"",""drug_codes"":[""98413""],""language"":""en"",""source_dataset_id"":""hc_dpd_source_snapshot"",""source_dataset_version"":""2026.7.2"",""source_manifest_sha256"":""f674732805de6a311d5882c2e7e33747a7e214beb123d9e42c944e1ad195eba0""}",False,0.875,compound_label_split_only,"[""dosage_forms""]","{""din"":[""02494108""],""brand_name"":""SUNSCREEN CONTINUOUS SPRAY SPF 30"",""active_ingredients"":[{""name"":""AVOBENZONE"",""strength"":""3"",""unit"":""%""},{""name"":""HOMOSALATE"",""strength"":""7.5"",""unit"":""%""},{""name"":""OCTOCRYLENE"",""strength"":""5"",""unit"":""%""},{""name"":""OCTISALATE"",""strength"":""5"",""unit"":""%""}],""dosage_forms"":[""SPRAY"",""BAG-ON-VALVE""],""routes"":[""TOPICAL""],""schedule"":[""NON-PRESCRIPTION DRUGS""],""product_status"":""MARKETED"",""company"":""PRIME ENTERPRISES, LLC""}",False,0.75,schema_and_label_split,"[""din"",""dosage_forms""]","{""din"":""02494108"",""brand_name"":""SUNSCREEN CONTINUOUS SPRAY SPF 30"",""active_ingredients"":[{""name"":""AVOBENZONE"",""strength"":""3"",""unit"":""%""},{""name"":""HOMOSALATE"",""strength"":""7.5"",""unit"":""%""},{""name"":""OCTOCRYLENE"",""strength"":""5"",""unit"":""%""},{""name"":""OCTISALATE"",""strength"":""5"",""unit"":""%""}],""dosage_forms"":[""SPRAY"",""BAG-ON-VALVE""],""routes"":[""TOPICAL""],""schedule"":[""NON-PRESCRIPTION DRUGS""],""product_status"":""MARKETED"",""company"":""PRIME ENTERPRISES, LLC""}",False,0.875,compound_label_split_only,"[""dosage_forms""]","{""din"":[""02494108""],""brand_name"":""SUNSCREEN CONTINUOUS SPRAY SPF 30"",""active_ingredients"":[{""name"":""AVOBENZONE"",""strength"":""3"",""unit"":""%""},{""name"":""HOMOSALATE"",""strength"":""7.5"",""unit"":""%""},{""name"":""OCTOCRYLENE"",""strength"":""5"",""unit"":""%""},{""name"":""OCTISALATE"",""strength"":""5"",""unit"":""%""}],""dosage_forms"":[""SPRAY"",""BAG-ON-VALVE""],""routes"":[""TOPICAL""],""schedule"":[""NON-PRESCRIPTION DRUGS""],""product_status"":""MARKETED"",""company"":""PRIME ENTERPRISES, LLC""}",True,1,pass,[],"{""din"":[""02494108""],""brand_name"":""SUNSCREEN CONTINUOUS SPRAY SPF 30"",""active_ingredients"":[{""name"":""AVOBENZONE"",""strength"":""3"",""unit"":""%""},{""name"":""HOMOSALATE"",""strength"":""7.5"",""unit"":""%""},{""name"":""OCTOCRYLENE"",""strength"":""5"",""unit"":""%""},{""name"":""OCTISALATE"",""strength"":""5"",""unit"":""%""}],""dosage_forms"":[""SPRAY, BAG-ON-VALVE""],""routes"":[""TOPICAL""],""schedule"":[""NON-PRESCRIPTION DRUGS""],""product_status"":""MARKETED"",""company"":""PRIME ENTERPRISES, LLC""}",Adjudicate whether the rendered compound DPD label is unambiguous.
gpt_5_6_sol_only_passed,hc_dpd_f25fa63a28e25ec4_en,hc_dpd_f25fa63a28e25ec4,en,multi_ingredient,SUNSCREEN CONTINUOUS SPRAY SPF 50 KIDS,"Extract drug-product facts from the Health Canada Drug Product Database source record below. Return only one JSON object with exactly the keys din, brand_name, active_ingredients, dosage_forms, routes, schedule, product_status, and company. din, dosage_forms, routes, and schedule must be lists. active_ingredients must be a list of objects with name, strength, and unit keys. Combine distinct facts from every variant and do not infer values.

DPD SOURCE RECORD (ENGLISH)

VARIANT 1
DRUG_CODE: 98412
DIN: 02494094
BRAND_NAME: SUNSCREEN CONTINUOUS SPRAY SPF 50 KIDS
ACTIVE_INGREDIENTS:
- NAME=AVOBENZONE; STRENGTH=3; UNIT=%
- NAME=HOMOSALATE; STRENGTH=10; UNIT=%
- NAME=OCTOCRYLENE; STRENGTH=5; UNIT=%
- NAME=OCTISALATE; STRENGTH=5; UNIT=%
DOSAGE_FORMS: SPRAY, BAG-ON-VALVE
ROUTES: TOPICAL
SCHEDULES: NON-PRESCRIPTION DRUGS
PRODUCT_STATUS: MARKETED
COMPANY: PRIME ENTERPRISES, LLC","{""din"":[""02494094""],""brand_name"":""SUNSCREEN CONTINUOUS SPRAY SPF 50 KIDS"",""active_ingredients"":[{""name"":""AVOBENZONE"",""strength"":3,""unit"":""%""},{""name"":""HOMOSALATE"",""strength"":10,""unit"":""%""},{""name"":""OCTISALATE"",""strength"":5,""unit"":""%""},{""name"":""OCTOCRYLENE"",""strength"":5,""unit"":""%""}],""dosage_forms"":[""SPRAY, BAG-ON-VALVE""],""routes"":[""TOPICAL""],""schedule"":[""NON-PRESCRIPTION DRUGS""],""product_status"":""MARKETED"",""company"":""PRIME ENTERPRISES, LLC""}","{""archive_file_id"":""dpd_marketed_archive"",""archive_members"":{""comp.txt"":[9945],""drug.txt"":[9945],""form.txt"":[10146],""ingred.txt"":[14202,14203,14204,14205],""route.txt"":[11751],""schedule.txt"":[10230],""status.txt"":[41632]},""archive_sha256"":""94c8ef8639fd07eea9c134d8ede137d77574d4ae6761955f5aa582558ec38b25"",""drug_codes"":[""98412""],""language"":""en"",""source_dataset_id"":""hc_dpd_source_snapshot"",""source_dataset_version"":""2026.7.2"",""source_manifest_sha256"":""f674732805de6a311d5882c2e7e33747a7e214beb123d9e42c944e1ad195eba0""}",False,0.875,compound_label_split_only,"[""dosage_forms""]","{""din"":[""02494094""],""brand_name"":""SUNSCREEN CONTINUOUS SPRAY SPF 50 KIDS"",""active_ingredients"":[{""name"":""AVOBENZONE"",""strength"":""3"",""unit"":""%""},{""name"":""HOMOSALATE"",""strength"":""10"",""unit"":""%""},{""name"":""OCTOCRYLENE"",""strength"":""5"",""unit"":""%""},{""name"":""OCTISALATE"",""strength"":""5"",""unit"":""%""}],""dosage_forms"":[""SPRAY"",""BAG-ON-VALVE""],""routes"":[""TOPICAL""],""schedule"":[""NON-PRESCRIPTION DRUGS""],""product_status"":""MARKETED"",""company"":""PRIME ENTERPRISES, LLC""}",False,0.875,compound_label_split_only,"[""dosage_forms""]","{""din"":[""02494094""],""brand_name"":""SUNSCREEN CONTINUOUS SPRAY SPF 50 KIDS"",""active_ingredients"":[{""name"":""AVOBENZONE"",""strength"":""3"",""unit"":""%""},{""name"":""HOMOSALATE"",""strength"":""10"",""unit"":""%""},{""name"":""OCTOCRYLENE"",""strength"":""5"",""unit"":""%""},{""name"":""OCTISALATE"",""strength"":""5"",""unit"":""%""}],""dosage_forms"":[""SPRAY"",""BAG-ON-VALVE""],""routes"":[""TOPICAL""],""schedule"":[""NON-PRESCRIPTION DRUGS""],""product_status"":""MARKETED"",""company"":""PRIME ENTERPRISES, LLC""}",False,0.875,compound_label_split_only,"[""dosage_forms""]","{""din"":[""02494094""],""brand_name"":""SUNSCREEN CONTINUOUS SPRAY SPF 50 KIDS"",""active_ingredients"":[{""name"":""AVOBENZONE"",""strength"":""3"",""unit"":""%""},{""name"":""HOMOSALATE"",""strength"":""10"",""unit"":""%""},{""name"":""OCTOCRYLENE"",""strength"":""5"",""unit"":""%""},{""name"":""OCTISALATE"",""strength"":""5"",""unit"":""%""}],""dosage_forms"":[""SPRAY"",""BAG-ON-VALVE""],""routes"":[""TOPICAL""],""schedule"":[""NON-PRESCRIPTION DRUGS""],""product_status"":""MARKETED"",""company"":""PRIME ENTERPRISES, LLC""}",True,1,pass,[],"{""din"":[""02494094""],""brand_name"":""SUNSCREEN CONTINUOUS SPRAY SPF 50 KIDS"",""active_ingredients"":[{""name"":""AVOBENZONE"",""strength"":""3"",""unit"":""%""},{""name"":""HOMOSALATE"",""strength"":""10"",""unit"":""%""},{""name"":""OCTOCRYLENE"",""strength"":""5"",""unit"":""%""},{""name"":""OCTISALATE"",""strength"":""5"",""unit"":""%""}],""dosage_forms"":[""SPRAY, BAG-ON-VALVE""],""routes"":[""TOPICAL""],""schedule"":[""NON-PRESCRIPTION DRUGS""],""product_status"":""MARKETED"",""company"":""PRIME ENTERPRISES, LLC""}",Adjudicate whether the rendered compound DPD label is unambiguous.
gpt_5_6_sol_only_passed,hc_dpd_fddcdcd844931296_en,hc_dpd_fddcdcd844931296,en,multi_ingredient,INSTANT BRONZER INSTANTANÉ 15 CONTINUOUS SPRAY SUNSCREEN,"Extract drug-product facts from the Health Canada Drug Product Database source record below. Return only one JSON object with exactly the keys din, brand_name, active_ingredients, dosage_forms, routes, schedule, product_status, and company. din, dosage_forms, routes, and schedule must be lists. active_ingredients must be a list of objects with name, strength, and unit keys. Combine distinct facts from every variant and do not infer values.

DPD SOURCE RECORD (ENGLISH)

VARIANT 1
DRUG_CODE: 99071
DIN: 02501066
BRAND_NAME: INSTANT BRONZER INSTANTANÉ 15 CONTINUOUS SPRAY SUNSCREEN
ACTIVE_INGREDIENTS:
- NAME=AVOBENZONE; STRENGTH=2; UNIT=%
- NAME=OCTOCRYLENE; STRENGTH=2; UNIT=%
- NAME=OCTISALATE; STRENGTH=5; UNIT=%
DOSAGE_FORMS: SPRAY, BAG-ON-VALVE
ROUTES: TOPICAL
SCHEDULES: NON-PRESCRIPTION DRUGS
PRODUCT_STATUS: MARKETED
COMPANY: PRIME ENTERPRISES, LLC","{""din"":[""02501066""],""brand_name"":""INSTANT BRONZER INSTANTANÉ 15 CONTINUOUS SPRAY SUNSCREEN"",""active_ingredients"":[{""name"":""AVOBENZONE"",""strength"":2,""unit"":""%""},{""name"":""OCTISALATE"",""strength"":5,""unit"":""%""},{""name"":""OCTOCRYLENE"",""strength"":2,""unit"":""%""}],""dosage_forms"":[""SPRAY, BAG-ON-VALVE""],""routes"":[""TOPICAL""],""schedule"":[""NON-PRESCRIPTION DRUGS""],""product_status"":""MARKETED"",""company"":""PRIME ENTERPRISES, LLC""}","{""archive_file_id"":""dpd_marketed_archive"",""archive_members"":{""comp.txt"":[10315],""drug.txt"":[10315],""form.txt"":[10535],""ingred.txt"":[14881,14882,14883],""route.txt"":[12280],""schedule.txt"":[10619],""status.txt"":[42525]},""archive_sha256"":""94c8ef8639fd07eea9c134d8ede137d77574d4ae6761955f5aa582558ec38b25"",""drug_codes"":[""99071""],""language"":""en"",""source_dataset_id"":""hc_dpd_source_snapshot"",""source_dataset_version"":""2026.7.2"",""source_manifest_sha256"":""f674732805de6a311d5882c2e7e33747a7e214beb123d9e42c944e1ad195eba0""}",False,0.5,schema_and_label_split,"[""brand_name"",""company"",""dosage_forms"",""product_status""]","{""din"":[""02501066""],""brand_name"":[""INSTANT BRONZER INSTANTANÉ 15 CONTINUOUS SPRAY SUNSCREEN""],""active_ingredients"":[{""name"":""AVOBENZONE"",""strength"":""2"",""unit"":""%""},{""name"":""OCTOCRYLENE"",""strength"":""2"",""unit"":""%""},{""name"":""OCTISALATE"",""strength"":""5"",""unit"":""%""}],""dosage_forms"":[""SPRAY"",""BAG-ON-VALVE""],""routes"":[""TOPICAL""],""schedule"":[""NON-PRESCRIPTION DRUGS""],""product_status"":[""MARKETED""],""company"":[""PRIME ENTERPRISES, LLC""]}",False,0.75,schema_and_label_split,"[""din"",""dosage_forms""]","{""din"":""02501066"",""brand_name"":""INSTANT BRONZER INSTANTANÉ 15 CONTINUOUS SPRAY SUNSCREEN"",""active_ingredients"":[{""name"":""AVOBENZONE"",""strength"":""2"",""unit"":""%""},{""name"":""OCTOCRYLENE"",""strength"":""2"",""unit"":""%""},{""name"":""OCTISALATE"",""strength"":""5"",""unit"":""%""}],""dosage_forms"":[""SPRAY"",""BAG-ON-VALVE""],""routes"":[""TOPICAL""],""schedule"":[""NON-PRESCRIPTION DRUGS""],""product_status"":""MARKETED"",""company"":""PRIME ENTERPRISES, LLC""}",False,0.875,compound_label_split_only,"[""dosage_forms""]","{""din"":[""02501066""],""brand_name"":""INSTANT BRONZER INSTANTANÉ 15 CONTINUOUS SPRAY SUNSCREEN"",""active_ingredients"":[{""name"":""AVOBENZONE"",""strength"":""2"",""unit"":""%""},{""name"":""OCTOCRYLENE"",""strength"":""2"",""unit"":""%""},{""name"":""OCTISALATE"",""strength"":""5"",""unit"":""%""}],""dosage_forms"":[""SPRAY"",""BAG-ON-VALVE""],""routes"":[""TOPICAL""],""schedule"":[""NON-PRESCRIPTION DRUGS""],""product_status"":""MARKETED"",""company"":""PRIME ENTERPRISES, LLC""}",True,1,pass,[],"{""din"":[""02501066""],""brand_name"":""INSTANT BRONZER INSTANTANÉ 15 CONTINUOUS SPRAY SUNSCREEN"",""active_ingredients"":[{""name"":""AVOBENZONE"",""strength"":""2"",""unit"":""%""},{""name"":""OCTOCRYLENE"",""strength"":""2"",""unit"":""%""},{""name"":""OCTISALATE"",""strength"":""5"",""unit"":""%""}],""dosage_forms"":[""SPRAY, BAG-ON-VALVE""],""routes"":[""TOPICAL""],""schedule"":[""NON-PRESCRIPTION DRUGS""],""product_status"":""MARKETED"",""company"":""PRIME ENTERPRISES, LLC""}",Adjudicate whether the rendered compound DPD label is unambiguous.
