review_id,review_group,review_priority,selection_reason,case_id,product_id,language,stratum,brand_name,input,expected_output,source_metadata,gpt_5_4_mini_passed,gpt_5_4_mini_field_score,gpt_5_4_mini_error_type,gpt_5_4_mini_mismatched_fields,gpt_5_4_mini_model_output,gpt_5_6_luna_passed,gpt_5_6_luna_field_score,gpt_5_6_luna_error_type,gpt_5_6_luna_mismatched_fields,gpt_5_6_luna_model_output,gpt_5_6_terra_passed,gpt_5_6_terra_field_score,gpt_5_6_terra_error_type,gpt_5_6_terra_mismatched_fields,gpt_5_6_terra_model_output,gpt_5_6_sol_passed,gpt_5_6_sol_field_score,gpt_5_6_sol_error_type,gpt_5_6_sol_mismatched_fields,gpt_5_6_sol_model_output,preliminary_review_focus,review_status,source_record_correct,expected_answer_correct,strict_score_correct,error_owner,operational_severity,adjudication,reviewer,review_date,review_notes
hc-dpd-review-0001,primary_model_failure,1,"Review every gpt_5_6_sol strict failure, including shared frontier failures.",hc_dpd_043c39ecda680f30_en,hc_dpd_043c39ecda680f30,en,multi_ingredient,FLAGYSTATIN,"Extract drug-product facts from the Health Canada Drug Product Database source record below. Return only one JSON object with exactly the keys din, brand_name, active_ingredients, dosage_forms, routes, schedule, product_status, and company. din, dosage_forms, routes, and schedule must be lists. active_ingredients must be a list of objects with name, strength, and unit keys. Combine distinct facts from every variant and do not infer values.

DPD SOURCE RECORD (ENGLISH)

VARIANT 1
DRUG_CODE: 12654
DIN: 01926829
BRAND_NAME: FLAGYSTATIN
ACTIVE_INGREDIENTS:
- NAME=NYSTATIN; STRENGTH=100000; UNIT=UNIT
- NAME=METRONIDAZOLE; STRENGTH=500; UNIT=MG
DOSAGE_FORMS: OVULE
ROUTES: VAGINAL
SCHEDULES: PRESCRIPTION
PRODUCT_STATUS: MARKETED
COMPANY: SANOFI-AVENTIS CANADA INC","{""din"":[""01926829""],""brand_name"":""FLAGYSTATIN"",""active_ingredients"":[{""name"":""METRONIDAZOLE"",""strength"":500,""unit"":""MG""},{""name"":""NYSTATIN"",""strength"":100000,""unit"":""UNIT""}],""dosage_forms"":[""OVULE""],""routes"":[""VAGINAL""],""schedule"":[""PRESCRIPTION""],""product_status"":""MARKETED"",""company"":""SANOFI-AVENTIS CANADA INC""}","{""archive_file_id"":""dpd_marketed_archive"",""archive_members"":{""comp.txt"":[1031],""drug.txt"":[1031],""form.txt"":[1032],""ingred.txt"":[1520,1521],""route.txt"":[1216],""schedule.txt"":[1033],""status.txt"":[5027]},""archive_sha256"":""94c8ef8639fd07eea9c134d8ede137d77574d4ae6761955f5aa582558ec38b25"",""drug_codes"":[""12654""],""language"":""en"",""source_dataset_id"":""hc_dpd_source_snapshot"",""source_dataset_version"":""2026.7.2"",""source_manifest_sha256"":""f674732805de6a311d5882c2e7e33747a7e214beb123d9e42c944e1ad195eba0""}",True,1,pass,[],"{""din"":[""01926829""],""brand_name"":""FLAGYSTATIN"",""active_ingredients"":[{""name"":""NYSTATIN"",""strength"":""100000"",""unit"":""UNIT""},{""name"":""METRONIDAZOLE"",""strength"":""500"",""unit"":""MG""}],""dosage_forms"":[""OVULE""],""routes"":[""VAGINAL""],""schedule"":[""PRESCRIPTION""],""product_status"":""MARKETED"",""company"":""SANOFI-AVENTIS CANADA INC""}",True,1,pass,[],"{""din"":[""01926829""],""brand_name"":""FLAGYSTATIN"",""active_ingredients"":[{""name"":""NYSTATIN"",""strength"":""100000"",""unit"":""UNIT""},{""name"":""METRONIDAZOLE"",""strength"":""500"",""unit"":""MG""}],""dosage_forms"":[""OVULE""],""routes"":[""VAGINAL""],""schedule"":[""PRESCRIPTION""],""product_status"":""MARKETED"",""company"":""SANOFI-AVENTIS CANADA INC""}",True,1,pass,[],"{""din"":[""01926829""],""brand_name"":""FLAGYSTATIN"",""active_ingredients"":[{""name"":""NYSTATIN"",""strength"":""100000"",""unit"":""UNIT""},{""name"":""METRONIDAZOLE"",""strength"":""500"",""unit"":""MG""}],""dosage_forms"":[""OVULE""],""routes"":[""VAGINAL""],""schedule"":[""PRESCRIPTION""],""product_status"":""MARKETED"",""company"":""SANOFI-AVENTIS CANADA INC""}",False,0.875,text_or_value_error,"[""active_ingredients""]","{""din"":[""01926829""],""brand_name"":""FLAGYSTATIN"",""active_ingredients"":[{""name"":""NYSTATATIN"",""strength"":""100000"",""unit"":""UNIT""},{""name"":""METRONIDAZOLE"",""strength"":""500"",""unit"":""MG""}],""dosage_forms"":[""OVULE""],""routes"":[""VAGINAL""],""schedule"":[""PRESCRIPTION""],""product_status"":""MARKETED"",""company"":""SANOFI-AVENTIS CANADA INC""}",Compare the transcription with the frozen source label.,pending,,,,,,,,,
hc-dpd-review-0002,primary_model_failure,1,"Review every gpt_5_6_sol strict failure, including shared frontier failures.",hc_dpd_3276d80002eaedbb_en,hc_dpd_3276d80002eaedbb,en,multi_ingredient_multi_variant,OLMESARTAN/HCTZ,"Extract drug-product facts from the Health Canada Drug Product Database source record below. Return only one JSON object with exactly the keys din, brand_name, active_ingredients, dosage_forms, routes, schedule, product_status, and company. din, dosage_forms, routes, and schedule must be lists. active_ingredients must be a list of objects with name, strength, and unit keys. Combine distinct facts from every variant and do not infer values.

DPD SOURCE RECORD (ENGLISH)

VARIANT 1
DRUG_CODE: 99889
DIN: 02509601
BRAND_NAME: OLMESARTAN/HCTZ
ACTIVE_INGREDIENTS:
- NAME=HYDROCHLOROTHIAZIDE; STRENGTH=12.5; UNIT=MG
- NAME=OLMESARTAN MEDOXOMIL; STRENGTH=20; UNIT=MG
DOSAGE_FORMS: TABLET
ROUTES: ORAL
SCHEDULES: PRESCRIPTION
PRODUCT_STATUS: MARKETED
COMPANY: SANIS HEALTH INC

VARIANT 2
DRUG_CODE: 99890
DIN: 02509628
BRAND_NAME: OLMESARTAN/HCTZ
ACTIVE_INGREDIENTS:
- NAME=HYDROCHLOROTHIAZIDE; STRENGTH=25; UNIT=MG
- NAME=OLMESARTAN MEDOXOMIL; STRENGTH=40; UNIT=MG
DOSAGE_FORMS: TABLET
ROUTES: ORAL
SCHEDULES: PRESCRIPTION
PRODUCT_STATUS: MARKETED
COMPANY: SANIS HEALTH INC

VARIANT 3
DRUG_CODE: 99891
DIN: 02509636
BRAND_NAME: OLMESARTAN/HCTZ
ACTIVE_INGREDIENTS:
- NAME=HYDROCHLOROTHIAZIDE; STRENGTH=12.5; UNIT=MG
- NAME=OLMESARTAN MEDOXOMIL; STRENGTH=40; UNIT=MG
DOSAGE_FORMS: TABLET
ROUTES: ORAL
SCHEDULES: PRESCRIPTION
PRODUCT_STATUS: MARKETED
COMPANY: SANIS HEALTH INC","{""din"":[""02509601"",""02509628"",""02509636""],""brand_name"":""OLMESARTAN/HCTZ"",""active_ingredients"":[{""name"":""HYDROCHLOROTHIAZIDE"",""strength"":12.5,""unit"":""MG""},{""name"":""HYDROCHLOROTHIAZIDE"",""strength"":25,""unit"":""MG""},{""name"":""OLMESARTAN MEDOXOMIL"",""strength"":20,""unit"":""MG""},{""name"":""OLMESARTAN MEDOXOMIL"",""strength"":40,""unit"":""MG""}],""dosage_forms"":[""TABLET""],""routes"":[""ORAL""],""schedule"":[""PRESCRIPTION""],""product_status"":""MARKETED"",""company"":""SANIS HEALTH INC""}","{""archive_file_id"":""dpd_marketed_archive"",""archive_members"":{""comp.txt"":[10711,10712,10713],""drug.txt"":[10711,10712,10713],""form.txt"":[10945,10946,10947],""ingred.txt"":[15491,15492,15493,15494,15495,15496],""route.txt"":[12850,12851,12852],""schedule.txt"":[11034,11035,11036],""status.txt"":[43512,43513,43519]},""archive_sha256"":""94c8ef8639fd07eea9c134d8ede137d77574d4ae6761955f5aa582558ec38b25"",""drug_codes"":[""99889"",""99890"",""99891""],""language"":""en"",""source_dataset_id"":""hc_dpd_source_snapshot"",""source_dataset_version"":""2026.7.2"",""source_manifest_sha256"":""f674732805de6a311d5882c2e7e33747a7e214beb123d9e42c944e1ad195eba0""}",False,0.875,duplicate_items_only,"[""active_ingredients""]","{""din"":[""02509601"",""02509628"",""02509636""],""brand_name"":""OLMESARTAN/HCTZ"",""active_ingredients"":[{""name"":""HYDROCHLOROTHIAZIDE"",""strength"":""12.5"",""unit"":""MG""},{""name"":""OLMESARTAN MEDOXOMIL"",""strength"":""20"",""unit"":""MG""},{""name"":""HYDROCHLOROTHIAZIDE"",""strength"":""25"",""unit"":""MG""},{""name"":""OLMESARTAN MEDOXOMIL"",""strength"":""40"",""unit"":""MG""},{""name"":""HYDROCHLOROTHIAZIDE"",""strength"":""12.5"",""unit"":""MG""},{""name"":""OLMESARTAN MEDOXOMIL"",""strength"":""40"",""unit"":""MG""}],""dosage_forms"":[""TABLET""],""routes"":[""ORAL""],""schedule"":[""PRESCRIPTION""],""product_status"":""MARKETED"",""company"":""SANIS HEALTH INC""}",False,0.875,duplicate_items_only,"[""active_ingredients""]","{""din"":[""02509601"",""02509628"",""02509636""],""brand_name"":""OLMESARTAN/HCTZ"",""active_ingredients"":[{""name"":""HYDROCHLOROTHIAZIDE"",""strength"":""12.5"",""unit"":""MG""},{""name"":""OLMESARTAN MEDOXOMIL"",""strength"":""20"",""unit"":""MG""},{""name"":""HYDROCHLOROTHIAZIDE"",""strength"":""25"",""unit"":""MG""},{""name"":""OLMESARTAN MEDOXOMIL"",""strength"":""40"",""unit"":""MG""},{""name"":""HYDROCHLOROTHIAZIDE"",""strength"":""12.5"",""unit"":""MG""},{""name"":""OLMESARTAN MEDOXOMIL"",""strength"":""40"",""unit"":""MG""}],""dosage_forms"":[""TABLET""],""routes"":[""ORAL""],""schedule"":[""PRESCRIPTION""],""product_status"":""MARKETED"",""company"":""SANIS HEALTH INC""}",False,0.875,duplicate_items_only,"[""active_ingredients""]","{""din"":[""02509601"",""02509628"",""02509636""],""brand_name"":""OLMESARTAN/HCTZ"",""active_ingredients"":[{""name"":""HYDROCHLOROTHIAZIDE"",""strength"":""12.5"",""unit"":""MG""},{""name"":""OLMESARTAN MEDOXOMIL"",""strength"":""20"",""unit"":""MG""},{""name"":""HYDROCHLOROTHIAZIDE"",""strength"":""25"",""unit"":""MG""},{""name"":""OLMESARTAN MEDOXOMIL"",""strength"":""40"",""unit"":""MG""},{""name"":""HYDROCHLOROTHIAZIDE"",""strength"":""12.5"",""unit"":""MG""},{""name"":""OLMESARTAN MEDOXOMIL"",""strength"":""40"",""unit"":""MG""}],""dosage_forms"":[""TABLET""],""routes"":[""ORAL""],""schedule"":[""PRESCRIPTION""],""product_status"":""MARKETED"",""company"":""SANIS HEALTH INC""}",False,0.875,duplicate_items_only,"[""active_ingredients""]","{""din"":[""02509601"",""02509628"",""02509636""],""brand_name"":""OLMESARTAN/HCTZ"",""active_ingredients"":[{""name"":""HYDROCHLOROTHIAZIDE"",""strength"":""12.5"",""unit"":""MG""},{""name"":""OLMESARTAN MEDOXOMIL"",""strength"":""20"",""unit"":""MG""},{""name"":""HYDROCHLOROTHIAZIDE"",""strength"":""25"",""unit"":""MG""},{""name"":""OLMESARTAN MEDOXOMIL"",""strength"":""40"",""unit"":""MG""},{""name"":""OLMESARTAN MEDOXOMIL"",""strength"":""40"",""unit"":""MG""},{""name"":""HYDROCHLOROTHIAZIDE"",""strength"":""12.5"",""unit"":""MG""}],""dosage_forms"":[""TABLET""],""routes"":[""ORAL""],""schedule"":[""PRESCRIPTION""],""product_status"":""MARKETED"",""company"":""SANIS HEALTH INC""}",Verify distinct-fact aggregation across product variants.,pending,,,,,,,,,
hc-dpd-review-0003,primary_model_failure,1,"Review every gpt_5_6_sol strict failure, including shared frontier failures.",hc_dpd_3276d80002eaedbb_fr,hc_dpd_3276d80002eaedbb,fr,multi_ingredient_multi_variant,OLMESARTAN/HCTZ,"Extrayez les faits de produit pharmaceutique du dossier source de la Base de données sur les produits pharmaceutiques de Santé Canada ci-dessous. Retournez uniquement un objet JSON avec exactement les clés din, brand_name, active_ingredients, dosage_forms, routes, schedule, product_status et company. din, dosage_forms, routes et schedule doivent être des listes. active_ingredients doit être une liste d'objets ayant les clés name, strength et unit. Regroupez les faits distincts de toutes les variantes, sans rien déduire.

DOSSIER SOURCE DPD (FRANÇAIS)

VARIANTE 1
DRUG_CODE: 99889
DIN: 02509601
NOM_COMMERCIAL: OLMESARTAN/HCTZ
INGRÉDIENTS_ACTIFS:
- NOM=Hydrochlorothiazide; CONCENTRATION=12.5; UNITÉ=MG
- NOM=Olmésartan médoxomil; CONCENTRATION=20; UNITÉ=MG
FORMES_PHARMACEUTIQUES: Comprimé
VOIES_ADMINISTRATION: Orale
ANNEXES: Médicaments sur ordonnance
ÉTAT_DU_PRODUIT: COMMERCIALISÉ
ENTREPRISE: SANIS HEALTH INC

VARIANTE 2
DRUG_CODE: 99890
DIN: 02509628
NOM_COMMERCIAL: OLMESARTAN/HCTZ
INGRÉDIENTS_ACTIFS:
- NOM=Hydrochlorothiazide; CONCENTRATION=25; UNITÉ=MG
- NOM=Olmésartan médoxomil; CONCENTRATION=40; UNITÉ=MG
FORMES_PHARMACEUTIQUES: Comprimé
VOIES_ADMINISTRATION: Orale
ANNEXES: Médicaments sur ordonnance
ÉTAT_DU_PRODUIT: COMMERCIALISÉ
ENTREPRISE: SANIS HEALTH INC

VARIANTE 3
DRUG_CODE: 99891
DIN: 02509636
NOM_COMMERCIAL: OLMESARTAN/HCTZ
INGRÉDIENTS_ACTIFS:
- NOM=Hydrochlorothiazide; CONCENTRATION=12.5; UNITÉ=MG
- NOM=Olmésartan médoxomil; CONCENTRATION=40; UNITÉ=MG
FORMES_PHARMACEUTIQUES: Comprimé
VOIES_ADMINISTRATION: Orale
ANNEXES: Médicaments sur ordonnance
ÉTAT_DU_PRODUIT: COMMERCIALISÉ
ENTREPRISE: SANIS HEALTH INC","{""din"":[""02509601"",""02509628"",""02509636""],""brand_name"":""OLMESARTAN/HCTZ"",""active_ingredients"":[{""name"":""Hydrochlorothiazide"",""strength"":12.5,""unit"":""MG""},{""name"":""Hydrochlorothiazide"",""strength"":25,""unit"":""MG""},{""name"":""Olmésartan médoxomil"",""strength"":20,""unit"":""MG""},{""name"":""Olmésartan médoxomil"",""strength"":40,""unit"":""MG""}],""dosage_forms"":[""Comprimé""],""routes"":[""Orale""],""schedule"":[""Médicaments sur ordonnance""],""product_status"":""COMMERCIALISÉ"",""company"":""SANIS HEALTH INC""}","{""archive_file_id"":""dpd_marketed_archive"",""archive_members"":{""comp.txt"":[10711,10712,10713],""drug.txt"":[10711,10712,10713],""form.txt"":[10945,10946,10947],""ingred.txt"":[15491,15492,15493,15494,15495,15496],""route.txt"":[12850,12851,12852],""schedule.txt"":[11034,11035,11036],""status.txt"":[43512,43513,43519]},""archive_sha256"":""94c8ef8639fd07eea9c134d8ede137d77574d4ae6761955f5aa582558ec38b25"",""drug_codes"":[""99889"",""99890"",""99891""],""language"":""fr"",""source_dataset_id"":""hc_dpd_source_snapshot"",""source_dataset_version"":""2026.7.2"",""source_manifest_sha256"":""f674732805de6a311d5882c2e7e33747a7e214beb123d9e42c944e1ad195eba0""}",True,1,pass,[],"{""din"":[""02509601"",""02509628"",""02509636""],""brand_name"":""OLMESARTAN/HCTZ"",""active_ingredients"":[{""name"":""Hydrochlorothiazide"",""strength"":""12.5"",""unit"":""MG""},{""name"":""Olmésartan médoxomil"",""strength"":""20"",""unit"":""MG""},{""name"":""Hydrochlorothiazide"",""strength"":""25"",""unit"":""MG""},{""name"":""Olmésartan médoxomil"",""strength"":""40"",""unit"":""MG""}],""dosage_forms"":[""Comprimé""],""routes"":[""Orale""],""schedule"":[""Médicaments sur ordonnance""],""product_status"":""COMMERCIALISÉ"",""company"":""SANIS HEALTH INC""}",False,0.75,text_or_value_error,"[""active_ingredients"",""product_status""]","{""din"":[""02509601"",""02509628"",""02509636""],""brand_name"":""OLMESARTAN/HCTZ"",""active_ingredients"":[{""name"":""Hydrochlorothiazide"",""strength"":[""12.5"",""25""],""unit"":""MG""},{""name"":""Olmésartan médoxomil"",""strength"":[""20"",""40""],""unit"":""MG""}],""dosage_forms"":[""Comprimé""],""routes"":[""Orale""],""schedule"":[""Médicaments sur ordonnance""],""product_status"":[""COMMERCIALISÉ""],""company"":""SANIS HEALTH INC""}",False,0.875,duplicate_items_only,"[""active_ingredients""]","{""din"":[""02509601"",""02509628"",""02509636""],""brand_name"":""OLMESARTAN/HCTZ"",""active_ingredients"":[{""name"":""Hydrochlorothiazide"",""strength"":""12.5"",""unit"":""MG""},{""name"":""Olmésartan médoxomil"",""strength"":""20"",""unit"":""MG""},{""name"":""Hydrochlorothiazide"",""strength"":""25"",""unit"":""MG""},{""name"":""Olmésartan médoxomil"",""strength"":""40"",""unit"":""MG""},{""name"":""Olmésartan médoxomil"",""strength"":""40"",""unit"":""MG""}],""dosage_forms"":[""Comprimé""],""routes"":[""Orale""],""schedule"":[""Médicaments sur ordonnance""],""product_status"":""COMMERCIALISÉ"",""company"":""SANIS HEALTH INC""}",False,0.875,duplicate_items_only,"[""active_ingredients""]","{""din"":[""02509601"",""02509628"",""02509636""],""brand_name"":""OLMESARTAN/HCTZ"",""active_ingredients"":[{""name"":""Hydrochlorothiazide"",""strength"":""12.5"",""unit"":""MG""},{""name"":""Olmésartan médoxomil"",""strength"":""20"",""unit"":""MG""},{""name"":""Hydrochlorothiazide"",""strength"":""25"",""unit"":""MG""},{""name"":""Olmésartan médoxomil"",""strength"":""40"",""unit"":""MG""},{""name"":""Olmésartan médoxomil"",""strength"":""40"",""unit"":""MG""}],""dosage_forms"":[""Comprimé""],""routes"":[""Orale""],""schedule"":[""Médicaments sur ordonnance""],""product_status"":""COMMERCIALISÉ"",""company"":""SANIS HEALTH INC""}",Verify distinct-fact aggregation across product variants.,pending,,,,,,,,,
hc-dpd-review-0004,primary_model_failure,1,"Review every gpt_5_6_sol strict failure, including shared frontier failures.",hc_dpd_3e3c972983718ecd_en,hc_dpd_3e3c972983718ecd,en,single_ingredient,ZOLADEX LA,"Extract drug-product facts from the Health Canada Drug Product Database source record below. Return only one JSON object with exactly the keys din, brand_name, active_ingredients, dosage_forms, routes, schedule, product_status, and company. din, dosage_forms, routes, and schedule must be lists. active_ingredients must be a list of objects with name, strength, and unit keys. Combine distinct facts from every variant and do not infer values.

DPD SOURCE RECORD (ENGLISH)

VARIANT 1
DRUG_CODE: 43433
DIN: 02225905
BRAND_NAME: ZOLADEX LA
ACTIVE_INGREDIENTS:
- NAME=GOSERELIN (GOSERELIN ACETATE); STRENGTH=10.8; UNIT=MG
DOSAGE_FORMS: IMPLANT
ROUTES: SUBCUTANEOUS
SCHEDULES: PRESCRIPTION
PRODUCT_STATUS: MARKETED
COMPANY: TERSERA THERAPEUTICS LLC","{""din"":[""02225905""],""brand_name"":""ZOLADEX LA"",""active_ingredients"":[{""name"":""GOSERELIN (GOSERELIN ACETATE)"",""strength"":10.8,""unit"":""MG""}],""dosage_forms"":[""IMPLANT""],""routes"":[""SUBCUTANEOUS""],""schedule"":[""PRESCRIPTION""],""product_status"":""MARKETED"",""company"":""TERSERA THERAPEUTICS LLC""}","{""archive_file_id"":""dpd_marketed_archive"",""archive_members"":{""comp.txt"":[1953],""drug.txt"":[1953],""form.txt"":[1969],""ingred.txt"":[2930],""route.txt"":[2320],""schedule.txt"":[1962],""status.txt"":[10389]},""archive_sha256"":""94c8ef8639fd07eea9c134d8ede137d77574d4ae6761955f5aa582558ec38b25"",""drug_codes"":[""43433""],""language"":""en"",""source_dataset_id"":""hc_dpd_source_snapshot"",""source_dataset_version"":""2026.7.2"",""source_manifest_sha256"":""f674732805de6a311d5882c2e7e33747a7e214beb123d9e42c944e1ad195eba0""}",True,1,pass,[],"{""din"":[""02225905""],""brand_name"":""ZOLADEX LA"",""active_ingredients"":[{""name"":""GOSERELIN (GOSERELIN ACETATE)"",""strength"":""10.8"",""unit"":""MG""}],""dosage_forms"":[""IMPLANT""],""routes"":[""SUBCUTANEOUS""],""schedule"":[""PRESCRIPTION""],""product_status"":""MARKETED"",""company"":""TERSERA THERAPEUTICS LLC""}",True,1,pass,[],"{""din"":[""02225905""],""brand_name"":""ZOLADEX LA"",""active_ingredients"":[{""name"":""GOSERELIN (GOSERELIN ACETATE)"",""strength"":""10.8"",""unit"":""MG""}],""dosage_forms"":[""IMPLANT""],""routes"":[""SUBCUTANEOUS""],""schedule"":[""PRESCRIPTION""],""product_status"":""MARKETED"",""company"":""TERSERA THERAPEUTICS LLC""}",True,1,pass,[],"{""din"":[""02225905""],""brand_name"":""ZOLADEX LA"",""active_ingredients"":[{""name"":""GOSERELIN (GOSERELIN ACETATE)"",""strength"":""10.8"",""unit"":""MG""}],""dosage_forms"":[""IMPLANT""],""routes"":[""SUBCUTANEOUS""],""schedule"":[""PRESCRIPTION""],""product_status"":""MARKETED"",""company"":""TERSERA THERAPEUTICS LLC""}",False,0.875,text_or_value_error,"[""company""]","{""din"":[""02225905""],""brand_name"":""ZOLADEX LA"",""active_ingredients"":[{""name"":""GOSERELIN (GOSERELIN ACETATE)"",""strength"":""10.8"",""unit"":""MG""}],""dosage_forms"":[""IMPLANT""],""routes"":[""SUBCUTANEOUS""],""schedule"":[""PRESCRIPTION""],""product_status"":""MARKETED"",""company"":""TERSERА THERAPEUTICS LLC""}",Compare the transcription with the frozen source label.,pending,,,,,,,,,
hc-dpd-review-0005,primary_model_failure,1,"Review every gpt_5_6_sol strict failure, including shared frontier failures.",hc_dpd_3e3c972983718ecd_fr,hc_dpd_3e3c972983718ecd,fr,single_ingredient,ZOLADEX LA,"Extrayez les faits de produit pharmaceutique du dossier source de la Base de données sur les produits pharmaceutiques de Santé Canada ci-dessous. Retournez uniquement un objet JSON avec exactement les clés din, brand_name, active_ingredients, dosage_forms, routes, schedule, product_status et company. din, dosage_forms, routes et schedule doivent être des listes. active_ingredients doit être une liste d'objets ayant les clés name, strength et unit. Regroupez les faits distincts de toutes les variantes, sans rien déduire.

DOSSIER SOURCE DPD (FRANÇAIS)

VARIANTE 1
DRUG_CODE: 43433
DIN: 02225905
NOM_COMMERCIAL: ZOLADEX LA
INGRÉDIENTS_ACTIFS:
- NOM=GosérélinE (Acétate de goséréline); CONCENTRATION=10.8; UNITÉ=MG
FORMES_PHARMACEUTIQUES: Implant
VOIES_ADMINISTRATION: Sous-cutanée
ANNEXES: Médicaments sur ordonnance
ÉTAT_DU_PRODUIT: COMMERCIALISÉ
ENTREPRISE: TERSERA THERAPEUTICS LLC","{""din"":[""02225905""],""brand_name"":""ZOLADEX LA"",""active_ingredients"":[{""name"":""GosérélinE (Acétate de goséréline)"",""strength"":10.8,""unit"":""MG""}],""dosage_forms"":[""Implant""],""routes"":[""Sous-cutanée""],""schedule"":[""Médicaments sur ordonnance""],""product_status"":""COMMERCIALISÉ"",""company"":""TERSERA THERAPEUTICS LLC""}","{""archive_file_id"":""dpd_marketed_archive"",""archive_members"":{""comp.txt"":[1953],""drug.txt"":[1953],""form.txt"":[1969],""ingred.txt"":[2930],""route.txt"":[2320],""schedule.txt"":[1962],""status.txt"":[10389]},""archive_sha256"":""94c8ef8639fd07eea9c134d8ede137d77574d4ae6761955f5aa582558ec38b25"",""drug_codes"":[""43433""],""language"":""fr"",""source_dataset_id"":""hc_dpd_source_snapshot"",""source_dataset_version"":""2026.7.2"",""source_manifest_sha256"":""f674732805de6a311d5882c2e7e33747a7e214beb123d9e42c944e1ad195eba0""}",True,1,pass,[],"{""din"":[""02225905""],""brand_name"":""ZOLADEX LA"",""active_ingredients"":[{""name"":""GosérélinE (Acétate de goséréline)"",""strength"":""10.8"",""unit"":""MG""}],""dosage_forms"":[""Implant""],""routes"":[""Sous-cutanée""],""schedule"":[""Médicaments sur ordonnance""],""product_status"":""COMMERCIALISÉ"",""company"":""TERSERA THERAPEUTICS LLC""}",True,1,pass,[],"{""din"":[""02225905""],""brand_name"":""ZOLADEX LA"",""active_ingredients"":[{""name"":""GosérélinE (Acétate de goséréline)"",""strength"":""10.8"",""unit"":""MG""}],""dosage_forms"":[""Implant""],""routes"":[""Sous-cutanée""],""schedule"":[""Médicaments sur ordonnance""],""product_status"":""COMMERCIALISÉ"",""company"":""TERSERA THERAPEUTICS LLC""}",True,1,pass,[],"{""din"":[""02225905""],""brand_name"":""ZOLADEX LA"",""active_ingredients"":[{""name"":""GosérélinE (Acétate de goséréline)"",""strength"":""10.8"",""unit"":""MG""}],""dosage_forms"":[""Implant""],""routes"":[""Sous-cutanée""],""schedule"":[""Médicaments sur ordonnance""],""product_status"":""COMMERCIALISÉ"",""company"":""TERSERA THERAPEUTICS LLC""}",False,0.875,text_or_value_error,"[""company""]","{""din"":[""02225905""],""brand_name"":""ZOLADEX LA"",""active_ingredients"":[{""name"":""GosérélinE (Acétate de goséréline)"",""strength"":""10.8"",""unit"":""MG""}],""dosage_forms"":[""Implant""],""routes"":[""Sous-cutanée""],""schedule"":[""Médicaments sur ordonnance""],""product_status"":""COMMERCIALISÉ"",""company"":""TERSERА THERAPEUTICS LLC""}",Compare the transcription with the frozen source label.,pending,,,,,,,,,
hc-dpd-review-0006,primary_model_failure,1,"Review every gpt_5_6_sol strict failure, including shared frontier failures.",hc_dpd_464e4967d555d027_en,hc_dpd_464e4967d555d027,en,multi_ingredient,CAPVAXIVE,"Extract drug-product facts from the Health Canada Drug Product Database source record below. Return only one JSON object with exactly the keys din, brand_name, active_ingredients, dosage_forms, routes, schedule, product_status, and company. din, dosage_forms, routes, and schedule must be lists. active_ingredients must be a list of objects with name, strength, and unit keys. Combine distinct facts from every variant and do not infer values.

DPD SOURCE RECORD (ENGLISH)

VARIANT 1
DRUG_CODE: 103871
DIN: 02549891
BRAND_NAME: CAPVAXIVE
ACTIVE_INGREDIENTS:
- NAME=CORYNEBACTERIUM DIPHTHERIAE CRM-197 PROTEIN; STRENGTH=65; UNIT=MCG
- NAME=PNEUMOCOCCAL POLYSACCHARIDE SEROTYPE 3; STRENGTH=4; UNIT=MCG
- NAME=PNEUMOCOCCAL POLYSACCHARIDE SEROTYPE 6A; STRENGTH=4; UNIT=MCG
- NAME=PNEUMOCOCCAL POLYSACCHARIDE SEROTYPE 7F; STRENGTH=4; UNIT=MCG
- NAME=PNEUMOCOCCAL POLYSACCHARIDE SEROTYPE 8; STRENGTH=4; UNIT=MCG
- NAME=PNEUMOCOCCAL POLYSACCHARIDE SEROTYPE 9N; STRENGTH=4; UNIT=MCG
- NAME=PNEUMOCOCCAL POLYSACCHARIDE SEROTYPE 10A; STRENGTH=4; UNIT=MCG
- NAME=PNEUMOCOCCAL POLYSACCHARIDE SEROTYPE 11A; STRENGTH=4; UNIT=MCG
- NAME=PNEUMOCOCCAL POLYSACCHARIDE SEROTYPE 12F; STRENGTH=4; UNIT=MCG
- NAME=PNEUMOCOCCAL POLYSACCHARIDE SEROTYPE 17F; STRENGTH=4; UNIT=MCG
- NAME=PNEUMOCOCCAL POLYSACCHARIDE SEROTYPE 19A; STRENGTH=4; UNIT=MCG
- NAME=PNEUMOCOCCAL POLYSACCHARIDE SEROTYPE 22F; STRENGTH=4; UNIT=MCG
- NAME=PNEUMOCOCCAL POLYSACCHARIDE SEROTYPE 33F; STRENGTH=4; UNIT=MCG
- NAME=PNEUMOCOCCAL POLYSACCHARIDE SEROTYPE 15A; STRENGTH=4; UNIT=MCG
- NAME=PNEUMOCOCCAL POLYSACCHARIDE SEROTYPE DEOAC15B; STRENGTH=4; UNIT=MCG
- NAME=PNEUMOCOCCAL POLYSACCHARIDE SEROTYPE 16F; STRENGTH=4; UNIT=MCG
- NAME=PNEUMOCOCCAL POLYSACCHARIDE SEROTYPE 20A; STRENGTH=4; UNIT=MCG
- NAME=PNEUMOCOCCAL POLYSACCHARIDE SEROTYPE 23A; STRENGTH=4; UNIT=MCG
- NAME=PNEUMOCOCCAL POLYSACCHARIDE SEROTYPE 23B; STRENGTH=4; UNIT=MCG
- NAME=PNEUMOCOCCAL POLYSACCHARIDE SEROTYPE 24F; STRENGTH=4; UNIT=MCG
- NAME=PNEUMOCOCCAL POLYSACCHARIDE SEROTYPE 31; STRENGTH=4; UNIT=MCG
- NAME=PNEUMOCOCCAL POLYSACCHARIDE SEROTYPE 35B; STRENGTH=4; UNIT=MCG
DOSAGE_FORMS: SOLUTION
ROUTES: INTRAMUSCULAR
SCHEDULES: SCHEDULE D
PRODUCT_STATUS: MARKETED
COMPANY: MERCK CANADA INC","{""din"":[""02549891""],""brand_name"":""CAPVAXIVE"",""active_ingredients"":[{""name"":""CORYNEBACTERIUM DIPHTHERIAE CRM-197 PROTEIN"",""strength"":65,""unit"":""MCG""},{""name"":""PNEUMOCOCCAL POLYSACCHARIDE SEROTYPE 10A"",""strength"":4,""unit"":""MCG""},{""name"":""PNEUMOCOCCAL POLYSACCHARIDE SEROTYPE 11A"",""strength"":4,""unit"":""MCG""},{""name"":""PNEUMOCOCCAL POLYSACCHARIDE SEROTYPE 12F"",""strength"":4,""unit"":""MCG""},{""name"":""PNEUMOCOCCAL POLYSACCHARIDE SEROTYPE 15A"",""strength"":4,""unit"":""MCG""},{""name"":""PNEUMOCOCCAL POLYSACCHARIDE SEROTYPE 16F"",""strength"":4,""unit"":""MCG""},{""name"":""PNEUMOCOCCAL POLYSACCHARIDE SEROTYPE 17F"",""strength"":4,""unit"":""MCG""},{""name"":""PNEUMOCOCCAL POLYSACCHARIDE SEROTYPE 19A"",""strength"":4,""unit"":""MCG""},{""name"":""PNEUMOCOCCAL POLYSACCHARIDE SEROTYPE 20A"",""strength"":4,""unit"":""MCG""},{""name"":""PNEUMOCOCCAL POLYSACCHARIDE SEROTYPE 22F"",""strength"":4,""unit"":""MCG""},{""name"":""PNEUMOCOCCAL POLYSACCHARIDE SEROTYPE 23A"",""strength"":4,""unit"":""MCG""},{""name"":""PNEUMOCOCCAL POLYSACCHARIDE SEROTYPE 23B"",""strength"":4,""unit"":""MCG""},{""name"":""PNEUMOCOCCAL POLYSACCHARIDE SEROTYPE 24F"",""strength"":4,""unit"":""MCG""},{""name"":""PNEUMOCOCCAL POLYSACCHARIDE SEROTYPE 3"",""strength"":4,""unit"":""MCG""},{""name"":""PNEUMOCOCCAL POLYSACCHARIDE SEROTYPE 31"",""strength"":4,""unit"":""MCG""},{""name"":""PNEUMOCOCCAL POLYSACCHARIDE SEROTYPE 33F"",""strength"":4,""unit"":""MCG""},{""name"":""PNEUMOCOCCAL POLYSACCHARIDE SEROTYPE 35B"",""strength"":4,""unit"":""MCG""},{""name"":""PNEUMOCOCCAL POLYSACCHARIDE SEROTYPE 6A"",""strength"":4,""unit"":""MCG""},{""name"":""PNEUMOCOCCAL POLYSACCHARIDE SEROTYPE 7F"",""strength"":4,""unit"":""MCG""},{""name"":""PNEUMOCOCCAL POLYSACCHARIDE SEROTYPE 8"",""strength"":4,""unit"":""MCG""},{""name"":""PNEUMOCOCCAL POLYSACCHARIDE SEROTYPE 9N"",""strength"":4,""unit"":""MCG""},{""name"":""PNEUMOCOCCAL POLYSACCHARIDE SEROTYPE DEOAC15B"",""strength"":4,""unit"":""MCG""}],""dosage_forms"":[""SOLUTION""],""routes"":[""INTRAMUSCULAR""],""schedule"":[""SCHEDULE D""],""product_status"":""MARKETED"",""company"":""MERCK CANADA INC""}","{""archive_file_id"":""dpd_marketed_archive"",""archive_members"":{""comp.txt"":[12855],""drug.txt"":[12855],""form.txt"":[13144],""ingred.txt"":[18650,18651,18652,18653,18654,18655,18656,18657,18658,18659,18660,18661,18662,18663,18664,18665,18666,18667,18668,18669,18670,18671],""route.txt"":[15419],""schedule.txt"":[13326],""status.txt"":[48313]},""archive_sha256"":""94c8ef8639fd07eea9c134d8ede137d77574d4ae6761955f5aa582558ec38b25"",""drug_codes"":[""103871""],""language"":""en"",""source_dataset_id"":""hc_dpd_source_snapshot"",""source_dataset_version"":""2026.7.2"",""source_manifest_sha256"":""f674732805de6a311d5882c2e7e33747a7e214beb123d9e42c944e1ad195eba0""}",True,1,pass,[],"{""din"":[""02549891""],""brand_name"":""CAPVAXIVE"",""active_ingredients"":[{""name"":""CORYNEBACTERIUM DIPHTHERIAE CRM-197 PROTEIN"",""strength"":""65"",""unit"":""MCG""},{""name"":""PNEUMOCOCCAL POLYSACCHARIDE SEROTYPE 3"",""strength"":""4"",""unit"":""MCG""},{""name"":""PNEUMOCOCCAL POLYSACCHARIDE SEROTYPE 6A"",""strength"":""4"",""unit"":""MCG""},{""name"":""PNEUMOCOCCAL POLYSACCHARIDE SEROTYPE 7F"",""strength"":""4"",""unit"":""MCG""},{""name"":""PNEUMOCOCCAL POLYSACCHARIDE SEROTYPE 8"",""strength"":""4"",""unit"":""MCG""},{""name"":""PNEUMOCOCCAL POLYSACCHARIDE SEROTYPE 9N"",""strength"":""4"",""unit"":""MCG""},{""name"":""PNEUMOCOCCAL POLYSACCHARIDE SEROTYPE 10A"",""strength"":""4"",""unit"":""MCG""},{""name"":""PNEUMOCOCCAL POLYSACCHARIDE SEROTYPE 11A"",""strength"":""4"",""unit"":""MCG""},{""name"":""PNEUMOCOCCAL POLYSACCHARIDE SEROTYPE 12F"",""strength"":""4"",""unit"":""MCG""},{""name"":""PNEUMOCOCCAL POLYSACCHARIDE SEROTYPE 17F"",""strength"":""4"",""unit"":""MCG""},{""name"":""PNEUMOCOCCAL POLYSACCHARIDE SEROTYPE 19A"",""strength"":""4"",""unit"":""MCG""},{""name"":""PNEUMOCOCCAL POLYSACCHARIDE SEROTYPE 22F"",""strength"":""4"",""unit"":""MCG""},{""name"":""PNEUMOCOCCAL POLYSACCHARIDE SEROTYPE 33F"",""strength"":""4"",""unit"":""MCG""},{""name"":""PNEUMOCOCCAL POLYSACCHARIDE SEROTYPE 15A"",""strength"":""4"",""unit"":""MCG""},{""name"":""PNEUMOCOCCAL POLYSACCHARIDE SEROTYPE DEOAC15B"",""strength"":""4"",""unit"":""MCG""},{""name"":""PNEUMOCOCCAL POLYSACCHARIDE SEROTYPE 16F"",""strength"":""4"",""unit"":""MCG""},{""name"":""PNEUMOCOCCAL POLYSACCHARIDE SEROTYPE 20A"",""strength"":""4"",""unit"":""MCG""},{""name"":""PNEUMOCOCCAL POLYSACCHARIDE SEROTYPE 23A"",""strength"":""4"",""unit"":""MCG""},{""name"":""PNEUMOCOCCAL POLYSACCHARIDE SEROTYPE 23B"",""strength"":""4"",""unit"":""MCG""},{""name"":""PNEUMOCOCCAL POLYSACCHARIDE SEROTYPE 24F"",""strength"":""4"",""unit"":""MCG""},{""name"":""PNEUMOCOCCAL POLYSACCHARIDE SEROTYPE 31"",""strength"":""4"",""unit"":""MCG""},{""name"":""PNEUMOCOCCAL POLYSACCHARIDE SEROTYPE 35B"",""strength"":""4"",""unit"":""MCG""}],""dosage_forms"":[""SOLUTION""],""routes"":[""INTRAMUSCULAR""],""schedule"":[""SCHEDULE D""],""product_status"":""MARKETED"",""company"":""MERCK CANADA INC""}",True,1,pass,[],"{""din"":[""02549891""],""brand_name"":""CAPVAXIVE"",""active_ingredients"":[{""name"":""CORYNEBACTERIUM DIPHTHERIAE CRM-197 PROTEIN"",""strength"":65,""unit"":""MCG""},{""name"":""PNEUMOCOCCAL POLYSACCHARIDE SEROTYPE 3"",""strength"":4,""unit"":""MCG""},{""name"":""PNEUMOCOCCAL POLYSACCHARIDE SEROTYPE 6A"",""strength"":4,""unit"":""MCG""},{""name"":""PNEUMOCOCCAL POLYSACCHARIDE SEROTYPE 7F"",""strength"":4,""unit"":""MCG""},{""name"":""PNEUMOCOCCAL POLYSACCHARIDE SEROTYPE 8"",""strength"":4,""unit"":""MCG""},{""name"":""PNEUMOCOCCAL POLYSACCHARIDE SEROTYPE 9N"",""strength"":4,""unit"":""MCG""},{""name"":""PNEUMOCOCCAL POLYSACCHARIDE SEROTYPE 10A"",""strength"":4,""unit"":""MCG""},{""name"":""PNEUMOCOCCAL POLYSACCHARIDE SEROTYPE 11A"",""strength"":4,""unit"":""MCG""},{""name"":""PNEUMOCOCCAL POLYSACCHARIDE SEROTYPE 12F"",""strength"":4,""unit"":""MCG""},{""name"":""PNEUMOCOCCAL POLYSACCHARIDE SEROTYPE 17F"",""strength"":4,""unit"":""MCG""},{""name"":""PNEUMOCOCCAL POLYSACCHARIDE SEROTYPE 19A"",""strength"":4,""unit"":""MCG""},{""name"":""PNEUMOCOCCAL POLYSACCHARIDE SEROTYPE 22F"",""strength"":4,""unit"":""MCG""},{""name"":""PNEUMOCOCCAL POLYSACCHARIDE SEROTYPE 33F"",""strength"":4,""unit"":""MCG""},{""name"":""PNEUMOCOCCAL POLYSACCHARIDE SEROTYPE 15A"",""strength"":4,""unit"":""MCG""},{""name"":""PNEUMOCOCCAL POLYSACCHARIDE SEROTYPE DEOAC15B"",""strength"":4,""unit"":""MCG""},{""name"":""PNEUMOCOCCAL POLYSACCHARIDE SEROTYPE 16F"",""strength"":4,""unit"":""MCG""},{""name"":""PNEUMOCOCCAL POLYSACCHARIDE SEROTYPE 20A"",""strength"":4,""unit"":""MCG""},{""name"":""PNEUMOCOCCAL POLYSACCHARIDE SEROTYPE 23A"",""strength"":4,""unit"":""MCG""},{""name"":""PNEUMOCOCCAL POLYSACCHARIDE SEROTYPE 23B"",""strength"":4,""unit"":""MCG""},{""name"":""PNEUMOCOCCAL POLYSACCHARIDE SEROTYPE 24F"",""strength"":4,""unit"":""MCG""},{""name"":""PNEUMOCOCCAL POLYSACCHARIDE SEROTYPE 31"",""strength"":4,""unit"":""MCG""},{""name"":""PNEUMOCOCCAL POLYSACCHARIDE SEROTYPE 35B"",""strength"":4,""unit"":""MCG""}],""dosage_forms"":[""SOLUTION""],""routes"":[""INTRAMUSCULAR""],""schedule"":[""SCHEDULE D""],""product_status"":""MARKETED"",""company"":""MERCK CANADA INC""}",True,1,pass,[],"{""din"":[""02549891""],""brand_name"":""CAPVAXIVE"",""active_ingredients"":[{""name"":""CORYNEBACTERIUM DIPHTHERIAE CRM-197 PROTEIN"",""strength"":""65"",""unit"":""MCG""},{""name"":""PNEUMOCOCCAL POLYSACCHARIDE SEROTYPE 3"",""strength"":""4"",""unit"":""MCG""},{""name"":""PNEUMOCOCCAL POLYSACCHARIDE SEROTYPE 6A"",""strength"":""4"",""unit"":""MCG""},{""name"":""PNEUMOCOCCAL POLYSACCHARIDE SEROTYPE 7F"",""strength"":""4"",""unit"":""MCG""},{""name"":""PNEUMOCOCCAL POLYSACCHARIDE SEROTYPE 8"",""strength"":""4"",""unit"":""MCG""},{""name"":""PNEUMOCOCCAL POLYSACCHARIDE SEROTYPE 9N"",""strength"":""4"",""unit"":""MCG""},{""name"":""PNEUMOCOCCAL POLYSACCHARIDE SEROTYPE 10A"",""strength"":""4"",""unit"":""MCG""},{""name"":""PNEUMOCOCCAL POLYSACCHARIDE SEROTYPE 11A"",""strength"":""4"",""unit"":""MCG""},{""name"":""PNEUMOCOCCAL POLYSACCHARIDE SEROTYPE 12F"",""strength"":""4"",""unit"":""MCG""},{""name"":""PNEUMOCOCCAL POLYSACCHARIDE SEROTYPE 17F"",""strength"":""4"",""unit"":""MCG""},{""name"":""PNEUMOCOCCAL POLYSACCHARIDE SEROTYPE 19A"",""strength"":""4"",""unit"":""MCG""},{""name"":""PNEUMOCOCCAL POLYSACCHARIDE SEROTYPE 22F"",""strength"":""4"",""unit"":""MCG""},{""name"":""PNEUMOCOCCAL POLYSACCHARIDE SEROTYPE 33F"",""strength"":""4"",""unit"":""MCG""},{""name"":""PNEUMOCOCCAL POLYSACCHARIDE SEROTYPE 15A"",""strength"":""4"",""unit"":""MCG""},{""name"":""PNEUMOCOCCAL POLYSACCHARIDE SEROTYPE DEOAC15B"",""strength"":""4"",""unit"":""MCG""},{""name"":""PNEUMOCOCCAL POLYSACCHARIDE SEROTYPE 16F"",""strength"":""4"",""unit"":""MCG""},{""name"":""PNEUMOCOCCAL POLYSACCHARIDE SEROTYPE 20A"",""strength"":""4"",""unit"":""MCG""},{""name"":""PNEUMOCOCCAL POLYSACCHARIDE SEROTYPE 23A"",""strength"":""4"",""unit"":""MCG""},{""name"":""PNEUMOCOCCAL POLYSACCHARIDE SEROTYPE 23B"",""strength"":""4"",""unit"":""MCG""},{""name"":""PNEUMOCOCCAL POLYSACCHARIDE SEROTYPE 24F"",""strength"":""4"",""unit"":""MCG""},{""name"":""PNEUMOCOCCAL POLYSACCHARIDE SEROTYPE 31"",""strength"":""4"",""unit"":""MCG""},{""name"":""PNEUMOCOCCAL POLYSACCHARIDE SEROTYPE 35B"",""strength"":""4"",""unit"":""MCG""}],""dosage_forms"":[""SOLUTION""],""routes"":[""INTRAMUSCULAR""],""schedule"":[""SCHEDULE D""],""product_status"":""MARKETED"",""company"":""MERCK CANADA INC""}",False,0.875,text_or_value_error,"[""active_ingredients""]","{""din"":[""02549891""],""brand_name"":""CAPVAXIVE"",""active_ingredients"":[{""name"":""CORYNEBACTERIUM DIPHTHERIAE CRM-197 PROTEIN"",""strength"":""65"",""unit"":""MCG""},{""name"":""PNEUMOCOCCAL POLYSACCHARIDE SEROTYPE 3"",""strength"":""4"",""unit"":""MCG""},{""name"":""PNEUMOCOCCAL POLYSACCHARIDE SEROTYPE 6A"",""strength"":""4"",""unit"":""MCG""},{""name"":""PNEUMOCOCCAL POLYSACCHARIDE SEROTYPE 7F"",""strength"":""4"",""unit"":""MCG""},{""name"":""PNEUMOCOCCAL POLYSACCHARIDE SEROTYPE 8"",""strength"":""4"",""unit"":""MCG""},{""name"":""PNEUMOCOCCAL POLYSACCHARIDE SEROTYPE 9N"",""strength"":""4"",""unit"":""MCG""},{""name"":""PNEUMOCOCCAL POLYSACCHARIDE SEROTYPE 10A"",""strength"":""4"",""unit"":""MCG""},{""name"":""PNEUMOCOCCAL POLACCHARIDE SEROTYPE 11A"",""strength"":""4"",""unit"":""MCG""},{""name"":""PNEUMOCOCCAL POLYSACCHARIDE SEROTYPE 12F"",""strength"":""4"",""unit"":""MCG""},{""name"":""PNEUMOCOCCAL POLYSACCHARIDE SEROTYPE 17F"",""strength"":""4"",""unit"":""MCG""},{""name"":""PNEUMOCOCCAL POLYSACCHARIDE SEROTYPE 19A"",""strength"":""4"",""unit"":""MCG""},{""name"":""PNEUMOCOCCAL POLYSACCHARIDE SEROTYPE 22F"",""strength"":""4"",""unit"":""MCG""},{""name"":""PNEUMOCOCCAL POLYSACCHARIDE SEROTYPE 33F"",""strength"":""4"",""unit"":""MCG""},{""name"":""PNEUMOCOCCAL POLYSACCHARIDE SEROTYPE 15A"",""strength"":""4"",""unit"":""MCG""},{""name"":""PNEUMOCOCCAL POLYSACCHARIDE SEROTYPE DEOAC15B"",""strength"":""4"",""unit"":""MCG""},{""name"":""PNEUMOCOCCAL POLYSACCHARIDE SEROTYPE 16F"",""strength"":""4"",""unit"":""MCG""},{""name"":""PNEUMOCOCCAL POLYSACCHARIDE SEROTYPE 20A"",""strength"":""4"",""unit"":""MCG""},{""name"":""PNEUMOCOCCAL POLYSACCHARIDE SEROTYPE 23A"",""strength"":""4"",""unit"":""MCG""},{""name"":""PNEUMOCOCCAL POLYSACCHARIDE SEROTYPE 23B"",""strength"":""4"",""unit"":""MCG""},{""name"":""PNEUMOCOCCAL POLYSACCHARIDE SEROTYPE 24F"",""strength"":""4"",""unit"":""MCG""},{""name"":""PNEUMOCOCCAL POLYSACCHARIDE SEROTYPE 31"",""strength"":""4"",""unit"":""MCG""},{""name"":""PNEUMOCOCCAL POLYSACCHARIDE SEROTYPE 35B"",""strength"":""4"",""unit"":""MCG""}],""dosage_forms"":[""SOLUTION""],""routes"":[""INTRAMUSCULAR""],""schedule"":[""SCHEDULE D""],""product_status"":""MARKETED"",""company"":""MERCK CANADA INC""}",Compare the transcription with the frozen source label.,pending,,,,,,,,,
hc-dpd-review-0007,primary_model_failure,1,"Review every gpt_5_6_sol strict failure, including shared frontier failures.",hc_dpd_54012ce9033dd2c6_en,hc_dpd_54012ce9033dd2c6,en,multi_ingredient,INSTANT BRONZER INSTANTANÉ 30 CONTINUOUS SPRAY SUNSCREEN,"Extract drug-product facts from the Health Canada Drug Product Database source record below. Return only one JSON object with exactly the keys din, brand_name, active_ingredients, dosage_forms, routes, schedule, product_status, and company. din, dosage_forms, routes, and schedule must be lists. active_ingredients must be a list of objects with name, strength, and unit keys. Combine distinct facts from every variant and do not infer values.

DPD SOURCE RECORD (ENGLISH)

VARIANT 1
DRUG_CODE: 99070
DIN: 02501058
BRAND_NAME: INSTANT BRONZER INSTANTANÉ 30 CONTINUOUS SPRAY SUNSCREEN
ACTIVE_INGREDIENTS:
- NAME=AVOBENZONE; STRENGTH=3; UNIT=%
- NAME=HOMOSALATE; STRENGTH=7.5; UNIT=%
- NAME=OCTOCRYLENE; STRENGTH=5; UNIT=%
- NAME=OCTISALATE; STRENGTH=5; UNIT=%
DOSAGE_FORMS: SPRAY, BAG-ON-VALVE
ROUTES: TOPICAL
SCHEDULES: NON-PRESCRIPTION DRUGS
PRODUCT_STATUS: MARKETED
COMPANY: PRIME ENTERPRISES, LLC","{""din"":[""02501058""],""brand_name"":""INSTANT BRONZER INSTANTANÉ 30 CONTINUOUS SPRAY SUNSCREEN"",""active_ingredients"":[{""name"":""AVOBENZONE"",""strength"":3,""unit"":""%""},{""name"":""HOMOSALATE"",""strength"":7.5,""unit"":""%""},{""name"":""OCTISALATE"",""strength"":5,""unit"":""%""},{""name"":""OCTOCRYLENE"",""strength"":5,""unit"":""%""}],""dosage_forms"":[""SPRAY, BAG-ON-VALVE""],""routes"":[""TOPICAL""],""schedule"":[""NON-PRESCRIPTION DRUGS""],""product_status"":""MARKETED"",""company"":""PRIME ENTERPRISES, LLC""}","{""archive_file_id"":""dpd_marketed_archive"",""archive_members"":{""comp.txt"":[10314],""drug.txt"":[10314],""form.txt"":[10534],""ingred.txt"":[14877,14878,14879,14880],""route.txt"":[12279],""schedule.txt"":[10618],""status.txt"":[42523]},""archive_sha256"":""94c8ef8639fd07eea9c134d8ede137d77574d4ae6761955f5aa582558ec38b25"",""drug_codes"":[""99070""],""language"":""en"",""source_dataset_id"":""hc_dpd_source_snapshot"",""source_dataset_version"":""2026.7.2"",""source_manifest_sha256"":""f674732805de6a311d5882c2e7e33747a7e214beb123d9e42c944e1ad195eba0""}",False,0.875,compound_label_split_only,"[""dosage_forms""]","{""din"":[""02501058""],""brand_name"":""INSTANT BRONZER INSTANTANÉ 30 CONTINUOUS SPRAY SUNSCREEN"",""active_ingredients"":[{""name"":""AVOBENZONE"",""strength"":""3"",""unit"":""%""},{""name"":""HOMOSALATE"",""strength"":""7.5"",""unit"":""%""},{""name"":""OCTOCRYLENE"",""strength"":""5"",""unit"":""%""},{""name"":""OCTISALATE"",""strength"":""5"",""unit"":""%""}],""dosage_forms"":[""SPRAY"",""BAG-ON-VALVE""],""routes"":[""TOPICAL""],""schedule"":[""NON-PRESCRIPTION DRUGS""],""product_status"":""MARKETED"",""company"":""PRIME ENTERPRISES, LLC""}",False,0.875,compound_label_split_only,"[""dosage_forms""]","{""din"":[""02501058""],""brand_name"":""INSTANT BRONZER INSTANTANÉ 30 CONTINUOUS SPRAY SUNSCREEN"",""active_ingredients"":[{""name"":""AVOBENZONE"",""strength"":""3"",""unit"":""%""},{""name"":""HOMOSALATE"",""strength"":""7.5"",""unit"":""%""},{""name"":""OCTOCRYLENE"",""strength"":""5"",""unit"":""%""},{""name"":""OCTISALATE"",""strength"":""5"",""unit"":""%""}],""dosage_forms"":[""SPRAY"",""BAG-ON-VALVE""],""routes"":[""TOPICAL""],""schedule"":[""NON-PRESCRIPTION DRUGS""],""product_status"":""MARKETED"",""company"":""PRIME ENTERPRISES, LLC""}",False,0.875,compound_label_split_only,"[""dosage_forms""]","{""din"":[""02501058""],""brand_name"":""INSTANT BRONZER INSTANTANÉ 30 CONTINUOUS SPRAY SUNSCREEN"",""active_ingredients"":[{""name"":""AVOBENZONE"",""strength"":""3"",""unit"":""%""},{""name"":""HOMOSALATE"",""strength"":""7.5"",""unit"":""%""},{""name"":""OCTOCRYLENE"",""strength"":""5"",""unit"":""%""},{""name"":""OCTISALATE"",""strength"":""5"",""unit"":""%""}],""dosage_forms"":[""SPRAY"",""BAG-ON-VALVE""],""routes"":[""TOPICAL""],""schedule"":[""NON-PRESCRIPTION DRUGS""],""product_status"":""MARKETED"",""company"":""PRIME ENTERPRISES, LLC""}",False,0.875,compound_label_split_only,"[""dosage_forms""]","{""din"":[""02501058""],""brand_name"":""INSTANT BRONZER INSTANTANÉ 30 CONTINUOUS SPRAY SUNSCREEN"",""active_ingredients"":[{""name"":""AVOBENZONE"",""strength"":""3"",""unit"":""%""},{""name"":""HOMOSALATE"",""strength"":""7.5"",""unit"":""%""},{""name"":""OCTOCRYLENE"",""strength"":""5"",""unit"":""%""},{""name"":""OCTISALATE"",""strength"":""5"",""unit"":""%""}],""dosage_forms"":[""SPRAY"",""BAG-ON-VALVE""],""routes"":[""TOPICAL""],""schedule"":[""NON-PRESCRIPTION DRUGS""],""product_status"":""MARKETED"",""company"":""PRIME ENTERPRISES, LLC""}",Adjudicate whether the rendered compound DPD label is unambiguous.,pending,,,,,,,,,
hc-dpd-review-0008,primary_model_failure,1,"Review every gpt_5_6_sol strict failure, including shared frontier failures.",hc_dpd_73d9e3c207a7580f_en,hc_dpd_73d9e3c207a7580f,en,multi_variant,AG-ATORVASTATIN,"Extract drug-product facts from the Health Canada Drug Product Database source record below. Return only one JSON object with exactly the keys din, brand_name, active_ingredients, dosage_forms, routes, schedule, product_status, and company. din, dosage_forms, routes, and schedule must be lists. active_ingredients must be a list of objects with name, strength, and unit keys. Combine distinct facts from every variant and do not infer values.

DPD SOURCE RECORD (ENGLISH)

VARIANT 1
DRUG_CODE: 99542
DIN: 02506076
BRAND_NAME: AG-ATORVASTATIN
ACTIVE_INGREDIENTS:
- NAME=ATORVASTATIN (ATORVASTATIN CALCIUM); STRENGTH=10; UNIT=MG
DOSAGE_FORMS: TABLET
ROUTES: ORAL
SCHEDULES: PRESCRIPTION
PRODUCT_STATUS: MARKETED
COMPANY: ANGITA PHARMA INC.

VARIANT 2
DRUG_CODE: 99543
DIN: 02506084
BRAND_NAME: AG-ATORVASTATIN
ACTIVE_INGREDIENTS:
- NAME=ATORVASTATIN (ATORVASTATIN CALCIUM); STRENGTH=20; UNIT=MG
DOSAGE_FORMS: TABLET
ROUTES: ORAL
SCHEDULES: PRESCRIPTION
PRODUCT_STATUS: MARKETED
COMPANY: ANGITA PHARMA INC.

VARIANT 3
DRUG_CODE: 99544
DIN: 02506092
BRAND_NAME: AG-ATORVASTATIN
ACTIVE_INGREDIENTS:
- NAME=ATORVASTATIN (ATORVASTATIN CALCIUM); STRENGTH=40; UNIT=MG
DOSAGE_FORMS: TABLET
ROUTES: ORAL
SCHEDULES: PRESCRIPTION
PRODUCT_STATUS: MARKETED
COMPANY: ANGITA PHARMA INC.

VARIANT 4
DRUG_CODE: 99545
DIN: 02506106
BRAND_NAME: AG-ATORVASTATIN
ACTIVE_INGREDIENTS:
- NAME=ATORVASTATIN (ATORVASTATIN CALCIUM); STRENGTH=80; UNIT=MG
DOSAGE_FORMS: TABLET
ROUTES: ORAL
SCHEDULES: PRESCRIPTION
PRODUCT_STATUS: MARKETED
COMPANY: ANGITA PHARMA INC.","{""din"":[""02506076"",""02506084"",""02506092"",""02506106""],""brand_name"":""AG-ATORVASTATIN"",""active_ingredients"":[{""name"":""ATORVASTATIN (ATORVASTATIN CALCIUM)"",""strength"":10,""unit"":""MG""},{""name"":""ATORVASTATIN (ATORVASTATIN CALCIUM)"",""strength"":20,""unit"":""MG""},{""name"":""ATORVASTATIN (ATORVASTATIN CALCIUM)"",""strength"":40,""unit"":""MG""},{""name"":""ATORVASTATIN (ATORVASTATIN CALCIUM)"",""strength"":80,""unit"":""MG""}],""dosage_forms"":[""TABLET""],""routes"":[""ORAL""],""schedule"":[""PRESCRIPTION""],""product_status"":""MARKETED"",""company"":""ANGITA PHARMA INC.""}","{""archive_file_id"":""dpd_marketed_archive"",""archive_members"":{""comp.txt"":[10539,10540,10541,10542],""drug.txt"":[10539,10540,10541,10542],""form.txt"":[10769,10770,10771,10772],""ingred.txt"":[15256,15257,15258,15259],""route.txt"":[12600,12601,12602,12603],""schedule.txt"":[10858,10859,10860,10861],""status.txt"":[43113,43118,43123,43128]},""archive_sha256"":""94c8ef8639fd07eea9c134d8ede137d77574d4ae6761955f5aa582558ec38b25"",""drug_codes"":[""99542"",""99543"",""99544"",""99545""],""language"":""en"",""source_dataset_id"":""hc_dpd_source_snapshot"",""source_dataset_version"":""2026.7.2"",""source_manifest_sha256"":""f674732805de6a311d5882c2e7e33747a7e214beb123d9e42c944e1ad195eba0""}",True,1,pass,[],"{""din"":[""02506076"",""02506084"",""02506092"",""02506106""],""brand_name"":""AG-ATORVASTATIN"",""active_ingredients"":[{""name"":""ATORVASTATIN (ATORVASTATIN CALCIUM)"",""strength"":""10"",""unit"":""MG""},{""name"":""ATORVASTATIN (ATORVASTATIN CALCIUM)"",""strength"":""20"",""unit"":""MG""},{""name"":""ATORVASTATIN (ATORVASTATIN CALCIUM)"",""strength"":""40"",""unit"":""MG""},{""name"":""ATORVASTATIN (ATORVASTATIN CALCIUM)"",""strength"":""80"",""unit"":""MG""}],""dosage_forms"":[""TABLET""],""routes"":[""ORAL""],""schedule"":[""PRESCRIPTION""],""product_status"":""MARKETED"",""company"":""ANGITA PHARMA INC.""}",False,0.625,schema_type_only,"[""brand_name"",""company"",""product_status""]","{""din"":[""02506076"",""02506084"",""02506092"",""02506106""],""brand_name"":[""AG-ATORVASTATIN""],""active_ingredients"":[{""name"":""ATORVASTATIN (ATORVASTATIN CALCIUM)"",""strength"":""10"",""unit"":""MG""},{""name"":""ATORVASTATIN (ATORVASTATIN CALCIUM)"",""strength"":""20"",""unit"":""MG""},{""name"":""ATORVASTATIN (ATORVASTATIN CALCIUM)"",""strength"":""40"",""unit"":""MG""},{""name"":""ATORVASTATIN (ATORVASTATIN CALCIUM)"",""strength"":""80"",""unit"":""MG""}],""dosage_forms"":[""TABLET""],""routes"":[""ORAL""],""schedule"":[""PRESCRIPTION""],""product_status"":[""MARKETED""],""company"":[""ANGITA PHARMA INC.""]}",True,1,pass,[],"{""din"":[""02506076"",""02506084"",""02506092"",""02506106""],""brand_name"":""AG-ATORVASTATIN"",""active_ingredients"":[{""name"":""ATORVASTATIN (ATORVASTATIN CALCIUM)"",""strength"":""10"",""unit"":""MG""},{""name"":""ATORVASTATIN (ATORVASTATIN CALCIUM)"",""strength"":""20"",""unit"":""MG""},{""name"":""ATORVASTATIN (ATORVASTATIN CALCIUM)"",""strength"":""40"",""unit"":""MG""},{""name"":""ATORVASTATIN (ATORVASTATIN CALCIUM)"",""strength"":""80"",""unit"":""MG""}],""dosage_forms"":[""TABLET""],""routes"":[""ORAL""],""schedule"":[""PRESCRIPTION""],""product_status"":""MARKETED"",""company"":""ANGITA PHARMA INC.""}",False,0.875,text_or_value_error,"[""active_ingredients""]","{""din"":[""02506076"",""02506084"",""02506092"",""02506106""],""brand_name"":""AG-ATORVASTATIN"",""active_ingredients"":[{""name"":""ATORVASTATIN (ATORVASTATIN CALCIUM)"",""strength"":""10"",""unit"":""MG""},{""name"":""ATORVASTATIN (ATORVASTATIN CALCIUM)"",""strength"":""20"",""unit"":""MG""},{""name"":""ATORVASTATIN (ATORVASTATATIN CALCIUM)"",""strength"":""40"",""unit"":""MG""},{""name"":""ATORVASTATIN (ATORVASTATIN CALCIUM)"",""strength"":""80"",""unit"":""MG""}],""dosage_forms"":[""TABLET""],""routes"":[""ORAL""],""schedule"":[""PRESCRIPTION""],""product_status"":""MARKETED"",""company"":""ANGITA PHARMA INC.""}",Compare the transcription with the frozen source label.,pending,,,,,,,,,
hc-dpd-review-0009,primary_model_failure,1,"Review every gpt_5_6_sol strict failure, including shared frontier failures.",hc_dpd_97fc1d09ecf78eaa_fr,hc_dpd_97fc1d09ecf78eaa,fr,single_ingredient,CYSVIEW,"Extrayez les faits de produit pharmaceutique du dossier source de la Base de données sur les produits pharmaceutiques de Santé Canada ci-dessous. Retournez uniquement un objet JSON avec exactement les clés din, brand_name, active_ingredients, dosage_forms, routes, schedule, product_status et company. din, dosage_forms, routes et schedule doivent être des listes. active_ingredients doit être une liste d'objets ayant les clés name, strength et unit. Regroupez les faits distincts de toutes les variantes, sans rien déduire.

DOSSIER SOURCE DPD (FRANÇAIS)

VARIANTE 1
DRUG_CODE: 92096
DIN: 02436639
NOM_COMMERCIAL: CYSVIEW
INGRÉDIENTS_ACTIFS:
- NOM=Chlorhydrate d'hexaminolévulinate; CONCENTRATION=100; UNITÉ=MG
FORMES_PHARMACEUTIQUES: Trousse | Poudre pour solution
VOIES_ADMINISTRATION: Intravésicale
ANNEXES: Médicaments sur ordonnance
ÉTAT_DU_PRODUIT: COMMERCIALISÉ
ENTREPRISE: PHOTOCURE ASA","{""din"":[""02436639""],""brand_name"":""CYSVIEW"",""active_ingredients"":[{""name"":""Chlorhydrate d'hexaminolévulinate"",""strength"":100,""unit"":""MG""}],""dosage_forms"":[""Poudre pour solution"",""Trousse""],""routes"":[""Intravésicale""],""schedule"":[""Médicaments sur ordonnance""],""product_status"":""COMMERCIALISÉ"",""company"":""PHOTOCURE ASA""}","{""archive_file_id"":""dpd_marketed_archive"",""archive_members"":{""comp.txt"":[7486],""drug.txt"":[7486],""form.txt"":[7619,7620],""ingred.txt"":[10660],""route.txt"":[8807],""schedule.txt"":[7640],""status.txt"":[34669]},""archive_sha256"":""94c8ef8639fd07eea9c134d8ede137d77574d4ae6761955f5aa582558ec38b25"",""drug_codes"":[""92096""],""language"":""fr"",""source_dataset_id"":""hc_dpd_source_snapshot"",""source_dataset_version"":""2026.7.2"",""source_manifest_sha256"":""f674732805de6a311d5882c2e7e33747a7e214beb123d9e42c944e1ad195eba0""}",True,1,pass,[],"{""din"":[""02436639""],""brand_name"":""CYSVIEW"",""active_ingredients"":[{""name"":""Chlorhydrate d'hexaminolévulinate"",""strength"":""100"",""unit"":""MG""}],""dosage_forms"":[""Trousse"",""Poudre pour solution""],""routes"":[""Intravésicale""],""schedule"":[""Médicaments sur ordonnance""],""product_status"":""COMMERCIALISÉ"",""company"":""PHOTOCURE ASA""}",True,1,pass,[],"{""din"":[""02436639""],""brand_name"":""CYSVIEW"",""active_ingredients"":[{""name"":""Chlorhydrate d'hexaminolévulinate"",""strength"":""100"",""unit"":""MG""}],""dosage_forms"":[""Trousse"",""Poudre pour solution""],""routes"":[""Intravésicale""],""schedule"":[""Médicaments sur ordonnance""],""product_status"":""COMMERCIALISÉ"",""company"":""PHOTOCURE ASA""}",True,1,pass,[],"{""din"":[""02436639""],""brand_name"":""CYSVIEW"",""active_ingredients"":[{""name"":""Chlorhydrate d'hexaminolévulinate"",""strength"":""100"",""unit"":""MG""}],""dosage_forms"":[""Trousse"",""Poudre pour solution""],""routes"":[""Intravésicale""],""schedule"":[""Médicaments sur ordonnance""],""product_status"":""COMMERCIALISÉ"",""company"":""PHOTOCURE ASA""}",False,0.875,text_or_value_error,"[""routes""]","{""din"":[""02436639""],""brand_name"":""CYSVIEW"",""active_ingredients"":[{""name"":""Chlorhydrate d'hexaminolévulinate"",""strength"":""100"",""unit"":""MG""}],""dosage_forms"":[""Trousse"",""Poudre pour solution""],""routes"":[""Intr vésicale""],""schedule"":[""Médicaments sur ordonnance""],""product_status"":""COMMERCIALISÉ"",""company"":""PHOTOCURE ASA""}",Compare the transcription with the frozen source label.,pending,,,,,,,,,
hc-dpd-review-0010,primary_model_failure,1,"Review every gpt_5_6_sol strict failure, including shared frontier failures.",hc_dpd_c4f2ab05670620ad_en,hc_dpd_c4f2ab05670620ad,en,multi_ingredient_multi_variant,TEVA-TELMISARTAN HCTZ,"Extract drug-product facts from the Health Canada Drug Product Database source record below. Return only one JSON object with exactly the keys din, brand_name, active_ingredients, dosage_forms, routes, schedule, product_status, and company. din, dosage_forms, routes, and schedule must be lists. active_ingredients must be a list of objects with name, strength, and unit keys. Combine distinct facts from every variant and do not infer values.

DPD SOURCE RECORD (ENGLISH)

VARIANT 1
DRUG_CODE: 81603
DIN: 02330288
BRAND_NAME: TEVA-TELMISARTAN HCTZ
ACTIVE_INGREDIENTS:
- NAME=HYDROCHLOROTHIAZIDE; STRENGTH=12.5; UNIT=MG
- NAME=TELMISARTAN (TELMISARTAN SODIUM); STRENGTH=80; UNIT=MG
DOSAGE_FORMS: TABLET
ROUTES: ORAL
SCHEDULES: PRESCRIPTION
PRODUCT_STATUS: MARKETED
COMPANY: TEVA CANADA LIMITED

VARIANT 2
DRUG_CODE: 86513
DIN: 02379252
BRAND_NAME: TEVA-TELMISARTAN HCTZ
ACTIVE_INGREDIENTS:
- NAME=HYDROCHLOROTHIAZIDE; STRENGTH=25.0; UNIT=MG
- NAME=TELMISARTAN (TELMISARTAN SODIUM); STRENGTH=80.0; UNIT=MG
DOSAGE_FORMS: TABLET
ROUTES: ORAL
SCHEDULES: PRESCRIPTION
PRODUCT_STATUS: MARKETED
COMPANY: TEVA CANADA LIMITED","{""din"":[""02330288"",""02379252""],""brand_name"":""TEVA-TELMISARTAN HCTZ"",""active_ingredients"":[{""name"":""HYDROCHLOROTHIAZIDE"",""strength"":12.5,""unit"":""MG""},{""name"":""HYDROCHLOROTHIAZIDE"",""strength"":25,""unit"":""MG""},{""name"":""TELMISARTAN (TELMISARTAN SODIUM)"",""strength"":80,""unit"":""MG""}],""dosage_forms"":[""TABLET""],""routes"":[""ORAL""],""schedule"":[""PRESCRIPTION""],""product_status"":""MARKETED"",""company"":""TEVA CANADA LIMITED""}","{""archive_file_id"":""dpd_marketed_archive"",""archive_members"":{""comp.txt"":[4840,5794],""drug.txt"":[4840,5794],""form.txt"":[4899,5868],""ingred.txt"":[6947,6948,8358,8359],""route.txt"":[5739,6873],""schedule.txt"":[4925,5896],""status.txt"":[24562,28205]},""archive_sha256"":""94c8ef8639fd07eea9c134d8ede137d77574d4ae6761955f5aa582558ec38b25"",""drug_codes"":[""81603"",""86513""],""language"":""en"",""source_dataset_id"":""hc_dpd_source_snapshot"",""source_dataset_version"":""2026.7.2"",""source_manifest_sha256"":""f674732805de6a311d5882c2e7e33747a7e214beb123d9e42c944e1ad195eba0""}",False,0.875,duplicate_items_only,"[""active_ingredients""]","{""din"":[""02330288"",""02379252""],""brand_name"":""TEVA-TELMISARTAN HCTZ"",""active_ingredients"":[{""name"":""HYDROCHLOROTHIAZIDE"",""strength"":""12.5"",""unit"":""MG""},{""name"":""TELMISARTAN (TELMISARTAN SODIUM)"",""strength"":""80"",""unit"":""MG""},{""name"":""HYDROCHLOROTHIAZIDE"",""strength"":""25.0"",""unit"":""MG""},{""name"":""TELMISARTAN (TELMISARTAN SODIUM)"",""strength"":""80.0"",""unit"":""MG""}],""dosage_forms"":[""TABLET""],""routes"":[""ORAL""],""schedule"":[""PRESCRIPTION""],""product_status"":""MARKETED"",""company"":""TEVA CANADA LIMITED""}",False,0.875,duplicate_items_only,"[""active_ingredients""]","{""din"":[""02330288"",""02379252""],""brand_name"":""TEVA-TELMISARTAN HCTZ"",""active_ingredients"":[{""name"":""HYDROCHLOROTHIAZIDE"",""strength"":""12.5"",""unit"":""MG""},{""name"":""TELMISARTAN (TELMISARTAN SODIUM)"",""strength"":""80"",""unit"":""MG""},{""name"":""HYDROCHLOROTHIAZIDE"",""strength"":""25.0"",""unit"":""MG""},{""name"":""TELMISARTAN (TELMISARTAN SODIUM)"",""strength"":""80.0"",""unit"":""MG""}],""dosage_forms"":[""TABLET""],""routes"":[""ORAL""],""schedule"":[""PRESCRIPTION""],""product_status"":""MARKETED"",""company"":""TEVA CANADA LIMITED""}",False,0.875,duplicate_items_only,"[""active_ingredients""]","{""din"":[""02330288"",""02379252""],""brand_name"":""TEVA-TELMISARTAN HCTZ"",""active_ingredients"":[{""name"":""HYDROCHLOROTHIAZIDE"",""strength"":""12.5"",""unit"":""MG""},{""name"":""TELMISARTAN (TELMISARTAN SODIUM)"",""strength"":""80"",""unit"":""MG""},{""name"":""HYDROCHLOROTHIAZIDE"",""strength"":""25.0"",""unit"":""MG""},{""name"":""TELMISARTAN (TELMISARTAN SODIUM)"",""strength"":""80.0"",""unit"":""MG""}],""dosage_forms"":[""TABLET""],""routes"":[""ORAL""],""schedule"":[""PRESCRIPTION""],""product_status"":""MARKETED"",""company"":""TEVA CANADA LIMITED""}",False,0.875,duplicate_items_only,"[""active_ingredients""]","{""din"":[""02330288"",""02379252""],""brand_name"":""TEVA-TELMISARTAN HCTZ"",""active_ingredients"":[{""name"":""HYDROCHLOROTHIAZIDE"",""strength"":""12.5"",""unit"":""MG""},{""name"":""TELMISARTAN (TELMISARTAN SODIUM)"",""strength"":""80"",""unit"":""MG""},{""name"":""HYDROCHLOROTHIAZIDE"",""strength"":""25.0"",""unit"":""MG""},{""name"":""TELMISARTAN (TELMISARTAN SODIUM)"",""strength"":""80.0"",""unit"":""MG""}],""dosage_forms"":[""TABLET""],""routes"":[""ORAL""],""schedule"":[""PRESCRIPTION""],""product_status"":""MARKETED"",""company"":""TEVA CANADA LIMITED""}",Verify distinct-fact aggregation across product variants.,pending,,,,,,,,,
hc-dpd-review-0011,primary_model_failure,1,"Review every gpt_5_6_sol strict failure, including shared frontier failures.",hc_dpd_c4f2ab05670620ad_fr,hc_dpd_c4f2ab05670620ad,fr,multi_ingredient_multi_variant,TEVA-TELMISARTAN HCTZ,"Extrayez les faits de produit pharmaceutique du dossier source de la Base de données sur les produits pharmaceutiques de Santé Canada ci-dessous. Retournez uniquement un objet JSON avec exactement les clés din, brand_name, active_ingredients, dosage_forms, routes, schedule, product_status et company. din, dosage_forms, routes et schedule doivent être des listes. active_ingredients doit être une liste d'objets ayant les clés name, strength et unit. Regroupez les faits distincts de toutes les variantes, sans rien déduire.

DOSSIER SOURCE DPD (FRANÇAIS)

VARIANTE 1
DRUG_CODE: 81603
DIN: 02330288
NOM_COMMERCIAL: TEVA-TELMISARTAN HCTZ
INGRÉDIENTS_ACTIFS:
- NOM=Hydrochlorothiazide; CONCENTRATION=12.5; UNITÉ=MG
- NOM=Telmisartan (Telmisartan sodique); CONCENTRATION=80; UNITÉ=MG
FORMES_PHARMACEUTIQUES: Comprimé
VOIES_ADMINISTRATION: Orale
ANNEXES: Médicaments sur ordonnance
ÉTAT_DU_PRODUIT: COMMERCIALISÉ
ENTREPRISE: TEVA CANADA LIMITED

VARIANTE 2
DRUG_CODE: 86513
DIN: 02379252
NOM_COMMERCIAL: TEVA-TELMISARTAN HCTZ
INGRÉDIENTS_ACTIFS:
- NOM=Hydrochlorothiazide; CONCENTRATION=25.0; UNITÉ=MG
- NOM=Telmisartan (Telmisartan sodique); CONCENTRATION=80.0; UNITÉ=MG
FORMES_PHARMACEUTIQUES: Comprimé
VOIES_ADMINISTRATION: Orale
ANNEXES: Médicaments sur ordonnance
ÉTAT_DU_PRODUIT: COMMERCIALISÉ
ENTREPRISE: TEVA CANADA LIMITED","{""din"":[""02330288"",""02379252""],""brand_name"":""TEVA-TELMISARTAN HCTZ"",""active_ingredients"":[{""name"":""Hydrochlorothiazide"",""strength"":12.5,""unit"":""MG""},{""name"":""Hydrochlorothiazide"",""strength"":25,""unit"":""MG""},{""name"":""Telmisartan (Telmisartan sodique)"",""strength"":80,""unit"":""MG""}],""dosage_forms"":[""Comprimé""],""routes"":[""Orale""],""schedule"":[""Médicaments sur ordonnance""],""product_status"":""COMMERCIALISÉ"",""company"":""TEVA CANADA LIMITED""}","{""archive_file_id"":""dpd_marketed_archive"",""archive_members"":{""comp.txt"":[4840,5794],""drug.txt"":[4840,5794],""form.txt"":[4899,5868],""ingred.txt"":[6947,6948,8358,8359],""route.txt"":[5739,6873],""schedule.txt"":[4925,5896],""status.txt"":[24562,28205]},""archive_sha256"":""94c8ef8639fd07eea9c134d8ede137d77574d4ae6761955f5aa582558ec38b25"",""drug_codes"":[""81603"",""86513""],""language"":""fr"",""source_dataset_id"":""hc_dpd_source_snapshot"",""source_dataset_version"":""2026.7.2"",""source_manifest_sha256"":""f674732805de6a311d5882c2e7e33747a7e214beb123d9e42c944e1ad195eba0""}",False,0.875,duplicate_items_only,"[""active_ingredients""]","{""din"":[""02330288"",""02379252""],""brand_name"":""TEVA-TELMISARTAN HCTZ"",""active_ingredients"":[{""name"":""Hydrochlorothiazide"",""strength"":""12.5"",""unit"":""MG""},{""name"":""Telmisartan (Telmisartan sodique)"",""strength"":""80"",""unit"":""MG""},{""name"":""Hydrochlorothiazide"",""strength"":""25.0"",""unit"":""MG""},{""name"":""Telmisartan (Telmisartan sodique)"",""strength"":""80.0"",""unit"":""MG""}],""dosage_forms"":[""Comprimé""],""routes"":[""Orale""],""schedule"":[""Médicaments sur ordonnance""],""product_status"":""COMMERCIALISÉ"",""company"":""TEVA CANADA LIMITED""}",False,0.75,schema_and_duplicates,"[""active_ingredients"",""product_status""]","{""din"":[""02330288"",""02379252""],""brand_name"":""TEVA-TELMISARTAN HCTZ"",""active_ingredients"":[{""name"":""Hydrochlorothiazide"",""strength"":""12.5"",""unit"":""MG""},{""name"":""Telmisartan (Telmisartan sodique)"",""strength"":""80"",""unit"":""MG""},{""name"":""Hydrochlorothiazide"",""strength"":""25.0"",""unit"":""MG""},{""name"":""Telmisartan (Telmisartan sodique)"",""strength"":""80.0"",""unit"":""MG""}],""dosage_forms"":[""Comprimé""],""routes"":[""Orale""],""schedule"":[""Médicaments sur ordonnance""],""product_status"":[""COMMERCIALISÉ""],""company"":""TEVA CANADA LIMITED""}",False,0.875,duplicate_items_only,"[""active_ingredients""]","{""din"":[""02330288"",""02379252""],""brand_name"":""TEVA-TELMISARTAN HCTZ"",""active_ingredients"":[{""name"":""Hydrochlorothiazide"",""strength"":""12.5"",""unit"":""MG""},{""name"":""Telmisartan (Telmisartan sodique)"",""strength"":""80"",""unit"":""MG""},{""name"":""Hydrochlorothiazide"",""strength"":""25.0"",""unit"":""MG""},{""name"":""Telmisartan (Telmisartan sodique)"",""strength"":""80.0"",""unit"":""MG""}],""dosage_forms"":[""Comprimé""],""routes"":[""Orale""],""schedule"":[""Médicaments sur ordonnance""],""product_status"":""COMMERCIALISÉ"",""company"":""TEVA CANADA LIMITED""}",False,0.875,duplicate_items_only,"[""active_ingredients""]","{""din"":[""02330288"",""02379252""],""brand_name"":""TEVA-TELMISARTAN HCTZ"",""active_ingredients"":[{""name"":""Hydrochlorothiazide"",""strength"":""12.5"",""unit"":""MG""},{""name"":""Telmisartan (Telmisartan sodique)"",""strength"":""80"",""unit"":""MG""},{""name"":""Hydrochlorothiazide"",""strength"":""25.0"",""unit"":""MG""},{""name"":""Telmisartan (Telmisartan sodique)"",""strength"":""80.0"",""unit"":""MG""}],""dosage_forms"":[""Comprimé""],""routes"":[""Orale""],""schedule"":[""Médicaments sur ordonnance""],""product_status"":""COMMERCIALISÉ"",""company"":""TEVA CANADA LIMITED""}",Verify distinct-fact aggregation across product variants.,pending,,,,,,,,,
hc-dpd-review-0012,primary_model_failure,1,"Review every gpt_5_6_sol strict failure, including shared frontier failures.",hc_dpd_df86ea9ed8e7d06b_fr,hc_dpd_df86ea9ed8e7d06b,fr,single_ingredient,METOCLOPRAMIDE HYDROCHLORIDE INJECTION,"Extrayez les faits de produit pharmaceutique du dossier source de la Base de données sur les produits pharmaceutiques de Santé Canada ci-dessous. Retournez uniquement un objet JSON avec exactement les clés din, brand_name, active_ingredients, dosage_forms, routes, schedule, product_status et company. din, dosage_forms, routes et schedule doivent être des listes. active_ingredients doit être une liste d'objets ayant les clés name, strength et unit. Regroupez les faits distincts de toutes les variantes, sans rien déduire.

DOSSIER SOURCE DPD (FRANÇAIS)

VARIANTE 1
DRUG_CODE: 102611
DIN: 02537397
NOM_COMMERCIAL: CHLORHYDRATE DE MÉTOCLOPRAMIDE INJECTION
INGRÉDIENTS_ACTIFS:
- NOM=(FR) METOCLOPRAMIDE DIHYDROCHLORIDE (Chlorhydrate de métoclopramide monohydraté); CONCENTRATION=5; UNITÉ=MG
FORMES_PHARMACEUTIQUES: Solution
VOIES_ADMINISTRATION: Intramusculaire | Intraveineuse
ANNEXES: Médicaments sur ordonnance
ÉTAT_DU_PRODUIT: COMMERCIALISÉ
ENTREPRISE: JAMP PHARMA CORPORATION","{""din"":[""02537397""],""brand_name"":""CHLORHYDRATE DE MÉTOCLOPRAMIDE INJECTION"",""active_ingredients"":[{""name"":""(FR) METOCLOPRAMIDE DIHYDROCHLORIDE (Chlorhydrate de métoclopramide monohydraté)"",""strength"":5,""unit"":""MG""}],""dosage_forms"":[""Solution""],""routes"":[""Intramusculaire"",""Intraveineuse""],""schedule"":[""Médicaments sur ordonnance""],""product_status"":""COMMERCIALISÉ"",""company"":""JAMP PHARMA CORPORATION""}","{""archive_file_id"":""dpd_marketed_archive"",""archive_members"":{""comp.txt"":[12135],""drug.txt"":[12135],""form.txt"":[12407],""ingred.txt"":[17602],""route.txt"":[14608,14609],""schedule.txt"":[12554],""status.txt"":[46735]},""archive_sha256"":""94c8ef8639fd07eea9c134d8ede137d77574d4ae6761955f5aa582558ec38b25"",""drug_codes"":[""102611""],""language"":""fr"",""source_dataset_id"":""hc_dpd_source_snapshot"",""source_dataset_version"":""2026.7.2"",""source_manifest_sha256"":""f674732805de6a311d5882c2e7e33747a7e214beb123d9e42c944e1ad195eba0""}",False,0.875,text_or_value_error,"[""active_ingredients""]","{""din"":[""02537397""],""brand_name"":""CHLORHYDRATE DE MÉTOCLOPRAMIDE INJECTION"",""active_ingredients"":[{""name"":""METOCLOPRAMIDE DIHYDROCHLORIDE (Chlorhydrate de métoclopramide monohydraté)"",""strength"":""5"",""unit"":""MG""}],""dosage_forms"":[""Solution""],""routes"":[""Intramusculaire"",""Intraveineuse""],""schedule"":[""Médicaments sur ordonnance""],""product_status"":""COMMERCIALISÉ"",""company"":""JAMP PHARMA CORPORATION""}",False,0.875,text_or_value_error,"[""active_ingredients""]","{""din"":[""02537397""],""brand_name"":""CHLORHYDRATE DE MÉTOCLOPRAMIDE INJECTION"",""active_ingredients"":[{""name"":""METOCLOPRAMIDE DIHYDROCHLORIDE (Chlorhydrate de métoclopramide monohydraté)"",""strength"":""5"",""unit"":""MG""}],""dosage_forms"":[""Solution""],""routes"":[""Intramusculaire"",""Intraveineuse""],""schedule"":[""Médicaments sur ordonnance""],""product_status"":""COMMERCIALISÉ"",""company"":""JAMP PHARMA CORPORATION""}",False,0.875,text_or_value_error,"[""active_ingredients""]","{""din"":[""02537397""],""brand_name"":""CHLORHYDRATE DE MÉTOCLOPRAMIDE INJECTION"",""active_ingredients"":[{""name"":""METOCLOPRAMIDE DIHYDROCHLORIDE (Chlorhydrate de métoclopramide monohydraté)"",""strength"":""5"",""unit"":""MG""}],""dosage_forms"":[""Solution""],""routes"":[""Intramusculaire"",""Intraveineuse""],""schedule"":[""Médicaments sur ordonnance""],""product_status"":""COMMERCIALISÉ"",""company"":""JAMP PHARMA CORPORATION""}",False,0.875,text_or_value_error,"[""active_ingredients""]","{""din"":[""02537397""],""brand_name"":""CHLORHYDRATE DE MÉTOCLOPRAMIDE INJECTION"",""active_ingredients"":[{""name"":""METOCLOPRAMIDE DIHYDROCHLORIDE (Chlorhydrate de métoclopramide monohydraté)"",""strength"":""5"",""unit"":""MG""}],""dosage_forms"":[""Solution""],""routes"":[""Intramusculaire"",""Intraveineuse""],""schedule"":[""Médicaments sur ordonnance""],""product_status"":""COMMERCIALISÉ"",""company"":""JAMP PHARMA CORPORATION""}",Compare the transcription with the frozen source label.,pending,,,,,,,,,
hc-dpd-review-0013,primary_model_failure,1,"Review every gpt_5_6_sol strict failure, including shared frontier failures.",hc_dpd_e59e4150dafc95bb_en,hc_dpd_e59e4150dafc95bb,en,multi_ingredient_multi_variant,SYNJARDY,"Extract drug-product facts from the Health Canada Drug Product Database source record below. Return only one JSON object with exactly the keys din, brand_name, active_ingredients, dosage_forms, routes, schedule, product_status, and company. din, dosage_forms, routes, and schedule must be lists. active_ingredients must be a list of objects with name, strength, and unit keys. Combine distinct facts from every variant and do not infer values.

DPD SOURCE RECORD (ENGLISH)

VARIANT 1
DRUG_CODE: 94357
DIN: 02456575
BRAND_NAME: SYNJARDY
ACTIVE_INGREDIENTS:
- NAME=METFORMIN HYDROCHLORIDE; STRENGTH=500; UNIT=MG
- NAME=EMPAGLIFLOZIN; STRENGTH=5; UNIT=MG
DOSAGE_FORMS: TABLET
ROUTES: ORAL
SCHEDULES: PRESCRIPTION
PRODUCT_STATUS: MARKETED
COMPANY: BOEHRINGER INGELHEIM (CANADA) LTD LTEE

VARIANT 2
DRUG_CODE: 94358
DIN: 02456583
BRAND_NAME: SYNJARDY
ACTIVE_INGREDIENTS:
- NAME=METFORMIN HYDROCHLORIDE; STRENGTH=850; UNIT=MG
- NAME=EMPAGLIFLOZIN; STRENGTH=5; UNIT=MG
DOSAGE_FORMS: TABLET
ROUTES: ORAL
SCHEDULES: PRESCRIPTION
PRODUCT_STATUS: MARKETED
COMPANY: BOEHRINGER INGELHEIM (CANADA) LTD LTEE

VARIANT 3
DRUG_CODE: 94359
DIN: 02456591
BRAND_NAME: SYNJARDY
ACTIVE_INGREDIENTS:
- NAME=METFORMIN HYDROCHLORIDE; STRENGTH=1000; UNIT=MG
- NAME=EMPAGLIFLOZIN; STRENGTH=5; UNIT=MG
DOSAGE_FORMS: TABLET
ROUTES: ORAL
SCHEDULES: PRESCRIPTION
PRODUCT_STATUS: MARKETED
COMPANY: BOEHRINGER INGELHEIM (CANADA) LTD LTEE

VARIANT 4
DRUG_CODE: 94360
DIN: 02456605
BRAND_NAME: SYNJARDY
ACTIVE_INGREDIENTS:
- NAME=METFORMIN HYDROCHLORIDE; STRENGTH=500; UNIT=MG
- NAME=EMPAGLIFLOZIN; STRENGTH=12.5; UNIT=MG
DOSAGE_FORMS: TABLET
ROUTES: ORAL
SCHEDULES: PRESCRIPTION
PRODUCT_STATUS: MARKETED
COMPANY: BOEHRINGER INGELHEIM (CANADA) LTD LTEE

VARIANT 5
DRUG_CODE: 94361
DIN: 02456613
BRAND_NAME: SYNJARDY
ACTIVE_INGREDIENTS:
- NAME=METFORMIN HYDROCHLORIDE; STRENGTH=850; UNIT=MG
- NAME=EMPAGLIFLOZIN; STRENGTH=12.5; UNIT=MG
DOSAGE_FORMS: TABLET
ROUTES: ORAL
SCHEDULES: PRESCRIPTION
PRODUCT_STATUS: MARKETED
COMPANY: BOEHRINGER INGELHEIM (CANADA) LTD LTEE

VARIANT 6
DRUG_CODE: 94362
DIN: 02456621
BRAND_NAME: SYNJARDY
ACTIVE_INGREDIENTS:
- NAME=METFORMIN HYDROCHLORIDE; STRENGTH=1000; UNIT=MG
- NAME=EMPAGLIFLOZIN; STRENGTH=12.5; UNIT=MG
DOSAGE_FORMS: TABLET
ROUTES: ORAL
SCHEDULES: PRESCRIPTION
PRODUCT_STATUS: MARKETED
COMPANY: BOEHRINGER INGELHEIM (CANADA) LTD LTEE","{""din"":[""02456575"",""02456583"",""02456591"",""02456605"",""02456613"",""02456621""],""brand_name"":""SYNJARDY"",""active_ingredients"":[{""name"":""EMPAGLIFLOZIN"",""strength"":5,""unit"":""MG""},{""name"":""EMPAGLIFLOZIN"",""strength"":12.5,""unit"":""MG""},{""name"":""METFORMIN HYDROCHLORIDE"",""strength"":500,""unit"":""MG""},{""name"":""METFORMIN HYDROCHLORIDE"",""strength"":850,""unit"":""MG""},{""name"":""METFORMIN HYDROCHLORIDE"",""strength"":1000,""unit"":""MG""}],""dosage_forms"":[""TABLET""],""routes"":[""ORAL""],""schedule"":[""PRESCRIPTION""],""product_status"":""MARKETED"",""company"":""BOEHRINGER INGELHEIM (CANADA) LTD LTEE""}","{""archive_file_id"":""dpd_marketed_archive"",""archive_members"":{""comp.txt"":[8203,8204,8205,8206,8207,8208],""drug.txt"":[8203,8204,8205,8206,8207,8208],""form.txt"":[8358,8359,8360,8361,8362,8363],""ingred.txt"":[11713,11714,11715,11716,11717,11718,11719,11720,11721,11722,11723,11724],""route.txt"":[9678,9679,9680,9681,9682,9683],""schedule.txt"":[8394,8395,8396,8397,8398,8399],""status.txt"":[37019,37021,37023,37025,37027,37029]},""archive_sha256"":""94c8ef8639fd07eea9c134d8ede137d77574d4ae6761955f5aa582558ec38b25"",""drug_codes"":[""94357"",""94358"",""94359"",""94360"",""94361"",""94362""],""language"":""en"",""source_dataset_id"":""hc_dpd_source_snapshot"",""source_dataset_version"":""2026.7.2"",""source_manifest_sha256"":""f674732805de6a311d5882c2e7e33747a7e214beb123d9e42c944e1ad195eba0""}",True,1,pass,[],"{""din"":[""02456575"",""02456583"",""02456591"",""02456605"",""02456613"",""02456621""],""brand_name"":""SYNJARDY"",""active_ingredients"":[{""name"":""METFORMIN HYDROCHLORIDE"",""strength"":""500"",""unit"":""MG""},{""name"":""EMPAGLIFLOZIN"",""strength"":""5"",""unit"":""MG""},{""name"":""METFORMIN HYDROCHLORIDE"",""strength"":""850"",""unit"":""MG""},{""name"":""METFORMIN HYDROCHLORIDE"",""strength"":""1000"",""unit"":""MG""},{""name"":""EMPAGLIFLOZIN"",""strength"":""12.5"",""unit"":""MG""}],""dosage_forms"":[""TABLET""],""routes"":[""ORAL""],""schedule"":[""PRESCRIPTION""],""product_status"":""MARKETED"",""company"":""BOEHRINGER INGELHEIM (CANADA) LTD LTEE""}",True,1,pass,[],"{""din"":[""02456575"",""02456583"",""02456591"",""02456605"",""02456613"",""02456621""],""brand_name"":""SYNJARDY"",""active_ingredients"":[{""name"":""METFORMIN HYDROCHLORIDE"",""strength"":""500"",""unit"":""MG""},{""name"":""EMPAGLIFLOZIN"",""strength"":""5"",""unit"":""MG""},{""name"":""METFORMIN HYDROCHLORIDE"",""strength"":""850"",""unit"":""MG""},{""name"":""METFORMIN HYDROCHLORIDE"",""strength"":""1000"",""unit"":""MG""},{""name"":""EMPAGLIFLOZIN"",""strength"":""12.5"",""unit"":""MG""}],""dosage_forms"":[""TABLET""],""routes"":[""ORAL""],""schedule"":[""PRESCRIPTION""],""product_status"":""MARKETED"",""company"":""BOEHRINGER INGELHEIM (CANADA) LTD LTEE""}",True,1,pass,[],"{""din"":[""02456575"",""02456583"",""02456591"",""02456605"",""02456613"",""02456621""],""brand_name"":""SYNJARDY"",""active_ingredients"":[{""name"":""METFORMIN HYDROCHLORIDE"",""strength"":""500"",""unit"":""MG""},{""name"":""EMPAGLIFLOZIN"",""strength"":""5"",""unit"":""MG""},{""name"":""METFORMIN HYDROCHLORIDE"",""strength"":""850"",""unit"":""MG""},{""name"":""METFORMIN HYDROCHLORIDE"",""strength"":""1000"",""unit"":""MG""},{""name"":""EMPAGLIFLOZIN"",""strength"":""12.5"",""unit"":""MG""}],""dosage_forms"":[""TABLET""],""routes"":[""ORAL""],""schedule"":[""PRESCRIPTION""],""product_status"":""MARKETED"",""company"":""BOEHRINGER INGELHEIM (CANADA) LTD LTEE""}",False,0.875,duplicate_items_only,"[""active_ingredients""]","{""din"":[""02456575"",""02456583"",""02456591"",""02456605"",""02456613"",""02456621""],""brand_name"":""SYNJARDY"",""active_ingredients"":[{""name"":""METFORMIN HYDROCHLORIDE"",""strength"":""500"",""unit"":""MG""},{""name"":""EMPAGLIFLOZIN"",""strength"":""5"",""unit"":""MG""},{""name"":""METFORMIN HYDROCHLORIDE"",""strength"":""850"",""unit"":""MG""},{""name"":""METFORMIN HYDROCHLORIDE"",""strength"":""1000"",""unit"":""MG""},{""name"":""METFORMIN HYDROCHLORIDE"",""strength"":""500"",""unit"":""MG""},{""name"":""EMPAGLIFLOZIN"",""strength"":""12.5"",""unit"":""MG""},{""name"":""METFORMIN HYDROCHLORIDE"",""strength"":""850"",""unit"":""MG""},{""name"":""METFORMIN HYDROCHLORIDE"",""strength"":""1000"",""unit"":""MG""}],""dosage_forms"":[""TABLET""],""routes"":[""ORAL""],""schedule"":[""PRESCRIPTION""],""product_status"":""MARKETED"",""company"":""BOEHRINGER INGELHEIM (CANADA) LTD LTEE""}",Verify distinct-fact aggregation across product variants.,pending,,,,,,,,,
hc-dpd-review-0014,comparison_only_failure,2,Review cases passed by gpt_5_6_sol and failed by gpt_5_6_terra.,hc_dpd_0994f807211e902b_en,hc_dpd_0994f807211e902b,en,multi_ingredient,SPORT 50 CONTINUOUS SPRAY SUNSCREEN ECRAN SOLAIRE EN VAPORISATEUR,"Extract drug-product facts from the Health Canada Drug Product Database source record below. Return only one JSON object with exactly the keys din, brand_name, active_ingredients, dosage_forms, routes, schedule, product_status, and company. din, dosage_forms, routes, and schedule must be lists. active_ingredients must be a list of objects with name, strength, and unit keys. Combine distinct facts from every variant and do not infer values.

DPD SOURCE RECORD (ENGLISH)

VARIANT 1
DRUG_CODE: 98155
DIN: 02491567
BRAND_NAME: SPORT 50 CONTINUOUS SPRAY SUNSCREEN ECRAN SOLAIRE EN VAPORISATEUR
ACTIVE_INGREDIENTS:
- NAME=AVOBENZONE; STRENGTH=3; UNIT=%
- NAME=HOMOSALATE; STRENGTH=10; UNIT=%
- NAME=OCTOCRYLENE; STRENGTH=5; UNIT=%
- NAME=OCTISALATE; STRENGTH=5; UNIT=%
DOSAGE_FORMS: SPRAY, BAG-ON-VALVE
ROUTES: TOPICAL
SCHEDULES: NON-PRESCRIPTION DRUGS
PRODUCT_STATUS: MARKETED
COMPANY: PRIME ENTERPRISES, LLC","{""din"":[""02491567""],""brand_name"":""SPORT 50 CONTINUOUS SPRAY SUNSCREEN ECRAN SOLAIRE EN VAPORISATEUR"",""active_ingredients"":[{""name"":""AVOBENZONE"",""strength"":3,""unit"":""%""},{""name"":""HOMOSALATE"",""strength"":10,""unit"":""%""},{""name"":""OCTISALATE"",""strength"":5,""unit"":""%""},{""name"":""OCTOCRYLENE"",""strength"":5,""unit"":""%""}],""dosage_forms"":[""SPRAY, BAG-ON-VALVE""],""routes"":[""TOPICAL""],""schedule"":[""NON-PRESCRIPTION DRUGS""],""product_status"":""MARKETED"",""company"":""PRIME ENTERPRISES, LLC""}","{""archive_file_id"":""dpd_marketed_archive"",""archive_members"":{""comp.txt"":[9813],""drug.txt"":[9813],""form.txt"":[10012],""ingred.txt"":[13970,13971,13972,13973],""route.txt"":[11610],""schedule.txt"":[10092],""status.txt"":[41328]},""archive_sha256"":""94c8ef8639fd07eea9c134d8ede137d77574d4ae6761955f5aa582558ec38b25"",""drug_codes"":[""98155""],""language"":""en"",""source_dataset_id"":""hc_dpd_source_snapshot"",""source_dataset_version"":""2026.7.2"",""source_manifest_sha256"":""f674732805de6a311d5882c2e7e33747a7e214beb123d9e42c944e1ad195eba0""}",False,0.875,compound_label_split_only,"[""dosage_forms""]","{""din"":[""02491567""],""brand_name"":""SPORT 50 CONTINUOUS SPRAY SUNSCREEN ECRAN SOLAIRE EN VAPORISATEUR"",""active_ingredients"":[{""name"":""AVOBENZONE"",""strength"":""3"",""unit"":""%""},{""name"":""HOMOSALATE"",""strength"":""10"",""unit"":""%""},{""name"":""OCTOCRYLENE"",""strength"":""5"",""unit"":""%""},{""name"":""OCTISALATE"",""strength"":""5"",""unit"":""%""}],""dosage_forms"":[""SPRAY"",""BAG-ON-VALVE""],""routes"":[""TOPICAL""],""schedule"":[""NON-PRESCRIPTION DRUGS""],""product_status"":""MARKETED"",""company"":""PRIME ENTERPRISES, LLC""}",False,0.5,schema_and_label_split,"[""brand_name"",""company"",""dosage_forms"",""product_status""]","{""din"":[""02491567""],""brand_name"":[""SPORT 50 CONTINUOUS SPRAY SUNSCREEN ECRAN SOLAIRE EN VAPORISATEUR""],""active_ingredients"":[{""name"":""AVOBENZONE"",""strength"":""3"",""unit"":""%""},{""name"":""HOMOSALATE"",""strength"":""10"",""unit"":""%""},{""name"":""OCTOCRYLENE"",""strength"":""5"",""unit"":""%""},{""name"":""OCTISALATE"",""strength"":""5"",""unit"":""%""}],""dosage_forms"":[""SPRAY"",""BAG-ON-VALVE""],""routes"":[""TOPICAL""],""schedule"":[""NON-PRESCRIPTION DRUGS""],""product_status"":[""MARKETED""],""company"":[""PRIME ENTERPRISES, LLC""]}",False,0.875,compound_label_split_only,"[""dosage_forms""]","{""din"":[""02491567""],""brand_name"":""SPORT 50 CONTINUOUS SPRAY SUNSCREEN ECRAN SOLAIRE EN VAPORISATEUR"",""active_ingredients"":[{""name"":""AVOBENZONE"",""strength"":""3"",""unit"":""%""},{""name"":""HOMOSALATE"",""strength"":""10"",""unit"":""%""},{""name"":""OCTOCRYLENE"",""strength"":""5"",""unit"":""%""},{""name"":""OCTISALATE"",""strength"":""5"",""unit"":""%""}],""dosage_forms"":[""SPRAY"",""BAG-ON-VALVE""],""routes"":[""TOPICAL""],""schedule"":[""NON-PRESCRIPTION DRUGS""],""product_status"":""MARKETED"",""company"":""PRIME ENTERPRISES, LLC""}",True,1,pass,[],"{""din"":[""02491567""],""brand_name"":""SPORT 50 CONTINUOUS SPRAY SUNSCREEN ECRAN SOLAIRE EN VAPORISATEUR"",""active_ingredients"":[{""name"":""AVOBENZONE"",""strength"":""3"",""unit"":""%""},{""name"":""HOMOSALATE"",""strength"":""10"",""unit"":""%""},{""name"":""OCTOCRYLENE"",""strength"":""5"",""unit"":""%""},{""name"":""OCTISALATE"",""strength"":""5"",""unit"":""%""}],""dosage_forms"":[""SPRAY, BAG-ON-VALVE""],""routes"":[""TOPICAL""],""schedule"":[""NON-PRESCRIPTION DRUGS""],""product_status"":""MARKETED"",""company"":""PRIME ENTERPRISES, LLC""}",Adjudicate whether the rendered compound DPD label is unambiguous.,pending,,,,,,,,,
hc-dpd-review-0015,comparison_only_failure,2,Review cases passed by gpt_5_6_sol and failed by gpt_5_6_terra.,hc_dpd_109d272209424fac_en,hc_dpd_109d272209424fac,en,multi_variant,ONDISSOLVE ODF,"Extract drug-product facts from the Health Canada Drug Product Database source record below. Return only one JSON object with exactly the keys din, brand_name, active_ingredients, dosage_forms, routes, schedule, product_status, and company. din, dosage_forms, routes, and schedule must be lists. active_ingredients must be a list of objects with name, strength, and unit keys. Combine distinct facts from every variant and do not infer values.

DPD SOURCE RECORD (ENGLISH)

VARIANT 1
DRUG_CODE: 87545
DIN: 02389983
BRAND_NAME: ONDISSOLVE ODF
ACTIVE_INGREDIENTS:
- NAME=ONDANSETRON; STRENGTH=4; UNIT=MG
DOSAGE_FORMS: FILM, SOLUBLE
ROUTES: ORAL
SCHEDULES: PRESCRIPTION
PRODUCT_STATUS: MARKETED
COMPANY: TAKEDA CANADA INC

VARIANT 2
DRUG_CODE: 87546
DIN: 02389991
BRAND_NAME: ONDISSOLVE ODF
ACTIVE_INGREDIENTS:
- NAME=ONDANSETRON; STRENGTH=8; UNIT=MG
DOSAGE_FORMS: FILM, SOLUBLE
ROUTES: ORAL
SCHEDULES: PRESCRIPTION
PRODUCT_STATUS: MARKETED
COMPANY: TAKEDA CANADA INC","{""din"":[""02389983"",""02389991""],""brand_name"":""ONDISSOLVE ODF"",""active_ingredients"":[{""name"":""ONDANSETRON"",""strength"":4,""unit"":""MG""},{""name"":""ONDANSETRON"",""strength"":8,""unit"":""MG""}],""dosage_forms"":[""FILM, SOLUBLE""],""routes"":[""ORAL""],""schedule"":[""PRESCRIPTION""],""product_status"":""MARKETED"",""company"":""TAKEDA CANADA INC""}","{""archive_file_id"":""dpd_marketed_archive"",""archive_members"":{""comp.txt"":[6136,6137],""drug.txt"":[6136,6137],""form.txt"":[6220,6221],""ingred.txt"":[8841,8842],""route.txt"":[7258,7259],""schedule.txt"":[6243,6244],""status.txt"":[29574,29575]},""archive_sha256"":""94c8ef8639fd07eea9c134d8ede137d77574d4ae6761955f5aa582558ec38b25"",""drug_codes"":[""87545"",""87546""],""language"":""en"",""source_dataset_id"":""hc_dpd_source_snapshot"",""source_dataset_version"":""2026.7.2"",""source_manifest_sha256"":""f674732805de6a311d5882c2e7e33747a7e214beb123d9e42c944e1ad195eba0""}",False,0.875,compound_label_split_only,"[""dosage_forms""]","{""din"":[""02389983"",""02389991""],""brand_name"":""ONDISSOLVE ODF"",""active_ingredients"":[{""name"":""ONDANSETRON"",""strength"":""4"",""unit"":""MG""},{""name"":""ONDANSETRON"",""strength"":""8"",""unit"":""MG""}],""dosage_forms"":[""FILM"",""SOLUBLE""],""routes"":[""ORAL""],""schedule"":[""PRESCRIPTION""],""product_status"":""MARKETED"",""company"":""TAKEDA CANADA INC""}",True,1,pass,[],"{""din"":[""02389983"",""02389991""],""brand_name"":""ONDISSOLVE ODF"",""active_ingredients"":[{""name"":""ONDANSETRON"",""strength"":""4"",""unit"":""MG""},{""name"":""ONDANSETRON"",""strength"":""8"",""unit"":""MG""}],""dosage_forms"":[""FILM, SOLUBLE""],""routes"":[""ORAL""],""schedule"":[""PRESCRIPTION""],""product_status"":""MARKETED"",""company"":""TAKEDA CANADA INC""}",False,0.875,compound_label_split_only,"[""dosage_forms""]","{""din"":[""02389983"",""02389991""],""brand_name"":""ONDISSOLVE ODF"",""active_ingredients"":[{""name"":""ONDANSETRON"",""strength"":""4"",""unit"":""MG""},{""name"":""ONDANSETRON"",""strength"":""8"",""unit"":""MG""}],""dosage_forms"":[""FILM"",""SOLUBLE""],""routes"":[""ORAL""],""schedule"":[""PRESCRIPTION""],""product_status"":""MARKETED"",""company"":""TAKEDA CANADA INC""}",True,1,pass,[],"{""din"":[""02389983"",""02389991""],""brand_name"":""ONDISSOLVE ODF"",""active_ingredients"":[{""name"":""ONDANSETRON"",""strength"":""4"",""unit"":""MG""},{""name"":""ONDANSETRON"",""strength"":""8"",""unit"":""MG""}],""dosage_forms"":[""FILM, SOLUBLE""],""routes"":[""ORAL""],""schedule"":[""PRESCRIPTION""],""product_status"":""MARKETED"",""company"":""TAKEDA CANADA INC""}",Adjudicate whether the rendered compound DPD label is unambiguous.,pending,,,,,,,,,
hc-dpd-review-0016,comparison_only_failure,2,Review cases passed by gpt_5_6_sol and failed by gpt_5_6_terra.,hc_dpd_11d0527904967a3d_fr,hc_dpd_11d0527904967a3d,fr,multi_ingredient_multi_variant,SUBOXONE,"Extrayez les faits de produit pharmaceutique du dossier source de la Base de données sur les produits pharmaceutiques de Santé Canada ci-dessous. Retournez uniquement un objet JSON avec exactement les clés din, brand_name, active_ingredients, dosage_forms, routes, schedule, product_status et company. din, dosage_forms, routes et schedule doivent être des listes. active_ingredients doit être une liste d'objets ayant les clés name, strength et unit. Regroupez les faits distincts de toutes les variantes, sans rien déduire.

DOSSIER SOURCE DPD (FRANÇAIS)

VARIANTE 1
DRUG_CODE: 78104
DIN: 02295695
NOM_COMMERCIAL: SUBOXONE
INGRÉDIENTS_ACTIFS:
- NOM=Buprénorphine (Chlorhydrate de buprénorphine); CONCENTRATION=2; UNITÉ=MG
- NOM=Naloxone (Chlorhydrate dihydraté de naloxone); CONCENTRATION=0.5; UNITÉ=MG
FORMES_PHARMACEUTIQUES: Comprimé
VOIES_ADMINISTRATION: Sublinguale
ANNEXES: Stupéfiants (LRCDAS I)
ÉTAT_DU_PRODUIT: COMMERCIALISÉ
ENTREPRISE: INDIVIOR UK LIMITED

VARIANTE 2
DRUG_CODE: 78105
DIN: 02295709
NOM_COMMERCIAL: SUBOXONE
INGRÉDIENTS_ACTIFS:
- NOM=Buprénorphine (Chlorhydrate de buprénorphine); CONCENTRATION=8; UNITÉ=MG
- NOM=Naloxone (Chlorhydrate dihydraté de naloxone); CONCENTRATION=2; UNITÉ=MG
FORMES_PHARMACEUTIQUES: Comprimé
VOIES_ADMINISTRATION: Sublinguale
ANNEXES: Stupéfiants (LRCDAS I)
ÉTAT_DU_PRODUIT: COMMERCIALISÉ
ENTREPRISE: INDIVIOR UK LIMITED

VARIANTE 3
DRUG_CODE: 95646
DIN: 02468085
NOM_COMMERCIAL: SUBOXONE
INGRÉDIENTS_ACTIFS:
- NOM=Buprénorphine (Chlorhydrate de buprénorphine); CONCENTRATION=12; UNITÉ=MG
- NOM=Naloxone (Chlorhydrate dihydraté de naloxone); CONCENTRATION=3; UNITÉ=MG
FORMES_PHARMACEUTIQUES: Comprimé
VOIES_ADMINISTRATION: Sublinguale
ANNEXES: Stupéfiants (LRCDAS I)
ÉTAT_DU_PRODUIT: COMMERCIALISÉ
ENTREPRISE: INDIVIOR UK LIMITED

VARIANTE 4
DRUG_CODE: 95647
DIN: 02468093
NOM_COMMERCIAL: SUBOXONE
INGRÉDIENTS_ACTIFS:
- NOM=Buprénorphine (Chlorhydrate de buprénorphine); CONCENTRATION=16; UNITÉ=MG
- NOM=Naloxone (Chlorhydrate dihydraté de naloxone); CONCENTRATION=4; UNITÉ=MG
FORMES_PHARMACEUTIQUES: Comprimé
VOIES_ADMINISTRATION: Sublinguale
ANNEXES: Stupéfiants (LRCDAS I)
ÉTAT_DU_PRODUIT: COMMERCIALISÉ
ENTREPRISE: INDIVIOR UK LIMITED

VARIANTE 5
DRUG_CODE: 99189
DIN: 02502313
NOM_COMMERCIAL: SUBOXONE
INGRÉDIENTS_ACTIFS:
- NOM=Buprénorphine (Chlorhydrate de buprénorphine); CONCENTRATION=2; UNITÉ=MG
- NOM=Naloxone (Chlorhydrate de naloxone); CONCENTRATION=0.5; UNITÉ=MG
FORMES_PHARMACEUTIQUES: Pellicule, soluble
VOIES_ADMINISTRATION: Buccale | Sublinguale
ANNEXES: Stupéfiants (LRCDAS I)
ÉTAT_DU_PRODUIT: COMMERCIALISÉ
ENTREPRISE: INDIVIOR UK LIMITED

VARIANTE 6
DRUG_CODE: 99190
DIN: 02502321
NOM_COMMERCIAL: SUBOXONE
INGRÉDIENTS_ACTIFS:
- NOM=Buprénorphine (Chlorhydrate de buprénorphine); CONCENTRATION=4; UNITÉ=MG
- NOM=Naloxone (Chlorhydrate de naloxone); CONCENTRATION=1; UNITÉ=MG
FORMES_PHARMACEUTIQUES: Pellicule, soluble
VOIES_ADMINISTRATION: Buccale | Sublinguale
ANNEXES: Stupéfiants (LRCDAS I)
ÉTAT_DU_PRODUIT: COMMERCIALISÉ
ENTREPRISE: INDIVIOR UK LIMITED

VARIANTE 7
DRUG_CODE: 99191
DIN: 02502348
NOM_COMMERCIAL: SUBOXONE
INGRÉDIENTS_ACTIFS:
- NOM=Buprénorphine (Chlorhydrate de buprénorphine); CONCENTRATION=8; UNITÉ=MG
- NOM=Naloxone (Chlorhydrate de naloxone); CONCENTRATION=2; UNITÉ=MG
FORMES_PHARMACEUTIQUES: Pellicule, soluble
VOIES_ADMINISTRATION: Buccale | Sublinguale
ANNEXES: Stupéfiants (LRCDAS I)
ÉTAT_DU_PRODUIT: COMMERCIALISÉ
ENTREPRISE: INDIVIOR UK LIMITED

VARIANTE 8
DRUG_CODE: 99192
DIN: 02502356
NOM_COMMERCIAL: SUBOXONE
INGRÉDIENTS_ACTIFS:
- NOM=Buprénorphine (Chlorhydrate de buprénorphine); CONCENTRATION=12; UNITÉ=MG
- NOM=Naloxone (Chlorhydrate de naloxone); CONCENTRATION=3; UNITÉ=MG
FORMES_PHARMACEUTIQUES: Pellicule, soluble
VOIES_ADMINISTRATION: Buccale | Sublinguale
ANNEXES: Stupéfiants (LRCDAS I)
ÉTAT_DU_PRODUIT: COMMERCIALISÉ
ENTREPRISE: INDIVIOR UK LIMITED","{""din"":[""02295695"",""02295709"",""02468085"",""02468093"",""02502313"",""02502321"",""02502348"",""02502356""],""brand_name"":""SUBOXONE"",""active_ingredients"":[{""name"":""Buprénorphine (Chlorhydrate de buprénorphine)"",""strength"":2,""unit"":""MG""},{""name"":""Buprénorphine (Chlorhydrate de buprénorphine)"",""strength"":4,""unit"":""MG""},{""name"":""Buprénorphine (Chlorhydrate de buprénorphine)"",""strength"":8,""unit"":""MG""},{""name"":""Buprénorphine (Chlorhydrate de buprénorphine)"",""strength"":12,""unit"":""MG""},{""name"":""Buprénorphine (Chlorhydrate de buprénorphine)"",""strength"":16,""unit"":""MG""},{""name"":""Naloxone (Chlorhydrate de naloxone)"",""strength"":0.5,""unit"":""MG""},{""name"":""Naloxone (Chlorhydrate de naloxone)"",""strength"":1,""unit"":""MG""},{""name"":""Naloxone (Chlorhydrate de naloxone)"",""strength"":2,""unit"":""MG""},{""name"":""Naloxone (Chlorhydrate de naloxone)"",""strength"":3,""unit"":""MG""},{""name"":""Naloxone (Chlorhydrate dihydraté de naloxone)"",""strength"":0.5,""unit"":""MG""},{""name"":""Naloxone (Chlorhydrate dihydraté de naloxone)"",""strength"":2,""unit"":""MG""},{""name"":""Naloxone (Chlorhydrate dihydraté de naloxone)"",""strength"":3,""unit"":""MG""},{""name"":""Naloxone (Chlorhydrate dihydraté de naloxone)"",""strength"":4,""unit"":""MG""}],""dosage_forms"":[""Comprimé"",""Pellicule, soluble""],""routes"":[""Buccale"",""Sublinguale""],""schedule"":[""Stupéfiants (LRCDAS I)""],""product_status"":""COMMERCIALISÉ"",""company"":""INDIVIOR UK LIMITED""}","{""archive_file_id"":""dpd_marketed_archive"",""archive_members"":{""comp.txt"":[4049,4050,8700,8701,10371,10372,10373,10374],""drug.txt"":[4049,4050,8700,8701,10371,10372,10373,10374],""form.txt"":[4091,4092,8865,8866,10593,10594,10595,10596],""ingred.txt"":[5827,5828,5829,5830,12371,12372,12373,12374,15007,15008,15009,15010,15011,15012,15013,15014],""route.txt"":[4832,4833,10277,10278,12363,12364,12365,12366,12367,12368,12369,12370],""schedule.txt"":[4115,4116,8914,8915,10675,10676,10677,10678],""status.txt"":[21120,21128,38407,38409,42645,42646,42648,42650]},""archive_sha256"":""94c8ef8639fd07eea9c134d8ede137d77574d4ae6761955f5aa582558ec38b25"",""drug_codes"":[""78104"",""78105"",""95646"",""95647"",""99189"",""99190"",""99191"",""99192""],""language"":""fr"",""source_dataset_id"":""hc_dpd_source_snapshot"",""source_dataset_version"":""2026.7.2"",""source_manifest_sha256"":""f674732805de6a311d5882c2e7e33747a7e214beb123d9e42c944e1ad195eba0""}",False,0.75,text_or_value_error,"[""active_ingredients"",""routes""]","{""din"":[""02295695"",""02295709"",""02468085"",""02468093"",""02502313"",""02502321"",""02502348"",""02502356""],""brand_name"":""SUBOXONE"",""active_ingredients"":[{""name"":""Buprénorphine (Chlorhydrate de buprénorphine)"",""strength"":""2"",""unit"":""MG""},{""name"":""Naloxone (Chlorhydrate dihydraté de naloxone)"",""strength"":""0.5"",""unit"":""MG""},{""name"":""Buprénorphine (Chlorhydrate de buprénorphine)"",""strength"":""8"",""unit"":""MG""},{""name"":""Naloxone (Chlorhydrate dihydraté de naloxone)"",""strength"":""2"",""unit"":""MG""},{""name"":""Buprénorphine (Chlorhydrate de buprénorphine)"",""strength"":""12"",""unit"":""MG""},{""name"":""Naloxone (Chlorhydrate dihydraté de naloxone)"",""strength"":""3"",""unit"":""MG""},{""name"":""Buprénorphine (Chlorhydrate de buprénorphine)"",""strength"":""16"",""unit"":""MG""},{""name"":""Naloxone (Chlorhydrate dihydraté de naloxone)"",""strength"":""4"",""unit"":""MG""},{""name"":""Buprénorphine (Chlorhydrate de buprénorphine)"",""strength"":""2"",""unit"":""MG""},{""name"":""Naloxone (Chlorhydrate de naloxone)"",""strength"":""0.5"",""unit"":""MG""},{""name"":""Buprénorphine (Chlorhydrate de buprénorphine)"",""strength"":""4"",""unit"":""MG""},{""name"":""Naloxone (Chlorhydrate de naloxone)"",""strength"":""1"",""unit"":""MG""},{""name"":""Buprénorphine (Chlorhydrate de buprénorphine)"",""strength"":""8"",""unit"":""MG""},{""name"":""Naloxone (Chlorhydrate de naloxone)"",""strength"":""2"",""unit"":""MG""},{""name"":""Buprénorphine (Chlorhydrate de buprénorphine)"",""strength"":""12"",""unit"":""MG""},{""name"":""Naloxone (Chlorhydrate de naloxone)"",""strength"":""3"",""unit"":""MG""}],""dosage_forms"":[""Comprimé"",""Pellicule, soluble""],""routes"":[""Sublinguale"",""Buccale | Sublinguale""],""schedule"":[""Stupéfiants (LRCDAS I)""],""product_status"":""COMMERCIALISÉ"",""company"":""INDIVIOR UK LIMITED""}",False,0.875,schema_type_only,"[""product_status""]","{""din"":[""02295695"",""02295709"",""02468085"",""02468093"",""02502313"",""02502321"",""02502348"",""02502356""],""brand_name"":""SUBOXONE"",""active_ingredients"":[{""name"":""Buprénorphine (Chlorhydrate de buprénorphine)"",""strength"":2,""unit"":""MG""},{""name"":""Naloxone (Chlorhydrate dihydraté de naloxone)"",""strength"":0.5,""unit"":""MG""},{""name"":""Buprénorphine (Chlorhydrate de buprénorphine)"",""strength"":8,""unit"":""MG""},{""name"":""Naloxone (Chlorhydrate dihydraté de naloxone)"",""strength"":2,""unit"":""MG""},{""name"":""Buprénorphine (Chlorhydrate de buprénorphine)"",""strength"":12,""unit"":""MG""},{""name"":""Naloxone (Chlorhydrate dihydraté de naloxone)"",""strength"":3,""unit"":""MG""},{""name"":""Buprénorphine (Chlorhydrate de buprénorphine)"",""strength"":16,""unit"":""MG""},{""name"":""Naloxone (Chlorhydrate dihydraté de naloxone)"",""strength"":4,""unit"":""MG""},{""name"":""Naloxone (Chlorhydrate de naloxone)"",""strength"":0.5,""unit"":""MG""},{""name"":""Buprénorphine (Chlorhydrate de buprénorphine)"",""strength"":4,""unit"":""MG""},{""name"":""Naloxone (Chlorhydrate de naloxone)"",""strength"":1,""unit"":""MG""},{""name"":""Naloxone (Chlorhydrate de naloxone)"",""strength"":2,""unit"":""MG""},{""name"":""Naloxone (Chlorhydrate de naloxone)"",""strength"":3,""unit"":""MG""}],""dosage_forms"":[""Comprimé"",""Pellicule, soluble""],""routes"":[""Sublinguale"",""Buccale""],""schedule"":[""Stupéfiants (LRCDAS I)""],""product_status"":[""COMMERCIALISÉ""],""company"":""INDIVIOR UK LIMITED""}",False,0.875,duplicate_items_only,"[""active_ingredients""]","{""din"":[""02295695"",""02295709"",""02468085"",""02468093"",""02502313"",""02502321"",""02502348"",""02502356""],""brand_name"":""SUBOXONE"",""active_ingredients"":[{""name"":""Buprénorphine (Chlorhydrate de buprénorphine)"",""strength"":""2"",""unit"":""MG""},{""name"":""Naloxone (Chlorhydrate dihydraté de naloxone)"",""strength"":""0.5"",""unit"":""MG""},{""name"":""Buprénorphine (Chlorhydrate de buprénorphine)"",""strength"":""8"",""unit"":""MG""},{""name"":""Naloxone (Chlorhydrate dihydraté de naloxone)"",""strength"":""2"",""unit"":""MG""},{""name"":""Buprénorphine (Chlorhydrate de buprénorphine)"",""strength"":""12"",""unit"":""MG""},{""name"":""Naloxone (Chlorhydrate dihydraté de naloxone)"",""strength"":""3"",""unit"":""MG""},{""name"":""Buprénorphine (Chlorhydrate de buprénorphine)"",""strength"":""16"",""unit"":""MG""},{""name"":""Naloxone (Chlorhydrate dihydraté de naloxone)"",""strength"":""4"",""unit"":""MG""},{""name"":""Buprénorphine (Chlorhydrate de buprénorphine)"",""strength"":""2"",""unit"":""MG""},{""name"":""Naloxone (Chlorhydrate de naloxone)"",""strength"":""0.5"",""unit"":""MG""},{""name"":""Buprénorphine (Chlorhydrate de buprénorphine)"",""strength"":""4"",""unit"":""MG""},{""name"":""Naloxone (Chlorhydrate de naloxone)"",""strength"":""1"",""unit"":""MG""},{""name"":""Buprénorphine (Chlorhydrate de buprénorphine)"",""strength"":""8"",""unit"":""MG""},{""name"":""Naloxone (Chlorhydrate de naloxone)"",""strength"":""2"",""unit"":""MG""},{""name"":""Buprénorphine (Chlorhydrate de buprénorphine)"",""strength"":""12"",""unit"":""MG""},{""name"":""Naloxone (Chlorhydrate de naloxone)"",""strength"":""3"",""unit"":""MG""}],""dosage_forms"":[""Comprimé"",""Pellicule, soluble""],""routes"":[""Sublinguale"",""Buccale""],""schedule"":[""Stupéfiants (LRCDAS I)""],""product_status"":""COMMERCIALISÉ"",""company"":""INDIVIOR UK LIMITED""}",True,1,pass,[],"{""din"":[""02295695"",""02295709"",""02468085"",""02468093"",""02502313"",""02502321"",""02502348"",""02502356""],""brand_name"":""SUBOXONE"",""active_ingredients"":[{""name"":""Buprénorphine (Chlorhydrate de buprénorphine)"",""strength"":""2"",""unit"":""MG""},{""name"":""Naloxone (Chlorhydrate dihydraté de naloxone)"",""strength"":""0.5"",""unit"":""MG""},{""name"":""Buprénorphine (Chlorhydrate de buprénorphine)"",""strength"":""8"",""unit"":""MG""},{""name"":""Naloxone (Chlorhydrate dihydraté de naloxone)"",""strength"":""2"",""unit"":""MG""},{""name"":""Buprénorphine (Chlorhydrate de buprénorphine)"",""strength"":""12"",""unit"":""MG""},{""name"":""Naloxone (Chlorhydrate dihydraté de naloxone)"",""strength"":""3"",""unit"":""MG""},{""name"":""Buprénorphine (Chlorhydrate de buprénorphine)"",""strength"":""16"",""unit"":""MG""},{""name"":""Naloxone (Chlorhydrate dihydraté de naloxone)"",""strength"":""4"",""unit"":""MG""},{""name"":""Naloxone (Chlorhydrate de naloxone)"",""strength"":""0.5"",""unit"":""MG""},{""name"":""Buprénorphine (Chlorhydrate de buprénorphine)"",""strength"":""4"",""unit"":""MG""},{""name"":""Naloxone (Chlorhydrate de naloxone)"",""strength"":""1"",""unit"":""MG""},{""name"":""Naloxone (Chlorhydrate de naloxone)"",""strength"":""2"",""unit"":""MG""},{""name"":""Naloxone (Chlorhydrate de naloxone)"",""strength"":""3"",""unit"":""MG""}],""dosage_forms"":[""Comprimé"",""Pellicule, soluble""],""routes"":[""Sublinguale"",""Buccale""],""schedule"":[""Stupéfiants (LRCDAS I)""],""product_status"":""COMMERCIALISÉ"",""company"":""INDIVIOR UK LIMITED""}",Verify distinct-fact aggregation across product variants.,pending,,,,,,,,,
hc-dpd-review-0017,comparison_only_failure,2,Review cases passed by gpt_5_6_sol and failed by gpt_5_6_terra.,hc_dpd_140ff75003163380_en,hc_dpd_140ff75003163380,en,multi_ingredient,KIDS SUNSCREEN CONTINUOUS SPRAY,"Extract drug-product facts from the Health Canada Drug Product Database source record below. Return only one JSON object with exactly the keys din, brand_name, active_ingredients, dosage_forms, routes, schedule, product_status, and company. din, dosage_forms, routes, and schedule must be lists. active_ingredients must be a list of objects with name, strength, and unit keys. Combine distinct facts from every variant and do not infer values.

DPD SOURCE RECORD (ENGLISH)

VARIANT 1
DRUG_CODE: 93312
DIN: 02447533
BRAND_NAME: KIDS SUNSCREEN CONTINUOUS SPRAY
ACTIVE_INGREDIENTS:
- NAME=OXYBENZONE; STRENGTH=6; UNIT=%
- NAME=AVOBENZONE; STRENGTH=3; UNIT=%
- NAME=HOMOSALATE; STRENGTH=15; UNIT=%
- NAME=OCTOCRYLENE; STRENGTH=10; UNIT=%
- NAME=OCTISALATE; STRENGTH=5; UNIT=%
DOSAGE_FORMS: SPRAY, BAG-ON-VALVE
ROUTES: TOPICAL
SCHEDULES: NON-PRESCRIPTION DRUGS
PRODUCT_STATUS: MARKETED
COMPANY: FRUIT OF THE EARTH, INC","{""din"":[""02447533""],""brand_name"":""KIDS SUNSCREEN CONTINUOUS SPRAY"",""active_ingredients"":[{""name"":""AVOBENZONE"",""strength"":3,""unit"":""%""},{""name"":""HOMOSALATE"",""strength"":15,""unit"":""%""},{""name"":""OCTISALATE"",""strength"":5,""unit"":""%""},{""name"":""OCTOCRYLENE"",""strength"":10,""unit"":""%""},{""name"":""OXYBENZONE"",""strength"":6,""unit"":""%""}],""dosage_forms"":[""SPRAY, BAG-ON-VALVE""],""routes"":[""TOPICAL""],""schedule"":[""NON-PRESCRIPTION DRUGS""],""product_status"":""MARKETED"",""company"":""FRUIT OF THE EARTH, INC""}","{""archive_file_id"":""dpd_marketed_archive"",""archive_members"":{""comp.txt"":[7850],""drug.txt"":[7850],""form.txt"":[7992],""ingred.txt"":[11201,11202,11203,11204,11205],""route.txt"":[9228],""schedule.txt"":[8019],""status.txt"":[36013]},""archive_sha256"":""94c8ef8639fd07eea9c134d8ede137d77574d4ae6761955f5aa582558ec38b25"",""drug_codes"":[""93312""],""language"":""en"",""source_dataset_id"":""hc_dpd_source_snapshot"",""source_dataset_version"":""2026.7.2"",""source_manifest_sha256"":""f674732805de6a311d5882c2e7e33747a7e214beb123d9e42c944e1ad195eba0""}",False,0.75,text_or_value_error,"[""active_ingredients"",""dosage_forms""]","{""din"":[""02447533""],""brand_name"":""KIDS SUNSCREEN CONTINUOUS SPRAY"",""active_ingredients"":[{""name"":""OXYBENZONE"",""strength"":""6"",""unit"":""%""},{""name"":""AVOBENZONE"",""strength"":""3"",""unit"":""%""},{""name"":""HOMOSALATE"",""strength"":""15"",""unit"":""%""},{""name"":""OOCTOCRYLENE"",""strength"":""10"",""unit"":""%""},{""name"":""OCTISALATE"",""strength"":""5"",""unit"":""%""}],""dosage_forms"":[""SPRAY"",""BAG-ON-VALVE""],""routes"":[""TOPICAL""],""schedule"":[""NON-PRESCRIPTION DRUGS""],""product_status"":""MARKETED"",""company"":""FRUIT OF THE EARTH, INC""}",False,0.875,compound_label_split_only,"[""dosage_forms""]","{""din"":[""02447533""],""brand_name"":""KIDS SUNSCREEN CONTINUOUS SPRAY"",""active_ingredients"":[{""name"":""OXYBENZONE"",""strength"":""6"",""unit"":""%""},{""name"":""AVOBENZONE"",""strength"":""3"",""unit"":""%""},{""name"":""HOMOSALATE"",""strength"":""15"",""unit"":""%""},{""name"":""OCTOCRYLENE"",""strength"":""10"",""unit"":""%""},{""name"":""OCTISALATE"",""strength"":""5"",""unit"":""%""}],""dosage_forms"":[""SPRAY"",""BAG-ON-VALVE""],""routes"":[""TOPICAL""],""schedule"":[""NON-PRESCRIPTION DRUGS""],""product_status"":""MARKETED"",""company"":""FRUIT OF THE EARTH, INC""}",False,0.875,compound_label_split_only,"[""dosage_forms""]","{""din"":[""02447533""],""brand_name"":""KIDS SUNSCREEN CONTINUOUS SPRAY"",""active_ingredients"":[{""name"":""OXYBENZONE"",""strength"":""6"",""unit"":""%""},{""name"":""AVOBENZONE"",""strength"":""3"",""unit"":""%""},{""name"":""HOMOSALATE"",""strength"":""15"",""unit"":""%""},{""name"":""OCTOCRYLENE"",""strength"":""10"",""unit"":""%""},{""name"":""OCTISALATE"",""strength"":""5"",""unit"":""%""}],""dosage_forms"":[""SPRAY"",""BAG-ON-VALVE""],""routes"":[""TOPICAL""],""schedule"":[""NON-PRESCRIPTION DRUGS""],""product_status"":""MARKETED"",""company"":""FRUIT OF THE EARTH, INC""}",True,1,pass,[],"{""din"":[""02447533""],""brand_name"":""KIDS SUNSCREEN CONTINUOUS SPRAY"",""active_ingredients"":[{""name"":""OXYBENZONE"",""strength"":""6"",""unit"":""%""},{""name"":""AVOBENZONE"",""strength"":""3"",""unit"":""%""},{""name"":""HOMOSALATE"",""strength"":""15"",""unit"":""%""},{""name"":""OCTOCRYLENE"",""strength"":""10"",""unit"":""%""},{""name"":""OCTISALATE"",""strength"":""5"",""unit"":""%""}],""dosage_forms"":[""SPRAY, BAG-ON-VALVE""],""routes"":[""TOPICAL""],""schedule"":[""NON-PRESCRIPTION DRUGS""],""product_status"":""MARKETED"",""company"":""FRUIT OF THE EARTH, INC""}",Adjudicate whether the rendered compound DPD label is unambiguous.,pending,,,,,,,,,
hc-dpd-review-0018,comparison_only_failure,2,Review cases passed by gpt_5_6_sol and failed by gpt_5_6_terra.,hc_dpd_140ff75003163380_fr,hc_dpd_140ff75003163380,fr,multi_ingredient,KIDS SUNSCREEN CONTINUOUS SPRAY,"Extrayez les faits de produit pharmaceutique du dossier source de la Base de données sur les produits pharmaceutiques de Santé Canada ci-dessous. Retournez uniquement un objet JSON avec exactement les clés din, brand_name, active_ingredients, dosage_forms, routes, schedule, product_status et company. din, dosage_forms, routes et schedule doivent être des listes. active_ingredients doit être une liste d'objets ayant les clés name, strength et unit. Regroupez les faits distincts de toutes les variantes, sans rien déduire.

DOSSIER SOURCE DPD (FRANÇAIS)

VARIANTE 1
DRUG_CODE: 93312
DIN: 02447533
NOM_COMMERCIAL: ÉCRAN SOLAIRE À VAPORISATION CONTINUE POUR ENFANTS
INGRÉDIENTS_ACTIFS:
- NOM=Oxybenzone; CONCENTRATION=6; UNITÉ=%
- NOM=Avobenzone; CONCENTRATION=3; UNITÉ=%
- NOM=Homosalate; CONCENTRATION=15; UNITÉ=%
- NOM=Octocrilène; CONCENTRATION=10; UNITÉ=%
- NOM=Octisalate; CONCENTRATION=5; UNITÉ=%
FORMES_PHARMACEUTIQUES: Pulvérisation, sac-sur-valve
VOIES_ADMINISTRATION: Topique
ANNEXES: Médicaments sans ordonnance
ÉTAT_DU_PRODUIT: COMMERCIALISÉ
ENTREPRISE: FRUIT OF THE EARTH, INC","{""din"":[""02447533""],""brand_name"":""ÉCRAN SOLAIRE À VAPORISATION CONTINUE POUR ENFANTS"",""active_ingredients"":[{""name"":""Avobenzone"",""strength"":3,""unit"":""%""},{""name"":""Homosalate"",""strength"":15,""unit"":""%""},{""name"":""Octisalate"",""strength"":5,""unit"":""%""},{""name"":""Octocrilène"",""strength"":10,""unit"":""%""},{""name"":""Oxybenzone"",""strength"":6,""unit"":""%""}],""dosage_forms"":[""Pulvérisation, sac-sur-valve""],""routes"":[""Topique""],""schedule"":[""Médicaments sans ordonnance""],""product_status"":""COMMERCIALISÉ"",""company"":""FRUIT OF THE EARTH, INC""}","{""archive_file_id"":""dpd_marketed_archive"",""archive_members"":{""comp.txt"":[7850],""drug.txt"":[7850],""form.txt"":[7992],""ingred.txt"":[11201,11202,11203,11204,11205],""route.txt"":[9228],""schedule.txt"":[8019],""status.txt"":[36013]},""archive_sha256"":""94c8ef8639fd07eea9c134d8ede137d77574d4ae6761955f5aa582558ec38b25"",""drug_codes"":[""93312""],""language"":""fr"",""source_dataset_id"":""hc_dpd_source_snapshot"",""source_dataset_version"":""2026.7.2"",""source_manifest_sha256"":""f674732805de6a311d5882c2e7e33747a7e214beb123d9e42c944e1ad195eba0""}",True,1,pass,[],"{""din"":[""02447533""],""brand_name"":""ÉCRAN SOLAIRE À VAPORISATION CONTINUE POUR ENFANTS"",""active_ingredients"":[{""name"":""Oxybenzone"",""strength"":""6"",""unit"":""%""},{""name"":""Avobenzone"",""strength"":""3"",""unit"":""%""},{""name"":""Homosalate"",""strength"":""15"",""unit"":""%""},{""name"":""Octocrilène"",""strength"":""10"",""unit"":""%""},{""name"":""Octisalate"",""strength"":""5"",""unit"":""%""}],""dosage_forms"":[""Pulvérisation, sac-sur-valve""],""routes"":[""Topique""],""schedule"":[""Médicaments sans ordonnance""],""product_status"":""COMMERCIALISÉ"",""company"":""FRUIT OF THE EARTH, INC""}",False,0.875,compound_label_split_only,"[""dosage_forms""]","{""din"":[""02447533""],""brand_name"":""ÉCRAN SOLAIRE À VAPORISATION CONTINUE POUR ENFANTS"",""active_ingredients"":[{""name"":""Oxybenzone"",""strength"":""6"",""unit"":""%""},{""name"":""Avobenzone"",""strength"":""3"",""unit"":""%""},{""name"":""Homosalate"",""strength"":""15"",""unit"":""%""},{""name"":""Octocrilène"",""strength"":""10"",""unit"":""%""},{""name"":""Octisalate"",""strength"":""5"",""unit"":""%""}],""dosage_forms"":[""Pulvérisation"",""sac-sur-valve""],""routes"":[""Topique""],""schedule"":[""Médicaments sans ordonnance""],""product_status"":""COMMERCIALISÉ"",""company"":""FRUIT OF THE EARTH, INC""}",False,0.875,compound_label_split_only,"[""dosage_forms""]","{""din"":[""02447533""],""brand_name"":""ÉCRAN SOLAIRE À VAPORISATION CONTINUE POUR ENFANTS"",""active_ingredients"":[{""name"":""Oxybenzone"",""strength"":""6"",""unit"":""%""},{""name"":""Avobenzone"",""strength"":""3"",""unit"":""%""},{""name"":""Homosalate"",""strength"":""15"",""unit"":""%""},{""name"":""Octocrilène"",""strength"":""10"",""unit"":""%""},{""name"":""Octisalate"",""strength"":""5"",""unit"":""%""}],""dosage_forms"":[""Pulvérisation"",""sac-sur-valve""],""routes"":[""Topique""],""schedule"":[""Médicaments sans ordonnance""],""product_status"":""COMMERCIALISÉ"",""company"":""FRUIT OF THE EARTH, INC""}",True,1,pass,[],"{""din"":[""02447533""],""brand_name"":""ÉCRAN SOLAIRE À VAPORISATION CONTINUE POUR ENFANTS"",""active_ingredients"":[{""name"":""Oxybenzone"",""strength"":""6"",""unit"":""%""},{""name"":""Avobenzone"",""strength"":""3"",""unit"":""%""},{""name"":""Homosalate"",""strength"":""15"",""unit"":""%""},{""name"":""Octocrilène"",""strength"":""10"",""unit"":""%""},{""name"":""Octisalate"",""strength"":""5"",""unit"":""%""}],""dosage_forms"":[""Pulvérisation, sac-sur-valve""],""routes"":[""Topique""],""schedule"":[""Médicaments sans ordonnance""],""product_status"":""COMMERCIALISÉ"",""company"":""FRUIT OF THE EARTH, INC""}",Adjudicate whether the rendered compound DPD label is unambiguous.,pending,,,,,,,,,
hc-dpd-review-0019,comparison_only_failure,2,Review cases passed by gpt_5_6_sol and failed by gpt_5_6_terra.,hc_dpd_168da1f4cff927e0_en,hc_dpd_168da1f4cff927e0,en,multi_ingredient,ACID CONCENTRATE D12286,"Extract drug-product facts from the Health Canada Drug Product Database source record below. Return only one JSON object with exactly the keys din, brand_name, active_ingredients, dosage_forms, routes, schedule, product_status, and company. din, dosage_forms, routes, and schedule must be lists. active_ingredients must be a list of objects with name, strength, and unit keys. Combine distinct facts from every variant and do not infer values.

DPD SOURCE RECORD (ENGLISH)

VARIANT 1
DRUG_CODE: 20116
DIN: 02217252
BRAND_NAME: ACID CONCENTRATE D12286
ACTIVE_INGREDIENTS:
- NAME=DEXTROSE; STRENGTH=45; UNIT=G
- NAME=ACETIC ACID; STRENGTH=10.8; UNIT=G
- NAME=MAGNESIUM CHLORIDE; STRENGTH=1.61; UNIT=G
- NAME=CALCIUM CHLORIDE; STRENGTH=6.24; UNIT=G
- NAME=POTASSIUM CHLORIDE; STRENGTH=6.7; UNIT=G
- NAME=SODIUM CHLORIDE; STRENGTH=263; UNIT=G
DOSAGE_FORMS: SOLUTION
ROUTES: HAEMODIALYSIS
SCHEDULES: ETHICAL
PRODUCT_STATUS: MARKETED
COMPANY: VANTIVE ULC","{""din"":[""02217252""],""brand_name"":""ACID CONCENTRATE D12286"",""active_ingredients"":[{""name"":""ACETIC ACID"",""strength"":10.8,""unit"":""G""},{""name"":""CALCIUM CHLORIDE"",""strength"":6.24,""unit"":""G""},{""name"":""DEXTROSE"",""strength"":45,""unit"":""G""},{""name"":""MAGNESIUM CHLORIDE"",""strength"":1.61,""unit"":""G""},{""name"":""POTASSIUM CHLORIDE"",""strength"":6.7,""unit"":""G""},{""name"":""SODIUM CHLORIDE"",""strength"":263,""unit"":""G""}],""dosage_forms"":[""SOLUTION""],""routes"":[""HAEMODIALYSIS""],""schedule"":[""ETHICAL""],""product_status"":""MARKETED"",""company"":""VANTIVE ULC""}","{""archive_file_id"":""dpd_marketed_archive"",""archive_members"":{""comp.txt"":[1687],""drug.txt"":[1687],""form.txt"":[1697],""ingred.txt"":[2508,2509,2510,2511,2512,2513],""route.txt"":[1995],""schedule.txt"":[1696],""status.txt"":[8727]},""archive_sha256"":""94c8ef8639fd07eea9c134d8ede137d77574d4ae6761955f5aa582558ec38b25"",""drug_codes"":[""20116""],""language"":""en"",""source_dataset_id"":""hc_dpd_source_snapshot"",""source_dataset_version"":""2026.7.2"",""source_manifest_sha256"":""f674732805de6a311d5882c2e7e33747a7e214beb123d9e42c944e1ad195eba0""}",True,1,pass,[],"{""din"":[""02217252""],""brand_name"":""ACID CONCENTRATE D12286"",""active_ingredients"":[{""name"":""DEXTROSE"",""strength"":""45"",""unit"":""G""},{""name"":""ACETIC ACID"",""strength"":""10.8"",""unit"":""G""},{""name"":""MAGNESIUM CHLORIDE"",""strength"":""1.61"",""unit"":""G""},{""name"":""CALCIUM CHLORIDE"",""strength"":""6.24"",""unit"":""G""},{""name"":""POTASSIUM CHLORIDE"",""strength"":""6.7"",""unit"":""G""},{""name"":""SODIUM CHLORIDE"",""strength"":""263"",""unit"":""G""}],""dosage_forms"":[""SOLUTION""],""routes"":[""HAEMODIALYSIS""],""schedule"":[""ETHICAL""],""product_status"":""MARKETED"",""company"":""VANTIVE ULC""}",True,1,pass,[],"{""din"":[""02217252""],""brand_name"":""ACID CONCENTRATE D12286"",""active_ingredients"":[{""name"":""DEXTROSE"",""strength"":""45"",""unit"":""G""},{""name"":""ACETIC ACID"",""strength"":""10.8"",""unit"":""G""},{""name"":""MAGNESIUM CHLORIDE"",""strength"":""1.61"",""unit"":""G""},{""name"":""CALCIUM CHLORIDE"",""strength"":""6.24"",""unit"":""G""},{""name"":""POTASSIUM CHLORIDE"",""strength"":""6.7"",""unit"":""G""},{""name"":""SODIUM CHLORIDE"",""strength"":""263"",""unit"":""G""}],""dosage_forms"":[""SOLUTION""],""routes"":[""HAEMODIALYSIS""],""schedule"":[""ETHICAL""],""product_status"":""MARKETED"",""company"":""VANTIVE ULC""}",False,0.875,text_or_value_error,"[""brand_name""]","{""din"":[""02217252""],""brand_name"":""ACID CONCENTATE D12286"",""active_ingredients"":[{""name"":""DEXTROSE"",""strength"":""45"",""unit"":""G""},{""name"":""ACETIC ACID"",""strength"":""10.8"",""unit"":""G""},{""name"":""MAGNESIUM CHLORIDE"",""strength"":""1.61"",""unit"":""G""},{""name"":""CALCIUM CHLORIDE"",""strength"":""6.24"",""unit"":""G""},{""name"":""POTASSIUM CHLORIDE"",""strength"":""6.7"",""unit"":""G""},{""name"":""SODIUM CHLORIDE"",""strength"":""263"",""unit"":""G""}],""dosage_forms"":[""SOLUTION""],""routes"":[""HAEMODIALYSIS""],""schedule"":[""ETHICAL""],""product_status"":""MARKETED"",""company"":""VANTIVE ULC""}",True,1,pass,[],"{""din"":[""02217252""],""brand_name"":""ACID CONCENTRATE D12286"",""active_ingredients"":[{""name"":""DEXTROSE"",""strength"":""45"",""unit"":""G""},{""name"":""ACETIC ACID"",""strength"":""10.8"",""unit"":""G""},{""name"":""MAGNESIUM CHLORIDE"",""strength"":""1.61"",""unit"":""G""},{""name"":""CALCIUM CHLORIDE"",""strength"":""6.24"",""unit"":""G""},{""name"":""POTASSIUM CHLORIDE"",""strength"":""6.7"",""unit"":""G""},{""name"":""SODIUM CHLORIDE"",""strength"":""263"",""unit"":""G""}],""dosage_forms"":[""SOLUTION""],""routes"":[""HAEMODIALYSIS""],""schedule"":[""ETHICAL""],""product_status"":""MARKETED"",""company"":""VANTIVE ULC""}",Compare the transcription with the frozen source label.,pending,,,,,,,,,
hc-dpd-review-0020,comparison_only_failure,2,Review cases passed by gpt_5_6_sol and failed by gpt_5_6_terra.,hc_dpd_1a7505ed2307af5c_en,hc_dpd_1a7505ed2307af5c,en,multi_variant,NUCYNTA EXTENDED-RELEASE,"Extract drug-product facts from the Health Canada Drug Product Database source record below. Return only one JSON object with exactly the keys din, brand_name, active_ingredients, dosage_forms, routes, schedule, product_status, and company. din, dosage_forms, routes, and schedule must be lists. active_ingredients must be a list of objects with name, strength, and unit keys. Combine distinct facts from every variant and do not infer values.

DPD SOURCE RECORD (ENGLISH)

VARIANT 1
DRUG_CODE: 90016
DIN: 02415577
BRAND_NAME: NUCYNTA EXTENDED-RELEASE
ACTIVE_INGREDIENTS:
- NAME=TAPENTADOL (TAPENTADOL HYDROCHLORIDE); STRENGTH=50; UNIT=MG
DOSAGE_FORMS: TABLET (EXTENDED-RELEASE)
ROUTES: ORAL
SCHEDULES: NARCOTICS (CDSA I)
PRODUCT_STATUS: MARKETED
COMPANY: KNIGHT THERAPEUTICS INC.

VARIANT 2
DRUG_CODE: 90017
DIN: 02415585
BRAND_NAME: NUCYNTA EXTENDED-RELEASE
ACTIVE_INGREDIENTS:
- NAME=TAPENTADOL (TAPENTADOL HYDROCHLORIDE); STRENGTH=100; UNIT=MG
DOSAGE_FORMS: TABLET (EXTENDED-RELEASE)
ROUTES: ORAL
SCHEDULES: NARCOTICS (CDSA I)
PRODUCT_STATUS: MARKETED
COMPANY: KNIGHT THERAPEUTICS INC.

VARIANT 3
DRUG_CODE: 90018
DIN: 02415593
BRAND_NAME: NUCYNTA EXTENDED-RELEASE
ACTIVE_INGREDIENTS:
- NAME=TAPENTADOL (TAPENTADOL HYDROCHLORIDE); STRENGTH=150; UNIT=MG
DOSAGE_FORMS: TABLET (EXTENDED-RELEASE)
ROUTES: ORAL
SCHEDULES: NARCOTICS (CDSA I)
PRODUCT_STATUS: MARKETED
COMPANY: KNIGHT THERAPEUTICS INC.

VARIANT 4
DRUG_CODE: 90019
DIN: 02415607
BRAND_NAME: NUCYNTA EXTENDED-RELEASE
ACTIVE_INGREDIENTS:
- NAME=TAPENTADOL (TAPENTADOL HYDROCHLORIDE); STRENGTH=200; UNIT=MG
DOSAGE_FORMS: TABLET (EXTENDED-RELEASE)
ROUTES: ORAL
SCHEDULES: NARCOTICS (CDSA I)
PRODUCT_STATUS: MARKETED
COMPANY: KNIGHT THERAPEUTICS INC.

VARIANT 5
DRUG_CODE: 90020
DIN: 02415615
BRAND_NAME: NUCYNTA EXTENDED-RELEASE
ACTIVE_INGREDIENTS:
- NAME=TAPENTADOL (TAPENTADOL HYDROCHLORIDE); STRENGTH=250; UNIT=MG
DOSAGE_FORMS: TABLET (EXTENDED-RELEASE)
ROUTES: ORAL
SCHEDULES: NARCOTICS (CDSA I)
PRODUCT_STATUS: MARKETED
COMPANY: KNIGHT THERAPEUTICS INC.","{""din"":[""02415577"",""02415585"",""02415593"",""02415607"",""02415615""],""brand_name"":""NUCYNTA EXTENDED-RELEASE"",""active_ingredients"":[{""name"":""TAPENTADOL (TAPENTADOL HYDROCHLORIDE)"",""strength"":50,""unit"":""MG""},{""name"":""TAPENTADOL (TAPENTADOL HYDROCHLORIDE)"",""strength"":100,""unit"":""MG""},{""name"":""TAPENTADOL (TAPENTADOL HYDROCHLORIDE)"",""strength"":150,""unit"":""MG""},{""name"":""TAPENTADOL (TAPENTADOL HYDROCHLORIDE)"",""strength"":200,""unit"":""MG""},{""name"":""TAPENTADOL (TAPENTADOL HYDROCHLORIDE)"",""strength"":250,""unit"":""MG""}],""dosage_forms"":[""TABLET (EXTENDED-RELEASE)""],""routes"":[""ORAL""],""schedule"":[""NARCOTICS (CDSA I)""],""product_status"":""MARKETED"",""company"":""KNIGHT THERAPEUTICS INC.""}","{""archive_file_id"":""dpd_marketed_archive"",""archive_members"":{""comp.txt"":[6861,6862,6863,6864,6865],""drug.txt"":[6861,6862,6863,6864,6865],""form.txt"":[6960,6961,6962,6963,6964],""ingred.txt"":[9846,9847,9848,9849,9850],""route.txt"":[8081,8082,8083,8084,8085],""schedule.txt"":[7001,7002,7003,7004,7005],""status.txt"":[32307,32315,32323,32331,32339]},""archive_sha256"":""94c8ef8639fd07eea9c134d8ede137d77574d4ae6761955f5aa582558ec38b25"",""drug_codes"":[""90016"",""90017"",""90018"",""90019"",""90020""],""language"":""en"",""source_dataset_id"":""hc_dpd_source_snapshot"",""source_dataset_version"":""2026.7.2"",""source_manifest_sha256"":""f674732805de6a311d5882c2e7e33747a7e214beb123d9e42c944e1ad195eba0""}",True,1,pass,[],"{""din"":[""02415577"",""02415585"",""02415593"",""02415607"",""02415615""],""brand_name"":""NUCYNTA EXTENDED-RELEASE"",""active_ingredients"":[{""name"":""TAPENTADOL (TAPENTADOL HYDROCHLORIDE)"",""strength"":""50"",""unit"":""MG""},{""name"":""TAPENTADOL (TAPENTADOL HYDROCHLORIDE)"",""strength"":""100"",""unit"":""MG""},{""name"":""TAPENTADOL (TAPENTADOL HYDROCHLORIDE)"",""strength"":""150"",""unit"":""MG""},{""name"":""TAPENTADOL (TAPENTADOL HYDROCHLORIDE)"",""strength"":""200"",""unit"":""MG""},{""name"":""TAPENTADOL (TAPENTADOL HYDROCHLORIDE)"",""strength"":""250"",""unit"":""MG""}],""dosage_forms"":[""TABLET (EXTENDED-RELEASE)""],""routes"":[""ORAL""],""schedule"":[""NARCOTICS (CDSA I)""],""product_status"":""MARKETED"",""company"":""KNIGHT THERAPEUTICS INC.""}",True,1,pass,[],"{""din"":[""02415577"",""02415585"",""02415593"",""02415607"",""02415615""],""brand_name"":""NUCYNTA EXTENDED-RELEASE"",""active_ingredients"":[{""name"":""TAPENTADOL (TAPENTADOL HYDROCHLORIDE)"",""strength"":""50"",""unit"":""MG""},{""name"":""TAPENTADOL (TAPENTADOL HYDROCHLORIDE)"",""strength"":""100"",""unit"":""MG""},{""name"":""TAPENTADOL (TAPENTADOL HYDROCHLORIDE)"",""strength"":""150"",""unit"":""MG""},{""name"":""TAPENTADOL (TAPENTADOL HYDROCHLORIDE)"",""strength"":""200"",""unit"":""MG""},{""name"":""TAPENTADOL (TAPENTADOL HYDROCHLORIDE)"",""strength"":""250"",""unit"":""MG""}],""dosage_forms"":[""TABLET (EXTENDED-RELEASE)""],""routes"":[""ORAL""],""schedule"":[""NARCOTICS (CDSA I)""],""product_status"":""MARKETED"",""company"":""KNIGHT THERAPEUTICS INC.""}",False,0.875,text_or_value_error,"[""active_ingredients""]","{""din"":[""02415577"",""02415585"",""02415593"",""02415607"",""02415615""],""brand_name"":""NUCYNTA EXTENDED-RELEASE"",""active_ingredients"":[{""name"":""TAPENTADOL (TAPENTADOL HYDROCHLORIDE)"",""strength"":""50"",""unit"":""MG""},{""name"":""TAPENTADOL (TAPENTADOL HYDROCHLORIDE)"",""strength"":""100"",""unit"":""MG""},{""name"":""TAPENTADOL (TAPENTADOL HYDROCHLORIDE)"",""strength"":""150"",""unit"":""MG""},{""name"":""TAPENTADOL (TAPENTADOL HYDROCHLIDE)"",""strength"":""200"",""unit"":""MG""},{""name"":""TAPENTADOL (TAPENTADOL HYDROCHLORIDE)"",""strength"":""250"",""unit"":""MG""}],""dosage_forms"":[""TABLET (EXTENDED-RELEASE)""],""routes"":[""ORAL""],""schedule"":[""NARCOTICS (CDSA I)""],""product_status"":""MARKETED"",""company"":""KNIGHT THERAPEUTICS INC.""}",True,1,pass,[],"{""din"":[""02415577"",""02415585"",""02415593"",""02415607"",""02415615""],""brand_name"":""NUCYNTA EXTENDED-RELEASE"",""active_ingredients"":[{""name"":""TAPENTADOL (TAPENTADOL HYDROCHLORIDE)"",""strength"":""50"",""unit"":""MG""},{""name"":""TAPENTADOL (TAPENTADOL HYDROCHLORIDE)"",""strength"":""100"",""unit"":""MG""},{""name"":""TAPENTADOL (TAPENTADOL HYDROCHLORIDE)"",""strength"":""150"",""unit"":""MG""},{""name"":""TAPENTADOL (TAPENTADOL HYDROCHLORIDE)"",""strength"":""200"",""unit"":""MG""},{""name"":""TAPENTADOL (TAPENTADOL HYDROCHLORIDE)"",""strength"":""250"",""unit"":""MG""}],""dosage_forms"":[""TABLET (EXTENDED-RELEASE)""],""routes"":[""ORAL""],""schedule"":[""NARCOTICS (CDSA I)""],""product_status"":""MARKETED"",""company"":""KNIGHT THERAPEUTICS INC.""}",Compare the transcription with the frozen source label.,pending,,,,,,,,,
hc-dpd-review-0021,comparison_only_failure,2,Review cases passed by gpt_5_6_sol and failed by gpt_5_6_terra.,hc_dpd_1e6fd69fae994a6d_fr,hc_dpd_1e6fd69fae994a6d,fr,multi_variant,SANDOZ GUANFACINE XR,"Extrayez les faits de produit pharmaceutique du dossier source de la Base de données sur les produits pharmaceutiques de Santé Canada ci-dessous. Retournez uniquement un objet JSON avec exactement les clés din, brand_name, active_ingredients, dosage_forms, routes, schedule, product_status et company. din, dosage_forms, routes et schedule doivent être des listes. active_ingredients doit être une liste d'objets ayant les clés name, strength et unit. Regroupez les faits distincts de toutes les variantes, sans rien déduire.

DOSSIER SOURCE DPD (FRANÇAIS)

VARIANTE 1
DRUG_CODE: 106599
DIN: 02563185
NOM_COMMERCIAL: SANDOZ GUANFACINE XR
INGRÉDIENTS_ACTIFS:
- NOM=Guanfacine (Chlorhydrate de guanfacine); CONCENTRATION=1; UNITÉ=MG
FORMES_PHARMACEUTIQUES: Comprimé (à libération prolongée)
VOIES_ADMINISTRATION: Orale
ANNEXES: Médicaments sur ordonnance
ÉTAT_DU_PRODUIT: COMMERCIALISÉ
ENTREPRISE: SANDOZ CANADA INCORPORATED

VARIANTE 2
DRUG_CODE: 106600
DIN: 02563193
NOM_COMMERCIAL: SANDOZ GUANFACINE XR
INGRÉDIENTS_ACTIFS:
- NOM=Guanfacine (Chlorhydrate de guanfacine); CONCENTRATION=2; UNITÉ=MG
FORMES_PHARMACEUTIQUES: Comprimé (à libération prolongée)
VOIES_ADMINISTRATION: Orale
ANNEXES: Médicaments sur ordonnance
ÉTAT_DU_PRODUIT: COMMERCIALISÉ
ENTREPRISE: SANDOZ CANADA INCORPORATED

VARIANTE 3
DRUG_CODE: 106601
DIN: 02563207
NOM_COMMERCIAL: SANDOZ GUANFACINE XR
INGRÉDIENTS_ACTIFS:
- NOM=Guanfacine (Chlorhydrate de guanfacine); CONCENTRATION=3; UNITÉ=MG
FORMES_PHARMACEUTIQUES: Comprimé (à libération prolongée)
VOIES_ADMINISTRATION: Orale
ANNEXES: Médicaments sur ordonnance
ÉTAT_DU_PRODUIT: COMMERCIALISÉ
ENTREPRISE: SANDOZ CANADA INCORPORATED

VARIANTE 4
DRUG_CODE: 106602
DIN: 02563215
NOM_COMMERCIAL: SANDOZ GUANFACINE XR
INGRÉDIENTS_ACTIFS:
- NOM=Guanfacine (Chlorhydrate de guanfacine); CONCENTRATION=4; UNITÉ=MG
FORMES_PHARMACEUTIQUES: Comprimé (à libération prolongée)
VOIES_ADMINISTRATION: Orale
ANNEXES: Médicaments sur ordonnance
ÉTAT_DU_PRODUIT: COMMERCIALISÉ
ENTREPRISE: SANDOZ CANADA INCORPORATED","{""din"":[""02563185"",""02563193"",""02563207"",""02563215""],""brand_name"":""SANDOZ GUANFACINE XR"",""active_ingredients"":[{""name"":""Guanfacine (Chlorhydrate de guanfacine)"",""strength"":1,""unit"":""MG""},{""name"":""Guanfacine (Chlorhydrate de guanfacine)"",""strength"":2,""unit"":""MG""},{""name"":""Guanfacine (Chlorhydrate de guanfacine)"",""strength"":3,""unit"":""MG""},{""name"":""Guanfacine (Chlorhydrate de guanfacine)"",""strength"":4,""unit"":""MG""}],""dosage_forms"":[""Comprimé (à libération prolongée)""],""routes"":[""Orale""],""schedule"":[""Médicaments sur ordonnance""],""product_status"":""COMMERCIALISÉ"",""company"":""SANDOZ CANADA INCORPORATED""}","{""archive_file_id"":""dpd_marketed_archive"",""archive_members"":{""comp.txt"":[13464,13465,13466,13467],""drug.txt"":[13464,13465,13466,13467],""form.txt"":[13760,13761,13762,13763],""ingred.txt"":[19618,19619,19620,19621],""route.txt"":[16073,16074,16075,16076],""schedule.txt"":[14008,14009,14010,14011],""status.txt"":[49593,49596,49597,49600]},""archive_sha256"":""94c8ef8639fd07eea9c134d8ede137d77574d4ae6761955f5aa582558ec38b25"",""drug_codes"":[""106599"",""106600"",""106601"",""106602""],""language"":""fr"",""source_dataset_id"":""hc_dpd_source_snapshot"",""source_dataset_version"":""2026.7.2"",""source_manifest_sha256"":""f674732805de6a311d5882c2e7e33747a7e214beb123d9e42c944e1ad195eba0""}",True,1,pass,[],"{""din"":[""02563185"",""02563193"",""02563207"",""02563215""],""brand_name"":""SANDOZ GUANFACINE XR"",""active_ingredients"":[{""name"":""Guanfacine (Chlorhydrate de guanfacine)"",""strength"":""1"",""unit"":""MG""},{""name"":""Guanfacine (Chlorhydrate de guanfacine)"",""strength"":""2"",""unit"":""MG""},{""name"":""Guanfacine (Chlorhydrate de guanfacine)"",""strength"":""3"",""unit"":""MG""},{""name"":""Guanfacine (Chlorhydrate de guanfacine)"",""strength"":""4"",""unit"":""MG""}],""dosage_forms"":[""Comprimé (à libération prolongée)""],""routes"":[""Orale""],""schedule"":[""Médicaments sur ordonnance""],""product_status"":""COMMERCIALISÉ"",""company"":""SANDOZ CANADA INCORPORATED""}",False,0.875,schema_type_only,"[""product_status""]","{""din"":[""02563185"",""02563193"",""02563207"",""02563215""],""brand_name"":""SANDOZ GUANFACINE XR"",""active_ingredients"":[{""name"":""Guanfacine (Chlorhydrate de guanfacine)"",""strength"":""1"",""unit"":""MG""},{""name"":""Guanfacine (Chlorhydrate de guanfacine)"",""strength"":""2"",""unit"":""MG""},{""name"":""Guanfacine (Chlorhydrate de guanfacine)"",""strength"":""3"",""unit"":""MG""},{""name"":""Guanfacine (Chlorhydrate de guanfacine)"",""strength"":""4"",""unit"":""MG""}],""dosage_forms"":[""Comprimé (à libération prolongée)""],""routes"":[""Orale""],""schedule"":[""Médicaments sur ordonnance""],""product_status"":[""COMMERCIALISÉ""],""company"":""SANDOZ CANADA INCORPORATED""}",False,0.875,text_or_value_error,"[""active_ingredients""]","{""din"":[""02563185"",""02563193"",""02563207"",""02563215""],""brand_name"":""SANDOZ GUANFACINE XR"",""active_ingredients"":[{""name"":""Guanfacine (Chlorhydrate de guanfacine)"",""strength"":""1"",""unit"":""MG""},{""name"":""Guanfacine (Chlorhydrate de guanfacine)"",""strength"":""2"",""unit"":""MG""},{""name"":""Guanfacine (Chlorhydrate de guanfacine)"",""strength"":""3"",""unit"":""MG""},{""name"":""Guanfacine (Chlorhydrate de guanfacacine)"",""strength"":""4"",""unit"":""MG""}],""dosage_forms"":[""Comprimé (à libération prolongée)""],""routes"":[""Orale""],""schedule"":[""Médicaments sur ordonnance""],""product_status"":""COMMERCIALISÉ"",""company"":""SANDOZ CANADA INCORPORATED""}",True,1,pass,[],"{""din"":[""02563185"",""02563193"",""02563207"",""02563215""],""brand_name"":""SANDOZ GUANFACINE XR"",""active_ingredients"":[{""name"":""Guanfacine (Chlorhydrate de guanfacine)"",""strength"":""1"",""unit"":""MG""},{""name"":""Guanfacine (Chlorhydrate de guanfacine)"",""strength"":""2"",""unit"":""MG""},{""name"":""Guanfacine (Chlorhydrate de guanfacine)"",""strength"":""3"",""unit"":""MG""},{""name"":""Guanfacine (Chlorhydrate de guanfacine)"",""strength"":""4"",""unit"":""MG""}],""dosage_forms"":[""Comprimé (à libération prolongée)""],""routes"":[""Orale""],""schedule"":[""Médicaments sur ordonnance""],""product_status"":""COMMERCIALISÉ"",""company"":""SANDOZ CANADA INCORPORATED""}",Compare the transcription with the frozen source label.,pending,,,,,,,,,
hc-dpd-review-0022,comparison_only_failure,2,Review cases passed by gpt_5_6_sol and failed by gpt_5_6_terra.,hc_dpd_21828b9c0c8f0130_fr,hc_dpd_21828b9c0c8f0130,fr,single_ingredient,LETROZOLE,"Extrayez les faits de produit pharmaceutique du dossier source de la Base de données sur les produits pharmaceutiques de Santé Canada ci-dessous. Retournez uniquement un objet JSON avec exactement les clés din, brand_name, active_ingredients, dosage_forms, routes, schedule, product_status et company. din, dosage_forms, routes et schedule doivent être des listes. active_ingredients doit être une liste d'objets ayant les clés name, strength et unit. Regroupez les faits distincts de toutes les variantes, sans rien déduire.

DOSSIER SOURCE DPD (FRANÇAIS)

VARIANTE 1
DRUG_CODE: 88690
DIN: 02402025
NOM_COMMERCIAL: LETROZOLE
INGRÉDIENTS_ACTIFS:
- NOM=Létrozole; CONCENTRATION=2.5; UNITÉ=MG
FORMES_PHARMACEUTIQUES: Comprimé
VOIES_ADMINISTRATION: Orale
ANNEXES: Médicaments sur ordonnance
ÉTAT_DU_PRODUIT: COMMERCIALISÉ
ENTREPRISE: PRO DOC LIMITEE","{""din"":[""02402025""],""brand_name"":""LETROZOLE"",""active_ingredients"":[{""name"":""Létrozole"",""strength"":2.5,""unit"":""MG""}],""dosage_forms"":[""Comprimé""],""routes"":[""Orale""],""schedule"":[""Médicaments sur ordonnance""],""product_status"":""COMMERCIALISÉ"",""company"":""PRO DOC LIMITEE""}","{""archive_file_id"":""dpd_marketed_archive"",""archive_members"":{""comp.txt"":[6467],""drug.txt"":[6467],""form.txt"":[6553],""ingred.txt"":[9261],""route.txt"":[7631],""schedule.txt"":[6600],""status.txt"":[30798]},""archive_sha256"":""94c8ef8639fd07eea9c134d8ede137d77574d4ae6761955f5aa582558ec38b25"",""drug_codes"":[""88690""],""language"":""fr"",""source_dataset_id"":""hc_dpd_source_snapshot"",""source_dataset_version"":""2026.7.2"",""source_manifest_sha256"":""f674732805de6a311d5882c2e7e33747a7e214beb123d9e42c944e1ad195eba0""}",True,1,pass,[],"{""din"":[""02402025""],""brand_name"":""LETROZOLE"",""active_ingredients"":[{""name"":""Létrozole"",""strength"":""2.5"",""unit"":""MG""}],""dosage_forms"":[""Comprimé""],""routes"":[""Orale""],""schedule"":[""Médicaments sur ordonnance""],""product_status"":""COMMERCIALISÉ"",""company"":""PRO DOC LIMITEE""}",True,1,pass,[],"{""din"":[""02402025""],""brand_name"":""LETROZOLE"",""active_ingredients"":[{""name"":""Létrozole"",""strength"":""2.5"",""unit"":""MG""}],""dosage_forms"":[""Comprimé""],""routes"":[""Orale""],""schedule"":[""Médicaments sur ordonnance""],""product_status"":""COMMERCIALISÉ"",""company"":""PRO DOC LIMITEE""}",False,0.625,schema_type_only,"[""brand_name"",""company"",""product_status""]","{""din"":[""02402025""],""brand_name"":[""LETROZOLE""],""active_ingredients"":[{""name"":""Létrozole"",""strength"":""2.5"",""unit"":""MG""}],""dosage_forms"":[""Comprimé""],""routes"":[""Orale""],""schedule"":[""Médicaments sur ordonnance""],""product_status"":[""COMMERCIALISÉ""],""company"":[""PRO DOC LIMITEE""]}",True,1,pass,[],"{""din"":[""02402025""],""brand_name"":""LETROZOLE"",""active_ingredients"":[{""name"":""Létrozole"",""strength"":""2.5"",""unit"":""MG""}],""dosage_forms"":[""Comprimé""],""routes"":[""Orale""],""schedule"":[""Médicaments sur ordonnance""],""product_status"":""COMMERCIALISÉ"",""company"":""PRO DOC LIMITEE""}",Verify the strict scalar and list JSON contract.,pending,,,,,,,,,
hc-dpd-review-0023,comparison_only_failure,2,Review cases passed by gpt_5_6_sol and failed by gpt_5_6_terra.,hc_dpd_2bc6e6c1885fc04c_en,hc_dpd_2bc6e6c1885fc04c,en,multi_variant,FOQUEST,"Extract drug-product facts from the Health Canada Drug Product Database source record below. Return only one JSON object with exactly the keys din, brand_name, active_ingredients, dosage_forms, routes, schedule, product_status, and company. din, dosage_forms, routes, and schedule must be lists. active_ingredients must be a list of objects with name, strength, and unit keys. Combine distinct facts from every variant and do not infer values.

DPD SOURCE RECORD (ENGLISH)

VARIANT 1
DRUG_CODE: 95927
DIN: 02470292
BRAND_NAME: FOQUEST
ACTIVE_INGREDIENTS:
- NAME=METHYLPHENIDATE HYDROCHLORIDE; STRENGTH=25; UNIT=MG
DOSAGE_FORMS: CAPSULE (CONTROLLED RELEASE)
ROUTES: ORAL
SCHEDULES: CONTROLLED DRUGS (CDSA III)
PRODUCT_STATUS: MARKETED
COMPANY: ELVIUM LIFE SCIENCES

VARIANT 2
DRUG_CODE: 95928
DIN: 02470306
BRAND_NAME: FOQUEST
ACTIVE_INGREDIENTS:
- NAME=METHYLPHENIDATE HYDROCHLORIDE; STRENGTH=35; UNIT=MG
DOSAGE_FORMS: CAPSULE (CONTROLLED RELEASE)
ROUTES: ORAL
SCHEDULES: CONTROLLED DRUGS (CDSA III)
PRODUCT_STATUS: MARKETED
COMPANY: ELVIUM LIFE SCIENCES

VARIANT 3
DRUG_CODE: 95929
DIN: 02470314
BRAND_NAME: FOQUEST
ACTIVE_INGREDIENTS:
- NAME=METHYLPHENIDATE HYDROCHLORIDE; STRENGTH=45; UNIT=MG
DOSAGE_FORMS: CAPSULE (CONTROLLED RELEASE)
ROUTES: ORAL
SCHEDULES: CONTROLLED DRUGS (CDSA III)
PRODUCT_STATUS: MARKETED
COMPANY: ELVIUM LIFE SCIENCES

VARIANT 4
DRUG_CODE: 95930
DIN: 02470322
BRAND_NAME: FOQUEST
ACTIVE_INGREDIENTS:
- NAME=METHYLPHENIDATE HYDROCHLORIDE; STRENGTH=55; UNIT=MG
DOSAGE_FORMS: CAPSULE (CONTROLLED RELEASE)
ROUTES: ORAL
SCHEDULES: CONTROLLED DRUGS (CDSA III)
PRODUCT_STATUS: MARKETED
COMPANY: ELVIUM LIFE SCIENCES

VARIANT 5
DRUG_CODE: 95931
DIN: 02470330
BRAND_NAME: FOQUEST
ACTIVE_INGREDIENTS:
- NAME=METHYLPHENIDATE HYDROCHLORIDE; STRENGTH=70; UNIT=MG
DOSAGE_FORMS: CAPSULE (CONTROLLED RELEASE)
ROUTES: ORAL
SCHEDULES: CONTROLLED DRUGS (CDSA III)
PRODUCT_STATUS: MARKETED
COMPANY: ELVIUM LIFE SCIENCES

VARIANT 6
DRUG_CODE: 95932
DIN: 02470349
BRAND_NAME: FOQUEST
ACTIVE_INGREDIENTS:
- NAME=METHYLPHENIDATE HYDROCHLORIDE; STRENGTH=85; UNIT=MG
DOSAGE_FORMS: CAPSULE (CONTROLLED RELEASE)
ROUTES: ORAL
SCHEDULES: CONTROLLED DRUGS (CDSA III)
PRODUCT_STATUS: MARKETED
COMPANY: ELVIUM LIFE SCIENCES

VARIANT 7
DRUG_CODE: 95933
DIN: 02470357
BRAND_NAME: FOQUEST
ACTIVE_INGREDIENTS:
- NAME=METHYLPHENIDATE HYDROCHLORIDE; STRENGTH=100; UNIT=MG
DOSAGE_FORMS: CAPSULE (CONTROLLED RELEASE)
ROUTES: ORAL
SCHEDULES: CONTROLLED DRUGS (CDSA III)
PRODUCT_STATUS: MARKETED
COMPANY: ELVIUM LIFE SCIENCES","{""din"":[""02470292"",""02470306"",""02470314"",""02470322"",""02470330"",""02470349"",""02470357""],""brand_name"":""FOQUEST"",""active_ingredients"":[{""name"":""METHYLPHENIDATE HYDROCHLORIDE"",""strength"":25,""unit"":""MG""},{""name"":""METHYLPHENIDATE HYDROCHLORIDE"",""strength"":35,""unit"":""MG""},{""name"":""METHYLPHENIDATE HYDROCHLORIDE"",""strength"":45,""unit"":""MG""},{""name"":""METHYLPHENIDATE HYDROCHLORIDE"",""strength"":55,""unit"":""MG""},{""name"":""METHYLPHENIDATE HYDROCHLORIDE"",""strength"":70,""unit"":""MG""},{""name"":""METHYLPHENIDATE HYDROCHLORIDE"",""strength"":85,""unit"":""MG""},{""name"":""METHYLPHENIDATE HYDROCHLORIDE"",""strength"":100,""unit"":""MG""}],""dosage_forms"":[""CAPSULE (CONTROLLED RELEASE)""],""routes"":[""ORAL""],""schedule"":[""CONTROLLED DRUGS (CDSA III)""],""product_status"":""MARKETED"",""company"":""ELVIUM LIFE SCIENCES""}","{""archive_file_id"":""dpd_marketed_archive"",""archive_members"":{""comp.txt"":[8815,8816,8817,8818,8819,8820,8821],""drug.txt"":[8815,8816,8817,8818,8819,8820,8821],""form.txt"":[8983,8984,8985,8986,8987,8988,8989],""ingred.txt"":[12521,12522,12523,12524,12525,12526,12527],""route.txt"":[10423,10424,10425,10426,10427,10428,10429],""schedule.txt"":[9033,9034,9035,9036,9037,9038,9039],""status.txt"":[38698,38703,38708,38713,38718,38723,38726]},""archive_sha256"":""94c8ef8639fd07eea9c134d8ede137d77574d4ae6761955f5aa582558ec38b25"",""drug_codes"":[""95927"",""95928"",""95929"",""95930"",""95931"",""95932"",""95933""],""language"":""en"",""source_dataset_id"":""hc_dpd_source_snapshot"",""source_dataset_version"":""2026.7.2"",""source_manifest_sha256"":""f674732805de6a311d5882c2e7e33747a7e214beb123d9e42c944e1ad195eba0""}",True,1,pass,[],"{""din"":[""02470292"",""02470306"",""02470314"",""02470322"",""02470330"",""02470349"",""02470357""],""brand_name"":""FOQUEST"",""active_ingredients"":[{""name"":""METHYLPHENIDATE HYDROCHLORIDE"",""strength"":""25"",""unit"":""MG""},{""name"":""METHYLPHENIDATE HYDROCHLORIDE"",""strength"":""35"",""unit"":""MG""},{""name"":""METHYLPHENIDATE HYDROCHLORIDE"",""strength"":""45"",""unit"":""MG""},{""name"":""METHYLPHENIDATE HYDROCHLORIDE"",""strength"":""55"",""unit"":""MG""},{""name"":""METHYLPHENIDATE HYDROCHLORIDE"",""strength"":""70"",""unit"":""MG""},{""name"":""METHYLPHENIDATE HYDROCHLORIDE"",""strength"":""85"",""unit"":""MG""},{""name"":""METHYLPHENIDATE HYDROCHLORIDE"",""strength"":""100"",""unit"":""MG""}],""dosage_forms"":[""CAPSULE (CONTROLLED RELEASE)""],""routes"":[""ORAL""],""schedule"":[""CONTROLLED DRUGS (CDSA III)""],""product_status"":""MARKETED"",""company"":""ELVIUM LIFE SCIENCES""}",True,1,pass,[],"{""din"":[""02470292"",""02470306"",""02470314"",""02470322"",""02470330"",""02470349"",""02470357""],""brand_name"":""FOQUEST"",""active_ingredients"":[{""name"":""METHYLPHENIDATE HYDROCHLORIDE"",""strength"":25,""unit"":""MG""},{""name"":""METHYLPHENIDATE HYDROCHLORIDE"",""strength"":35,""unit"":""MG""},{""name"":""METHYLPHENIDATE HYDROCHLORIDE"",""strength"":45,""unit"":""MG""},{""name"":""METHYLPHENIDATE HYDROCHLORIDE"",""strength"":55,""unit"":""MG""},{""name"":""METHYLPHENIDATE HYDROCHLORIDE"",""strength"":70,""unit"":""MG""},{""name"":""METHYLPHENIDATE HYDROCHLORIDE"",""strength"":85,""unit"":""MG""},{""name"":""METHYLPHENIDATE HYDROCHLORIDE"",""strength"":100,""unit"":""MG""}],""dosage_forms"":[""CAPSULE (CONTROLLED RELEASE)""],""routes"":[""ORAL""],""schedule"":[""CONTROLLED DRUGS (CDSA III)""],""product_status"":""MARKETED"",""company"":""ELVIUM LIFE SCIENCES""}",False,0.875,text_or_value_error,"[""active_ingredients""]","{""din"":[""02470292"",""02470306"",""02470314"",""02470322"",""02470330"",""02470349"",""02470357""],""brand_name"":""FOQUEST"",""active_ingredients"":[{""name"":""METHYLPHENIDATE HYDROCHLORIDE"",""strength"":""25"",""unit"":""MG""},{""name"":""METHYLPHENIDATE HYDROCHLORIDE"",""strength"":""35"",""unit"":""MG""},{""name"":""METHYLPHENIDATE HYDROCHLORIDE"",""strength"":""45"",""unit"":""MG""},{""name"":""METHYLPHENIDATE HYDROCHLIDE"",""strength"":""55"",""unit"":""MG""},{""name"":""METHYLPHENIDATE HYDROCHLORIDE"",""strength"":""70"",""unit"":""MG""},{""name"":""METHYLPHENIDATE HYDROCHLORIDE"",""strength"":""85"",""unit"":""MG""},{""name"":""METHYLPHENIDATE HYDROCHLORIDE"",""strength"":""100"",""unit"":""MG""}],""dosage_forms"":[""CAPSULE (CONTROLLED RELEASE)""],""routes"":[""ORAL""],""schedule"":[""CONTROLLED DRUGS (CDSA III)""],""product_status"":""MARKETED"",""company"":""ELVIUM LIFE SCIENCES""}",True,1,pass,[],"{""din"":[""02470292"",""02470306"",""02470314"",""02470322"",""02470330"",""02470349"",""02470357""],""brand_name"":""FOQUEST"",""active_ingredients"":[{""name"":""METHYLPHENIDATE HYDROCHLORIDE"",""strength"":""25"",""unit"":""MG""},{""name"":""METHYLPHENIDATE HYDROCHLORIDE"",""strength"":""35"",""unit"":""MG""},{""name"":""METHYLPHENIDATE HYDROCHLORIDE"",""strength"":""45"",""unit"":""MG""},{""name"":""METHYLPHENIDATE HYDROCHLORIDE"",""strength"":""55"",""unit"":""MG""},{""name"":""METHYLPHENIDATE HYDROCHLORIDE"",""strength"":""70"",""unit"":""MG""},{""name"":""METHYLPHENIDATE HYDROCHLORIDE"",""strength"":""85"",""unit"":""MG""},{""name"":""METHYLPHENIDATE HYDROCHLORIDE"",""strength"":""100"",""unit"":""MG""}],""dosage_forms"":[""CAPSULE (CONTROLLED RELEASE)""],""routes"":[""ORAL""],""schedule"":[""CONTROLLED DRUGS (CDSA III)""],""product_status"":""MARKETED"",""company"":""ELVIUM LIFE SCIENCES""}",Compare the transcription with the frozen source label.,pending,,,,,,,,,
hc-dpd-review-0024,comparison_only_failure,2,Review cases passed by gpt_5_6_sol and failed by gpt_5_6_terra.,hc_dpd_3389f2bf29575e6a_en,hc_dpd_3389f2bf29575e6a,en,multi_ingredient,SUNSCREEN CONTINUOUS SPRAY NO PUMPING NEEDED,"Extract drug-product facts from the Health Canada Drug Product Database source record below. Return only one JSON object with exactly the keys din, brand_name, active_ingredients, dosage_forms, routes, schedule, product_status, and company. din, dosage_forms, routes, and schedule must be lists. active_ingredients must be a list of objects with name, strength, and unit keys. Combine distinct facts from every variant and do not infer values.

DPD SOURCE RECORD (ENGLISH)

VARIANT 1
DRUG_CODE: 93311
DIN: 02447525
BRAND_NAME: SUNSCREEN CONTINUOUS SPRAY NO PUMPING NEEDED
ACTIVE_INGREDIENTS:
- NAME=OXYBENZONE; STRENGTH=4; UNIT=%
- NAME=AVOBENZONE; STRENGTH=2; UNIT=%
- NAME=HOMOSALATE; STRENGTH=15; UNIT=%
- NAME=OCTISALATE; STRENGTH=5; UNIT=%
DOSAGE_FORMS: SPRAY, BAG-ON-VALVE
ROUTES: TOPICAL
SCHEDULES: NON-PRESCRIPTION DRUGS
PRODUCT_STATUS: MARKETED
COMPANY: FRUIT OF THE EARTH, INC","{""din"":[""02447525""],""brand_name"":""SUNSCREEN CONTINUOUS SPRAY NO PUMPING NEEDED"",""active_ingredients"":[{""name"":""AVOBENZONE"",""strength"":2,""unit"":""%""},{""name"":""HOMOSALATE"",""strength"":15,""unit"":""%""},{""name"":""OCTISALATE"",""strength"":5,""unit"":""%""},{""name"":""OXYBENZONE"",""strength"":4,""unit"":""%""}],""dosage_forms"":[""SPRAY, BAG-ON-VALVE""],""routes"":[""TOPICAL""],""schedule"":[""NON-PRESCRIPTION DRUGS""],""product_status"":""MARKETED"",""company"":""FRUIT OF THE EARTH, INC""}","{""archive_file_id"":""dpd_marketed_archive"",""archive_members"":{""comp.txt"":[7849],""drug.txt"":[7849],""form.txt"":[7991],""ingred.txt"":[11197,11198,11199,11200],""route.txt"":[9227],""schedule.txt"":[8018],""status.txt"":[36011]},""archive_sha256"":""94c8ef8639fd07eea9c134d8ede137d77574d4ae6761955f5aa582558ec38b25"",""drug_codes"":[""93311""],""language"":""en"",""source_dataset_id"":""hc_dpd_source_snapshot"",""source_dataset_version"":""2026.7.2"",""source_manifest_sha256"":""f674732805de6a311d5882c2e7e33747a7e214beb123d9e42c944e1ad195eba0""}",False,0.875,compound_label_split_only,"[""dosage_forms""]","{""din"":[""02447525""],""brand_name"":""SUNSCREEN CONTINUOUS SPRAY NO PUMPING NEEDED"",""active_ingredients"":[{""name"":""OXYBENZONE"",""strength"":""4"",""unit"":""%""},{""name"":""AVOBENZONE"",""strength"":""2"",""unit"":""%""},{""name"":""HOMOSALATE"",""strength"":""15"",""unit"":""%""},{""name"":""OCTISALATE"",""strength"":""5"",""unit"":""%""}],""dosage_forms"":[""SPRAY"",""BAG-ON-VALVE""],""routes"":[""TOPICAL""],""schedule"":[""NON-PRESCRIPTION DRUGS""],""product_status"":""MARKETED"",""company"":""FRUIT OF THE EARTH, INC""}",True,1,pass,[],"{""din"":[""02447525""],""brand_name"":""SUNSCREEN CONTINUOUS SPRAY NO PUMPING NEEDED"",""active_ingredients"":[{""name"":""OXYBENZONE"",""strength"":""4"",""unit"":""%""},{""name"":""AVOBENZONE"",""strength"":""2"",""unit"":""%""},{""name"":""HOMOSALATE"",""strength"":""15"",""unit"":""%""},{""name"":""OCTISALATE"",""strength"":""5"",""unit"":""%""}],""dosage_forms"":[""SPRAY, BAG-ON-VALVE""],""routes"":[""TOPICAL""],""schedule"":[""NON-PRESCRIPTION DRUGS""],""product_status"":""MARKETED"",""company"":""FRUIT OF THE EARTH, INC""}",False,0.875,compound_label_split_only,"[""dosage_forms""]","{""din"":[""02447525""],""brand_name"":""SUNSCREEN CONTINUOUS SPRAY NO PUMPING NEEDED"",""active_ingredients"":[{""name"":""OXYBENZONE"",""strength"":""4"",""unit"":""%""},{""name"":""AVOBENZONE"",""strength"":""2"",""unit"":""%""},{""name"":""HOMOSALATE"",""strength"":""15"",""unit"":""%""},{""name"":""OCTISALATE"",""strength"":""5"",""unit"":""%""}],""dosage_forms"":[""SPRAY"",""BAG-ON-VALVE""],""routes"":[""TOPICAL""],""schedule"":[""NON-PRESCRIPTION DRUGS""],""product_status"":""MARKETED"",""company"":""FRUIT OF THE EARTH, INC""}",True,1,pass,[],"{""din"":[""02447525""],""brand_name"":""SUNSCREEN CONTINUOUS SPRAY NO PUMPING NEEDED"",""active_ingredients"":[{""name"":""OXYBENZONE"",""strength"":""4"",""unit"":""%""},{""name"":""AVOBENZONE"",""strength"":""2"",""unit"":""%""},{""name"":""HOMOSALATE"",""strength"":""15"",""unit"":""%""},{""name"":""OCTISALATE"",""strength"":""5"",""unit"":""%""}],""dosage_forms"":[""SPRAY, BAG-ON-VALVE""],""routes"":[""TOPICAL""],""schedule"":[""NON-PRESCRIPTION DRUGS""],""product_status"":""MARKETED"",""company"":""FRUIT OF THE EARTH, INC""}",Adjudicate whether the rendered compound DPD label is unambiguous.,pending,,,,,,,,,
hc-dpd-review-0025,comparison_only_failure,2,Review cases passed by gpt_5_6_sol and failed by gpt_5_6_terra.,hc_dpd_33db518b6565e536_en,hc_dpd_33db518b6565e536,en,multi_ingredient,SUNSCREEN CONTINUOUS SPRAY,"Extract drug-product facts from the Health Canada Drug Product Database source record below. Return only one JSON object with exactly the keys din, brand_name, active_ingredients, dosage_forms, routes, schedule, product_status, and company. din, dosage_forms, routes, and schedule must be lists. active_ingredients must be a list of objects with name, strength, and unit keys. Combine distinct facts from every variant and do not infer values.

DPD SOURCE RECORD (ENGLISH)

VARIANT 1
DRUG_CODE: 93322
DIN: 02447649
BRAND_NAME: SUNSCREEN CONTINUOUS SPRAY
ACTIVE_INGREDIENTS:
- NAME=OXYBENZONE; STRENGTH=3; UNIT=%
- NAME=AVOBENZONE; STRENGTH=2; UNIT=%
- NAME=HOMOSALATE; STRENGTH=10; UNIT=%
- NAME=OCTISALATE; STRENGTH=5; UNIT=%
DOSAGE_FORMS: SPRAY, BAG-ON-VALVE
ROUTES: TOPICAL
SCHEDULES: NON-PRESCRIPTION DRUGS
PRODUCT_STATUS: MARKETED
COMPANY: FRUIT OF THE EARTH, INC","{""din"":[""02447649""],""brand_name"":""SUNSCREEN CONTINUOUS SPRAY"",""active_ingredients"":[{""name"":""AVOBENZONE"",""strength"":2,""unit"":""%""},{""name"":""HOMOSALATE"",""strength"":10,""unit"":""%""},{""name"":""OCTISALATE"",""strength"":5,""unit"":""%""},{""name"":""OXYBENZONE"",""strength"":3,""unit"":""%""}],""dosage_forms"":[""SPRAY, BAG-ON-VALVE""],""routes"":[""TOPICAL""],""schedule"":[""NON-PRESCRIPTION DRUGS""],""product_status"":""MARKETED"",""company"":""FRUIT OF THE EARTH, INC""}","{""archive_file_id"":""dpd_marketed_archive"",""archive_members"":{""comp.txt"":[7859],""drug.txt"":[7859],""form.txt"":[8001],""ingred.txt"":[11217,11218,11219,11220],""route.txt"":[9240],""schedule.txt"":[8028],""status.txt"":[36035]},""archive_sha256"":""94c8ef8639fd07eea9c134d8ede137d77574d4ae6761955f5aa582558ec38b25"",""drug_codes"":[""93322""],""language"":""en"",""source_dataset_id"":""hc_dpd_source_snapshot"",""source_dataset_version"":""2026.7.2"",""source_manifest_sha256"":""f674732805de6a311d5882c2e7e33747a7e214beb123d9e42c944e1ad195eba0""}",False,0.875,compound_label_split_only,"[""dosage_forms""]","{""din"":[""02447649""],""brand_name"":""SUNSCREEN CONTINUOUS SPRAY"",""active_ingredients"":[{""name"":""OXYBENZONE"",""strength"":""3"",""unit"":""%""},{""name"":""AVOBENZONE"",""strength"":""2"",""unit"":""%""},{""name"":""HOMOSALATE"",""strength"":""10"",""unit"":""%""},{""name"":""OCTISALATE"",""strength"":""5"",""unit"":""%""}],""dosage_forms"":[""SPRAY"",""BAG-ON-VALVE""],""routes"":[""TOPICAL""],""schedule"":[""NON-PRESCRIPTION DRUGS""],""product_status"":""MARKETED"",""company"":""FRUIT OF THE EARTH, INC""}",True,1,pass,[],"{""din"":[""02447649""],""brand_name"":""SUNSCREEN CONTINUOUS SPRAY"",""active_ingredients"":[{""name"":""OXYBENZONE"",""strength"":""3"",""unit"":""%""},{""name"":""AVOBENZONE"",""strength"":""2"",""unit"":""%""},{""name"":""HOMOSALATE"",""strength"":""10"",""unit"":""%""},{""name"":""OCTISALATE"",""strength"":""5"",""unit"":""%""}],""dosage_forms"":[""SPRAY, BAG-ON-VALVE""],""routes"":[""TOPICAL""],""schedule"":[""NON-PRESCRIPTION DRUGS""],""product_status"":""MARKETED"",""company"":""FRUIT OF THE EARTH, INC""}",False,0.875,compound_label_split_only,"[""dosage_forms""]","{""din"":[""02447649""],""brand_name"":""SUNSCREEN CONTINUOUS SPRAY"",""active_ingredients"":[{""name"":""OXYBENZONE"",""strength"":""3"",""unit"":""%""},{""name"":""AVOBENZONE"",""strength"":""2"",""unit"":""%""},{""name"":""HOMOSALATE"",""strength"":""10"",""unit"":""%""},{""name"":""OCTISALATE"",""strength"":""5"",""unit"":""%""}],""dosage_forms"":[""SPRAY"",""BAG-ON-VALVE""],""routes"":[""TOPICAL""],""schedule"":[""NON-PRESCRIPTION DRUGS""],""product_status"":""MARKETED"",""company"":""FRUIT OF THE EARTH, INC""}",True,1,pass,[],"{""din"":[""02447649""],""brand_name"":""SUNSCREEN CONTINUOUS SPRAY"",""active_ingredients"":[{""name"":""OXYBENZONE"",""strength"":""3"",""unit"":""%""},{""name"":""AVOBENZONE"",""strength"":""2"",""unit"":""%""},{""name"":""HOMOSALATE"",""strength"":""10"",""unit"":""%""},{""name"":""OCTISALATE"",""strength"":""5"",""unit"":""%""}],""dosage_forms"":[""SPRAY, BAG-ON-VALVE""],""routes"":[""TOPICAL""],""schedule"":[""NON-PRESCRIPTION DRUGS""],""product_status"":""MARKETED"",""company"":""FRUIT OF THE EARTH, INC""}",Adjudicate whether the rendered compound DPD label is unambiguous.,pending,,,,,,,,,
hc-dpd-review-0026,comparison_only_failure,2,Review cases passed by gpt_5_6_sol and failed by gpt_5_6_terra.,hc_dpd_37ab926b4da9aa1e_en,hc_dpd_37ab926b4da9aa1e,en,multi_ingredient,SUNSCREEN CONTINUOUS SPRAY SPF 50,"Extract drug-product facts from the Health Canada Drug Product Database source record below. Return only one JSON object with exactly the keys din, brand_name, active_ingredients, dosage_forms, routes, schedule, product_status, and company. din, dosage_forms, routes, and schedule must be lists. active_ingredients must be a list of objects with name, strength, and unit keys. Combine distinct facts from every variant and do not infer values.

DPD SOURCE RECORD (ENGLISH)

VARIANT 1
DRUG_CODE: 98514
DIN: 02495201
BRAND_NAME: SUNSCREEN CONTINUOUS SPRAY SPF 50
ACTIVE_INGREDIENTS:
- NAME=AVOBENZONE; STRENGTH=3; UNIT=%
- NAME=HOMOSALATE; STRENGTH=10; UNIT=%
- NAME=OCTOCRYLENE; STRENGTH=5; UNIT=%
- NAME=OCTISALATE; STRENGTH=5; UNIT=%
DOSAGE_FORMS: SPRAY, BAG-ON-VALVE
ROUTES: TOPICAL
SCHEDULES: NON-PRESCRIPTION DRUGS
PRODUCT_STATUS: MARKETED
COMPANY: PRIME ENTERPRISES, LLC","{""din"":[""02495201""],""brand_name"":""SUNSCREEN CONTINUOUS SPRAY SPF 50"",""active_ingredients"":[{""name"":""AVOBENZONE"",""strength"":3,""unit"":""%""},{""name"":""HOMOSALATE"",""strength"":10,""unit"":""%""},{""name"":""OCTISALATE"",""strength"":5,""unit"":""%""},{""name"":""OCTOCRYLENE"",""strength"":5,""unit"":""%""}],""dosage_forms"":[""SPRAY, BAG-ON-VALVE""],""routes"":[""TOPICAL""],""schedule"":[""NON-PRESCRIPTION DRUGS""],""product_status"":""MARKETED"",""company"":""PRIME ENTERPRISES, LLC""}","{""archive_file_id"":""dpd_marketed_archive"",""archive_members"":{""comp.txt"":[10013],""drug.txt"":[10013],""form.txt"":[10214],""ingred.txt"":[14343,14344,14345,14346],""route.txt"":[11827],""schedule.txt"":[10299],""status.txt"":[41775]},""archive_sha256"":""94c8ef8639fd07eea9c134d8ede137d77574d4ae6761955f5aa582558ec38b25"",""drug_codes"":[""98514""],""language"":""en"",""source_dataset_id"":""hc_dpd_source_snapshot"",""source_dataset_version"":""2026.7.2"",""source_manifest_sha256"":""f674732805de6a311d5882c2e7e33747a7e214beb123d9e42c944e1ad195eba0""}",False,0.875,compound_label_split_only,"[""dosage_forms""]","{""din"":[""02495201""],""brand_name"":""SUNSCREEN CONTINUOUS SPRAY SPF 50"",""active_ingredients"":[{""name"":""AVOBENZONE"",""strength"":""3"",""unit"":""%""},{""name"":""HOMOSALATE"",""strength"":""10"",""unit"":""%""},{""name"":""OCTOCRYLENE"",""strength"":""5"",""unit"":""%""},{""name"":""OCTISALATE"",""strength"":""5"",""unit"":""%""}],""dosage_forms"":[""SPRAY"",""BAG-ON-VALVE""],""routes"":[""TOPICAL""],""schedule"":[""NON-PRESCRIPTION DRUGS""],""product_status"":""MARKETED"",""company"":""PRIME ENTERPRISES, LLC""}",False,0.75,schema_and_label_split,"[""din"",""dosage_forms""]","{""din"":""02495201"",""brand_name"":""SUNSCREEN CONTINUOUS SPRAY SPF 50"",""active_ingredients"":[{""name"":""AVOBENZONE"",""strength"":""3"",""unit"":""%""},{""name"":""HOMOSALATE"",""strength"":""10"",""unit"":""%""},{""name"":""OCTOCRYLENE"",""strength"":""5"",""unit"":""%""},{""name"":""OCTISALATE"",""strength"":""5"",""unit"":""%""}],""dosage_forms"":[""SPRAY"",""BAG-ON-VALVE""],""routes"":[""TOPICAL""],""schedule"":[""NON-PRESCRIPTION DRUGS""],""product_status"":""MARKETED"",""company"":""PRIME ENTERPRISES, LLC""}",False,0.875,compound_label_split_only,"[""dosage_forms""]","{""din"":[""02495201""],""brand_name"":""SUNSCREEN CONTINUOUS SPRAY SPF 50"",""active_ingredients"":[{""name"":""AVOBENZONE"",""strength"":""3"",""unit"":""%""},{""name"":""HOMOSALATE"",""strength"":""10"",""unit"":""%""},{""name"":""OCTOCRYLENE"",""strength"":""5"",""unit"":""%""},{""name"":""OCTISALATE"",""strength"":""5"",""unit"":""%""}],""dosage_forms"":[""SPRAY"",""BAG-ON-VALVE""],""routes"":[""TOPICAL""],""schedule"":[""NON-PRESCRIPTION DRUGS""],""product_status"":""MARKETED"",""company"":""PRIME ENTERPRISES, LLC""}",True,1,pass,[],"{""din"":[""02495201""],""brand_name"":""SUNSCREEN CONTINUOUS SPRAY SPF 50"",""active_ingredients"":[{""name"":""AVOBENZONE"",""strength"":""3"",""unit"":""%""},{""name"":""HOMOSALATE"",""strength"":""10"",""unit"":""%""},{""name"":""OCTOCRYLENE"",""strength"":""5"",""unit"":""%""},{""name"":""OCTISALATE"",""strength"":""5"",""unit"":""%""}],""dosage_forms"":[""SPRAY, BAG-ON-VALVE""],""routes"":[""TOPICAL""],""schedule"":[""NON-PRESCRIPTION DRUGS""],""product_status"":""MARKETED"",""company"":""PRIME ENTERPRISES, LLC""}",Adjudicate whether the rendered compound DPD label is unambiguous.,pending,,,,,,,,,
hc-dpd-review-0027,comparison_only_failure,2,Review cases passed by gpt_5_6_sol and failed by gpt_5_6_terra.,hc_dpd_37b23d6dd978e0f6_fr,hc_dpd_37b23d6dd978e0f6,fr,single_ingredient,AMIKACIN SULFATE INJECTION,"Extrayez les faits de produit pharmaceutique du dossier source de la Base de données sur les produits pharmaceutiques de Santé Canada ci-dessous. Retournez uniquement un objet JSON avec exactement les clés din, brand_name, active_ingredients, dosage_forms, routes, schedule, product_status et company. din, dosage_forms, routes et schedule doivent être des listes. active_ingredients doit être une liste d'objets ayant les clés name, strength et unit. Regroupez les faits distincts de toutes les variantes, sans rien déduire.

DOSSIER SOURCE DPD (FRANÇAIS)

VARIANTE 1
DRUG_CODE: 97689
DIN: 02486717
NOM_COMMERCIAL: AMIKACIN SULFATE INJECTION
INGRÉDIENTS_ACTIFS:
- NOM=Amikacine (Sulfate d'amikacine); CONCENTRATION=250; UNITÉ=MG
FORMES_PHARMACEUTIQUES: Solution
VOIES_ADMINISTRATION: Intramusculaire | Intraveineuse
ANNEXES: Médicaments sur ordonnance
ÉTAT_DU_PRODUIT: COMMERCIALISÉ
ENTREPRISE: OMEGA LABORATORIES LIMITED","{""din"":[""02486717""],""brand_name"":""AMIKACIN SULFATE INJECTION"",""active_ingredients"":[{""name"":""Amikacine (Sulfate d'amikacine)"",""strength"":250,""unit"":""MG""}],""dosage_forms"":[""Solution""],""routes"":[""Intramusculaire"",""Intraveineuse""],""schedule"":[""Médicaments sur ordonnance""],""product_status"":""COMMERCIALISÉ"",""company"":""OMEGA LABORATORIES LIMITED""}","{""archive_file_id"":""dpd_marketed_archive"",""archive_members"":{""comp.txt"":[9569],""drug.txt"":[9569],""form.txt"":[9761],""ingred.txt"":[13585],""route.txt"":[11331,11332],""schedule.txt"":[9837],""status.txt"":[40691]},""archive_sha256"":""94c8ef8639fd07eea9c134d8ede137d77574d4ae6761955f5aa582558ec38b25"",""drug_codes"":[""97689""],""language"":""fr"",""source_dataset_id"":""hc_dpd_source_snapshot"",""source_dataset_version"":""2026.7.2"",""source_manifest_sha256"":""f674732805de6a311d5882c2e7e33747a7e214beb123d9e42c944e1ad195eba0""}",False,0.625,schema_type_only,"[""brand_name"",""company"",""product_status""]","{""din"":[""02486717""],""brand_name"":[""AMIKACIN SULFATE INJECTION""],""active_ingredients"":[{""name"":""Amikacine (Sulfate d'amikacine)"",""strength"":""250"",""unit"":""MG""}],""dosage_forms"":[""Solution""],""routes"":[""Intramusculaire"",""Intraveineuse""],""schedule"":[""Médicaments sur ordonnance""],""product_status"":[""COMMERCIALISÉ""],""company"":[""OMEGA LABORATORIES LIMITED""]}",True,1,pass,[],"{""din"":[""02486717""],""brand_name"":""AMIKACIN SULFATE INJECTION"",""active_ingredients"":[{""name"":""Amikacine (Sulfate d'amikacine)"",""strength"":""250"",""unit"":""MG""}],""dosage_forms"":[""Solution""],""routes"":[""Intramusculaire"",""Intraveineuse""],""schedule"":[""Médicaments sur ordonnance""],""product_status"":""COMMERCIALISÉ"",""company"":""OMEGA LABORATORIES LIMITED""}",False,0.625,schema_type_only,"[""brand_name"",""company"",""product_status""]","{""din"":[""02486717""],""brand_name"":[""AMIKACIN SULFATE INJECTION""],""active_ingredients"":[{""name"":""Amikacine (Sulfate d'amikacine)"",""strength"":""250"",""unit"":""MG""}],""dosage_forms"":[""Solution""],""routes"":[""Intramusculaire"",""Intraveineuse""],""schedule"":[""Médicaments sur ordonnance""],""product_status"":[""COMMERCIALISÉ""],""company"":[""OMEGA LABORATORIES LIMITED""]}",True,1,pass,[],"{""din"":[""02486717""],""brand_name"":""AMIKACIN SULFATE INJECTION"",""active_ingredients"":[{""name"":""Amikacine (Sulfate d'amikacine)"",""strength"":""250"",""unit"":""MG""}],""dosage_forms"":[""Solution""],""routes"":[""Intramusculaire"",""Intraveineuse""],""schedule"":[""Médicaments sur ordonnance""],""product_status"":""COMMERCIALISÉ"",""company"":""OMEGA LABORATORIES LIMITED""}",Verify the strict scalar and list JSON contract.,pending,,,,,,,,,
hc-dpd-review-0028,comparison_only_failure,2,Review cases passed by gpt_5_6_sol and failed by gpt_5_6_terra.,hc_dpd_40b574fa64c87b42_en,hc_dpd_40b574fa64c87b42,en,multi_ingredient,ACID CONCENTRATE D12290,"Extract drug-product facts from the Health Canada Drug Product Database source record below. Return only one JSON object with exactly the keys din, brand_name, active_ingredients, dosage_forms, routes, schedule, product_status, and company. din, dosage_forms, routes, and schedule must be lists. active_ingredients must be a list of objects with name, strength, and unit keys. Combine distinct facts from every variant and do not infer values.

DPD SOURCE RECORD (ENGLISH)

VARIANT 1
DRUG_CODE: 20041
DIN: 02217643
BRAND_NAME: ACID CONCENTRATE D12290
ACTIVE_INGREDIENTS:
- NAME=DEXTROSE; STRENGTH=90; UNIT=G
- NAME=ACETIC ACID; STRENGTH=10.8; UNIT=G
- NAME=MAGNESIUM CHLORIDE; STRENGTH=1.61; UNIT=G
- NAME=CALCIUM CHLORIDE; STRENGTH=7.48; UNIT=G
- NAME=POTASSIUM CHLORIDE; STRENGTH=10; UNIT=G
- NAME=SODIUM CHLORIDE; STRENGTH=263; UNIT=G
DOSAGE_FORMS: SOLUTION
ROUTES: HAEMODIALYSIS
SCHEDULES: ETHICAL
PRODUCT_STATUS: MARKETED
COMPANY: VANTIVE ULC","{""din"":[""02217643""],""brand_name"":""ACID CONCENTRATE D12290"",""active_ingredients"":[{""name"":""ACETIC ACID"",""strength"":10.8,""unit"":""G""},{""name"":""CALCIUM CHLORIDE"",""strength"":7.48,""unit"":""G""},{""name"":""DEXTROSE"",""strength"":90,""unit"":""G""},{""name"":""MAGNESIUM CHLORIDE"",""strength"":1.61,""unit"":""G""},{""name"":""POTASSIUM CHLORIDE"",""strength"":10,""unit"":""G""},{""name"":""SODIUM CHLORIDE"",""strength"":263,""unit"":""G""}],""dosage_forms"":[""SOLUTION""],""routes"":[""HAEMODIALYSIS""],""schedule"":[""ETHICAL""],""product_status"":""MARKETED"",""company"":""VANTIVE ULC""}","{""archive_file_id"":""dpd_marketed_archive"",""archive_members"":{""comp.txt"":[1676],""drug.txt"":[1676],""form.txt"":[1685],""ingred.txt"":[2465,2466,2467,2468,2469,2470],""route.txt"":[1983],""schedule.txt"":[1684],""status.txt"":[8676]},""archive_sha256"":""94c8ef8639fd07eea9c134d8ede137d77574d4ae6761955f5aa582558ec38b25"",""drug_codes"":[""20041""],""language"":""en"",""source_dataset_id"":""hc_dpd_source_snapshot"",""source_dataset_version"":""2026.7.2"",""source_manifest_sha256"":""f674732805de6a311d5882c2e7e33747a7e214beb123d9e42c944e1ad195eba0""}",True,1,pass,[],"{""din"":[""02217643""],""brand_name"":""ACID CONCENTRATE D12290"",""active_ingredients"":[{""name"":""DEXTROSE"",""strength"":""90"",""unit"":""G""},{""name"":""ACETIC ACID"",""strength"":""10.8"",""unit"":""G""},{""name"":""MAGNESIUM CHLORIDE"",""strength"":""1.61"",""unit"":""G""},{""name"":""CALCIUM CHLORIDE"",""strength"":""7.48"",""unit"":""G""},{""name"":""POTASSIUM CHLORIDE"",""strength"":""10"",""unit"":""G""},{""name"":""SODIUM CHLORIDE"",""strength"":""263"",""unit"":""G""}],""dosage_forms"":[""SOLUTION""],""routes"":[""HAEMODIALYSIS""],""schedule"":[""ETHICAL""],""product_status"":""MARKETED"",""company"":""VANTIVE ULC""}",True,1,pass,[],"{""din"":[""02217643""],""brand_name"":""ACID CONCENTRATE D12290"",""active_ingredients"":[{""name"":""DEXTROSE"",""strength"":""90"",""unit"":""G""},{""name"":""ACETIC ACID"",""strength"":""10.8"",""unit"":""G""},{""name"":""MAGNESIUM CHLORIDE"",""strength"":""1.61"",""unit"":""G""},{""name"":""CALCIUM CHLORIDE"",""strength"":""7.48"",""unit"":""G""},{""name"":""POTASSIUM CHLORIDE"",""strength"":""10"",""unit"":""G""},{""name"":""SODIUM CHLORIDE"",""strength"":""263"",""unit"":""G""}],""dosage_forms"":[""SOLUTION""],""routes"":[""HAEMODIALYSIS""],""schedule"":[""ETHICAL""],""product_status"":""MARKETED"",""company"":""VANTIVE ULC""}",False,0.875,text_or_value_error,"[""brand_name""]","{""din"":[""02217643""],""brand_name"":""ACID CONCENTATE D12290"",""active_ingredients"":[{""name"":""DEXTROSE"",""strength"":""90"",""unit"":""G""},{""name"":""ACETIC ACID"",""strength"":""10.8"",""unit"":""G""},{""name"":""MAGNESIUM CHLORIDE"",""strength"":""1.61"",""unit"":""G""},{""name"":""CALCIUM CHLORIDE"",""strength"":""7.48"",""unit"":""G""},{""name"":""POTASSIUM CHLORIDE"",""strength"":""10"",""unit"":""G""},{""name"":""SODIUM CHLORIDE"",""strength"":""263"",""unit"":""G""}],""dosage_forms"":[""SOLUTION""],""routes"":[""HAEMODIALYSIS""],""schedule"":[""ETHICAL""],""product_status"":""MARKETED"",""company"":""VANTIVE ULC""}",True,1,pass,[],"{""din"":[""02217643""],""brand_name"":""ACID CONCENTRATE D12290"",""active_ingredients"":[{""name"":""DEXTROSE"",""strength"":""90"",""unit"":""G""},{""name"":""ACETIC ACID"",""strength"":""10.8"",""unit"":""G""},{""name"":""MAGNESIUM CHLORIDE"",""strength"":""1.61"",""unit"":""G""},{""name"":""CALCIUM CHLORIDE"",""strength"":""7.48"",""unit"":""G""},{""name"":""POTASSIUM CHLORIDE"",""strength"":""10"",""unit"":""G""},{""name"":""SODIUM CHLORIDE"",""strength"":""263"",""unit"":""G""}],""dosage_forms"":[""SOLUTION""],""routes"":[""HAEMODIALYSIS""],""schedule"":[""ETHICAL""],""product_status"":""MARKETED"",""company"":""VANTIVE ULC""}",Compare the transcription with the frozen source label.,pending,,,,,,,,,
hc-dpd-review-0029,comparison_only_failure,2,Review cases passed by gpt_5_6_sol and failed by gpt_5_6_terra.,hc_dpd_44b8aa41b04e55a9_fr,hc_dpd_44b8aa41b04e55a9,fr,single_ingredient,"DOXORUBICIN INJECTION, BP","Extrayez les faits de produit pharmaceutique du dossier source de la Base de données sur les produits pharmaceutiques de Santé Canada ci-dessous. Retournez uniquement un objet JSON avec exactement les clés din, brand_name, active_ingredients, dosage_forms, routes, schedule, product_status et company. din, dosage_forms, routes et schedule doivent être des listes. active_ingredients doit être une liste d'objets ayant les clés name, strength et unit. Regroupez les faits distincts de toutes les variantes, sans rien déduire.

DOSSIER SOURCE DPD (FRANÇAIS)

VARIANTE 1
DRUG_CODE: 86785
DIN: 02381982
NOM_COMMERCIAL: DOXORUBICIN INJECTION, BP
INGRÉDIENTS_ACTIFS:
- NOM=Chlorhydrate de doxorubicine; CONCENTRATION=2; UNITÉ=MG
FORMES_PHARMACEUTIQUES: Solution
VOIES_ADMINISTRATION: Intraveineuse | Intravésicale
ANNEXES: Médicaments sur ordonnance
ÉTAT_DU_PRODUIT: COMMERCIALISÉ
ENTREPRISE: ACCORD HEALTHCARE INC","{""din"":[""02381982""],""brand_name"":""DOXORUBICIN INJECTION, BP"",""active_ingredients"":[{""name"":""Chlorhydrate de doxorubicine"",""strength"":2,""unit"":""MG""}],""dosage_forms"":[""Solution""],""routes"":[""Intraveineuse"",""Intravésicale""],""schedule"":[""Médicaments sur ordonnance""],""product_status"":""COMMERCIALISÉ"",""company"":""ACCORD HEALTHCARE INC""}","{""archive_file_id"":""dpd_marketed_archive"",""archive_members"":{""comp.txt"":[5888],""drug.txt"":[5888],""form.txt"":[5962],""ingred.txt"":[8473],""route.txt"":[6982,6983],""schedule.txt"":[5993],""status.txt"":[28616]},""archive_sha256"":""94c8ef8639fd07eea9c134d8ede137d77574d4ae6761955f5aa582558ec38b25"",""drug_codes"":[""86785""],""language"":""fr"",""source_dataset_id"":""hc_dpd_source_snapshot"",""source_dataset_version"":""2026.7.2"",""source_manifest_sha256"":""f674732805de6a311d5882c2e7e33747a7e214beb123d9e42c944e1ad195eba0""}",True,1,pass,[],"{""din"":[""02381982""],""brand_name"":""DOXORUBICIN INJECTION, BP"",""active_ingredients"":[{""name"":""Chlorhydrate de doxorubicine"",""strength"":""2"",""unit"":""MG""}],""dosage_forms"":[""Solution""],""routes"":[""Intraveineuse"",""Intravésicale""],""schedule"":[""Médicaments sur ordonnance""],""product_status"":""COMMERCIALISÉ"",""company"":""ACCORD HEALTHCARE INC""}",True,1,pass,[],"{""din"":[""02381982""],""brand_name"":""DOXORUBICIN INJECTION, BP"",""active_ingredients"":[{""name"":""Chlorhydrate de doxorubicine"",""strength"":""2"",""unit"":""MG""}],""dosage_forms"":[""Solution""],""routes"":[""Intraveineuse"",""Intravésicale""],""schedule"":[""Médicaments sur ordonnance""],""product_status"":""COMMERCIALISÉ"",""company"":""ACCORD HEALTHCARE INC""}",False,0.875,text_or_value_error,"[""routes""]","{""din"":[""02381982""],""brand_name"":""DOXORUBICIN INJECTION, BP"",""active_ingredients"":[{""name"":""Chlorhydrate de doxorubicine"",""strength"":""2"",""unit"":""MG""}],""dosage_forms"":[""Solution""],""routes"":[""Intraveineuse"",""Intrésicale""],""schedule"":[""Médicaments sur ordonnance""],""product_status"":""COMMERCIALISÉ"",""company"":""ACCORD HEALTHCARE INC""}",True,1,pass,[],"{""din"":[""02381982""],""brand_name"":""DOXORUBICIN INJECTION, BP"",""active_ingredients"":[{""name"":""Chlorhydrate de doxorubicine"",""strength"":""2"",""unit"":""MG""}],""dosage_forms"":[""Solution""],""routes"":[""Intraveineuse"",""Intravésicale""],""schedule"":[""Médicaments sur ordonnance""],""product_status"":""COMMERCIALISÉ"",""company"":""ACCORD HEALTHCARE INC""}",Compare the transcription with the frozen source label.,pending,,,,,,,,,
hc-dpd-review-0030,comparison_only_failure,2,Review cases passed by gpt_5_6_sol and failed by gpt_5_6_terra.,hc_dpd_459fc0afa213da7b_en,hc_dpd_459fc0afa213da7b,en,multi_ingredient,COOLA CLEAR SUNSCREEN SPRAY FRAGRANCE FREE,"Extract drug-product facts from the Health Canada Drug Product Database source record below. Return only one JSON object with exactly the keys din, brand_name, active_ingredients, dosage_forms, routes, schedule, product_status, and company. din, dosage_forms, routes, and schedule must be lists. active_ingredients must be a list of objects with name, strength, and unit keys. Combine distinct facts from every variant and do not infer values.

DPD SOURCE RECORD (ENGLISH)

VARIANT 1
DRUG_CODE: 99934
DIN: 02510081
BRAND_NAME: COOLA CLEAR SUNSCREEN SPRAY FRAGRANCE FREE
ACTIVE_INGREDIENTS:
- NAME=AVOBENZONE; STRENGTH=2.9; UNIT=%
- NAME=HOMOSALATE; STRENGTH=4.3; UNIT=%
- NAME=OCTOCRYLENE; STRENGTH=9.5; UNIT=%
- NAME=OCTISALATE; STRENGTH=4.9; UNIT=%
DOSAGE_FORMS: SPRAY, BAG-ON-VALVE
ROUTES: TOPICAL
SCHEDULES: NON-PRESCRIPTION DRUGS
PRODUCT_STATUS: MARKETED
COMPANY: COOLA LLC","{""din"":[""02510081""],""brand_name"":""COOLA CLEAR SUNSCREEN SPRAY FRAGRANCE FREE"",""active_ingredients"":[{""name"":""AVOBENZONE"",""strength"":2.9,""unit"":""%""},{""name"":""HOMOSALATE"",""strength"":4.3,""unit"":""%""},{""name"":""OCTISALATE"",""strength"":4.9,""unit"":""%""},{""name"":""OCTOCRYLENE"",""strength"":9.5,""unit"":""%""}],""dosage_forms"":[""SPRAY, BAG-ON-VALVE""],""routes"":[""TOPICAL""],""schedule"":[""NON-PRESCRIPTION DRUGS""],""product_status"":""MARKETED"",""company"":""COOLA LLC""}","{""archive_file_id"":""dpd_marketed_archive"",""archive_members"":{""comp.txt"":[10730],""drug.txt"":[10730],""form.txt"":[10965],""ingred.txt"":[15520,15521,15522,15523],""route.txt"":[12877],""schedule.txt"":[11056],""status.txt"":[43570]},""archive_sha256"":""94c8ef8639fd07eea9c134d8ede137d77574d4ae6761955f5aa582558ec38b25"",""drug_codes"":[""99934""],""language"":""en"",""source_dataset_id"":""hc_dpd_source_snapshot"",""source_dataset_version"":""2026.7.2"",""source_manifest_sha256"":""f674732805de6a311d5882c2e7e33747a7e214beb123d9e42c944e1ad195eba0""}",False,0.875,compound_label_split_only,"[""dosage_forms""]","{""din"":[""02510081""],""brand_name"":""COOLA CLEAR SUNSCREEN SPRAY FRAGRANCE FREE"",""active_ingredients"":[{""name"":""AVOBENZONE"",""strength"":""2.9"",""unit"":""%""},{""name"":""HOMOSALATE"",""strength"":""4.3"",""unit"":""%""},{""name"":""OCTOCRYLENE"",""strength"":""9.5"",""unit"":""%""},{""name"":""OCTISALATE"",""strength"":""4.9"",""unit"":""%""}],""dosage_forms"":[""SPRAY"",""BAG-ON-VALVE""],""routes"":[""TOPICAL""],""schedule"":[""NON-PRESCRIPTION DRUGS""],""product_status"":""MARKETED"",""company"":""COOLA LLC""}",False,0.875,compound_label_split_only,"[""dosage_forms""]","{""din"":[""02510081""],""brand_name"":""COOLA CLEAR SUNSCREEN SPRAY FRAGRANCE FREE"",""active_ingredients"":[{""name"":""AVOBENZONE"",""strength"":""2.9"",""unit"":""%""},{""name"":""HOMOSALATE"",""strength"":""4.3"",""unit"":""%""},{""name"":""OCTOCRYLENE"",""strength"":""9.5"",""unit"":""%""},{""name"":""OCTISALATE"",""strength"":""4.9"",""unit"":""%""}],""dosage_forms"":[""SPRAY"",""BAG-ON-VALVE""],""routes"":[""TOPICAL""],""schedule"":[""NON-PRESCRIPTION DRUGS""],""product_status"":""MARKETED"",""company"":""COOLA LLC""}",False,0.875,compound_label_split_only,"[""dosage_forms""]","{""din"":[""02510081""],""brand_name"":""COOLA CLEAR SUNSCREEN SPRAY FRAGRANCE FREE"",""active_ingredients"":[{""name"":""AVOBENZONE"",""strength"":""2.9"",""unit"":""%""},{""name"":""HOMOSALATE"",""strength"":""4.3"",""unit"":""%""},{""name"":""OCTOCRYLENE"",""strength"":""9.5"",""unit"":""%""},{""name"":""OCTISALATE"",""strength"":""4.9"",""unit"":""%""}],""dosage_forms"":[""SPRAY"",""BAG-ON-VALVE""],""routes"":[""TOPICAL""],""schedule"":[""NON-PRESCRIPTION DRUGS""],""product_status"":""MARKETED"",""company"":""COOLA LLC""}",True,1,pass,[],"{""din"":[""02510081""],""brand_name"":""COOLA CLEAR SUNSCREEN SPRAY FRAGRANCE FREE"",""active_ingredients"":[{""name"":""AVOBENZONE"",""strength"":""2.9"",""unit"":""%""},{""name"":""HOMOSALATE"",""strength"":""4.3"",""unit"":""%""},{""name"":""OCTOCRYLENE"",""strength"":""9.5"",""unit"":""%""},{""name"":""OCTISALATE"",""strength"":""4.9"",""unit"":""%""}],""dosage_forms"":[""SPRAY, BAG-ON-VALVE""],""routes"":[""TOPICAL""],""schedule"":[""NON-PRESCRIPTION DRUGS""],""product_status"":""MARKETED"",""company"":""COOLA LLC""}",Adjudicate whether the rendered compound DPD label is unambiguous.,pending,,,,,,,,,
hc-dpd-review-0031,comparison_only_failure,2,Review cases passed by gpt_5_6_sol and failed by gpt_5_6_terra.,hc_dpd_5014b3caea449119_en,hc_dpd_5014b3caea449119,en,multi_ingredient,SUNSCREEN CONTINUOUS SPRAY SPF 50 SPORT,"Extract drug-product facts from the Health Canada Drug Product Database source record below. Return only one JSON object with exactly the keys din, brand_name, active_ingredients, dosage_forms, routes, schedule, product_status, and company. din, dosage_forms, routes, and schedule must be lists. active_ingredients must be a list of objects with name, strength, and unit keys. Combine distinct facts from every variant and do not infer values.

DPD SOURCE RECORD (ENGLISH)

VARIANT 1
DRUG_CODE: 98515
DIN: 02495228
BRAND_NAME: SUNSCREEN CONTINUOUS SPRAY SPF 50 SPORT
ACTIVE_INGREDIENTS:
- NAME=AVOBENZONE; STRENGTH=3; UNIT=%
- NAME=HOMOSALATE; STRENGTH=10; UNIT=%
- NAME=OCTOCRYLENE; STRENGTH=5; UNIT=%
- NAME=OCTISALATE; STRENGTH=5; UNIT=%
DOSAGE_FORMS: SPRAY, BAG-ON-VALVE
ROUTES: TOPICAL
SCHEDULES: NON-PRESCRIPTION DRUGS
PRODUCT_STATUS: MARKETED
COMPANY: PRIME ENTERPRISES, LLC","{""din"":[""02495228""],""brand_name"":""SUNSCREEN CONTINUOUS SPRAY SPF 50 SPORT"",""active_ingredients"":[{""name"":""AVOBENZONE"",""strength"":3,""unit"":""%""},{""name"":""HOMOSALATE"",""strength"":10,""unit"":""%""},{""name"":""OCTISALATE"",""strength"":5,""unit"":""%""},{""name"":""OCTOCRYLENE"",""strength"":5,""unit"":""%""}],""dosage_forms"":[""SPRAY, BAG-ON-VALVE""],""routes"":[""TOPICAL""],""schedule"":[""NON-PRESCRIPTION DRUGS""],""product_status"":""MARKETED"",""company"":""PRIME ENTERPRISES, LLC""}","{""archive_file_id"":""dpd_marketed_archive"",""archive_members"":{""comp.txt"":[10014],""drug.txt"":[10014],""form.txt"":[10215],""ingred.txt"":[14347,14348,14349,14350],""route.txt"":[11828],""schedule.txt"":[10300],""status.txt"":[41777]},""archive_sha256"":""94c8ef8639fd07eea9c134d8ede137d77574d4ae6761955f5aa582558ec38b25"",""drug_codes"":[""98515""],""language"":""en"",""source_dataset_id"":""hc_dpd_source_snapshot"",""source_dataset_version"":""2026.7.2"",""source_manifest_sha256"":""f674732805de6a311d5882c2e7e33747a7e214beb123d9e42c944e1ad195eba0""}",False,0.875,compound_label_split_only,"[""dosage_forms""]","{""din"":[""02495228""],""brand_name"":""SUNSCREEN CONTINUOUS SPRAY SPF 50 SPORT"",""active_ingredients"":[{""name"":""AVOBENZONE"",""strength"":""3"",""unit"":""%""},{""name"":""HOMOSALATE"",""strength"":""10"",""unit"":""%""},{""name"":""OCTOCRYLENE"",""strength"":""5"",""unit"":""%""},{""name"":""OCTISALATE"",""strength"":""5"",""unit"":""%""}],""dosage_forms"":[""SPRAY"",""BAG-ON-VALVE""],""routes"":[""TOPICAL""],""schedule"":[""NON-PRESCRIPTION DRUGS""],""product_status"":""MARKETED"",""company"":""PRIME ENTERPRISES, LLC""}",False,0.75,schema_and_label_split,"[""din"",""dosage_forms""]","{""din"":""02495228"",""brand_name"":""SUNSCREEN CONTINUOUS SPRAY SPF 50 SPORT"",""active_ingredients"":[{""name"":""AVOBENZONE"",""strength"":""3"",""unit"":""%""},{""name"":""HOMOSALATE"",""strength"":""10"",""unit"":""%""},{""name"":""OCTOCRYLENE"",""strength"":""5"",""unit"":""%""},{""name"":""OCTISALATE"",""strength"":""5"",""unit"":""%""}],""dosage_forms"":[""SPRAY"",""BAG-ON-VALVE""],""routes"":[""TOPICAL""],""schedule"":[""NON-PRESCRIPTION DRUGS""],""product_status"":""MARKETED"",""company"":""PRIME ENTERPRISES, LLC""}",False,0.875,compound_label_split_only,"[""dosage_forms""]","{""din"":[""02495228""],""brand_name"":""SUNSCREEN CONTINUOUS SPRAY SPF 50 SPORT"",""active_ingredients"":[{""name"":""AVOBENZONE"",""strength"":""3"",""unit"":""%""},{""name"":""HOMOSALATE"",""strength"":""10"",""unit"":""%""},{""name"":""OCTOCRYLENE"",""strength"":""5"",""unit"":""%""},{""name"":""OCTISALATE"",""strength"":""5"",""unit"":""%""}],""dosage_forms"":[""SPRAY"",""BAG-ON-VALVE""],""routes"":[""TOPICAL""],""schedule"":[""NON-PRESCRIPTION DRUGS""],""product_status"":""MARKETED"",""company"":""PRIME ENTERPRISES, LLC""}",True,1,pass,[],"{""din"":[""02495228""],""brand_name"":""SUNSCREEN CONTINUOUS SPRAY SPF 50 SPORT"",""active_ingredients"":[{""name"":""AVOBENZONE"",""strength"":""3"",""unit"":""%""},{""name"":""HOMOSALATE"",""strength"":""10"",""unit"":""%""},{""name"":""OCTOCRYLENE"",""strength"":""5"",""unit"":""%""},{""name"":""OCTISALATE"",""strength"":""5"",""unit"":""%""}],""dosage_forms"":[""SPRAY, BAG-ON-VALVE""],""routes"":[""TOPICAL""],""schedule"":[""NON-PRESCRIPTION DRUGS""],""product_status"":""MARKETED"",""company"":""PRIME ENTERPRISES, LLC""}",Adjudicate whether the rendered compound DPD label is unambiguous.,pending,,,,,,,,,
hc-dpd-review-0032,comparison_only_failure,2,Review cases passed by gpt_5_6_sol and failed by gpt_5_6_terra.,hc_dpd_58f6653bb011297d_en,hc_dpd_58f6653bb011297d,en,multi_ingredient,ACID CONCENTRATE D12316,"Extract drug-product facts from the Health Canada Drug Product Database source record below. Return only one JSON object with exactly the keys din, brand_name, active_ingredients, dosage_forms, routes, schedule, product_status, and company. din, dosage_forms, routes, and schedule must be lists. active_ingredients must be a list of objects with name, strength, and unit keys. Combine distinct facts from every variant and do not infer values.

DPD SOURCE RECORD (ENGLISH)

VARIANT 1
DRUG_CODE: 34881
DIN: 02178168
BRAND_NAME: ACID CONCENTRATE D12316
ACTIVE_INGREDIENTS:
- NAME=DEXTROSE; STRENGTH=90; UNIT=G
- NAME=ACETIC ACID; STRENGTH=10.8; UNIT=G
- NAME=MAGNESIUM CHLORIDE; STRENGTH=1.61; UNIT=G
- NAME=CALCIUM CHLORIDE; STRENGTH=6.24; UNIT=G
- NAME=POTASSIUM CHLORIDE; STRENGTH=3.35; UNIT=G
- NAME=SODIUM CHLORIDE; STRENGTH=263; UNIT=G
DOSAGE_FORMS: SOLUTION
ROUTES: HAEMODIALYSIS
SCHEDULES: ETHICAL
PRODUCT_STATUS: MARKETED
COMPANY: VANTIVE ULC","{""din"":[""02178168""],""brand_name"":""ACID CONCENTRATE D12316"",""active_ingredients"":[{""name"":""ACETIC ACID"",""strength"":10.8,""unit"":""G""},{""name"":""CALCIUM CHLORIDE"",""strength"":6.24,""unit"":""G""},{""name"":""DEXTROSE"",""strength"":90,""unit"":""G""},{""name"":""MAGNESIUM CHLORIDE"",""strength"":1.61,""unit"":""G""},{""name"":""POTASSIUM CHLORIDE"",""strength"":3.35,""unit"":""G""},{""name"":""SODIUM CHLORIDE"",""strength"":263,""unit"":""G""}],""dosage_forms"":[""SOLUTION""],""routes"":[""HAEMODIALYSIS""],""schedule"":[""ETHICAL""],""product_status"":""MARKETED"",""company"":""VANTIVE ULC""}","{""archive_file_id"":""dpd_marketed_archive"",""archive_members"":{""comp.txt"":[1774],""drug.txt"":[1774],""form.txt"":[1787],""ingred.txt"":[2684,2685,2686,2687,2688,2689],""route.txt"":[2104],""schedule.txt"":[1783],""status.txt"":[9177]},""archive_sha256"":""94c8ef8639fd07eea9c134d8ede137d77574d4ae6761955f5aa582558ec38b25"",""drug_codes"":[""34881""],""language"":""en"",""source_dataset_id"":""hc_dpd_source_snapshot"",""source_dataset_version"":""2026.7.2"",""source_manifest_sha256"":""f674732805de6a311d5882c2e7e33747a7e214beb123d9e42c944e1ad195eba0""}",True,1,pass,[],"{""din"":[""02178168""],""brand_name"":""ACID CONCENTRATE D12316"",""active_ingredients"":[{""name"":""DEXTROSE"",""strength"":""90"",""unit"":""G""},{""name"":""ACETIC ACID"",""strength"":""10.8"",""unit"":""G""},{""name"":""MAGNESIUM CHLORIDE"",""strength"":""1.61"",""unit"":""G""},{""name"":""CALCIUM CHLORIDE"",""strength"":""6.24"",""unit"":""G""},{""name"":""POTASSIUM CHLORIDE"",""strength"":""3.35"",""unit"":""G""},{""name"":""SODIUM CHLORIDE"",""strength"":""263"",""unit"":""G""}],""dosage_forms"":[""SOLUTION""],""routes"":[""HAEMODIALYSIS""],""schedule"":[""ETHICAL""],""product_status"":""MARKETED"",""company"":""VANTIVE ULC""}",False,0.625,schema_type_only,"[""brand_name"",""company"",""product_status""]","{""din"":[""02178168""],""brand_name"":[""ACID CONCENTRATE D12316""],""active_ingredients"":[{""name"":""DEXTROSE"",""strength"":""90"",""unit"":""G""},{""name"":""ACETIC ACID"",""strength"":""10.8"",""unit"":""G""},{""name"":""MAGNESIUM CHLORIDE"",""strength"":""1.61"",""unit"":""G""},{""name"":""CALCIUM CHLORIDE"",""strength"":""6.24"",""unit"":""G""},{""name"":""POTASSIUM CHLORIDE"",""strength"":""3.35"",""unit"":""G""},{""name"":""SODIUM CHLORIDE"",""strength"":""263"",""unit"":""G""}],""dosage_forms"":[""SOLUTION""],""routes"":[""HAEMODIALYSIS""],""schedule"":[""ETHICAL""],""product_status"":[""MARKETED""],""company"":[""VANTIVE ULC""]}",False,0.875,text_or_value_error,"[""brand_name""]","{""din"":[""02178168""],""brand_name"":""ACID CONCENTATE D12316"",""active_ingredients"":[{""name"":""DEXTROSE"",""strength"":""90"",""unit"":""G""},{""name"":""ACETIC ACID"",""strength"":""10.8"",""unit"":""G""},{""name"":""MAGNESIUM CHLORIDE"",""strength"":""1.61"",""unit"":""G""},{""name"":""CALCIUM CHLORIDE"",""strength"":""6.24"",""unit"":""G""},{""name"":""POTASSIUM CHLORIDE"",""strength"":""3.35"",""unit"":""G""},{""name"":""SODIUM CHLORIDE"",""strength"":""263"",""unit"":""G""}],""dosage_forms"":[""SOLUTION""],""routes"":[""HAEMODIALYSIS""],""schedule"":[""ETHICAL""],""product_status"":""MARKETED"",""company"":""VANTIVE ULC""}",True,1,pass,[],"{""din"":[""02178168""],""brand_name"":""ACID CONCENTRATE D12316"",""active_ingredients"":[{""name"":""DEXTROSE"",""strength"":""90"",""unit"":""G""},{""name"":""ACETIC ACID"",""strength"":""10.8"",""unit"":""G""},{""name"":""MAGNESIUM CHLORIDE"",""strength"":""1.61"",""unit"":""G""},{""name"":""CALCIUM CHLORIDE"",""strength"":""6.24"",""unit"":""G""},{""name"":""POTASSIUM CHLORIDE"",""strength"":""3.35"",""unit"":""G""},{""name"":""SODIUM CHLORIDE"",""strength"":""263"",""unit"":""G""}],""dosage_forms"":[""SOLUTION""],""routes"":[""HAEMODIALYSIS""],""schedule"":[""ETHICAL""],""product_status"":""MARKETED"",""company"":""VANTIVE ULC""}",Compare the transcription with the frozen source label.,pending,,,,,,,,,
hc-dpd-review-0033,comparison_only_failure,2,Review cases passed by gpt_5_6_sol and failed by gpt_5_6_terra.,hc_dpd_61b9b01caf49e51d_en,hc_dpd_61b9b01caf49e51d,en,multi_ingredient,COOLA CLEAR SUNSCREEN SPRAY PINA COLADA SCENT,"Extract drug-product facts from the Health Canada Drug Product Database source record below. Return only one JSON object with exactly the keys din, brand_name, active_ingredients, dosage_forms, routes, schedule, product_status, and company. din, dosage_forms, routes, and schedule must be lists. active_ingredients must be a list of objects with name, strength, and unit keys. Combine distinct facts from every variant and do not infer values.

DPD SOURCE RECORD (ENGLISH)

VARIANT 1
DRUG_CODE: 99956
DIN: 02510332
BRAND_NAME: COOLA CLEAR SUNSCREEN SPRAY PINA COLADA SCENT
ACTIVE_INGREDIENTS:
- NAME=AVOBENZONE; STRENGTH=2.8; UNIT=%
- NAME=OCTOCRYLENE; STRENGTH=7.6; UNIT=%
- NAME=OCTISALATE; STRENGTH=4.9; UNIT=%
DOSAGE_FORMS: SPRAY, BAG-ON-VALVE
ROUTES: TOPICAL
SCHEDULES: NON-PRESCRIPTION DRUGS
PRODUCT_STATUS: MARKETED
COMPANY: COOLA LLC","{""din"":[""02510332""],""brand_name"":""COOLA CLEAR SUNSCREEN SPRAY PINA COLADA SCENT"",""active_ingredients"":[{""name"":""AVOBENZONE"",""strength"":2.8,""unit"":""%""},{""name"":""OCTISALATE"",""strength"":4.9,""unit"":""%""},{""name"":""OCTOCRYLENE"",""strength"":7.6,""unit"":""%""}],""dosage_forms"":[""SPRAY, BAG-ON-VALVE""],""routes"":[""TOPICAL""],""schedule"":[""NON-PRESCRIPTION DRUGS""],""product_status"":""MARKETED"",""company"":""COOLA LLC""}","{""archive_file_id"":""dpd_marketed_archive"",""archive_members"":{""comp.txt"":[10741],""drug.txt"":[10741],""form.txt"":[10977],""ingred.txt"":[15556,15557,15558],""route.txt"":[12894],""schedule.txt"":[11067],""status.txt"":[43600]},""archive_sha256"":""94c8ef8639fd07eea9c134d8ede137d77574d4ae6761955f5aa582558ec38b25"",""drug_codes"":[""99956""],""language"":""en"",""source_dataset_id"":""hc_dpd_source_snapshot"",""source_dataset_version"":""2026.7.2"",""source_manifest_sha256"":""f674732805de6a311d5882c2e7e33747a7e214beb123d9e42c944e1ad195eba0""}",False,0.875,compound_label_split_only,"[""dosage_forms""]","{""din"":[""02510332""],""brand_name"":""COOLA CLEAR SUNSCREEN SPRAY PINA COLADA SCENT"",""active_ingredients"":[{""name"":""AVOBENZONE"",""strength"":""2.8"",""unit"":""%""},{""name"":""OCTOCRYLENE"",""strength"":""7.6"",""unit"":""%""},{""name"":""OCTISALATE"",""strength"":""4.9"",""unit"":""%""}],""dosage_forms"":[""SPRAY"",""BAG-ON-VALVE""],""routes"":[""TOPICAL""],""schedule"":[""NON-PRESCRIPTION DRUGS""],""product_status"":""MARKETED"",""company"":""COOLA LLC""}",False,0.75,schema_and_label_split,"[""din"",""dosage_forms""]","{""din"":""02510332"",""brand_name"":""COOLA CLEAR SUNSCREEN SPRAY PINA COLADA SCENT"",""active_ingredients"":[{""name"":""AVOBENZONE"",""strength"":""2.8"",""unit"":""%""},{""name"":""OCTOCRYLENE"",""strength"":""7.6"",""unit"":""%""},{""name"":""OCTISALATE"",""strength"":""4.9"",""unit"":""%""}],""dosage_forms"":[""SPRAY"",""BAG-ON-VALVE""],""routes"":[""TOPICAL""],""schedule"":[""NON-PRESCRIPTION DRUGS""],""product_status"":""MARKETED"",""company"":""COOLA LLC""}",False,0.875,compound_label_split_only,"[""dosage_forms""]","{""din"":[""02510332""],""brand_name"":""COOLA CLEAR SUNSCREEN SPRAY PINA COLADA SCENT"",""active_ingredients"":[{""name"":""AVOBENZONE"",""strength"":""2.8"",""unit"":""%""},{""name"":""OCTOCRYLENE"",""strength"":""7.6"",""unit"":""%""},{""name"":""OCTISALATE"",""strength"":""4.9"",""unit"":""%""}],""dosage_forms"":[""SPRAY"",""BAG-ON-VALVE""],""routes"":[""TOPICAL""],""schedule"":[""NON-PRESCRIPTION DRUGS""],""product_status"":""MARKETED"",""company"":""COOLA LLC""}",True,1,pass,[],"{""din"":[""02510332""],""brand_name"":""COOLA CLEAR SUNSCREEN SPRAY PINA COLADA SCENT"",""active_ingredients"":[{""name"":""AVOBENZONE"",""strength"":""2.8"",""unit"":""%""},{""name"":""OCTOCRYLENE"",""strength"":""7.6"",""unit"":""%""},{""name"":""OCTISALATE"",""strength"":""4.9"",""unit"":""%""}],""dosage_forms"":[""SPRAY, BAG-ON-VALVE""],""routes"":[""TOPICAL""],""schedule"":[""NON-PRESCRIPTION DRUGS""],""product_status"":""MARKETED"",""company"":""COOLA LLC""}",Adjudicate whether the rendered compound DPD label is unambiguous.,pending,,,,,,,,,
hc-dpd-review-0034,comparison_only_failure,2,Review cases passed by gpt_5_6_sol and failed by gpt_5_6_terra.,hc_dpd_636549b40a317029_en,hc_dpd_636549b40a317029,en,multi_ingredient,DRY OIL SUNSCREEN,"Extract drug-product facts from the Health Canada Drug Product Database source record below. Return only one JSON object with exactly the keys din, brand_name, active_ingredients, dosage_forms, routes, schedule, product_status, and company. din, dosage_forms, routes, and schedule must be lists. active_ingredients must be a list of objects with name, strength, and unit keys. Combine distinct facts from every variant and do not infer values.

DPD SOURCE RECORD (ENGLISH)

VARIANT 1
DRUG_CODE: 91549
DIN: 02431041
BRAND_NAME: DRY OIL SUNSCREEN
ACTIVE_INGREDIENTS:
- NAME=OXYBENZONE; STRENGTH=3.0; UNIT=%
- NAME=HOMOSALATE; STRENGTH=5.0; UNIT=%
- NAME=OCTISALATE; STRENGTH=5.0; UNIT=%
- NAME=OCTINOXATE; STRENGTH=7.5; UNIT=%
DOSAGE_FORMS: SPRAY, BAG-ON-VALVE
ROUTES: TOPICAL
SCHEDULES: NON-PRESCRIPTION DRUGS
PRODUCT_STATUS: MARKETED
COMPANY: FRUIT OF THE EARTH, INC","{""din"":[""02431041""],""brand_name"":""DRY OIL SUNSCREEN"",""active_ingredients"":[{""name"":""HOMOSALATE"",""strength"":5,""unit"":""%""},{""name"":""OCTINOXATE"",""strength"":7.5,""unit"":""%""},{""name"":""OCTISALATE"",""strength"":5,""unit"":""%""},{""name"":""OXYBENZONE"",""strength"":3,""unit"":""%""}],""dosage_forms"":[""SPRAY, BAG-ON-VALVE""],""routes"":[""TOPICAL""],""schedule"":[""NON-PRESCRIPTION DRUGS""],""product_status"":""MARKETED"",""company"":""FRUIT OF THE EARTH, INC""}","{""archive_file_id"":""dpd_marketed_archive"",""archive_members"":{""comp.txt"":[7334],""drug.txt"":[7334],""form.txt"":[7454],""ingred.txt"":[10435,10436,10437,10438],""route.txt"":[8623],""schedule.txt"":[7485],""status.txt"":[34097]},""archive_sha256"":""94c8ef8639fd07eea9c134d8ede137d77574d4ae6761955f5aa582558ec38b25"",""drug_codes"":[""91549""],""language"":""en"",""source_dataset_id"":""hc_dpd_source_snapshot"",""source_dataset_version"":""2026.7.2"",""source_manifest_sha256"":""f674732805de6a311d5882c2e7e33747a7e214beb123d9e42c944e1ad195eba0""}",False,0.875,compound_label_split_only,"[""dosage_forms""]","{""din"":[""02431041""],""brand_name"":""DRY OIL SUNSCREEN"",""active_ingredients"":[{""name"":""OXYBENZONE"",""strength"":""3.0"",""unit"":""%""},{""name"":""HOMOSALATE"",""strength"":""5.0"",""unit"":""%""},{""name"":""OCTISALATE"",""strength"":""5.0"",""unit"":""%""},{""name"":""OCTINOXATE"",""strength"":""7.5"",""unit"":""%""}],""dosage_forms"":[""SPRAY"",""BAG-ON-VALVE""],""routes"":[""TOPICAL""],""schedule"":[""NON-PRESCRIPTION DRUGS""],""product_status"":""MARKETED"",""company"":""FRUIT OF THE EARTH, INC""}",False,0.75,schema_and_label_split,"[""din"",""dosage_forms""]","{""din"":""02431041"",""brand_name"":""DRY OIL SUNSCREEN"",""active_ingredients"":[{""name"":""OXYBENZONE"",""strength"":""3.0"",""unit"":""%""},{""name"":""HOMOSALATE"",""strength"":""5.0"",""unit"":""%""},{""name"":""OCTISALATE"",""strength"":""5.0"",""unit"":""%""},{""name"":""OCTINOXATE"",""strength"":""7.5"",""unit"":""%""}],""dosage_forms"":[""SPRAY"",""BAG-ON-VALVE""],""routes"":[""TOPICAL""],""schedule"":[""NON-PRESCRIPTION DRUGS""],""product_status"":""MARKETED"",""company"":""FRUIT OF THE EARTH, INC""}",False,0.875,compound_label_split_only,"[""dosage_forms""]","{""din"":[""02431041""],""brand_name"":""DRY OIL SUNSCREEN"",""active_ingredients"":[{""name"":""OXYBENZONE"",""strength"":""3.0"",""unit"":""%""},{""name"":""HOMOSALATE"",""strength"":""5.0"",""unit"":""%""},{""name"":""OCTISALATE"",""strength"":""5.0"",""unit"":""%""},{""name"":""OCTINOXATE"",""strength"":""7.5"",""unit"":""%""}],""dosage_forms"":[""SPRAY"",""BAG-ON-VALVE""],""routes"":[""TOPICAL""],""schedule"":[""NON-PRESCRIPTION DRUGS""],""product_status"":""MARKETED"",""company"":""FRUIT OF THE EARTH, INC""}",True,1,pass,[],"{""din"":[""02431041""],""brand_name"":""DRY OIL SUNSCREEN"",""active_ingredients"":[{""name"":""OXYBENZONE"",""strength"":""3.0"",""unit"":""%""},{""name"":""HOMOSALATE"",""strength"":""5.0"",""unit"":""%""},{""name"":""OCTISALATE"",""strength"":""5.0"",""unit"":""%""},{""name"":""OCTINOXATE"",""strength"":""7.5"",""unit"":""%""}],""dosage_forms"":[""SPRAY, BAG-ON-VALVE""],""routes"":[""TOPICAL""],""schedule"":[""NON-PRESCRIPTION DRUGS""],""product_status"":""MARKETED"",""company"":""FRUIT OF THE EARTH, INC""}",Adjudicate whether the rendered compound DPD label is unambiguous.,pending,,,,,,,,,
hc-dpd-review-0035,comparison_only_failure,2,Review cases passed by gpt_5_6_sol and failed by gpt_5_6_terra.,hc_dpd_6b32e5532fbd8ca1_fr,hc_dpd_6b32e5532fbd8ca1,fr,single_ingredient,MITOMYCIN FOR INJECTION USP,"Extrayez les faits de produit pharmaceutique du dossier source de la Base de données sur les produits pharmaceutiques de Santé Canada ci-dessous. Retournez uniquement un objet JSON avec exactement les clés din, brand_name, active_ingredients, dosage_forms, routes, schedule, product_status et company. din, dosage_forms, routes et schedule doivent être des listes. active_ingredients doit être une liste d'objets ayant les clés name, strength et unit. Regroupez les faits distincts de toutes les variantes, sans rien déduire.

DOSSIER SOURCE DPD (FRANÇAIS)

VARIANTE 1
DRUG_CODE: 95282
DIN: 02464691
NOM_COMMERCIAL: MITOMYCIN FOR INJECTION USP
INGRÉDIENTS_ACTIFS:
- NOM=Mitomycine; CONCENTRATION=20; UNITÉ=MG
FORMES_PHARMACEUTIQUES: Poudre pour solution
VOIES_ADMINISTRATION: Intraveineuse | Intravésicale
ANNEXES: Médicaments sur ordonnance
ÉTAT_DU_PRODUIT: COMMERCIALISÉ
ENTREPRISE: ACCORD HEALTHCARE INC","{""din"":[""02464691""],""brand_name"":""MITOMYCIN FOR INJECTION USP"",""active_ingredients"":[{""name"":""Mitomycine"",""strength"":20,""unit"":""MG""}],""dosage_forms"":[""Poudre pour solution""],""routes"":[""Intraveineuse"",""Intravésicale""],""schedule"":[""Médicaments sur ordonnance""],""product_status"":""COMMERCIALISÉ"",""company"":""ACCORD HEALTHCARE INC""}","{""archive_file_id"":""dpd_marketed_archive"",""archive_members"":{""comp.txt"":[8562],""drug.txt"":[8562],""form.txt"":[8725],""ingred.txt"":[12189],""route.txt"":[10113,10114],""schedule.txt"":[8773],""status.txt"":[38028]},""archive_sha256"":""94c8ef8639fd07eea9c134d8ede137d77574d4ae6761955f5aa582558ec38b25"",""drug_codes"":[""95282""],""language"":""fr"",""source_dataset_id"":""hc_dpd_source_snapshot"",""source_dataset_version"":""2026.7.2"",""source_manifest_sha256"":""f674732805de6a311d5882c2e7e33747a7e214beb123d9e42c944e1ad195eba0""}",True,1,pass,[],"{""din"":[""02464691""],""brand_name"":""MITOMYCIN FOR INJECTION USP"",""active_ingredients"":[{""name"":""Mitomycine"",""strength"":""20"",""unit"":""MG""}],""dosage_forms"":[""Poudre pour solution""],""routes"":[""Intraveineuse"",""Intravésicale""],""schedule"":[""Médicaments sur ordonnance""],""product_status"":""COMMERCIALISÉ"",""company"":""ACCORD HEALTHCARE INC""}",True,1,pass,[],"{""din"":[""02464691""],""brand_name"":""MITOMYCIN FOR INJECTION USP"",""active_ingredients"":[{""name"":""Mitomycine"",""strength"":""20"",""unit"":""MG""}],""dosage_forms"":[""Poudre pour solution""],""routes"":[""Intraveineuse"",""Intravésicale""],""schedule"":[""Médicaments sur ordonnance""],""product_status"":""COMMERCIALISÉ"",""company"":""ACCORD HEALTHCARE INC""}",False,0.875,text_or_value_error,"[""routes""]","{""din"":[""02464691""],""brand_name"":""MITOMYCIN FOR INJECTION USP"",""active_ingredients"":[{""name"":""Mitomycine"",""strength"":""20"",""unit"":""MG""}],""dosage_forms"":[""Poudre pour solution""],""routes"":[""Intraveineuse"",""Intrésicale""],""schedule"":[""Médicaments sur ordonnance""],""product_status"":""COMMERCIALISÉ"",""company"":""ACCORD HEALTHCARE INC""}",True,1,pass,[],"{""din"":[""02464691""],""brand_name"":""MITOMYCIN FOR INJECTION USP"",""active_ingredients"":[{""name"":""Mitomycine"",""strength"":""20"",""unit"":""MG""}],""dosage_forms"":[""Poudre pour solution""],""routes"":[""Intraveineuse"",""Intravésicale""],""schedule"":[""Médicaments sur ordonnance""],""product_status"":""COMMERCIALISÉ"",""company"":""ACCORD HEALTHCARE INC""}",Compare the transcription with the frozen source label.,pending,,,,,,,,,
hc-dpd-review-0036,comparison_only_failure,2,Review cases passed by gpt_5_6_sol and failed by gpt_5_6_terra.,hc_dpd_6e17e93ca19678c1_en,hc_dpd_6e17e93ca19678c1,en,multi_ingredient,LIFE BRAND SPORT SUNSCREEN CONTINUOUS SPRAY SPF 50+,"Extract drug-product facts from the Health Canada Drug Product Database source record below. Return only one JSON object with exactly the keys din, brand_name, active_ingredients, dosage_forms, routes, schedule, product_status, and company. din, dosage_forms, routes, and schedule must be lists. active_ingredients must be a list of objects with name, strength, and unit keys. Combine distinct facts from every variant and do not infer values.

DPD SOURCE RECORD (ENGLISH)

VARIANT 1
DRUG_CODE: 98882
DIN: 02499053
BRAND_NAME: LIFE BRAND SPORT SUNSCREEN CONTINUOUS SPRAY SPF 50+
ACTIVE_INGREDIENTS:
- NAME=OXYBENZONE; STRENGTH=6; UNIT=%
- NAME=AVOBENZONE; STRENGTH=3; UNIT=%
- NAME=HOMOSALATE; STRENGTH=15; UNIT=%
- NAME=OCTOCRYLENE; STRENGTH=10; UNIT=%
- NAME=OCTISALATE; STRENGTH=5; UNIT=%
DOSAGE_FORMS: SPRAY, BAG-ON-VALVE
ROUTES: TOPICAL
SCHEDULES: NON-PRESCRIPTION DRUGS
PRODUCT_STATUS: MARKETED
COMPANY: FRUIT OF THE EARTH, INC","{""din"":[""02499053""],""brand_name"":""LIFE BRAND SPORT SUNSCREEN CONTINUOUS SPRAY SPF 50+"",""active_ingredients"":[{""name"":""AVOBENZONE"",""strength"":3,""unit"":""%""},{""name"":""HOMOSALATE"",""strength"":15,""unit"":""%""},{""name"":""OCTISALATE"",""strength"":5,""unit"":""%""},{""name"":""OCTOCRYLENE"",""strength"":10,""unit"":""%""},{""name"":""OXYBENZONE"",""strength"":6,""unit"":""%""}],""dosage_forms"":[""SPRAY, BAG-ON-VALVE""],""routes"":[""TOPICAL""],""schedule"":[""NON-PRESCRIPTION DRUGS""],""product_status"":""MARKETED"",""company"":""FRUIT OF THE EARTH, INC""}","{""archive_file_id"":""dpd_marketed_archive"",""archive_members"":{""comp.txt"":[10228],""drug.txt"":[10228],""form.txt"":[10444],""ingred.txt"":[14749,14750,14751,14752,14753],""route.txt"":[12114],""schedule.txt"":[10530],""status.txt"":[42298]},""archive_sha256"":""94c8ef8639fd07eea9c134d8ede137d77574d4ae6761955f5aa582558ec38b25"",""drug_codes"":[""98882""],""language"":""en"",""source_dataset_id"":""hc_dpd_source_snapshot"",""source_dataset_version"":""2026.7.2"",""source_manifest_sha256"":""f674732805de6a311d5882c2e7e33747a7e214beb123d9e42c944e1ad195eba0""}",False,0.875,compound_label_split_only,"[""dosage_forms""]","{""din"":[""02499053""],""brand_name"":""LIFE BRAND SPORT SUNSCREEN CONTINUOUS SPRAY SPF 50+"",""active_ingredients"":[{""name"":""OXYBENZONE"",""strength"":""6"",""unit"":""%""},{""name"":""AVOBENZONE"",""strength"":""3"",""unit"":""%""},{""name"":""HOMOSALATE"",""strength"":""15"",""unit"":""%""},{""name"":""OCTOCRYLENE"",""strength"":""10"",""unit"":""%""},{""name"":""OCTISALATE"",""strength"":""5"",""unit"":""%""}],""dosage_forms"":[""SPRAY"",""BAG-ON-VALVE""],""routes"":[""TOPICAL""],""schedule"":[""NON-PRESCRIPTION DRUGS""],""product_status"":""MARKETED"",""company"":""FRUIT OF THE EARTH, INC""}",False,0.875,compound_label_split_only,"[""dosage_forms""]","{""din"":[""02499053""],""brand_name"":""LIFE BRAND SPORT SUNSCREEN CONTINUOUS SPRAY SPF 50+"",""active_ingredients"":[{""name"":""OXYBENZONE"",""strength"":""6"",""unit"":""%""},{""name"":""AVOBENZONE"",""strength"":""3"",""unit"":""%""},{""name"":""HOMOSALATE"",""strength"":""15"",""unit"":""%""},{""name"":""OCTOCRYLENE"",""strength"":""10"",""unit"":""%""},{""name"":""OCTISALATE"",""strength"":""5"",""unit"":""%""}],""dosage_forms"":[""SPRAY"",""BAG-ON-VALVE""],""routes"":[""TOPICAL""],""schedule"":[""NON-PRESCRIPTION DRUGS""],""product_status"":""MARKETED"",""company"":""FRUIT OF THE EARTH, INC""}",False,0.875,compound_label_split_only,"[""dosage_forms""]","{""din"":[""02499053""],""brand_name"":""LIFE BRAND SPORT SUNSCREEN CONTINUOUS SPRAY SPF 50+"",""active_ingredients"":[{""name"":""OXYBENZONE"",""strength"":""6"",""unit"":""%""},{""name"":""AVOBENZONE"",""strength"":""3"",""unit"":""%""},{""name"":""HOMOSALATE"",""strength"":""15"",""unit"":""%""},{""name"":""OCTOCRYLENE"",""strength"":""10"",""unit"":""%""},{""name"":""OCTISALATE"",""strength"":""5"",""unit"":""%""}],""dosage_forms"":[""SPRAY"",""BAG-ON-VALVE""],""routes"":[""TOPICAL""],""schedule"":[""NON-PRESCRIPTION DRUGS""],""product_status"":""MARKETED"",""company"":""FRUIT OF THE EARTH, INC""}",True,1,pass,[],"{""din"":[""02499053""],""brand_name"":""LIFE BRAND SPORT SUNSCREEN CONTINUOUS SPRAY SPF 50+"",""active_ingredients"":[{""name"":""OXYBENZONE"",""strength"":""6"",""unit"":""%""},{""name"":""AVOBENZONE"",""strength"":""3"",""unit"":""%""},{""name"":""HOMOSALATE"",""strength"":""15"",""unit"":""%""},{""name"":""OCTOCRYLENE"",""strength"":""10"",""unit"":""%""},{""name"":""OCTISALATE"",""strength"":""5"",""unit"":""%""}],""dosage_forms"":[""SPRAY, BAG-ON-VALVE""],""routes"":[""TOPICAL""],""schedule"":[""NON-PRESCRIPTION DRUGS""],""product_status"":""MARKETED"",""company"":""FRUIT OF THE EARTH, INC""}",Adjudicate whether the rendered compound DPD label is unambiguous.,pending,,,,,,,,,
hc-dpd-review-0037,comparison_only_failure,2,Review cases passed by gpt_5_6_sol and failed by gpt_5_6_terra.,hc_dpd_7719bcd652a89165_en,hc_dpd_7719bcd652a89165,en,multi_variant,TARO-LURASIDONE,"Extract drug-product facts from the Health Canada Drug Product Database source record below. Return only one JSON object with exactly the keys din, brand_name, active_ingredients, dosage_forms, routes, schedule, product_status, and company. din, dosage_forms, routes, and schedule must be lists. active_ingredients must be a list of objects with name, strength, and unit keys. Combine distinct facts from every variant and do not infer values.

DPD SOURCE RECORD (ENGLISH)

VARIANT 1
DRUG_CODE: 99391
DIN: 02504499
BRAND_NAME: TARO-LURASIDONE
ACTIVE_INGREDIENTS:
- NAME=LURASIDONE HYDROCHLORIDE; STRENGTH=20; UNIT=MG
DOSAGE_FORMS: TABLET
ROUTES: ORAL
SCHEDULES: PRESCRIPTION
PRODUCT_STATUS: MARKETED
COMPANY: TARO PHARMACEUTICALS INC

VARIANT 2
DRUG_CODE: 99392
DIN: 02504502
BRAND_NAME: TARO-LURASIDONE
ACTIVE_INGREDIENTS:
- NAME=LURASIDONE HYDROCHLORIDE; STRENGTH=40; UNIT=MG
DOSAGE_FORMS: TABLET
ROUTES: ORAL
SCHEDULES: PRESCRIPTION
PRODUCT_STATUS: MARKETED
COMPANY: TARO PHARMACEUTICALS INC

VARIANT 3
DRUG_CODE: 99393
DIN: 02504510
BRAND_NAME: TARO-LURASIDONE
ACTIVE_INGREDIENTS:
- NAME=LURASIDONE HYDROCHLORIDE; STRENGTH=60; UNIT=MG
DOSAGE_FORMS: TABLET
ROUTES: ORAL
SCHEDULES: PRESCRIPTION
PRODUCT_STATUS: MARKETED
COMPANY: TARO PHARMACEUTICALS INC

VARIANT 4
DRUG_CODE: 99394
DIN: 02504529
BRAND_NAME: TARO-LURASIDONE
ACTIVE_INGREDIENTS:
- NAME=LURASIDONE HYDROCHLORIDE; STRENGTH=80; UNIT=MG
DOSAGE_FORMS: TABLET
ROUTES: ORAL
SCHEDULES: PRESCRIPTION
PRODUCT_STATUS: MARKETED
COMPANY: TARO PHARMACEUTICALS INC

VARIANT 5
DRUG_CODE: 99395
DIN: 02504537
BRAND_NAME: TARO-LURASIDONE
ACTIVE_INGREDIENTS:
- NAME=LURASIDONE HYDROCHLORIDE; STRENGTH=120; UNIT=MG
DOSAGE_FORMS: TABLET
ROUTES: ORAL
SCHEDULES: PRESCRIPTION
PRODUCT_STATUS: MARKETED
COMPANY: TARO PHARMACEUTICALS INC","{""din"":[""02504499"",""02504502"",""02504510"",""02504529"",""02504537""],""brand_name"":""TARO-LURASIDONE"",""active_ingredients"":[{""name"":""LURASIDONE HYDROCHLORIDE"",""strength"":20,""unit"":""MG""},{""name"":""LURASIDONE HYDROCHLORIDE"",""strength"":40,""unit"":""MG""},{""name"":""LURASIDONE HYDROCHLORIDE"",""strength"":60,""unit"":""MG""},{""name"":""LURASIDONE HYDROCHLORIDE"",""strength"":80,""unit"":""MG""},{""name"":""LURASIDONE HYDROCHLORIDE"",""strength"":120,""unit"":""MG""}],""dosage_forms"":[""TABLET""],""routes"":[""ORAL""],""schedule"":[""PRESCRIPTION""],""product_status"":""MARKETED"",""company"":""TARO PHARMACEUTICALS INC""}","{""archive_file_id"":""dpd_marketed_archive"",""archive_members"":{""comp.txt"":[10465,10466,10467,10468,10469],""drug.txt"":[10465,10466,10467,10468,10469],""form.txt"":[10691,10692,10693,10694,10695],""ingred.txt"":[15152,15153,15154,15155,15156],""route.txt"":[12485,12486,12487,12488,12489],""schedule.txt"":[10777,10778,10779,10780,10781],""status.txt"":[42931,42933,42935,42937,42939]},""archive_sha256"":""94c8ef8639fd07eea9c134d8ede137d77574d4ae6761955f5aa582558ec38b25"",""drug_codes"":[""99391"",""99392"",""99393"",""99394"",""99395""],""language"":""en"",""source_dataset_id"":""hc_dpd_source_snapshot"",""source_dataset_version"":""2026.7.2"",""source_manifest_sha256"":""f674732805de6a311d5882c2e7e33747a7e214beb123d9e42c944e1ad195eba0""}",True,1,pass,[],"{""din"":[""02504499"",""02504502"",""02504510"",""02504529"",""02504537""],""brand_name"":""TARO-LURASIDONE"",""active_ingredients"":[{""name"":""LURASIDONE HYDROCHLORIDE"",""strength"":""20"",""unit"":""MG""},{""name"":""LURASIDONE HYDROCHLORIDE"",""strength"":""40"",""unit"":""MG""},{""name"":""LURASIDONE HYDROCHLORIDE"",""strength"":""60"",""unit"":""MG""},{""name"":""LURASIDONE HYDROCHLORIDE"",""strength"":""80"",""unit"":""MG""},{""name"":""LURASIDONE HYDROCHLORIDE"",""strength"":""120"",""unit"":""MG""}],""dosage_forms"":[""TABLET""],""routes"":[""ORAL""],""schedule"":[""PRESCRIPTION""],""product_status"":""MARKETED"",""company"":""TARO PHARMACEUTICALS INC""}",True,1,pass,[],"{""din"":[""02504499"",""02504502"",""02504510"",""02504529"",""02504537""],""brand_name"":""TARO-LURASIDONE"",""active_ingredients"":[{""name"":""LURASIDONE HYDROCHLORIDE"",""strength"":""20"",""unit"":""MG""},{""name"":""LURASIDONE HYDROCHLORIDE"",""strength"":""40"",""unit"":""MG""},{""name"":""LURASIDONE HYDROCHLORIDE"",""strength"":""60"",""unit"":""MG""},{""name"":""LURASIDONE HYDROCHLORIDE"",""strength"":""80"",""unit"":""MG""},{""name"":""LURASIDONE HYDROCHLORIDE"",""strength"":""120"",""unit"":""MG""}],""dosage_forms"":[""TABLET""],""routes"":[""ORAL""],""schedule"":[""PRESCRIPTION""],""product_status"":""MARKETED"",""company"":""TARO PHARMACEUTICALS INC""}",False,0.875,text_or_value_error,"[""active_ingredients""]","{""din"":[""02504499"",""02504502"",""02504510"",""02504529"",""02504537""],""brand_name"":""TARO-LURASIDONE"",""active_ingredients"":[{""name"":""LURASIDONE HYDROCHLORIDE"",""strength"":""20"",""unit"":""MG""},{""name"":""LURASIDONE HYDROCHLORIDE"",""strength"":""40"",""unit"":""MG""},{""name"":""LURASIDONE HYDROCHLORIDE"",""strength"":""60"",""unit"":""MG""},{""name"":""LURASIDONE HYDROCHLORIDE"",""strength"":""80"",""unit"":""MG""},{""name"":""LURASIDONE HYDROCHLIDE"",""strength"":""120"",""unit"":""MG""}],""dosage_forms"":[""TABLET""],""routes"":[""ORAL""],""schedule"":[""PRESCRIPTION""],""product_status"":""MARKETED"",""company"":""TARO PHARMACEUTICALS INC""}",True,1,pass,[],"{""din"":[""02504499"",""02504502"",""02504510"",""02504529"",""02504537""],""brand_name"":""TARO-LURASIDONE"",""active_ingredients"":[{""name"":""LURASIDONE HYDROCHLORIDE"",""strength"":""20"",""unit"":""MG""},{""name"":""LURASIDONE HYDROCHLORIDE"",""strength"":""40"",""unit"":""MG""},{""name"":""LURASIDONE HYDROCHLORIDE"",""strength"":""60"",""unit"":""MG""},{""name"":""LURASIDONE HYDROCHLORIDE"",""strength"":""80"",""unit"":""MG""},{""name"":""LURASIDONE HYDROCHLORIDE"",""strength"":""120"",""unit"":""MG""}],""dosage_forms"":[""TABLET""],""routes"":[""ORAL""],""schedule"":[""PRESCRIPTION""],""product_status"":""MARKETED"",""company"":""TARO PHARMACEUTICALS INC""}",Compare the transcription with the frozen source label.,pending,,,,,,,,,
hc-dpd-review-0038,comparison_only_failure,2,Review cases passed by gpt_5_6_sol and failed by gpt_5_6_terra.,hc_dpd_81b2bbdab192abd6_en,hc_dpd_81b2bbdab192abd6,en,multi_ingredient,PREMIUM SUNSCREEN SPRAY SUN BUM 50,"Extract drug-product facts from the Health Canada Drug Product Database source record below. Return only one JSON object with exactly the keys din, brand_name, active_ingredients, dosage_forms, routes, schedule, product_status, and company. din, dosage_forms, routes, and schedule must be lists. active_ingredients must be a list of objects with name, strength, and unit keys. Combine distinct facts from every variant and do not infer values.

DPD SOURCE RECORD (ENGLISH)

VARIANT 1
DRUG_CODE: 97407
DIN: 02483726
BRAND_NAME: PREMIUM SUNSCREEN SPRAY SUN BUM 50
ACTIVE_INGREDIENTS:
- NAME=AVOBENZONE; STRENGTH=3; UNIT=%
- NAME=HOMOSALATE; STRENGTH=15; UNIT=%
- NAME=OCTOCRYLENE; STRENGTH=7; UNIT=%
- NAME=OCTISALATE; STRENGTH=5; UNIT=%
DOSAGE_FORMS: SPRAY, BAG-ON-VALVE
ROUTES: TOPICAL
SCHEDULES: NON-PRESCRIPTION DRUGS
PRODUCT_STATUS: MARKETED
COMPANY: SUN BUM LLC","{""din"":[""02483726""],""brand_name"":""PREMIUM SUNSCREEN SPRAY SUN BUM 50"",""active_ingredients"":[{""name"":""AVOBENZONE"",""strength"":3,""unit"":""%""},{""name"":""HOMOSALATE"",""strength"":15,""unit"":""%""},{""name"":""OCTISALATE"",""strength"":5,""unit"":""%""},{""name"":""OCTOCRYLENE"",""strength"":7,""unit"":""%""}],""dosage_forms"":[""SPRAY, BAG-ON-VALVE""],""routes"":[""TOPICAL""],""schedule"":[""NON-PRESCRIPTION DRUGS""],""product_status"":""MARKETED"",""company"":""SUN BUM LLC""}","{""archive_file_id"":""dpd_marketed_archive"",""archive_members"":{""comp.txt"":[9439],""drug.txt"":[9439],""form.txt"":[9623],""ingred.txt"":[13403,13404,13405,13406],""route.txt"":[11159],""schedule.txt"":[9700],""status.txt"":[40360]},""archive_sha256"":""94c8ef8639fd07eea9c134d8ede137d77574d4ae6761955f5aa582558ec38b25"",""drug_codes"":[""97407""],""language"":""en"",""source_dataset_id"":""hc_dpd_source_snapshot"",""source_dataset_version"":""2026.7.2"",""source_manifest_sha256"":""f674732805de6a311d5882c2e7e33747a7e214beb123d9e42c944e1ad195eba0""}",False,0.875,compound_label_split_only,"[""dosage_forms""]","{""din"":[""02483726""],""brand_name"":""PREMIUM SUNSCREEN SPRAY SUN BUM 50"",""active_ingredients"":[{""name"":""AVOBENZONE"",""strength"":""3"",""unit"":""%""},{""name"":""HOMOSALATE"",""strength"":""15"",""unit"":""%""},{""name"":""OCTOCRYLENE"",""strength"":""7"",""unit"":""%""},{""name"":""OCTISALATE"",""strength"":""5"",""unit"":""%""}],""dosage_forms"":[""SPRAY"",""BAG-ON-VALVE""],""routes"":[""TOPICAL""],""schedule"":[""NON-PRESCRIPTION DRUGS""],""product_status"":""MARKETED"",""company"":""SUN BUM LLC""}",False,0.75,schema_and_label_split,"[""din"",""dosage_forms""]","{""din"":""02483726"",""brand_name"":""PREMIUM SUNSCREEN SPRAY SUN BUM 50"",""active_ingredients"":[{""name"":""AVOBENZONE"",""strength"":""3"",""unit"":""%""},{""name"":""HOMOSALATE"",""strength"":""15"",""unit"":""%""},{""name"":""OCTOCRYLENE"",""strength"":""7"",""unit"":""%""},{""name"":""OCTISALATE"",""strength"":""5"",""unit"":""%""}],""dosage_forms"":[""SPRAY"",""BAG-ON-VALVE""],""routes"":[""TOPICAL""],""schedule"":[""NON-PRESCRIPTION DRUGS""],""product_status"":""MARKETED"",""company"":""SUN BUM LLC""}",False,0.875,compound_label_split_only,"[""dosage_forms""]","{""din"":[""02483726""],""brand_name"":""PREMIUM SUNSCREEN SPRAY SUN BUM 50"",""active_ingredients"":[{""name"":""AVOBENZONE"",""strength"":""3"",""unit"":""%""},{""name"":""HOMOSALATE"",""strength"":""15"",""unit"":""%""},{""name"":""OCTOCRYLENE"",""strength"":""7"",""unit"":""%""},{""name"":""OCTISALATE"",""strength"":""5"",""unit"":""%""}],""dosage_forms"":[""SPRAY"",""BAG-ON-VALVE""],""routes"":[""TOPICAL""],""schedule"":[""NON-PRESCRIPTION DRUGS""],""product_status"":""MARKETED"",""company"":""SUN BUM LLC""}",True,1,pass,[],"{""din"":[""02483726""],""brand_name"":""PREMIUM SUNSCREEN SPRAY SUN BUM 50"",""active_ingredients"":[{""name"":""AVOBENZONE"",""strength"":""3"",""unit"":""%""},{""name"":""HOMOSALATE"",""strength"":""15"",""unit"":""%""},{""name"":""OCTOCRYLENE"",""strength"":""7"",""unit"":""%""},{""name"":""OCTISALATE"",""strength"":""5"",""unit"":""%""}],""dosage_forms"":[""SPRAY, BAG-ON-VALVE""],""routes"":[""TOPICAL""],""schedule"":[""NON-PRESCRIPTION DRUGS""],""product_status"":""MARKETED"",""company"":""SUN BUM LLC""}",Adjudicate whether the rendered compound DPD label is unambiguous.,pending,,,,,,,,,
hc-dpd-review-0039,comparison_only_failure,2,Review cases passed by gpt_5_6_sol and failed by gpt_5_6_terra.,hc_dpd_935daabeb01e4523_en,hc_dpd_935daabeb01e4523,en,single_ingredient,NIMOTOP,"Extract drug-product facts from the Health Canada Drug Product Database source record below. Return only one JSON object with exactly the keys din, brand_name, active_ingredients, dosage_forms, routes, schedule, product_status, and company. din, dosage_forms, routes, and schedule must be lists. active_ingredients must be a list of objects with name, strength, and unit keys. Combine distinct facts from every variant and do not infer values.

DPD SOURCE RECORD (ENGLISH)

VARIANT 1
DRUG_CODE: 81127
DIN: 02325926
BRAND_NAME: NIMOTOP
ACTIVE_INGREDIENTS:
- NAME=NIMODIPINE; STRENGTH=30; UNIT=MG
DOSAGE_FORMS: TABLET
ROUTES: ORAL
SCHEDULES: PRESCRIPTION
PRODUCT_STATUS: MARKETED
COMPANY: LABORATOIRE X.0","{""din"":[""02325926""],""brand_name"":""NIMOTOP"",""active_ingredients"":[{""name"":""NIMODIPINE"",""strength"":30,""unit"":""MG""}],""dosage_forms"":[""TABLET""],""routes"":[""ORAL""],""schedule"":[""PRESCRIPTION""],""product_status"":""MARKETED"",""company"":""LABORATOIRE X.0""}","{""archive_file_id"":""dpd_marketed_archive"",""archive_members"":{""comp.txt"":[4729],""drug.txt"":[4729],""form.txt"":[4778],""ingred.txt"":[6710],""route.txt"":[5613],""schedule.txt"":[4811],""status.txt"":[24067]},""archive_sha256"":""94c8ef8639fd07eea9c134d8ede137d77574d4ae6761955f5aa582558ec38b25"",""drug_codes"":[""81127""],""language"":""en"",""source_dataset_id"":""hc_dpd_source_snapshot"",""source_dataset_version"":""2026.7.2"",""source_manifest_sha256"":""f674732805de6a311d5882c2e7e33747a7e214beb123d9e42c944e1ad195eba0""}",True,1,pass,[],"{""din"":[""02325926""],""brand_name"":""NIMOTOP"",""active_ingredients"":[{""name"":""NIMODIPINE"",""strength"":""30"",""unit"":""MG""}],""dosage_forms"":[""TABLET""],""routes"":[""ORAL""],""schedule"":[""PRESCRIPTION""],""product_status"":""MARKETED"",""company"":""LABORATOIRE X.0""}",True,1,pass,[],"{""din"":[""02325926""],""brand_name"":""NIMOTOP"",""active_ingredients"":[{""name"":""NIMODIPINE"",""strength"":""30"",""unit"":""MG""}],""dosage_forms"":[""TABLET""],""routes"":[""ORAL""],""schedule"":[""PRESCRIPTION""],""product_status"":""MARKETED"",""company"":""LABORATOIRE X.0""}",False,0.875,text_or_value_error,"[""company""]","{""din"":[""02325926""],""brand_name"":""NIMOTOP"",""active_ingredients"":[{""name"":""NIMODIPINE"",""strength"":""30"",""unit"":""MG""}],""dosage_forms"":[""TABLET""],""routes"":[""ORAL""],""schedule"":[""PRESCRIPTION""],""product_status"":""MARKETED"",""company"":""LABORATOIRE X""}",True,1,pass,[],"{""din"":[""02325926""],""brand_name"":""NIMOTOP"",""active_ingredients"":[{""name"":""NIMODIPINE"",""strength"":""30"",""unit"":""MG""}],""dosage_forms"":[""TABLET""],""routes"":[""ORAL""],""schedule"":[""PRESCRIPTION""],""product_status"":""MARKETED"",""company"":""LABORATOIRE X.0""}",Compare the transcription with the frozen source label.,pending,,,,,,,,,
hc-dpd-review-0040,comparison_only_failure,2,Review cases passed by gpt_5_6_sol and failed by gpt_5_6_terra.,hc_dpd_b4fb3fb21fe042cb_en,hc_dpd_b4fb3fb21fe042cb,en,multi_variant,JAMP ONDANSETRON ODF,"Extract drug-product facts from the Health Canada Drug Product Database source record below. Return only one JSON object with exactly the keys din, brand_name, active_ingredients, dosage_forms, routes, schedule, product_status, and company. din, dosage_forms, routes, and schedule must be lists. active_ingredients must be a list of objects with name, strength, and unit keys. Combine distinct facts from every variant and do not infer values.

DPD SOURCE RECORD (ENGLISH)

VARIANT 1
DRUG_CODE: 103000
DIN: 02541351
BRAND_NAME: JAMP ONDANSETRON ODF
ACTIVE_INGREDIENTS:
- NAME=ONDANSETRON; STRENGTH=4; UNIT=MG
DOSAGE_FORMS: FILM, SOLUBLE
ROUTES: ORAL
SCHEDULES: PRESCRIPTION
PRODUCT_STATUS: MARKETED
COMPANY: JAMP PHARMA CORPORATION

VARIANT 2
DRUG_CODE: 103001
DIN: 02541378
BRAND_NAME: JAMP ONDANSETRON ODF
ACTIVE_INGREDIENTS:
- NAME=ONDANSETRON; STRENGTH=8; UNIT=MG
DOSAGE_FORMS: FILM, SOLUBLE
ROUTES: ORAL
SCHEDULES: PRESCRIPTION
PRODUCT_STATUS: MARKETED
COMPANY: JAMP PHARMA CORPORATION","{""din"":[""02541351"",""02541378""],""brand_name"":""JAMP ONDANSETRON ODF"",""active_ingredients"":[{""name"":""ONDANSETRON"",""strength"":4,""unit"":""MG""},{""name"":""ONDANSETRON"",""strength"":8,""unit"":""MG""}],""dosage_forms"":[""FILM, SOLUBLE""],""routes"":[""ORAL""],""schedule"":[""PRESCRIPTION""],""product_status"":""MARKETED"",""company"":""JAMP PHARMA CORPORATION""}","{""archive_file_id"":""dpd_marketed_archive"",""archive_members"":{""comp.txt"":[12380,12381],""drug.txt"":[12380,12381],""form.txt"":[12654,12655],""ingred.txt"":[17997,17998],""route.txt"":[14871,14872],""schedule.txt"":[12810,12811],""status.txt"":[47280,47282]},""archive_sha256"":""94c8ef8639fd07eea9c134d8ede137d77574d4ae6761955f5aa582558ec38b25"",""drug_codes"":[""103000"",""103001""],""language"":""en"",""source_dataset_id"":""hc_dpd_source_snapshot"",""source_dataset_version"":""2026.7.2"",""source_manifest_sha256"":""f674732805de6a311d5882c2e7e33747a7e214beb123d9e42c944e1ad195eba0""}",False,0.875,compound_label_split_only,"[""dosage_forms""]","{""din"":[""02541351"",""02541378""],""brand_name"":""JAMP ONDANSETRON ODF"",""active_ingredients"":[{""name"":""ONDANSETRON"",""strength"":""4"",""unit"":""MG""},{""name"":""ONDANSETRON"",""strength"":""8"",""unit"":""MG""}],""dosage_forms"":[""FILM"",""SOLUBLE""],""routes"":[""ORAL""],""schedule"":[""PRESCRIPTION""],""product_status"":""MARKETED"",""company"":""JAMP PHARMA CORPORATION""}",True,1,pass,[],"{""din"":[""02541351"",""02541378""],""brand_name"":""JAMP ONDANSETRON ODF"",""active_ingredients"":[{""name"":""ONDANSETRON"",""strength"":""4"",""unit"":""MG""},{""name"":""ONDANSETRON"",""strength"":""8"",""unit"":""MG""}],""dosage_forms"":[""FILM, SOLUBLE""],""routes"":[""ORAL""],""schedule"":[""PRESCRIPTION""],""product_status"":""MARKETED"",""company"":""JAMP PHARMA CORPORATION""}",False,0.875,compound_label_split_only,"[""dosage_forms""]","{""din"":[""02541351"",""02541378""],""brand_name"":""JAMP ONDANSETRON ODF"",""active_ingredients"":[{""name"":""ONDANSETRON"",""strength"":""4"",""unit"":""MG""},{""name"":""ONDANSETRON"",""strength"":""8"",""unit"":""MG""}],""dosage_forms"":[""FILM"",""SOLUBLE""],""routes"":[""ORAL""],""schedule"":[""PRESCRIPTION""],""product_status"":""MARKETED"",""company"":""JAMP PHARMA CORPORATION""}",True,1,pass,[],"{""din"":[""02541351"",""02541378""],""brand_name"":""JAMP ONDANSETRON ODF"",""active_ingredients"":[{""name"":""ONDANSETRON"",""strength"":""4"",""unit"":""MG""},{""name"":""ONDANSETRON"",""strength"":""8"",""unit"":""MG""}],""dosage_forms"":[""FILM, SOLUBLE""],""routes"":[""ORAL""],""schedule"":[""PRESCRIPTION""],""product_status"":""MARKETED"",""company"":""JAMP PHARMA CORPORATION""}",Adjudicate whether the rendered compound DPD label is unambiguous.,pending,,,,,,,,,
hc-dpd-review-0041,comparison_only_failure,2,Review cases passed by gpt_5_6_sol and failed by gpt_5_6_terra.,hc_dpd_b6e4c986a445e320_en,hc_dpd_b6e4c986a445e320,en,multi_ingredient,SPORT 30 CONTINUOUS SPRAY SUNSCREEN ÉCRAN SOLAIRE EN VAPORISATEUR,"Extract drug-product facts from the Health Canada Drug Product Database source record below. Return only one JSON object with exactly the keys din, brand_name, active_ingredients, dosage_forms, routes, schedule, product_status, and company. din, dosage_forms, routes, and schedule must be lists. active_ingredients must be a list of objects with name, strength, and unit keys. Combine distinct facts from every variant and do not infer values.

DPD SOURCE RECORD (ENGLISH)

VARIANT 1
DRUG_CODE: 98230
DIN: 02492261
BRAND_NAME: SPORT 30 CONTINUOUS SPRAY SUNSCREEN ÉCRAN SOLAIRE EN VAPORISATEUR
ACTIVE_INGREDIENTS:
- NAME=AVOBENZONE; STRENGTH=3; UNIT=%
- NAME=HOMOSALATE; STRENGTH=7.5; UNIT=%
- NAME=OCTOCRYLENE; STRENGTH=5; UNIT=%
- NAME=OCTISALATE; STRENGTH=5; UNIT=%
DOSAGE_FORMS: SPRAY, BAG-ON-VALVE
ROUTES: TOPICAL
SCHEDULES: NON-PRESCRIPTION DRUGS
PRODUCT_STATUS: MARKETED
COMPANY: PRIME ENTERPRISES, LLC","{""din"":[""02492261""],""brand_name"":""SPORT 30 CONTINUOUS SPRAY SUNSCREEN ÉCRAN SOLAIRE EN VAPORISATEUR"",""active_ingredients"":[{""name"":""AVOBENZONE"",""strength"":3,""unit"":""%""},{""name"":""HOMOSALATE"",""strength"":7.5,""unit"":""%""},{""name"":""OCTISALATE"",""strength"":5,""unit"":""%""},{""name"":""OCTOCRYLENE"",""strength"":5,""unit"":""%""}],""dosage_forms"":[""SPRAY, BAG-ON-VALVE""],""routes"":[""TOPICAL""],""schedule"":[""NON-PRESCRIPTION DRUGS""],""product_status"":""MARKETED"",""company"":""PRIME ENTERPRISES, LLC""}","{""archive_file_id"":""dpd_marketed_archive"",""archive_members"":{""comp.txt"":[9853],""drug.txt"":[9853],""form.txt"":[10052],""ingred.txt"":[14042,14043,14044,14045],""route.txt"":[11655],""schedule.txt"":[10134],""status.txt"":[41414]},""archive_sha256"":""94c8ef8639fd07eea9c134d8ede137d77574d4ae6761955f5aa582558ec38b25"",""drug_codes"":[""98230""],""language"":""en"",""source_dataset_id"":""hc_dpd_source_snapshot"",""source_dataset_version"":""2026.7.2"",""source_manifest_sha256"":""f674732805de6a311d5882c2e7e33747a7e214beb123d9e42c944e1ad195eba0""}",False,0.5,schema_and_label_split,"[""brand_name"",""company"",""dosage_forms"",""product_status""]","{""din"":[""02492261""],""brand_name"":[""SPORT 30 CONTINUOUS SPRAY SUNSCREEN ÉCRAN SOLAIRE EN VAPORISATEUR""],""active_ingredients"":[{""name"":""AVOBENZONE"",""strength"":""3"",""unit"":""%""},{""name"":""HOMOSALATE"",""strength"":""7.5"",""unit"":""%""},{""name"":""OCTOCRYLENE"",""strength"":""5"",""unit"":""%""},{""name"":""OCTISALATE"",""strength"":""5"",""unit"":""%""}],""dosage_forms"":[""SPRAY"",""BAG-ON-VALVE""],""routes"":[""TOPICAL""],""schedule"":[""NON-PRESCRIPTION DRUGS""],""product_status"":[""MARKETED""],""company"":[""PRIME ENTERPRISES, LLC""]}",False,0.875,compound_label_split_only,"[""dosage_forms""]","{""din"":[""02492261""],""brand_name"":""SPORT 30 CONTINUOUS SPRAY SUNSCREEN ÉCRAN SOLAIRE EN VAPORISATEUR"",""active_ingredients"":[{""name"":""AVOBENZONE"",""strength"":""3"",""unit"":""%""},{""name"":""HOMOSALATE"",""strength"":""7.5"",""unit"":""%""},{""name"":""OCTOCRYLENE"",""strength"":""5"",""unit"":""%""},{""name"":""OCTISALATE"",""strength"":""5"",""unit"":""%""}],""dosage_forms"":[""SPRAY"",""BAG-ON-VALVE""],""routes"":[""TOPICAL""],""schedule"":[""NON-PRESCRIPTION DRUGS""],""product_status"":""MARKETED"",""company"":""PRIME ENTERPRISES, LLC""}",False,0.875,compound_label_split_only,"[""dosage_forms""]","{""din"":[""02492261""],""brand_name"":""SPORT 30 CONTINUOUS SPRAY SUNSCREEN ÉCRAN SOLAIRE EN VAPORISATEUR"",""active_ingredients"":[{""name"":""AVOBENZONE"",""strength"":""3"",""unit"":""%""},{""name"":""HOMOSALATE"",""strength"":""7.5"",""unit"":""%""},{""name"":""OCTOCRYLENE"",""strength"":""5"",""unit"":""%""},{""name"":""OCTISALATE"",""strength"":""5"",""unit"":""%""}],""dosage_forms"":[""SPRAY"",""BAG-ON-VALVE""],""routes"":[""TOPICAL""],""schedule"":[""NON-PRESCRIPTION DRUGS""],""product_status"":""MARKETED"",""company"":""PRIME ENTERPRISES, LLC""}",True,1,pass,[],"{""din"":[""02492261""],""brand_name"":""SPORT 30 CONTINUOUS SPRAY SUNSCREEN ÉCRAN SOLAIRE EN VAPORISATEUR"",""active_ingredients"":[{""name"":""AVOBENZONE"",""strength"":""3"",""unit"":""%""},{""name"":""HOMOSALATE"",""strength"":""7.5"",""unit"":""%""},{""name"":""OCTOCRYLENE"",""strength"":""5"",""unit"":""%""},{""name"":""OCTISALATE"",""strength"":""5"",""unit"":""%""}],""dosage_forms"":[""SPRAY, BAG-ON-VALVE""],""routes"":[""TOPICAL""],""schedule"":[""NON-PRESCRIPTION DRUGS""],""product_status"":""MARKETED"",""company"":""PRIME ENTERPRISES, LLC""}",Adjudicate whether the rendered compound DPD label is unambiguous.,pending,,,,,,,,,
hc-dpd-review-0042,comparison_only_failure,2,Review cases passed by gpt_5_6_sol and failed by gpt_5_6_terra.,hc_dpd_c2fad45d252cf41d_fr,hc_dpd_c2fad45d252cf41d,fr,multi_ingredient_multi_variant,JAMP PERINDOPRIL/INDAPAMIDE,"Extrayez les faits de produit pharmaceutique du dossier source de la Base de données sur les produits pharmaceutiques de Santé Canada ci-dessous. Retournez uniquement un objet JSON avec exactement les clés din, brand_name, active_ingredients, dosage_forms, routes, schedule, product_status et company. din, dosage_forms, routes et schedule doivent être des listes. active_ingredients doit être une liste d'objets ayant les clés name, strength et unit. Regroupez les faits distincts de toutes les variantes, sans rien déduire.

DOSSIER SOURCE DPD (FRANÇAIS)

VARIANTE 1
DRUG_CODE: 104299
DIN: 02554119
NOM_COMMERCIAL: JAMP PERINDOPRIL/INDAPAMIDE
INGRÉDIENTS_ACTIFS:
- NOM=Périndopril erbumine; CONCENTRATION=2; UNITÉ=MG
- NOM=Indapamide; CONCENTRATION=0.625; UNITÉ=MG
FORMES_PHARMACEUTIQUES: Comprimé
VOIES_ADMINISTRATION: Orale
ANNEXES: Médicaments sur ordonnance
ÉTAT_DU_PRODUIT: COMMERCIALISÉ
ENTREPRISE: JAMP PHARMA CORPORATION

VARIANTE 2
DRUG_CODE: 104300
DIN: 02554127
NOM_COMMERCIAL: JAMP PERINDOPRIL/INDAPAMIDE
INGRÉDIENTS_ACTIFS:
- NOM=Périndopril erbumine; CONCENTRATION=4; UNITÉ=MG
- NOM=Indapamide; CONCENTRATION=1.25; UNITÉ=MG
FORMES_PHARMACEUTIQUES: Comprimé
VOIES_ADMINISTRATION: Orale
ANNEXES: Médicaments sur ordonnance
ÉTAT_DU_PRODUIT: COMMERCIALISÉ
ENTREPRISE: JAMP PHARMA CORPORATION

VARIANTE 3
DRUG_CODE: 104301
DIN: 02554135
NOM_COMMERCIAL: JAMP PERINDOPRIL/INDAPAMIDE
INGRÉDIENTS_ACTIFS:
- NOM=Périndopril erbumine; CONCENTRATION=8; UNITÉ=MG
- NOM=Indapamide; CONCENTRATION=2.5; UNITÉ=MG
FORMES_PHARMACEUTIQUES: Comprimé
VOIES_ADMINISTRATION: Orale
ANNEXES: Médicaments sur ordonnance
ÉTAT_DU_PRODUIT: COMMERCIALISÉ
ENTREPRISE: JAMP PHARMA CORPORATION","{""din"":[""02554119"",""02554127"",""02554135""],""brand_name"":""JAMP PERINDOPRIL/INDAPAMIDE"",""active_ingredients"":[{""name"":""Indapamide"",""strength"":0.625,""unit"":""MG""},{""name"":""Indapamide"",""strength"":1.25,""unit"":""MG""},{""name"":""Indapamide"",""strength"":2.5,""unit"":""MG""},{""name"":""Périndopril erbumine"",""strength"":2,""unit"":""MG""},{""name"":""Périndopril erbumine"",""strength"":4,""unit"":""MG""},{""name"":""Périndopril erbumine"",""strength"":8,""unit"":""MG""}],""dosage_forms"":[""Comprimé""],""routes"":[""Orale""],""schedule"":[""Médicaments sur ordonnance""],""product_status"":""COMMERCIALISÉ"",""company"":""JAMP PHARMA CORPORATION""}","{""archive_file_id"":""dpd_marketed_archive"",""archive_members"":{""comp.txt"":[13112,13113,13114],""drug.txt"":[13112,13113,13114],""form.txt"":[13406,13407,13408],""ingred.txt"":[19082,19083,19084,19085,19086,19087],""route.txt"":[15702,15703,15704],""schedule.txt"":[13611,13612,13613],""status.txt"":[48851,48852,48854]},""archive_sha256"":""94c8ef8639fd07eea9c134d8ede137d77574d4ae6761955f5aa582558ec38b25"",""drug_codes"":[""104299"",""104300"",""104301""],""language"":""fr"",""source_dataset_id"":""hc_dpd_source_snapshot"",""source_dataset_version"":""2026.7.2"",""source_manifest_sha256"":""f674732805de6a311d5882c2e7e33747a7e214beb123d9e42c944e1ad195eba0""}",True,1,pass,[],"{""din"":[""02554119"",""02554127"",""02554135""],""brand_name"":""JAMP PERINDOPRIL/INDAPAMIDE"",""active_ingredients"":[{""name"":""Périndopril erbumine"",""strength"":""2"",""unit"":""MG""},{""name"":""Indapamide"",""strength"":""0.625"",""unit"":""MG""},{""name"":""Périndopril erbumine"",""strength"":""4"",""unit"":""MG""},{""name"":""Indapamide"",""strength"":""1.25"",""unit"":""MG""},{""name"":""Périndopril erbumine"",""strength"":""8"",""unit"":""MG""},{""name"":""Indapamide"",""strength"":""2.5"",""unit"":""MG""}],""dosage_forms"":[""Comprimé""],""routes"":[""Orale""],""schedule"":[""Médicaments sur ordonnance""],""product_status"":""COMMERCIALISÉ"",""company"":""JAMP PHARMA CORPORATION""}",False,0.875,schema_type_only,"[""product_status""]","{""din"":[""02554119"",""02554127"",""02554135""],""brand_name"":""JAMP PERINDOPRIL/INDAPAMIDE"",""active_ingredients"":[{""name"":""Périndopril erbumine"",""strength"":2,""unit"":""MG""},{""name"":""Indapamide"",""strength"":0.625,""unit"":""MG""},{""name"":""Périndopril erbumine"",""strength"":4,""unit"":""MG""},{""name"":""Indapamide"",""strength"":1.25,""unit"":""MG""},{""name"":""Périndopril erbumine"",""strength"":8,""unit"":""MG""},{""name"":""Indapamide"",""strength"":2.5,""unit"":""MG""}],""dosage_forms"":[""Comprimé""],""routes"":[""Orale""],""schedule"":[""Médicaments sur ordonnance""],""product_status"":[""COMMERCIALISÉ""],""company"":""JAMP PHARMA CORPORATION""}",False,0.875,text_or_value_error,"[""active_ingredients""]","{""din"":[""02554119"",""02554127"",""02554135""],""brand_name"":""JAMP PERINDOPRIL/INDAPAMIDE"",""active_ingredients"":[{""name"":""Périndopril erbumine"",""strength"":""2"",""unit"":""MG""},{""name"":""Indapamide"",""strength"":""0.625"",""unit"":""MG""},{""name"":""Périndopril erbumine"",""strength"":""4"",""unit"":""MG""},{""name"":""Indapamide"",""strength"":""1.25"",""unit"":""MG""},{""name"":""Périndopamide erbumine"",""strength"":""8"",""unit"":""MG""},{""name"":""Indapamide"",""strength"":""2.5"",""unit"":""MG""}],""dosage_forms"":[""Comprimé""],""routes"":[""Orale""],""schedule"":[""Médicaments sur ordonnance""],""product_status"":""COMMERCIALISÉ"",""company"":""JAMP PHARMA CORPORATION""}",True,1,pass,[],"{""din"":[""02554119"",""02554127"",""02554135""],""brand_name"":""JAMP PERINDOPRIL/INDAPAMIDE"",""active_ingredients"":[{""name"":""Périndopril erbumine"",""strength"":""2"",""unit"":""MG""},{""name"":""Indapamide"",""strength"":""0.625"",""unit"":""MG""},{""name"":""Périndopril erbumine"",""strength"":""4"",""unit"":""MG""},{""name"":""Indapamide"",""strength"":""1.25"",""unit"":""MG""},{""name"":""Périndopril erbumine"",""strength"":""8"",""unit"":""MG""},{""name"":""Indapamide"",""strength"":""2.5"",""unit"":""MG""}],""dosage_forms"":[""Comprimé""],""routes"":[""Orale""],""schedule"":[""Médicaments sur ordonnance""],""product_status"":""COMMERCIALISÉ"",""company"":""JAMP PHARMA CORPORATION""}",Compare the transcription with the frozen source label.,pending,,,,,,,,,
hc-dpd-review-0043,comparison_only_failure,2,Review cases passed by gpt_5_6_sol and failed by gpt_5_6_terra.,hc_dpd_c70a9a51d4567621_en,hc_dpd_c70a9a51d4567621,en,multi_ingredient,PREMIUM SUNSCREEN SPRAY SUN BUM 30,"Extract drug-product facts from the Health Canada Drug Product Database source record below. Return only one JSON object with exactly the keys din, brand_name, active_ingredients, dosage_forms, routes, schedule, product_status, and company. din, dosage_forms, routes, and schedule must be lists. active_ingredients must be a list of objects with name, strength, and unit keys. Combine distinct facts from every variant and do not infer values.

DPD SOURCE RECORD (ENGLISH)

VARIANT 1
DRUG_CODE: 97377
DIN: 02483335
BRAND_NAME: PREMIUM SUNSCREEN SPRAY SUN BUM 30
ACTIVE_INGREDIENTS:
- NAME=AVOBENZONE; STRENGTH=3; UNIT=%
- NAME=HOMOSALATE; STRENGTH=10; UNIT=%
- NAME=OCTOCRYLENE; STRENGTH=3.75; UNIT=%
- NAME=OCTISALATE; STRENGTH=5; UNIT=%
DOSAGE_FORMS: SPRAY, BAG-ON-VALVE
ROUTES: TOPICAL
SCHEDULES: NON-PRESCRIPTION DRUGS
PRODUCT_STATUS: MARKETED
COMPANY: SUN BUM LLC","{""din"":[""02483335""],""brand_name"":""PREMIUM SUNSCREEN SPRAY SUN BUM 30"",""active_ingredients"":[{""name"":""AVOBENZONE"",""strength"":3,""unit"":""%""},{""name"":""HOMOSALATE"",""strength"":10,""unit"":""%""},{""name"":""OCTISALATE"",""strength"":5,""unit"":""%""},{""name"":""OCTOCRYLENE"",""strength"":3.75,""unit"":""%""}],""dosage_forms"":[""SPRAY, BAG-ON-VALVE""],""routes"":[""TOPICAL""],""schedule"":[""NON-PRESCRIPTION DRUGS""],""product_status"":""MARKETED"",""company"":""SUN BUM LLC""}","{""archive_file_id"":""dpd_marketed_archive"",""archive_members"":{""comp.txt"":[9417],""drug.txt"":[9417],""form.txt"":[9598],""ingred.txt"":[13371,13372,13373,13374],""route.txt"":[11135],""schedule.txt"":[9673],""status.txt"":[40291]},""archive_sha256"":""94c8ef8639fd07eea9c134d8ede137d77574d4ae6761955f5aa582558ec38b25"",""drug_codes"":[""97377""],""language"":""en"",""source_dataset_id"":""hc_dpd_source_snapshot"",""source_dataset_version"":""2026.7.2"",""source_manifest_sha256"":""f674732805de6a311d5882c2e7e33747a7e214beb123d9e42c944e1ad195eba0""}",False,0.875,compound_label_split_only,"[""dosage_forms""]","{""din"":[""02483335""],""brand_name"":""PREMIUM SUNSCREEN SPRAY SUN BUM 30"",""active_ingredients"":[{""name"":""AVOBENZONE"",""strength"":""3"",""unit"":""%""},{""name"":""HOMOSALATE"",""strength"":""10"",""unit"":""%""},{""name"":""OCTOCRYLENE"",""strength"":""3.75"",""unit"":""%""},{""name"":""OCTISALATE"",""strength"":""5"",""unit"":""%""}],""dosage_forms"":[""SPRAY"",""BAG-ON-VALVE""],""routes"":[""TOPICAL""],""schedule"":[""NON-PRESCRIPTION DRUGS""],""product_status"":""MARKETED"",""company"":""SUN BUM LLC""}",False,0.75,schema_and_label_split,"[""din"",""dosage_forms""]","{""din"":""02483335"",""brand_name"":""PREMIUM SUNSCREEN SPRAY SUN BUM 30"",""active_ingredients"":[{""name"":""AVOBENZONE"",""strength"":""3"",""unit"":""%""},{""name"":""HOMOSALATE"",""strength"":""10"",""unit"":""%""},{""name"":""OCTOCRYLENE"",""strength"":""3.75"",""unit"":""%""},{""name"":""OCTISALATE"",""strength"":""5"",""unit"":""%""}],""dosage_forms"":[""SPRAY"",""BAG-ON-VALVE""],""routes"":[""TOPICAL""],""schedule"":[""NON-PRESCRIPTION DRUGS""],""product_status"":""MARKETED"",""company"":""SUN BUM LLC""}",False,0.875,compound_label_split_only,"[""dosage_forms""]","{""din"":[""02483335""],""brand_name"":""PREMIUM SUNSCREEN SPRAY SUN BUM 30"",""active_ingredients"":[{""name"":""AVOBENZONE"",""strength"":""3"",""unit"":""%""},{""name"":""HOMOSALATE"",""strength"":""10"",""unit"":""%""},{""name"":""OCTOCRYLENE"",""strength"":""3.75"",""unit"":""%""},{""name"":""OCTISALATE"",""strength"":""5"",""unit"":""%""}],""dosage_forms"":[""SPRAY"",""BAG-ON-VALVE""],""routes"":[""TOPICAL""],""schedule"":[""NON-PRESCRIPTION DRUGS""],""product_status"":""MARKETED"",""company"":""SUN BUM LLC""}",True,1,pass,[],"{""din"":[""02483335""],""brand_name"":""PREMIUM SUNSCREEN SPRAY SUN BUM 30"",""active_ingredients"":[{""name"":""AVOBENZONE"",""strength"":""3"",""unit"":""%""},{""name"":""HOMOSALATE"",""strength"":""10"",""unit"":""%""},{""name"":""OCTOCRYLENE"",""strength"":""3.75"",""unit"":""%""},{""name"":""OCTISALATE"",""strength"":""5"",""unit"":""%""}],""dosage_forms"":[""SPRAY, BAG-ON-VALVE""],""routes"":[""TOPICAL""],""schedule"":[""NON-PRESCRIPTION DRUGS""],""product_status"":""MARKETED"",""company"":""SUN BUM LLC""}",Adjudicate whether the rendered compound DPD label is unambiguous.,pending,,,,,,,,,
hc-dpd-review-0044,comparison_only_failure,2,Review cases passed by gpt_5_6_sol and failed by gpt_5_6_terra.,hc_dpd_cc20d74d3c39f3eb_fr,hc_dpd_cc20d74d3c39f3eb,fr,multi_ingredient,COLLYRE BLEU LAITER,"Extrayez les faits de produit pharmaceutique du dossier source de la Base de données sur les produits pharmaceutiques de Santé Canada ci-dessous. Retournez uniquement un objet JSON avec exactement les clés din, brand_name, active_ingredients, dosage_forms, routes, schedule, product_status et company. din, dosage_forms, routes et schedule doivent être des listes. active_ingredients doit être une liste d'objets ayant les clés name, strength et unit. Regroupez les faits distincts de toutes les variantes, sans rien déduire.

DOSSIER SOURCE DPD (FRANÇAIS)

VARIANTE 1
DRUG_CODE: 7203
DIN: 00674354
NOM_COMMERCIAL: COLLYRE BLEU LAITER
INGRÉDIENTS_ACTIFS:
- NOM=Nitrate de naphazoline; CONCENTRATION=0.5; UNITÉ=MG
- NOM=Bleu de méthylène; CONCENTRATION=0.2; UNITÉ=MG
FORMES_PHARMACEUTIQUES: Gouttes
VOIES_ADMINISTRATION: Ophtalmique
ANNEXES: Médicaments sans ordonnance
ÉTAT_DU_PRODUIT: COMMERCIALISÉ
ENTREPRISE: FRILAB SA","{""din"":[""00674354""],""brand_name"":""COLLYRE BLEU LAITER"",""active_ingredients"":[{""name"":""Bleu de méthylène"",""strength"":0.2,""unit"":""MG""},{""name"":""Nitrate de naphazoline"",""strength"":0.5,""unit"":""MG""}],""dosage_forms"":[""Gouttes""],""routes"":[""Ophtalmique""],""schedule"":[""Médicaments sans ordonnance""],""product_status"":""COMMERCIALISÉ"",""company"":""FRILAB SA""}","{""archive_file_id"":""dpd_marketed_archive"",""archive_members"":{""comp.txt"":[598],""drug.txt"":[598],""form.txt"":[599],""ingred.txt"":[866,867],""route.txt"":[721],""schedule.txt"":[598],""status.txt"":[3035]},""archive_sha256"":""94c8ef8639fd07eea9c134d8ede137d77574d4ae6761955f5aa582558ec38b25"",""drug_codes"":[""7203""],""language"":""fr"",""source_dataset_id"":""hc_dpd_source_snapshot"",""source_dataset_version"":""2026.7.2"",""source_manifest_sha256"":""f674732805de6a311d5882c2e7e33747a7e214beb123d9e42c944e1ad195eba0""}",True,1,pass,[],"{""din"":[""00674354""],""brand_name"":""COLLYRE BLEU LAITER"",""active_ingredients"":[{""name"":""Nitrate de naphazoline"",""strength"":""0.5"",""unit"":""MG""},{""name"":""Bleu de méthylène"",""strength"":""0.2"",""unit"":""MG""}],""dosage_forms"":[""Gouttes""],""routes"":[""Ophtalmique""],""schedule"":[""Médicaments sans ordonnance""],""product_status"":""COMMERCIALISÉ"",""company"":""FRILAB SA""}",True,1,pass,[],"{""din"":[""00674354""],""brand_name"":""COLLYRE BLEU LAITER"",""active_ingredients"":[{""name"":""Nitrate de naphazoline"",""strength"":""0.5"",""unit"":""MG""},{""name"":""Bleu de méthylène"",""strength"":""0.2"",""unit"":""MG""}],""dosage_forms"":[""Gouttes""],""routes"":[""Ophtalmique""],""schedule"":[""Médicaments sans ordonnance""],""product_status"":""COMMERCIALISÉ"",""company"":""FRILAB SA""}",False,0.625,schema_type_only,"[""brand_name"",""company"",""product_status""]","{""din"":[""00674354""],""brand_name"":[""COLLYRE BLEU LAITER""],""active_ingredients"":[{""name"":""Nitrate de naphazoline"",""strength"":0.5,""unit"":""MG""},{""name"":""Bleu de méthylène"",""strength"":0.2,""unit"":""MG""}],""dosage_forms"":[""Gouttes""],""routes"":[""Ophtalmique""],""schedule"":[""Médicaments sans ordonnance""],""product_status"":[""COMMERCIALISÉ""],""company"":[""FRILAB SA""]}",True,1,pass,[],"{""din"":[""00674354""],""brand_name"":""COLLYRE BLEU LAITER"",""active_ingredients"":[{""name"":""Nitrate de naphazoline"",""strength"":""0.5"",""unit"":""MG""},{""name"":""Bleu de méthylène"",""strength"":""0.2"",""unit"":""MG""}],""dosage_forms"":[""Gouttes""],""routes"":[""Ophtalmique""],""schedule"":[""Médicaments sans ordonnance""],""product_status"":""COMMERCIALISÉ"",""company"":""FRILAB SA""}",Verify the strict scalar and list JSON contract.,pending,,,,,,,,,
hc-dpd-review-0045,comparison_only_failure,2,Review cases passed by gpt_5_6_sol and failed by gpt_5_6_terra.,hc_dpd_cc217db844e40422_en,hc_dpd_cc217db844e40422,en,multi_ingredient,LIFE BRAND SPORT SUNSCREEN BROAD SPECTRUM SPRAY,"Extract drug-product facts from the Health Canada Drug Product Database source record below. Return only one JSON object with exactly the keys din, brand_name, active_ingredients, dosage_forms, routes, schedule, product_status, and company. din, dosage_forms, routes, and schedule must be lists. active_ingredients must be a list of objects with name, strength, and unit keys. Combine distinct facts from every variant and do not infer values.

DPD SOURCE RECORD (ENGLISH)

VARIANT 1
DRUG_CODE: 93309
DIN: 02447509
BRAND_NAME: LIFE BRAND SPORT SUNSCREEN BROAD SPECTRUM SPRAY
ACTIVE_INGREDIENTS:
- NAME=OXYBENZONE; STRENGTH=4; UNIT=%
- NAME=AVOBENZONE; STRENGTH=2; UNIT=%
- NAME=HOMOSALATE; STRENGTH=15; UNIT=%
- NAME=OCTISALATE; STRENGTH=5; UNIT=%
DOSAGE_FORMS: SPRAY, BAG-ON-VALVE
ROUTES: TOPICAL
SCHEDULES: NON-PRESCRIPTION DRUGS
PRODUCT_STATUS: MARKETED
COMPANY: FRUIT OF THE EARTH, INC","{""din"":[""02447509""],""brand_name"":""LIFE BRAND SPORT SUNSCREEN BROAD SPECTRUM SPRAY"",""active_ingredients"":[{""name"":""AVOBENZONE"",""strength"":2,""unit"":""%""},{""name"":""HOMOSALATE"",""strength"":15,""unit"":""%""},{""name"":""OCTISALATE"",""strength"":5,""unit"":""%""},{""name"":""OXYBENZONE"",""strength"":4,""unit"":""%""}],""dosage_forms"":[""SPRAY, BAG-ON-VALVE""],""routes"":[""TOPICAL""],""schedule"":[""NON-PRESCRIPTION DRUGS""],""product_status"":""MARKETED"",""company"":""FRUIT OF THE EARTH, INC""}","{""archive_file_id"":""dpd_marketed_archive"",""archive_members"":{""comp.txt"":[7847],""drug.txt"":[7847],""form.txt"":[7989],""ingred.txt"":[11188,11189,11190,11191],""route.txt"":[9225],""schedule.txt"":[8016],""status.txt"":[36008]},""archive_sha256"":""94c8ef8639fd07eea9c134d8ede137d77574d4ae6761955f5aa582558ec38b25"",""drug_codes"":[""93309""],""language"":""en"",""source_dataset_id"":""hc_dpd_source_snapshot"",""source_dataset_version"":""2026.7.2"",""source_manifest_sha256"":""f674732805de6a311d5882c2e7e33747a7e214beb123d9e42c944e1ad195eba0""}",False,0.875,compound_label_split_only,"[""dosage_forms""]","{""din"":[""02447509""],""brand_name"":""LIFE BRAND SPORT SUNSCREEN BROAD SPECTRUM SPRAY"",""active_ingredients"":[{""name"":""OXYBENZONE"",""strength"":""4"",""unit"":""%""},{""name"":""AVOBENZONE"",""strength"":""2"",""unit"":""%""},{""name"":""HOMOSALATE"",""strength"":""15"",""unit"":""%""},{""name"":""OCTISALATE"",""strength"":""5"",""unit"":""%""}],""dosage_forms"":[""SPRAY"",""BAG-ON-VALVE""],""routes"":[""TOPICAL""],""schedule"":[""NON-PRESCRIPTION DRUGS""],""product_status"":""MARKETED"",""company"":""FRUIT OF THE EARTH, INC""}",False,0.875,compound_label_split_only,"[""dosage_forms""]","{""din"":[""02447509""],""brand_name"":""LIFE BRAND SPORT SUNSCREEN BROAD SPECTRUM SPRAY"",""active_ingredients"":[{""name"":""OXYBENZONE"",""strength"":""4"",""unit"":""%""},{""name"":""AVOBENZONE"",""strength"":""2"",""unit"":""%""},{""name"":""HOMOSALATE"",""strength"":""15"",""unit"":""%""},{""name"":""OCTISALATE"",""strength"":""5"",""unit"":""%""}],""dosage_forms"":[""SPRAY"",""BAG-ON-VALVE""],""routes"":[""TOPICAL""],""schedule"":[""NON-PRESCRIPTION DRUGS""],""product_status"":""MARKETED"",""company"":""FRUIT OF THE EARTH, INC""}",False,0.875,compound_label_split_only,"[""dosage_forms""]","{""din"":[""02447509""],""brand_name"":""LIFE BRAND SPORT SUNSCREEN BROAD SPECTRUM SPRAY"",""active_ingredients"":[{""name"":""OXYBENZONE"",""strength"":""4"",""unit"":""%""},{""name"":""AVOBENZONE"",""strength"":""2"",""unit"":""%""},{""name"":""HOMOSALATE"",""strength"":""15"",""unit"":""%""},{""name"":""OCTISALATE"",""strength"":""5"",""unit"":""%""}],""dosage_forms"":[""SPRAY"",""BAG-ON-VALVE""],""routes"":[""TOPICAL""],""schedule"":[""NON-PRESCRIPTION DRUGS""],""product_status"":""MARKETED"",""company"":""FRUIT OF THE EARTH, INC""}",True,1,pass,[],"{""din"":[""02447509""],""brand_name"":""LIFE BRAND SPORT SUNSCREEN BROAD SPECTRUM SPRAY"",""active_ingredients"":[{""name"":""OXYBENZONE"",""strength"":""4"",""unit"":""%""},{""name"":""AVOBENZONE"",""strength"":""2"",""unit"":""%""},{""name"":""HOMOSALATE"",""strength"":""15"",""unit"":""%""},{""name"":""OCTISALATE"",""strength"":""5"",""unit"":""%""}],""dosage_forms"":[""SPRAY, BAG-ON-VALVE""],""routes"":[""TOPICAL""],""schedule"":[""NON-PRESCRIPTION DRUGS""],""product_status"":""MARKETED"",""company"":""FRUIT OF THE EARTH, INC""}",Adjudicate whether the rendered compound DPD label is unambiguous.,pending,,,,,,,,,
hc-dpd-review-0046,comparison_only_failure,2,Review cases passed by gpt_5_6_sol and failed by gpt_5_6_terra.,hc_dpd_cdab3f033b8be8a5_en,hc_dpd_cdab3f033b8be8a5,en,multi_ingredient,XYLONOR,"Extract drug-product facts from the Health Canada Drug Product Database source record below. Return only one JSON object with exactly the keys din, brand_name, active_ingredients, dosage_forms, routes, schedule, product_status, and company. din, dosage_forms, routes, and schedule must be lists. active_ingredients must be a list of objects with name, strength, and unit keys. Combine distinct facts from every variant and do not infer values.

DPD SOURCE RECORD (ENGLISH)

VARIANT 1
DRUG_CODE: 37164
DIN: 02218607
BRAND_NAME: XYLONOR
ACTIVE_INGREDIENTS:
- NAME=CETRIMIDE; STRENGTH=150; UNIT=MG
- NAME=LIDOCAINE; STRENGTH=15; UNIT=G
DOSAGE_FORMS: SPRAY, METERED DOSE
ROUTES: BUCCAL
SCHEDULES: ETHICAL
PRODUCT_STATUS: MARKETED
COMPANY: SEPTODONT","{""din"":[""02218607""],""brand_name"":""XYLONOR"",""active_ingredients"":[{""name"":""CETRIMIDE"",""strength"":150,""unit"":""MG""},{""name"":""LIDOCAINE"",""strength"":15,""unit"":""G""}],""dosage_forms"":[""SPRAY, METERED DOSE""],""routes"":[""BUCCAL""],""schedule"":[""ETHICAL""],""product_status"":""MARKETED"",""company"":""SEPTODONT""}","{""archive_file_id"":""dpd_marketed_archive"",""archive_members"":{""comp.txt"":[1811],""drug.txt"":[1811],""form.txt"":[1824],""ingred.txt"":[2749,2750],""route.txt"":[2149],""schedule.txt"":[1820],""status.txt"":[9433]},""archive_sha256"":""94c8ef8639fd07eea9c134d8ede137d77574d4ae6761955f5aa582558ec38b25"",""drug_codes"":[""37164""],""language"":""en"",""source_dataset_id"":""hc_dpd_source_snapshot"",""source_dataset_version"":""2026.7.2"",""source_manifest_sha256"":""f674732805de6a311d5882c2e7e33747a7e214beb123d9e42c944e1ad195eba0""}",False,0.625,schema_type_only,"[""brand_name"",""company"",""product_status""]","{""din"":[""02218607""],""brand_name"":[""XYLONOR""],""active_ingredients"":[{""name"":""CETRIMIDE"",""strength"":""150"",""unit"":""MG""},{""name"":""LIDOCAINE"",""strength"":""15"",""unit"":""G""}],""dosage_forms"":[""SPRAY, METERED DOSE""],""routes"":[""BUCCAL""],""schedule"":[""ETHICAL""],""product_status"":[""MARKETED""],""company"":[""SEPTODONT""]}",True,1,pass,[],"{""din"":[""02218607""],""brand_name"":""XYLONOR"",""active_ingredients"":[{""name"":""CETRIMIDE"",""strength"":""150"",""unit"":""MG""},{""name"":""LIDOCAINE"",""strength"":""15"",""unit"":""G""}],""dosage_forms"":[""SPRAY, METERED DOSE""],""routes"":[""BUCCAL""],""schedule"":[""ETHICAL""],""product_status"":""MARKETED"",""company"":""SEPTODONT""}",False,0.875,compound_label_split_only,"[""dosage_forms""]","{""din"":[""02218607""],""brand_name"":""XYLONOR"",""active_ingredients"":[{""name"":""CETRIMIDE"",""strength"":""150"",""unit"":""MG""},{""name"":""LIDOCAINE"",""strength"":""15"",""unit"":""G""}],""dosage_forms"":[""SPRAY"",""METERED DOSE""],""routes"":[""BUCCAL""],""schedule"":[""ETHICAL""],""product_status"":""MARKETED"",""company"":""SEPTODONT""}",True,1,pass,[],"{""din"":[""02218607""],""brand_name"":""XYLONOR"",""active_ingredients"":[{""name"":""CETRIMIDE"",""strength"":""150"",""unit"":""MG""},{""name"":""LIDOCAINE"",""strength"":""15"",""unit"":""G""}],""dosage_forms"":[""SPRAY, METERED DOSE""],""routes"":[""BUCCAL""],""schedule"":[""ETHICAL""],""product_status"":""MARKETED"",""company"":""SEPTODONT""}",Adjudicate whether the rendered compound DPD label is unambiguous.,pending,,,,,,,,,
hc-dpd-review-0047,comparison_only_failure,2,Review cases passed by gpt_5_6_sol and failed by gpt_5_6_terra.,hc_dpd_ce451f141937a2b7_en,hc_dpd_ce451f141937a2b7,en,multi_ingredient,ACID CONCENTRATE D12302,"Extract drug-product facts from the Health Canada Drug Product Database source record below. Return only one JSON object with exactly the keys din, brand_name, active_ingredients, dosage_forms, routes, schedule, product_status, and company. din, dosage_forms, routes, and schedule must be lists. active_ingredients must be a list of objects with name, strength, and unit keys. Combine distinct facts from every variant and do not infer values.

DPD SOURCE RECORD (ENGLISH)

VARIANT 1
DRUG_CODE: 20046
DIN: 02217635
BRAND_NAME: ACID CONCENTRATE D12302
ACTIVE_INGREDIENTS:
- NAME=DEXTROSE; STRENGTH=45; UNIT=G
- NAME=ACETIC ACID; STRENGTH=10.8; UNIT=G
- NAME=MAGNESIUM CHLORIDE; STRENGTH=2.14; UNIT=G
- NAME=CALCIUM CHLORIDE; STRENGTH=4.99; UNIT=G
- NAME=POTASSIUM CHLORIDE; STRENGTH=3.35; UNIT=G
- NAME=SODIUM CHLORIDE; STRENGTH=263; UNIT=G
DOSAGE_FORMS: SOLUTION
ROUTES: HAEMODIALYSIS
SCHEDULES: ETHICAL
PRODUCT_STATUS: MARKETED
COMPANY: VANTIVE ULC","{""din"":[""02217635""],""brand_name"":""ACID CONCENTRATE D12302"",""active_ingredients"":[{""name"":""ACETIC ACID"",""strength"":10.8,""unit"":""G""},{""name"":""CALCIUM CHLORIDE"",""strength"":4.99,""unit"":""G""},{""name"":""DEXTROSE"",""strength"":45,""unit"":""G""},{""name"":""MAGNESIUM CHLORIDE"",""strength"":2.14,""unit"":""G""},{""name"":""POTASSIUM CHLORIDE"",""strength"":3.35,""unit"":""G""},{""name"":""SODIUM CHLORIDE"",""strength"":263,""unit"":""G""}],""dosage_forms"":[""SOLUTION""],""routes"":[""HAEMODIALYSIS""],""schedule"":[""ETHICAL""],""product_status"":""MARKETED"",""company"":""VANTIVE ULC""}","{""archive_file_id"":""dpd_marketed_archive"",""archive_members"":{""comp.txt"":[1678],""drug.txt"":[1678],""form.txt"":[1687],""ingred.txt"":[2477,2478,2479,2480,2481,2482],""route.txt"":[1985],""schedule.txt"":[1686],""status.txt"":[8687]},""archive_sha256"":""94c8ef8639fd07eea9c134d8ede137d77574d4ae6761955f5aa582558ec38b25"",""drug_codes"":[""20046""],""language"":""en"",""source_dataset_id"":""hc_dpd_source_snapshot"",""source_dataset_version"":""2026.7.2"",""source_manifest_sha256"":""f674732805de6a311d5882c2e7e33747a7e214beb123d9e42c944e1ad195eba0""}",True,1,pass,[],"{""din"":[""02217635""],""brand_name"":""ACID CONCENTRATE D12302"",""active_ingredients"":[{""name"":""DEXTROSE"",""strength"":45,""unit"":""G""},{""name"":""ACETIC ACID"",""strength"":10.8,""unit"":""G""},{""name"":""MAGNESIUM CHLORIDE"",""strength"":2.14,""unit"":""G""},{""name"":""CALCIUM CHLORIDE"",""strength"":4.99,""unit"":""G""},{""name"":""POTASSIUM CHLORIDE"",""strength"":3.35,""unit"":""G""},{""name"":""SODIUM CHLORIDE"",""strength"":263,""unit"":""G""}],""dosage_forms"":[""SOLUTION""],""routes"":[""HAEMODIALYSIS""],""schedule"":[""ETHICAL""],""product_status"":""MARKETED"",""company"":""VANTIVE ULC""}",True,1,pass,[],"{""din"":[""02217635""],""brand_name"":""ACID CONCENTRATE D12302"",""active_ingredients"":[{""name"":""DEXTROSE"",""strength"":""45"",""unit"":""G""},{""name"":""ACETIC ACID"",""strength"":""10.8"",""unit"":""G""},{""name"":""MAGNESIUM CHLORIDE"",""strength"":""2.14"",""unit"":""G""},{""name"":""CALCIUM CHLORIDE"",""strength"":""4.99"",""unit"":""G""},{""name"":""POTASSIUM CHLORIDE"",""strength"":""3.35"",""unit"":""G""},{""name"":""SODIUM CHLORIDE"",""strength"":""263"",""unit"":""G""}],""dosage_forms"":[""SOLUTION""],""routes"":[""HAEMODIALYSIS""],""schedule"":[""ETHICAL""],""product_status"":""MARKETED"",""company"":""VANTIVE ULC""}",False,0.875,text_or_value_error,"[""brand_name""]","{""din"":[""02217635""],""brand_name"":""ACID CONCENTATE D12302"",""active_ingredients"":[{""name"":""DEXTROSE"",""strength"":""45"",""unit"":""G""},{""name"":""ACETIC ACID"",""strength"":""10.8"",""unit"":""G""},{""name"":""MAGNESIUM CHLORIDE"",""strength"":""2.14"",""unit"":""G""},{""name"":""CALCIUM CHLORIDE"",""strength"":""4.99"",""unit"":""G""},{""name"":""POTASSIUM CHLORIDE"",""strength"":""3.35"",""unit"":""G""},{""name"":""SODIUM CHLORIDE"",""strength"":""263"",""unit"":""G""}],""dosage_forms"":[""SOLUTION""],""routes"":[""HAEMODIALYSIS""],""schedule"":[""ETHICAL""],""product_status"":""MARKETED"",""company"":""VANTIVE ULC""}",True,1,pass,[],"{""din"":[""02217635""],""brand_name"":""ACID CONCENTRATE D12302"",""active_ingredients"":[{""name"":""DEXTROSE"",""strength"":""45"",""unit"":""G""},{""name"":""ACETIC ACID"",""strength"":""10.8"",""unit"":""G""},{""name"":""MAGNESIUM CHLORIDE"",""strength"":""2.14"",""unit"":""G""},{""name"":""CALCIUM CHLORIDE"",""strength"":""4.99"",""unit"":""G""},{""name"":""POTASSIUM CHLORIDE"",""strength"":""3.35"",""unit"":""G""},{""name"":""SODIUM CHLORIDE"",""strength"":""263"",""unit"":""G""}],""dosage_forms"":[""SOLUTION""],""routes"":[""HAEMODIALYSIS""],""schedule"":[""ETHICAL""],""product_status"":""MARKETED"",""company"":""VANTIVE ULC""}",Compare the transcription with the frozen source label.,pending,,,,,,,,,
hc-dpd-review-0048,comparison_only_failure,2,Review cases passed by gpt_5_6_sol and failed by gpt_5_6_terra.,hc_dpd_d088b284691ec3f4_en,hc_dpd_d088b284691ec3f4,en,multi_variant,AURO-ATOMOXETINE,"Extract drug-product facts from the Health Canada Drug Product Database source record below. Return only one JSON object with exactly the keys din, brand_name, active_ingredients, dosage_forms, routes, schedule, product_status, and company. din, dosage_forms, routes, and schedule must be lists. active_ingredients must be a list of objects with name, strength, and unit keys. Combine distinct facts from every variant and do not infer values.

DPD SOURCE RECORD (ENGLISH)

VARIANT 1
DRUG_CODE: 96064
DIN: 02471485
BRAND_NAME: AURO-ATOMOXETINE
ACTIVE_INGREDIENTS:
- NAME=ATOMOXETINE (ATOMOXETINE HYDROCHLORIDE); STRENGTH=10; UNIT=MG
DOSAGE_FORMS: CAPSULE
ROUTES: ORAL
SCHEDULES: PRESCRIPTION
PRODUCT_STATUS: MARKETED
COMPANY: AURO PHARMA INC

VARIANT 2
DRUG_CODE: 96065
DIN: 02471493
BRAND_NAME: AURO-ATOMOXETINE
ACTIVE_INGREDIENTS:
- NAME=ATOMOXETINE (ATOMOXETINE HYDROCHLORIDE); STRENGTH=18; UNIT=MG
DOSAGE_FORMS: CAPSULE
ROUTES: ORAL
SCHEDULES: PRESCRIPTION
PRODUCT_STATUS: MARKETED
COMPANY: AURO PHARMA INC

VARIANT 3
DRUG_CODE: 96066
DIN: 02471507
BRAND_NAME: AURO-ATOMOXETINE
ACTIVE_INGREDIENTS:
- NAME=ATOMOXETINE (ATOMOXETINE HYDROCHLORIDE); STRENGTH=25; UNIT=MG
DOSAGE_FORMS: CAPSULE
ROUTES: ORAL
SCHEDULES: PRESCRIPTION
PRODUCT_STATUS: MARKETED
COMPANY: AURO PHARMA INC

VARIANT 4
DRUG_CODE: 96067
DIN: 02471515
BRAND_NAME: AURO-ATOMOXETINE
ACTIVE_INGREDIENTS:
- NAME=ATOMOXETINE (ATOMOXETINE HYDROCHLORIDE); STRENGTH=40; UNIT=MG
DOSAGE_FORMS: CAPSULE
ROUTES: ORAL
SCHEDULES: PRESCRIPTION
PRODUCT_STATUS: MARKETED
COMPANY: AURO PHARMA INC

VARIANT 5
DRUG_CODE: 96068
DIN: 02471523
BRAND_NAME: AURO-ATOMOXETINE
ACTIVE_INGREDIENTS:
- NAME=ATOMOXETINE (ATOMOXETINE HYDROCHLORIDE); STRENGTH=60; UNIT=MG
DOSAGE_FORMS: CAPSULE
ROUTES: ORAL
SCHEDULES: PRESCRIPTION
PRODUCT_STATUS: MARKETED
COMPANY: AURO PHARMA INC

VARIANT 6
DRUG_CODE: 96069
DIN: 02471531
BRAND_NAME: AURO-ATOMOXETINE
ACTIVE_INGREDIENTS:
- NAME=ATOMOXETINE (ATOMOXETINE HYDROCHLORIDE); STRENGTH=80; UNIT=MG
DOSAGE_FORMS: CAPSULE
ROUTES: ORAL
SCHEDULES: PRESCRIPTION
PRODUCT_STATUS: MARKETED
COMPANY: AURO PHARMA INC

VARIANT 7
DRUG_CODE: 96070
DIN: 02471558
BRAND_NAME: AURO-ATOMOXETINE
ACTIVE_INGREDIENTS:
- NAME=ATOMOXETINE (ATOMOXETINE HYDROCHLORIDE); STRENGTH=100; UNIT=MG
DOSAGE_FORMS: CAPSULE
ROUTES: ORAL
SCHEDULES: PRESCRIPTION
PRODUCT_STATUS: MARKETED
COMPANY: AURO PHARMA INC","{""din"":[""02471485"",""02471493"",""02471507"",""02471515"",""02471523"",""02471531"",""02471558""],""brand_name"":""AURO-ATOMOXETINE"",""active_ingredients"":[{""name"":""ATOMOXETINE (ATOMOXETINE HYDROCHLORIDE)"",""strength"":10,""unit"":""MG""},{""name"":""ATOMOXETINE (ATOMOXETINE HYDROCHLORIDE)"",""strength"":18,""unit"":""MG""},{""name"":""ATOMOXETINE (ATOMOXETINE HYDROCHLORIDE)"",""strength"":25,""unit"":""MG""},{""name"":""ATOMOXETINE (ATOMOXETINE HYDROCHLORIDE)"",""strength"":40,""unit"":""MG""},{""name"":""ATOMOXETINE (ATOMOXETINE HYDROCHLORIDE)"",""strength"":60,""unit"":""MG""},{""name"":""ATOMOXETINE (ATOMOXETINE HYDROCHLORIDE)"",""strength"":80,""unit"":""MG""},{""name"":""ATOMOXETINE (ATOMOXETINE HYDROCHLORIDE)"",""strength"":100,""unit"":""MG""}],""dosage_forms"":[""CAPSULE""],""routes"":[""ORAL""],""schedule"":[""PRESCRIPTION""],""product_status"":""MARKETED"",""company"":""AURO PHARMA INC""}","{""archive_file_id"":""dpd_marketed_archive"",""archive_members"":{""comp.txt"":[8887,8888,8889,8890,8891,8892,8893],""drug.txt"":[8887,8888,8889,8890,8891,8892,8893],""form.txt"":[9058,9059,9060,9061,9062,9063,9064],""ingred.txt"":[12611,12612,12613,12614,12615,12616,12617],""route.txt"":[10515,10516,10517,10518,10519,10520,10521],""schedule.txt"":[9115,9116,9117,9118,9119,9120,9121],""status.txt"":[38920,38922,38924,38926,38928,38930,38933]},""archive_sha256"":""94c8ef8639fd07eea9c134d8ede137d77574d4ae6761955f5aa582558ec38b25"",""drug_codes"":[""96064"",""96065"",""96066"",""96067"",""96068"",""96069"",""96070""],""language"":""en"",""source_dataset_id"":""hc_dpd_source_snapshot"",""source_dataset_version"":""2026.7.2"",""source_manifest_sha256"":""f674732805de6a311d5882c2e7e33747a7e214beb123d9e42c944e1ad195eba0""}",True,1,pass,[],"{""din"":[""02471485"",""02471493"",""02471507"",""02471515"",""02471523"",""02471531"",""02471558""],""brand_name"":""AURO-ATOMOXETINE"",""active_ingredients"":[{""name"":""ATOMOXETINE (ATOMOXETINE HYDROCHLORIDE)"",""strength"":""10"",""unit"":""MG""},{""name"":""ATOMOXETINE (ATOMOXETINE HYDROCHLORIDE)"",""strength"":""18"",""unit"":""MG""},{""name"":""ATOMOXETINE (ATOMOXETINE HYDROCHLORIDE)"",""strength"":""25"",""unit"":""MG""},{""name"":""ATOMOXETINE (ATOMOXETINE HYDROCHLORIDE)"",""strength"":""40"",""unit"":""MG""},{""name"":""ATOMOXETINE (ATOMOXETINE HYDROCHLORIDE)"",""strength"":""60"",""unit"":""MG""},{""name"":""ATOMOXETINE (ATOMOXETINE HYDROCHLORIDE)"",""strength"":""80"",""unit"":""MG""},{""name"":""ATOMOXETINE (ATOMOXETINE HYDROCHLORIDE)"",""strength"":""100"",""unit"":""MG""}],""dosage_forms"":[""CAPSULE""],""routes"":[""ORAL""],""schedule"":[""PRESCRIPTION""],""product_status"":""MARKETED"",""company"":""AURO PHARMA INC""}",True,1,pass,[],"{""din"":[""02471485"",""02471493"",""02471507"",""02471515"",""02471523"",""02471531"",""02471558""],""brand_name"":""AURO-ATOMOXETINE"",""active_ingredients"":[{""name"":""ATOMOXETINE (ATOMOXETINE HYDROCHLORIDE)"",""strength"":""10"",""unit"":""MG""},{""name"":""ATOMOXETINE (ATOMOXETINE HYDROCHLORIDE)"",""strength"":""18"",""unit"":""MG""},{""name"":""ATOMOXETINE (ATOMOXETINE HYDROCHLORIDE)"",""strength"":""25"",""unit"":""MG""},{""name"":""ATOMOXETINE (ATOMOXETINE HYDROCHLORIDE)"",""strength"":""40"",""unit"":""MG""},{""name"":""ATOMOXETINE (ATOMOXETINE HYDROCHLORIDE)"",""strength"":""60"",""unit"":""MG""},{""name"":""ATOMOXETINE (ATOMOXETINE HYDROCHLORIDE)"",""strength"":""80"",""unit"":""MG""},{""name"":""ATOMOXETINE (ATOMOXETINE HYDROCHLORIDE)"",""strength"":""100"",""unit"":""MG""}],""dosage_forms"":[""CAPSULE""],""routes"":[""ORAL""],""schedule"":[""PRESCRIPTION""],""product_status"":""MARKETED"",""company"":""AURO PHARMA INC""}",False,0.875,text_or_value_error,"[""active_ingredients""]","{""din"":[""02471485"",""02471493"",""02471507"",""02471515"",""02471523"",""02471531"",""02471558""],""brand_name"":""AURO-ATOMOXETINE"",""active_ingredients"":[{""name"":""ATOMOXETINE (ATOMOXETINE HYDROCHLORIDE)"",""strength"":""10"",""unit"":""MG""},{""name"":""ATOMOXETINE (ATOMOXETINE HYDROCHLORIDE)"",""strength"":""18"",""unit"":""MG""},{""name"":""ATOMOXETINE (ATOMOXETINE HYDROCHLIDE)"",""strength"":""25"",""unit"":""MG""},{""name"":""ATOMOXETINE (ATOMOXETINE HYDROCHLORIDE)"",""strength"":""40"",""unit"":""MG""},{""name"":""ATOMOXETINE (ATOMOXETINE HYDROCHLORIDE)"",""strength"":""60"",""unit"":""MG""},{""name"":""ATOMOXETINE (ATOMOXETINE HYDROCHLORIDE)"",""strength"":""80"",""unit"":""MG""},{""name"":""ATOMOXETINE (ATOMOXETINE HYDROCHLORIDE)"",""strength"":""100"",""unit"":""MG""}],""dosage_forms"":[""CAPSULE""],""routes"":[""ORAL""],""schedule"":[""PRESCRIPTION""],""product_status"":""MARKETED"",""company"":""AURO PHARMA INC""}",True,1,pass,[],"{""din"":[""02471485"",""02471493"",""02471507"",""02471515"",""02471523"",""02471531"",""02471558""],""brand_name"":""AURO-ATOMOXETINE"",""active_ingredients"":[{""name"":""ATOMOXETINE (ATOMOXETINE HYDROCHLORIDE)"",""strength"":""10"",""unit"":""MG""},{""name"":""ATOMOXETINE (ATOMOXETINE HYDROCHLORIDE)"",""strength"":""18"",""unit"":""MG""},{""name"":""ATOMOXETINE (ATOMOXETINE HYDROCHLORIDE)"",""strength"":""25"",""unit"":""MG""},{""name"":""ATOMOXETINE (ATOMOXETINE HYDROCHLORIDE)"",""strength"":""40"",""unit"":""MG""},{""name"":""ATOMOXETINE (ATOMOXETINE HYDROCHLORIDE)"",""strength"":""60"",""unit"":""MG""},{""name"":""ATOMOXETINE (ATOMOXETINE HYDROCHLORIDE)"",""strength"":""80"",""unit"":""MG""},{""name"":""ATOMOXETINE (ATOMOXETINE HYDROCHLORIDE)"",""strength"":""100"",""unit"":""MG""}],""dosage_forms"":[""CAPSULE""],""routes"":[""ORAL""],""schedule"":[""PRESCRIPTION""],""product_status"":""MARKETED"",""company"":""AURO PHARMA INC""}",Compare the transcription with the frozen source label.,pending,,,,,,,,,
hc-dpd-review-0049,comparison_only_failure,2,Review cases passed by gpt_5_6_sol and failed by gpt_5_6_terra.,hc_dpd_daad616224da1d77_en,hc_dpd_daad616224da1d77,en,multi_ingredient,COOLA CLEAR SUNSCREEN SPRAY TROPICAL COCONUT SCENT,"Extract drug-product facts from the Health Canada Drug Product Database source record below. Return only one JSON object with exactly the keys din, brand_name, active_ingredients, dosage_forms, routes, schedule, product_status, and company. din, dosage_forms, routes, and schedule must be lists. active_ingredients must be a list of objects with name, strength, and unit keys. Combine distinct facts from every variant and do not infer values.

DPD SOURCE RECORD (ENGLISH)

VARIANT 1
DRUG_CODE: 99932
DIN: 02510065
BRAND_NAME: COOLA CLEAR SUNSCREEN SPRAY TROPICAL COCONUT SCENT
ACTIVE_INGREDIENTS:
- NAME=AVOBENZONE; STRENGTH=2.8; UNIT=%
- NAME=OCTOCRYLENE; STRENGTH=7.6; UNIT=%
- NAME=OCTISALATE; STRENGTH=4.9; UNIT=%
DOSAGE_FORMS: SPRAY, BAG-ON-VALVE
ROUTES: TOPICAL
SCHEDULES: NON-PRESCRIPTION DRUGS
PRODUCT_STATUS: MARKETED
COMPANY: COOLA LLC","{""din"":[""02510065""],""brand_name"":""COOLA CLEAR SUNSCREEN SPRAY TROPICAL COCONUT SCENT"",""active_ingredients"":[{""name"":""AVOBENZONE"",""strength"":2.8,""unit"":""%""},{""name"":""OCTISALATE"",""strength"":4.9,""unit"":""%""},{""name"":""OCTOCRYLENE"",""strength"":7.6,""unit"":""%""}],""dosage_forms"":[""SPRAY, BAG-ON-VALVE""],""routes"":[""TOPICAL""],""schedule"":[""NON-PRESCRIPTION DRUGS""],""product_status"":""MARKETED"",""company"":""COOLA LLC""}","{""archive_file_id"":""dpd_marketed_archive"",""archive_members"":{""comp.txt"":[10728],""drug.txt"":[10728],""form.txt"":[10963],""ingred.txt"":[15515,15516,15517],""route.txt"":[12875],""schedule.txt"":[11054],""status.txt"":[43562]},""archive_sha256"":""94c8ef8639fd07eea9c134d8ede137d77574d4ae6761955f5aa582558ec38b25"",""drug_codes"":[""99932""],""language"":""en"",""source_dataset_id"":""hc_dpd_source_snapshot"",""source_dataset_version"":""2026.7.2"",""source_manifest_sha256"":""f674732805de6a311d5882c2e7e33747a7e214beb123d9e42c944e1ad195eba0""}",False,0.875,compound_label_split_only,"[""dosage_forms""]","{""din"":[""02510065""],""brand_name"":""COOLA CLEAR SUNSCREEN SPRAY TROPICAL COCONUT SCENT"",""active_ingredients"":[{""name"":""AVOBENZONE"",""strength"":""2.8"",""unit"":""%""},{""name"":""OCTOCRYLENE"",""strength"":""7.6"",""unit"":""%""},{""name"":""OCTISALATE"",""strength"":""4.9"",""unit"":""%""}],""dosage_forms"":[""SPRAY"",""BAG-ON-VALVE""],""routes"":[""TOPICAL""],""schedule"":[""NON-PRESCRIPTION DRUGS""],""product_status"":""MARKETED"",""company"":""COOLA LLC""}",False,0.75,schema_and_label_split,"[""din"",""dosage_forms""]","{""din"":""02510065"",""brand_name"":""COOLA CLEAR SUNSCREEN SPRAY TROPICAL COCONUT SCENT"",""active_ingredients"":[{""name"":""AVOBENZONE"",""strength"":""2.8"",""unit"":""%""},{""name"":""OCTOCRYLENE"",""strength"":""7.6"",""unit"":""%""},{""name"":""OCTISALATE"",""strength"":""4.9"",""unit"":""%""}],""dosage_forms"":[""SPRAY"",""BAG-ON-VALVE""],""routes"":[""TOPICAL""],""schedule"":[""NON-PRESCRIPTION DRUGS""],""product_status"":""MARKETED"",""company"":""COOLA LLC""}",False,0.875,compound_label_split_only,"[""dosage_forms""]","{""din"":[""02510065""],""brand_name"":""COOLA CLEAR SUNSCREEN SPRAY TROPICAL COCONUT SCENT"",""active_ingredients"":[{""name"":""AVOBENZONE"",""strength"":""2.8"",""unit"":""%""},{""name"":""OCTOCRYLENE"",""strength"":""7.6"",""unit"":""%""},{""name"":""OCTISALATE"",""strength"":""4.9"",""unit"":""%""}],""dosage_forms"":[""SPRAY"",""BAG-ON-VALVE""],""routes"":[""TOPICAL""],""schedule"":[""NON-PRESCRIPTION DRUGS""],""product_status"":""MARKETED"",""company"":""COOLA LLC""}",True,1,pass,[],"{""din"":[""02510065""],""brand_name"":""COOLA CLEAR SUNSCREEN SPRAY TROPICAL COCONUT SCENT"",""active_ingredients"":[{""name"":""AVOBENZONE"",""strength"":""2.8"",""unit"":""%""},{""name"":""OCTOCRYLENE"",""strength"":""7.6"",""unit"":""%""},{""name"":""OCTISALATE"",""strength"":""4.9"",""unit"":""%""}],""dosage_forms"":[""SPRAY, BAG-ON-VALVE""],""routes"":[""TOPICAL""],""schedule"":[""NON-PRESCRIPTION DRUGS""],""product_status"":""MARKETED"",""company"":""COOLA LLC""}",Adjudicate whether the rendered compound DPD label is unambiguous.,pending,,,,,,,,,
hc-dpd-review-0050,comparison_only_failure,2,Review cases passed by gpt_5_6_sol and failed by gpt_5_6_terra.,hc_dpd_dd1617e7f586a43d_en,hc_dpd_dd1617e7f586a43d,en,multi_ingredient,SPF 50+ FPS ULTRA,"Extract drug-product facts from the Health Canada Drug Product Database source record below. Return only one JSON object with exactly the keys din, brand_name, active_ingredients, dosage_forms, routes, schedule, product_status, and company. din, dosage_forms, routes, and schedule must be lists. active_ingredients must be a list of objects with name, strength, and unit keys. Combine distinct facts from every variant and do not infer values.

DPD SOURCE RECORD (ENGLISH)

VARIANT 1
DRUG_CODE: 93546
DIN: 02449625
BRAND_NAME: SPF 50+ FPS ULTRA
ACTIVE_INGREDIENTS:
- NAME=AVOBENZONE; STRENGTH=3; UNIT=%
- NAME=HOMOSALATE; STRENGTH=10; UNIT=%
- NAME=OCTOCRYLENE; STRENGTH=10; UNIT=%
- NAME=OCTISALATE; STRENGTH=5; UNIT=%
- NAME=OCTINOXATE; STRENGTH=7.5; UNIT=%
DOSAGE_FORMS: SPRAY, BAG-ON-VALVE
ROUTES: TOPICAL
SCHEDULES: NON-PRESCRIPTION DRUGS
PRODUCT_STATUS: MARKETED
COMPANY: EMPACK SPRAYTECH INC","{""din"":[""02449625""],""brand_name"":""SPF 50+ FPS ULTRA"",""active_ingredients"":[{""name"":""AVOBENZONE"",""strength"":3,""unit"":""%""},{""name"":""HOMOSALATE"",""strength"":10,""unit"":""%""},{""name"":""OCTINOXATE"",""strength"":7.5,""unit"":""%""},{""name"":""OCTISALATE"",""strength"":5,""unit"":""%""},{""name"":""OCTOCRYLENE"",""strength"":10,""unit"":""%""}],""dosage_forms"":[""SPRAY, BAG-ON-VALVE""],""routes"":[""TOPICAL""],""schedule"":[""NON-PRESCRIPTION DRUGS""],""product_status"":""MARKETED"",""company"":""EMPACK SPRAYTECH INC""}","{""archive_file_id"":""dpd_marketed_archive"",""archive_members"":{""comp.txt"":[7936],""drug.txt"":[7936],""form.txt"":[8082],""ingred.txt"":[11339,11340,11341,11342,11343],""route.txt"":[9351],""schedule.txt"":[8114],""status.txt"":[36256]},""archive_sha256"":""94c8ef8639fd07eea9c134d8ede137d77574d4ae6761955f5aa582558ec38b25"",""drug_codes"":[""93546""],""language"":""en"",""source_dataset_id"":""hc_dpd_source_snapshot"",""source_dataset_version"":""2026.7.2"",""source_manifest_sha256"":""f674732805de6a311d5882c2e7e33747a7e214beb123d9e42c944e1ad195eba0""}",False,0.875,compound_label_split_only,"[""dosage_forms""]","{""din"":[""02449625""],""brand_name"":""SPF 50+ FPS ULTRA"",""active_ingredients"":[{""name"":""AVOBENZONE"",""strength"":""3"",""unit"":""%""},{""name"":""HOMOSALATE"",""strength"":""10"",""unit"":""%""},{""name"":""OCTOCRYLENE"",""strength"":""10"",""unit"":""%""},{""name"":""OCTISALATE"",""strength"":""5"",""unit"":""%""},{""name"":""OCTINOXATE"",""strength"":""7.5"",""unit"":""%""}],""dosage_forms"":[""SPRAY"",""BAG-ON-VALVE""],""routes"":[""TOPICAL""],""schedule"":[""NON-PRESCRIPTION DRUGS""],""product_status"":""MARKETED"",""company"":""EMPACK SPRAYTECH INC""}",False,0.625,schema_type_only,"[""brand_name"",""company"",""product_status""]","{""din"":[""02449625""],""brand_name"":[""SPF 50+ FPS ULTRA""],""active_ingredients"":[{""name"":""AVOBENZONE"",""strength"":""3"",""unit"":""%""},{""name"":""HOMOSALATE"",""strength"":""10"",""unit"":""%""},{""name"":""OCTOCRYLENE"",""strength"":""10"",""unit"":""%""},{""name"":""OCTISALATE"",""strength"":""5"",""unit"":""%""},{""name"":""OCTINOXATE"",""strength"":""7.5"",""unit"":""%""}],""dosage_forms"":[""SPRAY, BAG-ON-VALVE""],""routes"":[""TOPICAL""],""schedule"":[""NON-PRESCRIPTION DRUGS""],""product_status"":[""MARKETED""],""company"":[""EMPACK SPRAYTECH INC""]}",False,0.875,compound_label_split_only,"[""dosage_forms""]","{""din"":[""02449625""],""brand_name"":""SPF 50+ FPS ULTRA"",""active_ingredients"":[{""name"":""AVOBENZONE"",""strength"":""3"",""unit"":""%""},{""name"":""HOMOSALATE"",""strength"":""10"",""unit"":""%""},{""name"":""OCTOCRYLENE"",""strength"":""10"",""unit"":""%""},{""name"":""OCTISALATE"",""strength"":""5"",""unit"":""%""},{""name"":""OCTINOXATE"",""strength"":""7.5"",""unit"":""%""}],""dosage_forms"":[""SPRAY"",""BAG-ON-VALVE""],""routes"":[""TOPICAL""],""schedule"":[""NON-PRESCRIPTION DRUGS""],""product_status"":""MARKETED"",""company"":""EMPACK SPRAYTECH INC""}",True,1,pass,[],"{""din"":[""02449625""],""brand_name"":""SPF 50+ FPS ULTRA"",""active_ingredients"":[{""name"":""AVOBENZONE"",""strength"":""3"",""unit"":""%""},{""name"":""HOMOSALATE"",""strength"":""10"",""unit"":""%""},{""name"":""OCTOCRYLENE"",""strength"":""10"",""unit"":""%""},{""name"":""OCTISALATE"",""strength"":""5"",""unit"":""%""},{""name"":""OCTINOXATE"",""strength"":""7.5"",""unit"":""%""}],""dosage_forms"":[""SPRAY, BAG-ON-VALVE""],""routes"":[""TOPICAL""],""schedule"":[""NON-PRESCRIPTION DRUGS""],""product_status"":""MARKETED"",""company"":""EMPACK SPRAYTECH INC""}",Adjudicate whether the rendered compound DPD label is unambiguous.,pending,,,,,,,,,
hc-dpd-review-0051,comparison_only_failure,2,Review cases passed by gpt_5_6_sol and failed by gpt_5_6_terra.,hc_dpd_e1269013cc9e6040_en,hc_dpd_e1269013cc9e6040,en,multi_ingredient,COOLA CLEAR SUNSCREEN SPRAY GUAVA MANGO SCENT,"Extract drug-product facts from the Health Canada Drug Product Database source record below. Return only one JSON object with exactly the keys din, brand_name, active_ingredients, dosage_forms, routes, schedule, product_status, and company. din, dosage_forms, routes, and schedule must be lists. active_ingredients must be a list of objects with name, strength, and unit keys. Combine distinct facts from every variant and do not infer values.

DPD SOURCE RECORD (ENGLISH)

VARIANT 1
DRUG_CODE: 101115
DIN: 02521989
BRAND_NAME: COOLA CLEAR SUNSCREEN SPRAY GUAVA MANGO SCENT
ACTIVE_INGREDIENTS:
- NAME=AVOBENZONE; STRENGTH=3; UNIT=%
- NAME=HOMOSALATE; STRENGTH=4.08; UNIT=%
- NAME=OCTOCRYLENE; STRENGTH=10; UNIT=%
- NAME=OCTISALATE; STRENGTH=5; UNIT=%
DOSAGE_FORMS: SPRAY, BAG-ON-VALVE
ROUTES: TOPICAL
SCHEDULES: NON-PRESCRIPTION DRUGS
PRODUCT_STATUS: MARKETED
COMPANY: COOLA LLC","{""din"":[""02521989""],""brand_name"":""COOLA CLEAR SUNSCREEN SPRAY GUAVA MANGO SCENT"",""active_ingredients"":[{""name"":""AVOBENZONE"",""strength"":3,""unit"":""%""},{""name"":""HOMOSALATE"",""strength"":4.08,""unit"":""%""},{""name"":""OCTISALATE"",""strength"":5,""unit"":""%""},{""name"":""OCTOCRYLENE"",""strength"":10,""unit"":""%""}],""dosage_forms"":[""SPRAY, BAG-ON-VALVE""],""routes"":[""TOPICAL""],""schedule"":[""NON-PRESCRIPTION DRUGS""],""product_status"":""MARKETED"",""company"":""COOLA LLC""}","{""archive_file_id"":""dpd_marketed_archive"",""archive_members"":{""comp.txt"":[11252],""drug.txt"":[11252],""form.txt"":[11513],""ingred.txt"":[16272,16273,16274,16275],""route.txt"":[13586],""schedule.txt"":[11604],""status.txt"":[44760]},""archive_sha256"":""94c8ef8639fd07eea9c134d8ede137d77574d4ae6761955f5aa582558ec38b25"",""drug_codes"":[""101115""],""language"":""en"",""source_dataset_id"":""hc_dpd_source_snapshot"",""source_dataset_version"":""2026.7.2"",""source_manifest_sha256"":""f674732805de6a311d5882c2e7e33747a7e214beb123d9e42c944e1ad195eba0""}",False,0.875,compound_label_split_only,"[""dosage_forms""]","{""din"":[""02521989""],""brand_name"":""COOLA CLEAR SUNSCREEN SPRAY GUAVA MANGO SCENT"",""active_ingredients"":[{""name"":""AVOBENZONE"",""strength"":""3"",""unit"":""%""},{""name"":""HOMOSALATE"",""strength"":""4.08"",""unit"":""%""},{""name"":""OCTOCRYLENE"",""strength"":""10"",""unit"":""%""},{""name"":""OCTISALATE"",""strength"":""5"",""unit"":""%""}],""dosage_forms"":[""SPRAY"",""BAG-ON-VALVE""],""routes"":[""TOPICAL""],""schedule"":[""NON-PRESCRIPTION DRUGS""],""product_status"":""MARKETED"",""company"":""COOLA LLC""}",False,0.75,schema_and_label_split,"[""din"",""dosage_forms""]","{""din"":""02521989"",""brand_name"":""COOLA CLEAR SUNSCREEN SPRAY GUAVA MANGO SCENT"",""active_ingredients"":[{""name"":""AVOBENZONE"",""strength"":""3"",""unit"":""%""},{""name"":""HOMOSALATE"",""strength"":""4.08"",""unit"":""%""},{""name"":""OCTOCRYLENE"",""strength"":""10"",""unit"":""%""},{""name"":""OCTISALATE"",""strength"":""5"",""unit"":""%""}],""dosage_forms"":[""SPRAY"",""BAG-ON-VALVE""],""routes"":[""TOPICAL""],""schedule"":[""NON-PRESCRIPTION DRUGS""],""product_status"":""MARKETED"",""company"":""COOLA LLC""}",False,0.875,compound_label_split_only,"[""dosage_forms""]","{""din"":[""02521989""],""brand_name"":""COOLA CLEAR SUNSCREEN SPRAY GUAVA MANGO SCENT"",""active_ingredients"":[{""name"":""AVOBENZONE"",""strength"":""3"",""unit"":""%""},{""name"":""HOMOSALATE"",""strength"":""4.08"",""unit"":""%""},{""name"":""OCTOCRYLENE"",""strength"":""10"",""unit"":""%""},{""name"":""OCTISALATE"",""strength"":""5"",""unit"":""%""}],""dosage_forms"":[""SPRAY"",""BAG-ON-VALVE""],""routes"":[""TOPICAL""],""schedule"":[""NON-PRESCRIPTION DRUGS""],""product_status"":""MARKETED"",""company"":""COOLA LLC""}",True,1,pass,[],"{""din"":[""02521989""],""brand_name"":""COOLA CLEAR SUNSCREEN SPRAY GUAVA MANGO SCENT"",""active_ingredients"":[{""name"":""AVOBENZONE"",""strength"":""3"",""unit"":""%""},{""name"":""HOMOSALATE"",""strength"":""4.08"",""unit"":""%""},{""name"":""OCTOCRYLENE"",""strength"":""10"",""unit"":""%""},{""name"":""OCTISALATE"",""strength"":""5"",""unit"":""%""}],""dosage_forms"":[""SPRAY, BAG-ON-VALVE""],""routes"":[""TOPICAL""],""schedule"":[""NON-PRESCRIPTION DRUGS""],""product_status"":""MARKETED"",""company"":""COOLA LLC""}",Adjudicate whether the rendered compound DPD label is unambiguous.,pending,,,,,,,,,
hc-dpd-review-0052,comparison_only_failure,2,Review cases passed by gpt_5_6_sol and failed by gpt_5_6_terra.,hc_dpd_f0e25f797232a6c1_en,hc_dpd_f0e25f797232a6c1,en,multi_ingredient,SUNSCREEN CONTINUOUS SPRAY SPF 30 SPORT,"Extract drug-product facts from the Health Canada Drug Product Database source record below. Return only one JSON object with exactly the keys din, brand_name, active_ingredients, dosage_forms, routes, schedule, product_status, and company. din, dosage_forms, routes, and schedule must be lists. active_ingredients must be a list of objects with name, strength, and unit keys. Combine distinct facts from every variant and do not infer values.

DPD SOURCE RECORD (ENGLISH)

VARIANT 1
DRUG_CODE: 98377
DIN: 02493772
BRAND_NAME: SUNSCREEN CONTINUOUS SPRAY SPF 30 SPORT
ACTIVE_INGREDIENTS:
- NAME=AVOBENZONE; STRENGTH=3; UNIT=%
- NAME=HOMOSALATE; STRENGTH=7.5; UNIT=%
- NAME=OCTOCRYLENE; STRENGTH=5; UNIT=%
- NAME=OCTISALATE; STRENGTH=5; UNIT=%
DOSAGE_FORMS: SPRAY, BAG-ON-VALVE
ROUTES: TOPICAL
SCHEDULES: NON-PRESCRIPTION DRUGS
PRODUCT_STATUS: MARKETED
COMPANY: PRIME ENTERPRISES, LLC","{""din"":[""02493772""],""brand_name"":""SUNSCREEN CONTINUOUS SPRAY SPF 30 SPORT"",""active_ingredients"":[{""name"":""AVOBENZONE"",""strength"":3,""unit"":""%""},{""name"":""HOMOSALATE"",""strength"":7.5,""unit"":""%""},{""name"":""OCTISALATE"",""strength"":5,""unit"":""%""},{""name"":""OCTOCRYLENE"",""strength"":5,""unit"":""%""}],""dosage_forms"":[""SPRAY, BAG-ON-VALVE""],""routes"":[""TOPICAL""],""schedule"":[""NON-PRESCRIPTION DRUGS""],""product_status"":""MARKETED"",""company"":""PRIME ENTERPRISES, LLC""}","{""archive_file_id"":""dpd_marketed_archive"",""archive_members"":{""comp.txt"":[9930],""drug.txt"":[9930],""form.txt"":[10129],""ingred.txt"":[14171,14172,14173,14174],""route.txt"":[11736],""schedule.txt"":[10215],""status.txt"":[41598]},""archive_sha256"":""94c8ef8639fd07eea9c134d8ede137d77574d4ae6761955f5aa582558ec38b25"",""drug_codes"":[""98377""],""language"":""en"",""source_dataset_id"":""hc_dpd_source_snapshot"",""source_dataset_version"":""2026.7.2"",""source_manifest_sha256"":""f674732805de6a311d5882c2e7e33747a7e214beb123d9e42c944e1ad195eba0""}",False,0.875,compound_label_split_only,"[""dosage_forms""]","{""din"":[""02493772""],""brand_name"":""SUNSCREEN CONTINUOUS SPRAY SPF 30 SPORT"",""active_ingredients"":[{""name"":""AVOBENZONE"",""strength"":""3"",""unit"":""%""},{""name"":""HOMOSALATE"",""strength"":""7.5"",""unit"":""%""},{""name"":""OCTOCRYLENE"",""strength"":""5"",""unit"":""%""},{""name"":""OCTISALATE"",""strength"":""5"",""unit"":""%""}],""dosage_forms"":[""SPRAY"",""BAG-ON-VALVE""],""routes"":[""TOPICAL""],""schedule"":[""NON-PRESCRIPTION DRUGS""],""product_status"":""MARKETED"",""company"":""PRIME ENTERPRISES, LLC""}",False,0.75,schema_and_label_split,"[""din"",""dosage_forms""]","{""din"":""02493772"",""brand_name"":""SUNSCREEN CONTINUOUS SPRAY SPF 30 SPORT"",""active_ingredients"":[{""name"":""AVOBENZONE"",""strength"":""3"",""unit"":""%""},{""name"":""HOMOSALATE"",""strength"":""7.5"",""unit"":""%""},{""name"":""OCTOCRYLENE"",""strength"":""5"",""unit"":""%""},{""name"":""OCTISALATE"",""strength"":""5"",""unit"":""%""}],""dosage_forms"":[""SPRAY"",""BAG-ON-VALVE""],""routes"":[""TOPICAL""],""schedule"":[""NON-PRESCRIPTION DRUGS""],""product_status"":""MARKETED"",""company"":""PRIME ENTERPRISES, LLC""}",False,0.875,compound_label_split_only,"[""dosage_forms""]","{""din"":[""02493772""],""brand_name"":""SUNSCREEN CONTINUOUS SPRAY SPF 30 SPORT"",""active_ingredients"":[{""name"":""AVOBENZONE"",""strength"":""3"",""unit"":""%""},{""name"":""HOMOSALATE"",""strength"":""7.5"",""unit"":""%""},{""name"":""OCTOCRYLENE"",""strength"":""5"",""unit"":""%""},{""name"":""OCTISALATE"",""strength"":""5"",""unit"":""%""}],""dosage_forms"":[""SPRAY"",""BAG-ON-VALVE""],""routes"":[""TOPICAL""],""schedule"":[""NON-PRESCRIPTION DRUGS""],""product_status"":""MARKETED"",""company"":""PRIME ENTERPRISES, LLC""}",True,1,pass,[],"{""din"":[""02493772""],""brand_name"":""SUNSCREEN CONTINUOUS SPRAY SPF 30 SPORT"",""active_ingredients"":[{""name"":""AVOBENZONE"",""strength"":""3"",""unit"":""%""},{""name"":""HOMOSALATE"",""strength"":""7.5"",""unit"":""%""},{""name"":""OCTOCRYLENE"",""strength"":""5"",""unit"":""%""},{""name"":""OCTISALATE"",""strength"":""5"",""unit"":""%""}],""dosage_forms"":[""SPRAY, BAG-ON-VALVE""],""routes"":[""TOPICAL""],""schedule"":[""NON-PRESCRIPTION DRUGS""],""product_status"":""MARKETED"",""company"":""PRIME ENTERPRISES, LLC""}",Adjudicate whether the rendered compound DPD label is unambiguous.,pending,,,,,,,,,
hc-dpd-review-0053,comparison_only_failure,2,Review cases passed by gpt_5_6_sol and failed by gpt_5_6_terra.,hc_dpd_f1a8a26e9669fd6b_en,hc_dpd_f1a8a26e9669fd6b,en,multi_ingredient,SUNSCREEN CONTINUOUS SPRAY SPF 30,"Extract drug-product facts from the Health Canada Drug Product Database source record below. Return only one JSON object with exactly the keys din, brand_name, active_ingredients, dosage_forms, routes, schedule, product_status, and company. din, dosage_forms, routes, and schedule must be lists. active_ingredients must be a list of objects with name, strength, and unit keys. Combine distinct facts from every variant and do not infer values.

DPD SOURCE RECORD (ENGLISH)

VARIANT 1
DRUG_CODE: 98413
DIN: 02494108
BRAND_NAME: SUNSCREEN CONTINUOUS SPRAY SPF 30
ACTIVE_INGREDIENTS:
- NAME=AVOBENZONE; STRENGTH=3; UNIT=%
- NAME=HOMOSALATE; STRENGTH=7.5; UNIT=%
- NAME=OCTOCRYLENE; STRENGTH=5; UNIT=%
- NAME=OCTISALATE; STRENGTH=5; UNIT=%
DOSAGE_FORMS: SPRAY, BAG-ON-VALVE
ROUTES: TOPICAL
SCHEDULES: NON-PRESCRIPTION DRUGS
PRODUCT_STATUS: MARKETED
COMPANY: PRIME ENTERPRISES, LLC","{""din"":[""02494108""],""brand_name"":""SUNSCREEN CONTINUOUS SPRAY SPF 30"",""active_ingredients"":[{""name"":""AVOBENZONE"",""strength"":3,""unit"":""%""},{""name"":""HOMOSALATE"",""strength"":7.5,""unit"":""%""},{""name"":""OCTISALATE"",""strength"":5,""unit"":""%""},{""name"":""OCTOCRYLENE"",""strength"":5,""unit"":""%""}],""dosage_forms"":[""SPRAY, BAG-ON-VALVE""],""routes"":[""TOPICAL""],""schedule"":[""NON-PRESCRIPTION DRUGS""],""product_status"":""MARKETED"",""company"":""PRIME ENTERPRISES, LLC""}","{""archive_file_id"":""dpd_marketed_archive"",""archive_members"":{""comp.txt"":[9946],""drug.txt"":[9946],""form.txt"":[10147],""ingred.txt"":[14206,14207,14208,14209],""route.txt"":[11752],""schedule.txt"":[10231],""status.txt"":[41635]},""archive_sha256"":""94c8ef8639fd07eea9c134d8ede137d77574d4ae6761955f5aa582558ec38b25"",""drug_codes"":[""98413""],""language"":""en"",""source_dataset_id"":""hc_dpd_source_snapshot"",""source_dataset_version"":""2026.7.2"",""source_manifest_sha256"":""f674732805de6a311d5882c2e7e33747a7e214beb123d9e42c944e1ad195eba0""}",False,0.875,compound_label_split_only,"[""dosage_forms""]","{""din"":[""02494108""],""brand_name"":""SUNSCREEN CONTINUOUS SPRAY SPF 30"",""active_ingredients"":[{""name"":""AVOBENZONE"",""strength"":""3"",""unit"":""%""},{""name"":""HOMOSALATE"",""strength"":""7.5"",""unit"":""%""},{""name"":""OCTOCRYLENE"",""strength"":""5"",""unit"":""%""},{""name"":""OCTISALATE"",""strength"":""5"",""unit"":""%""}],""dosage_forms"":[""SPRAY"",""BAG-ON-VALVE""],""routes"":[""TOPICAL""],""schedule"":[""NON-PRESCRIPTION DRUGS""],""product_status"":""MARKETED"",""company"":""PRIME ENTERPRISES, LLC""}",False,0.75,schema_and_label_split,"[""din"",""dosage_forms""]","{""din"":""02494108"",""brand_name"":""SUNSCREEN CONTINUOUS SPRAY SPF 30"",""active_ingredients"":[{""name"":""AVOBENZONE"",""strength"":""3"",""unit"":""%""},{""name"":""HOMOSALATE"",""strength"":""7.5"",""unit"":""%""},{""name"":""OCTOCRYLENE"",""strength"":""5"",""unit"":""%""},{""name"":""OCTISALATE"",""strength"":""5"",""unit"":""%""}],""dosage_forms"":[""SPRAY"",""BAG-ON-VALVE""],""routes"":[""TOPICAL""],""schedule"":[""NON-PRESCRIPTION DRUGS""],""product_status"":""MARKETED"",""company"":""PRIME ENTERPRISES, LLC""}",False,0.875,compound_label_split_only,"[""dosage_forms""]","{""din"":[""02494108""],""brand_name"":""SUNSCREEN CONTINUOUS SPRAY SPF 30"",""active_ingredients"":[{""name"":""AVOBENZONE"",""strength"":""3"",""unit"":""%""},{""name"":""HOMOSALATE"",""strength"":""7.5"",""unit"":""%""},{""name"":""OCTOCRYLENE"",""strength"":""5"",""unit"":""%""},{""name"":""OCTISALATE"",""strength"":""5"",""unit"":""%""}],""dosage_forms"":[""SPRAY"",""BAG-ON-VALVE""],""routes"":[""TOPICAL""],""schedule"":[""NON-PRESCRIPTION DRUGS""],""product_status"":""MARKETED"",""company"":""PRIME ENTERPRISES, LLC""}",True,1,pass,[],"{""din"":[""02494108""],""brand_name"":""SUNSCREEN CONTINUOUS SPRAY SPF 30"",""active_ingredients"":[{""name"":""AVOBENZONE"",""strength"":""3"",""unit"":""%""},{""name"":""HOMOSALATE"",""strength"":""7.5"",""unit"":""%""},{""name"":""OCTOCRYLENE"",""strength"":""5"",""unit"":""%""},{""name"":""OCTISALATE"",""strength"":""5"",""unit"":""%""}],""dosage_forms"":[""SPRAY, BAG-ON-VALVE""],""routes"":[""TOPICAL""],""schedule"":[""NON-PRESCRIPTION DRUGS""],""product_status"":""MARKETED"",""company"":""PRIME ENTERPRISES, LLC""}",Adjudicate whether the rendered compound DPD label is unambiguous.,pending,,,,,,,,,
hc-dpd-review-0054,comparison_only_failure,2,Review cases passed by gpt_5_6_sol and failed by gpt_5_6_terra.,hc_dpd_f25fa63a28e25ec4_en,hc_dpd_f25fa63a28e25ec4,en,multi_ingredient,SUNSCREEN CONTINUOUS SPRAY SPF 50 KIDS,"Extract drug-product facts from the Health Canada Drug Product Database source record below. Return only one JSON object with exactly the keys din, brand_name, active_ingredients, dosage_forms, routes, schedule, product_status, and company. din, dosage_forms, routes, and schedule must be lists. active_ingredients must be a list of objects with name, strength, and unit keys. Combine distinct facts from every variant and do not infer values.

DPD SOURCE RECORD (ENGLISH)

VARIANT 1
DRUG_CODE: 98412
DIN: 02494094
BRAND_NAME: SUNSCREEN CONTINUOUS SPRAY SPF 50 KIDS
ACTIVE_INGREDIENTS:
- NAME=AVOBENZONE; STRENGTH=3; UNIT=%
- NAME=HOMOSALATE; STRENGTH=10; UNIT=%
- NAME=OCTOCRYLENE; STRENGTH=5; UNIT=%
- NAME=OCTISALATE; STRENGTH=5; UNIT=%
DOSAGE_FORMS: SPRAY, BAG-ON-VALVE
ROUTES: TOPICAL
SCHEDULES: NON-PRESCRIPTION DRUGS
PRODUCT_STATUS: MARKETED
COMPANY: PRIME ENTERPRISES, LLC","{""din"":[""02494094""],""brand_name"":""SUNSCREEN CONTINUOUS SPRAY SPF 50 KIDS"",""active_ingredients"":[{""name"":""AVOBENZONE"",""strength"":3,""unit"":""%""},{""name"":""HOMOSALATE"",""strength"":10,""unit"":""%""},{""name"":""OCTISALATE"",""strength"":5,""unit"":""%""},{""name"":""OCTOCRYLENE"",""strength"":5,""unit"":""%""}],""dosage_forms"":[""SPRAY, BAG-ON-VALVE""],""routes"":[""TOPICAL""],""schedule"":[""NON-PRESCRIPTION DRUGS""],""product_status"":""MARKETED"",""company"":""PRIME ENTERPRISES, LLC""}","{""archive_file_id"":""dpd_marketed_archive"",""archive_members"":{""comp.txt"":[9945],""drug.txt"":[9945],""form.txt"":[10146],""ingred.txt"":[14202,14203,14204,14205],""route.txt"":[11751],""schedule.txt"":[10230],""status.txt"":[41632]},""archive_sha256"":""94c8ef8639fd07eea9c134d8ede137d77574d4ae6761955f5aa582558ec38b25"",""drug_codes"":[""98412""],""language"":""en"",""source_dataset_id"":""hc_dpd_source_snapshot"",""source_dataset_version"":""2026.7.2"",""source_manifest_sha256"":""f674732805de6a311d5882c2e7e33747a7e214beb123d9e42c944e1ad195eba0""}",False,0.875,compound_label_split_only,"[""dosage_forms""]","{""din"":[""02494094""],""brand_name"":""SUNSCREEN CONTINUOUS SPRAY SPF 50 KIDS"",""active_ingredients"":[{""name"":""AVOBENZONE"",""strength"":""3"",""unit"":""%""},{""name"":""HOMOSALATE"",""strength"":""10"",""unit"":""%""},{""name"":""OCTOCRYLENE"",""strength"":""5"",""unit"":""%""},{""name"":""OCTISALATE"",""strength"":""5"",""unit"":""%""}],""dosage_forms"":[""SPRAY"",""BAG-ON-VALVE""],""routes"":[""TOPICAL""],""schedule"":[""NON-PRESCRIPTION DRUGS""],""product_status"":""MARKETED"",""company"":""PRIME ENTERPRISES, LLC""}",False,0.875,compound_label_split_only,"[""dosage_forms""]","{""din"":[""02494094""],""brand_name"":""SUNSCREEN CONTINUOUS SPRAY SPF 50 KIDS"",""active_ingredients"":[{""name"":""AVOBENZONE"",""strength"":""3"",""unit"":""%""},{""name"":""HOMOSALATE"",""strength"":""10"",""unit"":""%""},{""name"":""OCTOCRYLENE"",""strength"":""5"",""unit"":""%""},{""name"":""OCTISALATE"",""strength"":""5"",""unit"":""%""}],""dosage_forms"":[""SPRAY"",""BAG-ON-VALVE""],""routes"":[""TOPICAL""],""schedule"":[""NON-PRESCRIPTION DRUGS""],""product_status"":""MARKETED"",""company"":""PRIME ENTERPRISES, LLC""}",False,0.875,compound_label_split_only,"[""dosage_forms""]","{""din"":[""02494094""],""brand_name"":""SUNSCREEN CONTINUOUS SPRAY SPF 50 KIDS"",""active_ingredients"":[{""name"":""AVOBENZONE"",""strength"":""3"",""unit"":""%""},{""name"":""HOMOSALATE"",""strength"":""10"",""unit"":""%""},{""name"":""OCTOCRYLENE"",""strength"":""5"",""unit"":""%""},{""name"":""OCTISALATE"",""strength"":""5"",""unit"":""%""}],""dosage_forms"":[""SPRAY"",""BAG-ON-VALVE""],""routes"":[""TOPICAL""],""schedule"":[""NON-PRESCRIPTION DRUGS""],""product_status"":""MARKETED"",""company"":""PRIME ENTERPRISES, LLC""}",True,1,pass,[],"{""din"":[""02494094""],""brand_name"":""SUNSCREEN CONTINUOUS SPRAY SPF 50 KIDS"",""active_ingredients"":[{""name"":""AVOBENZONE"",""strength"":""3"",""unit"":""%""},{""name"":""HOMOSALATE"",""strength"":""10"",""unit"":""%""},{""name"":""OCTOCRYLENE"",""strength"":""5"",""unit"":""%""},{""name"":""OCTISALATE"",""strength"":""5"",""unit"":""%""}],""dosage_forms"":[""SPRAY, BAG-ON-VALVE""],""routes"":[""TOPICAL""],""schedule"":[""NON-PRESCRIPTION DRUGS""],""product_status"":""MARKETED"",""company"":""PRIME ENTERPRISES, LLC""}",Adjudicate whether the rendered compound DPD label is unambiguous.,pending,,,,,,,,,
hc-dpd-review-0055,comparison_only_failure,2,Review cases passed by gpt_5_6_sol and failed by gpt_5_6_terra.,hc_dpd_fddcdcd844931296_en,hc_dpd_fddcdcd844931296,en,multi_ingredient,INSTANT BRONZER INSTANTANÉ 15 CONTINUOUS SPRAY SUNSCREEN,"Extract drug-product facts from the Health Canada Drug Product Database source record below. Return only one JSON object with exactly the keys din, brand_name, active_ingredients, dosage_forms, routes, schedule, product_status, and company. din, dosage_forms, routes, and schedule must be lists. active_ingredients must be a list of objects with name, strength, and unit keys. Combine distinct facts from every variant and do not infer values.

DPD SOURCE RECORD (ENGLISH)

VARIANT 1
DRUG_CODE: 99071
DIN: 02501066
BRAND_NAME: INSTANT BRONZER INSTANTANÉ 15 CONTINUOUS SPRAY SUNSCREEN
ACTIVE_INGREDIENTS:
- NAME=AVOBENZONE; STRENGTH=2; UNIT=%
- NAME=OCTOCRYLENE; STRENGTH=2; UNIT=%
- NAME=OCTISALATE; STRENGTH=5; UNIT=%
DOSAGE_FORMS: SPRAY, BAG-ON-VALVE
ROUTES: TOPICAL
SCHEDULES: NON-PRESCRIPTION DRUGS
PRODUCT_STATUS: MARKETED
COMPANY: PRIME ENTERPRISES, LLC","{""din"":[""02501066""],""brand_name"":""INSTANT BRONZER INSTANTANÉ 15 CONTINUOUS SPRAY SUNSCREEN"",""active_ingredients"":[{""name"":""AVOBENZONE"",""strength"":2,""unit"":""%""},{""name"":""OCTISALATE"",""strength"":5,""unit"":""%""},{""name"":""OCTOCRYLENE"",""strength"":2,""unit"":""%""}],""dosage_forms"":[""SPRAY, BAG-ON-VALVE""],""routes"":[""TOPICAL""],""schedule"":[""NON-PRESCRIPTION DRUGS""],""product_status"":""MARKETED"",""company"":""PRIME ENTERPRISES, LLC""}","{""archive_file_id"":""dpd_marketed_archive"",""archive_members"":{""comp.txt"":[10315],""drug.txt"":[10315],""form.txt"":[10535],""ingred.txt"":[14881,14882,14883],""route.txt"":[12280],""schedule.txt"":[10619],""status.txt"":[42525]},""archive_sha256"":""94c8ef8639fd07eea9c134d8ede137d77574d4ae6761955f5aa582558ec38b25"",""drug_codes"":[""99071""],""language"":""en"",""source_dataset_id"":""hc_dpd_source_snapshot"",""source_dataset_version"":""2026.7.2"",""source_manifest_sha256"":""f674732805de6a311d5882c2e7e33747a7e214beb123d9e42c944e1ad195eba0""}",False,0.5,schema_and_label_split,"[""brand_name"",""company"",""dosage_forms"",""product_status""]","{""din"":[""02501066""],""brand_name"":[""INSTANT BRONZER INSTANTANÉ 15 CONTINUOUS SPRAY SUNSCREEN""],""active_ingredients"":[{""name"":""AVOBENZONE"",""strength"":""2"",""unit"":""%""},{""name"":""OCTOCRYLENE"",""strength"":""2"",""unit"":""%""},{""name"":""OCTISALATE"",""strength"":""5"",""unit"":""%""}],""dosage_forms"":[""SPRAY"",""BAG-ON-VALVE""],""routes"":[""TOPICAL""],""schedule"":[""NON-PRESCRIPTION DRUGS""],""product_status"":[""MARKETED""],""company"":[""PRIME ENTERPRISES, LLC""]}",False,0.75,schema_and_label_split,"[""din"",""dosage_forms""]","{""din"":""02501066"",""brand_name"":""INSTANT BRONZER INSTANTANÉ 15 CONTINUOUS SPRAY SUNSCREEN"",""active_ingredients"":[{""name"":""AVOBENZONE"",""strength"":""2"",""unit"":""%""},{""name"":""OCTOCRYLENE"",""strength"":""2"",""unit"":""%""},{""name"":""OCTISALATE"",""strength"":""5"",""unit"":""%""}],""dosage_forms"":[""SPRAY"",""BAG-ON-VALVE""],""routes"":[""TOPICAL""],""schedule"":[""NON-PRESCRIPTION DRUGS""],""product_status"":""MARKETED"",""company"":""PRIME ENTERPRISES, LLC""}",False,0.875,compound_label_split_only,"[""dosage_forms""]","{""din"":[""02501066""],""brand_name"":""INSTANT BRONZER INSTANTANÉ 15 CONTINUOUS SPRAY SUNSCREEN"",""active_ingredients"":[{""name"":""AVOBENZONE"",""strength"":""2"",""unit"":""%""},{""name"":""OCTOCRYLENE"",""strength"":""2"",""unit"":""%""},{""name"":""OCTISALATE"",""strength"":""5"",""unit"":""%""}],""dosage_forms"":[""SPRAY"",""BAG-ON-VALVE""],""routes"":[""TOPICAL""],""schedule"":[""NON-PRESCRIPTION DRUGS""],""product_status"":""MARKETED"",""company"":""PRIME ENTERPRISES, LLC""}",True,1,pass,[],"{""din"":[""02501066""],""brand_name"":""INSTANT BRONZER INSTANTANÉ 15 CONTINUOUS SPRAY SUNSCREEN"",""active_ingredients"":[{""name"":""AVOBENZONE"",""strength"":""2"",""unit"":""%""},{""name"":""OCTOCRYLENE"",""strength"":""2"",""unit"":""%""},{""name"":""OCTISALATE"",""strength"":""5"",""unit"":""%""}],""dosage_forms"":[""SPRAY, BAG-ON-VALVE""],""routes"":[""TOPICAL""],""schedule"":[""NON-PRESCRIPTION DRUGS""],""product_status"":""MARKETED"",""company"":""PRIME ENTERPRISES, LLC""}",Adjudicate whether the rendered compound DPD label is unambiguous.,pending,,,,,,,,,
hc-dpd-review-0056,lower_tier_shared_failure_sample,3,Stratified sample where both lower-tier models failed.,hc_dpd_65fe1d075edad974_en,hc_dpd_65fe1d075edad974,en,multi_ingredient_multi_variant,APO-SITAGLIPTIN-METFORMIN,"Extract drug-product facts from the Health Canada Drug Product Database source record below. Return only one JSON object with exactly the keys din, brand_name, active_ingredients, dosage_forms, routes, schedule, product_status, and company. din, dosage_forms, routes, and schedule must be lists. active_ingredients must be a list of objects with name, strength, and unit keys. Combine distinct facts from every variant and do not infer values.

DPD SOURCE RECORD (ENGLISH)

VARIANT 1
DRUG_CODE: 92012
DIN: 02435772
BRAND_NAME: APO-SITAGLIPTIN-METFORMIN
ACTIVE_INGREDIENTS:
- NAME=METFORMIN HYDROCHLORIDE; STRENGTH=500; UNIT=MG
- NAME=SITAGLIPTIN (SITAGLIPTIN PHOSPHATE MONOHYDRATE); STRENGTH=50; UNIT=MG
DOSAGE_FORMS: TABLET
ROUTES: ORAL
SCHEDULES: PRESCRIPTION
PRODUCT_STATUS: MARKETED
COMPANY: APOTEX INC

VARIANT 2
DRUG_CODE: 92013
DIN: 02435780
BRAND_NAME: APO-SITAGLIPTIN-METFORMIN
ACTIVE_INGREDIENTS:
- NAME=METFORMIN HYDROCHLORIDE; STRENGTH=850; UNIT=MG
- NAME=SITAGLIPTIN (SITAGLIPTIN PHOSPHATE MONOHYDRATE); STRENGTH=50; UNIT=MG
DOSAGE_FORMS: TABLET
ROUTES: ORAL
SCHEDULES: PRESCRIPTION
PRODUCT_STATUS: MARKETED
COMPANY: APOTEX INC

VARIANT 3
DRUG_CODE: 92014
DIN: 02435799
BRAND_NAME: APO-SITAGLIPTIN-METFORMIN
ACTIVE_INGREDIENTS:
- NAME=METFORMIN HYDROCHLORIDE; STRENGTH=1000; UNIT=MG
- NAME=SITAGLIPTIN (SITAGLIPTIN PHOSPHATE MONOHYDRATE); STRENGTH=50; UNIT=MG
DOSAGE_FORMS: TABLET
ROUTES: ORAL
SCHEDULES: PRESCRIPTION
PRODUCT_STATUS: MARKETED
COMPANY: APOTEX INC","{""din"":[""02435772"",""02435780"",""02435799""],""brand_name"":""APO-SITAGLIPTIN-METFORMIN"",""active_ingredients"":[{""name"":""METFORMIN HYDROCHLORIDE"",""strength"":500,""unit"":""MG""},{""name"":""METFORMIN HYDROCHLORIDE"",""strength"":850,""unit"":""MG""},{""name"":""METFORMIN HYDROCHLORIDE"",""strength"":1000,""unit"":""MG""},{""name"":""SITAGLIPTIN (SITAGLIPTIN PHOSPHATE MONOHYDRATE)"",""strength"":50,""unit"":""MG""}],""dosage_forms"":[""TABLET""],""routes"":[""ORAL""],""schedule"":[""PRESCRIPTION""],""product_status"":""MARKETED"",""company"":""APOTEX INC""}","{""archive_file_id"":""dpd_marketed_archive"",""archive_members"":{""comp.txt"":[7452,7453,7454],""drug.txt"":[7452,7453,7454],""form.txt"":[7584,7585,7586],""ingred.txt"":[10601,10602,10603,10604,10605,10606],""route.txt"":[8770,8771,8772],""schedule.txt"":[7606,7607,7608],""status.txt"":[34527,34530,34532]},""archive_sha256"":""94c8ef8639fd07eea9c134d8ede137d77574d4ae6761955f5aa582558ec38b25"",""drug_codes"":[""92012"",""92013"",""92014""],""language"":""en"",""source_dataset_id"":""hc_dpd_source_snapshot"",""source_dataset_version"":""2026.7.2"",""source_manifest_sha256"":""f674732805de6a311d5882c2e7e33747a7e214beb123d9e42c944e1ad195eba0""}",False,0.5,schema_and_duplicates,"[""active_ingredients"",""brand_name"",""company"",""product_status""]","{""din"":[""02435772"",""02435780"",""02435799""],""brand_name"":[""APO-SITAGLIPTIN-METFORMIN""],""active_ingredients"":[{""name"":""METFORMIN HYDROCHLORIDE"",""strength"":""500"",""unit"":""MG""},{""name"":""SITAGLIPTIN (SITAGLIPTIN PHOSPHATE MONOHYDRATE)"",""strength"":""50"",""unit"":""MG""},{""name"":""METFORMIN HYDROCHLORIDE"",""strength"":""850"",""unit"":""MG""},{""name"":""SITAGLIPTIN (SITAGLIPTIN PHOSPHATE MONOHYDRATE)"",""strength"":""50"",""unit"":""MG""},{""name"":""METFORMIN HYDROCHLORIDE"",""strength"":""1000"",""unit"":""MG""},{""name"":""SITAGLIPTIN (SITAGLIPTIN PHOSPHATE MONOHYDRATE)"",""strength"":""50"",""unit"":""MG""}],""dosage_forms"":[""TABLET""],""routes"":[""ORAL""],""schedule"":[""PRESCRIPTION""],""product_status"":[""MARKETED""],""company"":[""APOTEX INC""]}",False,0.875,duplicate_items_only,"[""active_ingredients""]","{""din"":[""02435772"",""02435780"",""02435799""],""brand_name"":""APO-SITAGLIPTIN-METFORMIN"",""active_ingredients"":[{""name"":""METFORMIN HYDROCHLORIDE"",""strength"":""500"",""unit"":""MG""},{""name"":""SITAGLIPTIN (SITAGLIPTIN PHOSPHATE MONOHYDRATE)"",""strength"":""50"",""unit"":""MG""},{""name"":""METFORMIN HYDROCHLORIDE"",""strength"":""850"",""unit"":""MG""},{""name"":""SITAGLIPTIN (SITAGLIPTIN PHOSPHATE MONOHYDRATE)"",""strength"":""50"",""unit"":""MG""},{""name"":""METFORMIN HYDROCHLORIDE"",""strength"":""1000"",""unit"":""MG""},{""name"":""SITAGLIPTIN (SITAGLIPTIN PHOSPHATE MONOHYDRATE)"",""strength"":""50"",""unit"":""MG""}],""dosage_forms"":[""TABLET""],""routes"":[""ORAL""],""schedule"":[""PRESCRIPTION""],""product_status"":""MARKETED"",""company"":""APOTEX INC""}",True,1,pass,[],"{""din"":[""02435772"",""02435780"",""02435799""],""brand_name"":""APO-SITAGLIPTIN-METFORMIN"",""active_ingredients"":[{""name"":""METFORMIN HYDROCHLORIDE"",""strength"":""500"",""unit"":""MG""},{""name"":""SITAGLIPTIN (SITAGLIPTIN PHOSPHATE MONOHYDRATE)"",""strength"":""50"",""unit"":""MG""},{""name"":""METFORMIN HYDROCHLORIDE"",""strength"":""850"",""unit"":""MG""},{""name"":""METFORMIN HYDROCHLORIDE"",""strength"":""1000"",""unit"":""MG""}],""dosage_forms"":[""TABLET""],""routes"":[""ORAL""],""schedule"":[""PRESCRIPTION""],""product_status"":""MARKETED"",""company"":""APOTEX INC""}",True,1,pass,[],"{""din"":[""02435772"",""02435780"",""02435799""],""brand_name"":""APO-SITAGLIPTIN-METFORMIN"",""active_ingredients"":[{""name"":""METFORMIN HYDROCHLORIDE"",""strength"":""500"",""unit"":""MG""},{""name"":""SITAGLIPTIN (SITAGLIPTIN PHOSPHATE MONOHYDRATE)"",""strength"":""50"",""unit"":""MG""},{""name"":""METFORMIN HYDROCHLORIDE"",""strength"":""850"",""unit"":""MG""},{""name"":""METFORMIN HYDROCHLORIDE"",""strength"":""1000"",""unit"":""MG""}],""dosage_forms"":[""TABLET""],""routes"":[""ORAL""],""schedule"":[""PRESCRIPTION""],""product_status"":""MARKETED"",""company"":""APOTEX INC""}",Verify distinct-fact aggregation across product variants.,pending,,,,,,,,,
hc-dpd-review-0057,lower_tier_shared_failure_sample,3,Stratified sample where both lower-tier models failed.,hc_dpd_4f72628411be943f_en,hc_dpd_4f72628411be943f,en,multi_ingredient_multi_variant,TARGIN,"Extract drug-product facts from the Health Canada Drug Product Database source record below. Return only one JSON object with exactly the keys din, brand_name, active_ingredients, dosage_forms, routes, schedule, product_status, and company. din, dosage_forms, routes, and schedule must be lists. active_ingredients must be a list of objects with name, strength, and unit keys. Combine distinct facts from every variant and do not infer values.

DPD SOURCE RECORD (ENGLISH)

VARIANT 1
DRUG_CODE: 82520
DIN: 02339609
BRAND_NAME: TARGIN
ACTIVE_INGREDIENTS:
- NAME=NALOXONE HYDROCHLORIDE; STRENGTH=5; UNIT=MG
- NAME=OXYCODONE HYDROCHLORIDE; STRENGTH=10; UNIT=MG
DOSAGE_FORMS: TABLET (EXTENDED-RELEASE)
ROUTES: ORAL
SCHEDULES: NARCOTICS (CDSA I)
PRODUCT_STATUS: MARKETED
COMPANY: PURDUE PHARMA

VARIANT 2
DRUG_CODE: 82521
DIN: 02339617
BRAND_NAME: TARGIN
ACTIVE_INGREDIENTS:
- NAME=NALOXONE HYDROCHLORIDE; STRENGTH=10; UNIT=MG
- NAME=OXYCODONE HYDROCHLORIDE; STRENGTH=20; UNIT=MG
DOSAGE_FORMS: TABLET (EXTENDED-RELEASE)
ROUTES: ORAL
SCHEDULES: NARCOTICS (CDSA I)
PRODUCT_STATUS: MARKETED
COMPANY: PURDUE PHARMA

VARIANT 3
DRUG_CODE: 82522
DIN: 02339625
BRAND_NAME: TARGIN
ACTIVE_INGREDIENTS:
- NAME=NALOXONE HYDROCHLORIDE; STRENGTH=20; UNIT=MG
- NAME=OXYCODONE HYDROCHLORIDE; STRENGTH=40; UNIT=MG
DOSAGE_FORMS: TABLET (EXTENDED-RELEASE)
ROUTES: ORAL
SCHEDULES: NARCOTICS (CDSA I)
PRODUCT_STATUS: MARKETED
COMPANY: PURDUE PHARMA

VARIANT 4
DRUG_CODE: 87301
DIN: 02387425
BRAND_NAME: TARGIN
ACTIVE_INGREDIENTS:
- NAME=NALOXONE HYDROCHLORIDE; STRENGTH=2.50; UNIT=MG
- NAME=OXYCODONE HYDROCHLORIDE; STRENGTH=5.00; UNIT=MG
DOSAGE_FORMS: TABLET (EXTENDED-RELEASE)
ROUTES: ORAL
SCHEDULES: NARCOTICS (CDSA I)
PRODUCT_STATUS: MARKETED
COMPANY: PURDUE PHARMA","{""din"":[""02339609"",""02339617"",""02339625"",""02387425""],""brand_name"":""TARGIN"",""active_ingredients"":[{""name"":""NALOXONE HYDROCHLORIDE"",""strength"":2.5,""unit"":""MG""},{""name"":""NALOXONE HYDROCHLORIDE"",""strength"":5,""unit"":""MG""},{""name"":""NALOXONE HYDROCHLORIDE"",""strength"":10,""unit"":""MG""},{""name"":""NALOXONE HYDROCHLORIDE"",""strength"":20,""unit"":""MG""},{""name"":""OXYCODONE HYDROCHLORIDE"",""strength"":5,""unit"":""MG""},{""name"":""OXYCODONE HYDROCHLORIDE"",""strength"":10,""unit"":""MG""},{""name"":""OXYCODONE HYDROCHLORIDE"",""strength"":20,""unit"":""MG""},{""name"":""OXYCODONE HYDROCHLORIDE"",""strength"":40,""unit"":""MG""}],""dosage_forms"":[""TABLET (EXTENDED-RELEASE)""],""routes"":[""ORAL""],""schedule"":[""NARCOTICS (CDSA I)""],""product_status"":""MARKETED"",""company"":""PURDUE PHARMA""}","{""archive_file_id"":""dpd_marketed_archive"",""archive_members"":{""comp.txt"":[4962,4963,4964,6041],""drug.txt"":[4962,4963,4964,6041],""form.txt"":[5021,5022,5023,6122],""ingred.txt"":[7123,7124,7125,7126,7127,7128,8698,8699],""route.txt"":[5892,5893,5894,7158],""schedule.txt"":[5048,5049,5050,6147],""status.txt"":[25055,25057,25059,29159]},""archive_sha256"":""94c8ef8639fd07eea9c134d8ede137d77574d4ae6761955f5aa582558ec38b25"",""drug_codes"":[""82520"",""82521"",""82522"",""87301""],""language"":""en"",""source_dataset_id"":""hc_dpd_source_snapshot"",""source_dataset_version"":""2026.7.2"",""source_manifest_sha256"":""f674732805de6a311d5882c2e7e33747a7e214beb123d9e42c944e1ad195eba0""}",False,0.875,text_or_value_error,"[""active_ingredients""]","{""din"":[""02339609"",""02339617"",""02339625"",""02387425""],""brand_name"":""TARGIN"",""active_ingredients"":[{""name"":""NALOXONE HYDROCHLORIDE"",""strength"":""5"",""unit"":""MG""},{""name"":""OXYCODONE HYDROCHLORIDE"",""strength"":""10"",""unit"":""MG""},{""name"":""NALOXONE HYDROCHLORIDE"",""strength"":""10"",""unit"":""MG""},{""name"":""OXYCODONE HYDROCHLIDE"",""strength"":""20"",""unit"":""MG""},{""name"":""NALOXONE HYDROCHLORIDE"",""strength"":""20"",""unit"":""MG""},{""name"":""OXYCODONE HYDROCHLORIDE"",""strength"":""40"",""unit"":""MG""},{""name"":""NALOXONE HYDROCHLORIDE"",""strength"":""2.50"",""unit"":""MG""},{""name"":""OXYCODONE HYDROCHLORIDE"",""strength"":""5.00"",""unit"":""MG""}],""dosage_forms"":[""TABLET (EXTENDED-RELEASE)""],""routes"":[""ORAL""],""schedule"":[""NARCOTICS (CDSA I)""],""product_status"":""MARKETED"",""company"":""PURDUE PHARMA""}",False,0.875,schema_type_only,"[""product_status""]","{""din"":[""02339609"",""02339617"",""02339625"",""02387425""],""brand_name"":""TARGIN"",""active_ingredients"":[{""name"":""NALOXONE HYDROCHLORIDE"",""strength"":""5"",""unit"":""MG""},{""name"":""OXYCODONE HYDROCHLORIDE"",""strength"":""10"",""unit"":""MG""},{""name"":""NALOXONE HYDROCHLORIDE"",""strength"":""10"",""unit"":""MG""},{""name"":""OXYCODONE HYDROCHLORIDE"",""strength"":""20"",""unit"":""MG""},{""name"":""NALOXONE HYDROCHLORIDE"",""strength"":""20"",""unit"":""MG""},{""name"":""OXYCODONE HYDROCHLORIDE"",""strength"":""40"",""unit"":""MG""},{""name"":""NALOXONE HYDROCHLORIDE"",""strength"":""2.50"",""unit"":""MG""},{""name"":""OXYCODONE HYDROCHLORIDE"",""strength"":""5.00"",""unit"":""MG""}],""dosage_forms"":[""TABLET (EXTENDED-RELEASE)""],""routes"":[""ORAL""],""schedule"":[""NARCOTICS (CDSA I)""],""product_status"":[""MARKETED""],""company"":""PURDUE PHARMA""}",True,1,pass,[],"{""din"":[""02339609"",""02339617"",""02339625"",""02387425""],""brand_name"":""TARGIN"",""active_ingredients"":[{""name"":""NALOXONE HYDROCHLORIDE"",""strength"":""5"",""unit"":""MG""},{""name"":""OXYCODONE HYDROCHLORIDE"",""strength"":""10"",""unit"":""MG""},{""name"":""NALOXONE HYDROCHLORIDE"",""strength"":""10"",""unit"":""MG""},{""name"":""OXYCODONE HYDROCHLORIDE"",""strength"":""20"",""unit"":""MG""},{""name"":""NALOXONE HYDROCHLORIDE"",""strength"":""20"",""unit"":""MG""},{""name"":""OXYCODONE HYDROCHLORIDE"",""strength"":""40"",""unit"":""MG""},{""name"":""NALOXONE HYDROCHLORIDE"",""strength"":""2.50"",""unit"":""MG""},{""name"":""OXYCODONE HYDROCHLORIDE"",""strength"":""5.00"",""unit"":""MG""}],""dosage_forms"":[""TABLET (EXTENDED-RELEASE)""],""routes"":[""ORAL""],""schedule"":[""NARCOTICS (CDSA I)""],""product_status"":""MARKETED"",""company"":""PURDUE PHARMA""}",True,1,pass,[],"{""din"":[""02339609"",""02339617"",""02339625"",""02387425""],""brand_name"":""TARGIN"",""active_ingredients"":[{""name"":""NALOXONE HYDROCHLORIDE"",""strength"":""5"",""unit"":""MG""},{""name"":""OXYCODONE HYDROCHLORIDE"",""strength"":""10"",""unit"":""MG""},{""name"":""NALOXONE HYDROCHLORIDE"",""strength"":""10"",""unit"":""MG""},{""name"":""OXYCODONE HYDROCHLORIDE"",""strength"":""20"",""unit"":""MG""},{""name"":""NALOXONE HYDROCHLORIDE"",""strength"":""20"",""unit"":""MG""},{""name"":""OXYCODONE HYDROCHLORIDE"",""strength"":""40"",""unit"":""MG""},{""name"":""NALOXONE HYDROCHLORIDE"",""strength"":""2.50"",""unit"":""MG""},{""name"":""OXYCODONE HYDROCHLORIDE"",""strength"":""5.00"",""unit"":""MG""}],""dosage_forms"":[""TABLET (EXTENDED-RELEASE)""],""routes"":[""ORAL""],""schedule"":[""NARCOTICS (CDSA I)""],""product_status"":""MARKETED"",""company"":""PURDUE PHARMA""}",Verify the strict scalar and list JSON contract.,pending,,,,,,,,,
hc-dpd-review-0058,lower_tier_shared_failure_sample,3,Stratified sample where both lower-tier models failed.,hc_dpd_2d9a20117b359ef8_en,hc_dpd_2d9a20117b359ef8,en,multi_ingredient_multi_variant,APO-LEVOCARB,"Extract drug-product facts from the Health Canada Drug Product Database source record below. Return only one JSON object with exactly the keys din, brand_name, active_ingredients, dosage_forms, routes, schedule, product_status, and company. din, dosage_forms, routes, and schedule must be lists. active_ingredients must be a list of objects with name, strength, and unit keys. Combine distinct facts from every variant and do not infer values.

DPD SOURCE RECORD (ENGLISH)

VARIANT 1
DRUG_CODE: 20189
DIN: 02195933
BRAND_NAME: APO-LEVOCARB
ACTIVE_INGREDIENTS:
- NAME=CARBIDOPA; STRENGTH=10; UNIT=MG
- NAME=LEVODOPA; STRENGTH=100; UNIT=MG
DOSAGE_FORMS: TABLET
ROUTES: ORAL
SCHEDULES: PRESCRIPTION
PRODUCT_STATUS: MARKETED
COMPANY: APOTEX INC

VARIANT 2
DRUG_CODE: 20239
DIN: 02195941
BRAND_NAME: APO-LEVOCARB
ACTIVE_INGREDIENTS:
- NAME=CARBIDOPA; STRENGTH=25; UNIT=MG
- NAME=LEVODOPA; STRENGTH=100; UNIT=MG
DOSAGE_FORMS: TABLET
ROUTES: ORAL
SCHEDULES: PRESCRIPTION
PRODUCT_STATUS: MARKETED
COMPANY: APOTEX INC

VARIANT 3
DRUG_CODE: 20190
DIN: 02195968
BRAND_NAME: APO-LEVOCARB
ACTIVE_INGREDIENTS:
- NAME=CARBIDOPA; STRENGTH=25; UNIT=MG
- NAME=LEVODOPA; STRENGTH=250; UNIT=MG
DOSAGE_FORMS: TABLET
ROUTES: ORAL
SCHEDULES: PRESCRIPTION
PRODUCT_STATUS: MARKETED
COMPANY: APOTEX INC","{""din"":[""02195933"",""02195941"",""02195968""],""brand_name"":""APO-LEVOCARB"",""active_ingredients"":[{""name"":""CARBIDOPA"",""strength"":10,""unit"":""MG""},{""name"":""CARBIDOPA"",""strength"":25,""unit"":""MG""},{""name"":""LEVODOPA"",""strength"":100,""unit"":""MG""},{""name"":""LEVODOPA"",""strength"":250,""unit"":""MG""}],""dosage_forms"":[""TABLET""],""routes"":[""ORAL""],""schedule"":[""PRESCRIPTION""],""product_status"":""MARKETED"",""company"":""APOTEX INC""}","{""archive_file_id"":""dpd_marketed_archive"",""archive_members"":{""comp.txt"":[1696,1697,1701],""drug.txt"":[1696,1697,1701],""form.txt"":[1706,1707,1711],""ingred.txt"":[2539,2540,2541,2542,2546,2547],""route.txt"":[2004,2005,2010],""schedule.txt"":[1705,1706,1710],""status.txt"":[8762,8766,8785]},""archive_sha256"":""94c8ef8639fd07eea9c134d8ede137d77574d4ae6761955f5aa582558ec38b25"",""drug_codes"":[""20189"",""20239"",""20190""],""language"":""en"",""source_dataset_id"":""hc_dpd_source_snapshot"",""source_dataset_version"":""2026.7.2"",""source_manifest_sha256"":""f674732805de6a311d5882c2e7e33747a7e214beb123d9e42c944e1ad195eba0""}",False,0.875,duplicate_items_only,"[""active_ingredients""]","{""din"":[""02195933"",""02195941"",""02195968""],""brand_name"":""APO-LEVOCARB"",""active_ingredients"":[{""name"":""CARBIDOPA"",""strength"":""10"",""unit"":""MG""},{""name"":""LEVODOPA"",""strength"":""100"",""unit"":""MG""},{""name"":""CARBIDOPA"",""strength"":""25"",""unit"":""MG""},{""name"":""LEVODOPA"",""strength"":""100"",""unit"":""MG""},{""name"":""CARBIDOPA"",""strength"":""25"",""unit"":""MG""},{""name"":""LEVODOPA"",""strength"":""250"",""unit"":""MG""}],""dosage_forms"":[""TABLET""],""routes"":[""ORAL""],""schedule"":[""PRESCRIPTION""],""product_status"":""MARKETED"",""company"":""APOTEX INC""}",False,0.875,duplicate_items_only,"[""active_ingredients""]","{""din"":[""02195933"",""02195941"",""02195968""],""brand_name"":""APO-LEVOCARB"",""active_ingredients"":[{""name"":""CARBIDOPA"",""strength"":10,""unit"":""MG""},{""name"":""LEVODOPA"",""strength"":100,""unit"":""MG""},{""name"":""CARBIDOPA"",""strength"":25,""unit"":""MG""},{""name"":""LEVODOPA"",""strength"":100,""unit"":""MG""},{""name"":""CARBIDOPA"",""strength"":25,""unit"":""MG""},{""name"":""LEVODOPA"",""strength"":250,""unit"":""MG""}],""dosage_forms"":[""TABLET""],""routes"":[""ORAL""],""schedule"":[""PRESCRIPTION""],""product_status"":""MARKETED"",""company"":""APOTEX INC""}",True,1,pass,[],"{""din"":[""02195933"",""02195941"",""02195968""],""brand_name"":""APO-LEVOCARB"",""active_ingredients"":[{""name"":""CARBIDOPA"",""strength"":""10"",""unit"":""MG""},{""name"":""LEVODOPA"",""strength"":""100"",""unit"":""MG""},{""name"":""CARBIDOPA"",""strength"":""25"",""unit"":""MG""},{""name"":""LEVODOPA"",""strength"":""250"",""unit"":""MG""}],""dosage_forms"":[""TABLET""],""routes"":[""ORAL""],""schedule"":[""PRESCRIPTION""],""product_status"":""MARKETED"",""company"":""APOTEX INC""}",True,1,pass,[],"{""din"":[""02195933"",""02195941"",""02195968""],""brand_name"":""APO-LEVOCARB"",""active_ingredients"":[{""name"":""CARBIDOPA"",""strength"":""10"",""unit"":""MG""},{""name"":""LEVODOPA"",""strength"":""100"",""unit"":""MG""},{""name"":""CARBIDOPA"",""strength"":""25"",""unit"":""MG""},{""name"":""LEVODOPA"",""strength"":""250"",""unit"":""MG""}],""dosage_forms"":[""TABLET""],""routes"":[""ORAL""],""schedule"":[""PRESCRIPTION""],""product_status"":""MARKETED"",""company"":""APOTEX INC""}",Verify distinct-fact aggregation across product variants.,pending,,,,,,,,,
hc-dpd-review-0059,lower_tier_shared_failure_sample,3,Stratified sample where both lower-tier models failed.,hc_dpd_e3fc2c9d385fa5fa_en,hc_dpd_e3fc2c9d385fa5fa,en,multi_ingredient_multi_variant,MINT-LOSARTAN/HCTZ,"Extract drug-product facts from the Health Canada Drug Product Database source record below. Return only one JSON object with exactly the keys din, brand_name, active_ingredients, dosage_forms, routes, schedule, product_status, and company. din, dosage_forms, routes, and schedule must be lists. active_ingredients must be a list of objects with name, strength, and unit keys. Combine distinct facts from every variant and do not infer values.

DPD SOURCE RECORD (ENGLISH)

VARIANT 1
DRUG_CODE: 87515
DIN: 02389657
BRAND_NAME: MINT-LOSARTAN/HCTZ
ACTIVE_INGREDIENTS:
- NAME=LOSARTAN POTASSIUM; STRENGTH=50; UNIT=MG
- NAME=HYDROCHLOROTHIAZIDE; STRENGTH=12.5; UNIT=MG
DOSAGE_FORMS: TABLET
ROUTES: ORAL
SCHEDULES: PRESCRIPTION
PRODUCT_STATUS: MARKETED
COMPANY: MINT PHARMACEUTICALS INC

VARIANT 2
DRUG_CODE: 87516
DIN: 02389665
BRAND_NAME: MINT-LOSARTAN/HCTZ
ACTIVE_INGREDIENTS:
- NAME=LOSARTAN POTASSIUM; STRENGTH=100; UNIT=MG
- NAME=HYDROCHLOROTHIAZIDE; STRENGTH=12.5; UNIT=MG
DOSAGE_FORMS: TABLET
ROUTES: ORAL
SCHEDULES: PRESCRIPTION
PRODUCT_STATUS: MARKETED
COMPANY: MINT PHARMACEUTICALS INC","{""din"":[""02389657"",""02389665""],""brand_name"":""MINT-LOSARTAN/HCTZ"",""active_ingredients"":[{""name"":""HYDROCHLOROTHIAZIDE"",""strength"":12.5,""unit"":""MG""},{""name"":""LOSARTAN POTASSIUM"",""strength"":50,""unit"":""MG""},{""name"":""LOSARTAN POTASSIUM"",""strength"":100,""unit"":""MG""}],""dosage_forms"":[""TABLET""],""routes"":[""ORAL""],""schedule"":[""PRESCRIPTION""],""product_status"":""MARKETED"",""company"":""MINT PHARMACEUTICALS INC""}","{""archive_file_id"":""dpd_marketed_archive"",""archive_members"":{""comp.txt"":[6115,6116],""drug.txt"":[6115,6116],""form.txt"":[6199,6200],""ingred.txt"":[8811,8812,8813,8814],""route.txt"":[7237,7238],""schedule.txt"":[6222,6223],""status.txt"":[29484,29489]},""archive_sha256"":""94c8ef8639fd07eea9c134d8ede137d77574d4ae6761955f5aa582558ec38b25"",""drug_codes"":[""87515"",""87516""],""language"":""en"",""source_dataset_id"":""hc_dpd_source_snapshot"",""source_dataset_version"":""2026.7.2"",""source_manifest_sha256"":""f674732805de6a311d5882c2e7e33747a7e214beb123d9e42c944e1ad195eba0""}",False,0.875,duplicate_items_only,"[""active_ingredients""]","{""din"":[""02389657"",""02389665""],""brand_name"":""MINT-LOSARTAN/HCTZ"",""active_ingredients"":[{""name"":""LOSARTAN POTASSIUM"",""strength"":""50"",""unit"":""MG""},{""name"":""HYDROCHLOROTHIAZIDE"",""strength"":""12.5"",""unit"":""MG""},{""name"":""LOSARTAN POTASSIUM"",""strength"":""100"",""unit"":""MG""},{""name"":""HYDROCHLOROTHIAZIDE"",""strength"":""12.5"",""unit"":""MG""}],""dosage_forms"":[""TABLET""],""routes"":[""ORAL""],""schedule"":[""PRESCRIPTION""],""product_status"":""MARKETED"",""company"":""MINT PHARMACEUTICALS INC""}",False,0.875,duplicate_items_only,"[""active_ingredients""]","{""din"":[""02389657"",""02389665""],""brand_name"":""MINT-LOSARTAN/HCTZ"",""active_ingredients"":[{""name"":""LOSARTAN POTASSIUM"",""strength"":""50"",""unit"":""MG""},{""name"":""HYDROCHLOROTHIAZIDE"",""strength"":""12.5"",""unit"":""MG""},{""name"":""LOSARTAN POTASSIUM"",""strength"":""100"",""unit"":""MG""},{""name"":""HYDROCHLOROTHIAZIDE"",""strength"":""12.5"",""unit"":""MG""}],""dosage_forms"":[""TABLET""],""routes"":[""ORAL""],""schedule"":[""PRESCRIPTION""],""product_status"":""MARKETED"",""company"":""MINT PHARMACEUTICALS INC""}",True,1,pass,[],"{""din"":[""02389657"",""02389665""],""brand_name"":""MINT-LOSARTAN/HCTZ"",""active_ingredients"":[{""name"":""LOSARTAN POTASSIUM"",""strength"":""50"",""unit"":""MG""},{""name"":""HYDROCHLOROTHIAZIDE"",""strength"":""12.5"",""unit"":""MG""},{""name"":""LOSARTAN POTASSIUM"",""strength"":""100"",""unit"":""MG""}],""dosage_forms"":[""TABLET""],""routes"":[""ORAL""],""schedule"":[""PRESCRIPTION""],""product_status"":""MARKETED"",""company"":""MINT PHARMACEUTICALS INC""}",True,1,pass,[],"{""din"":[""02389657"",""02389665""],""brand_name"":""MINT-LOSARTAN/HCTZ"",""active_ingredients"":[{""name"":""LOSARTAN POTASSIUM"",""strength"":""50"",""unit"":""MG""},{""name"":""HYDROCHLOROTHIAZIDE"",""strength"":""12.5"",""unit"":""MG""},{""name"":""LOSARTAN POTASSIUM"",""strength"":""100"",""unit"":""MG""}],""dosage_forms"":[""TABLET""],""routes"":[""ORAL""],""schedule"":[""PRESCRIPTION""],""product_status"":""MARKETED"",""company"":""MINT PHARMACEUTICALS INC""}",Verify distinct-fact aggregation across product variants.,pending,,,,,,,,,
hc-dpd-review-0060,lower_tier_shared_failure_sample,3,Stratified sample where both lower-tier models failed.,hc_dpd_cea29279b67a5748_fr,hc_dpd_cea29279b67a5748,fr,multi_ingredient_multi_variant,TRIKAFTA,"Extrayez les faits de produit pharmaceutique du dossier source de la Base de données sur les produits pharmaceutiques de Santé Canada ci-dessous. Retournez uniquement un objet JSON avec exactement les clés din, brand_name, active_ingredients, dosage_forms, routes, schedule, product_status et company. din, dosage_forms, routes et schedule doivent être des listes. active_ingredients doit être une liste d'objets ayant les clés name, strength et unit. Regroupez les faits distincts de toutes les variantes, sans rien déduire.

DOSSIER SOURCE DPD (FRANÇAIS)

VARIANTE 1
DRUG_CODE: 100648
DIN: 02517140
NOM_COMMERCIAL: TRIKAFTA
INGRÉDIENTS_ACTIFS:
- NOM=Ivacaftor; CONCENTRATION=75; UNITÉ=MG
- NOM=Ivacaftor; CONCENTRATION=150; UNITÉ=MG
- NOM=Tezacaftor; CONCENTRATION=50; UNITÉ=MG
- NOM=Élexacaftor; CONCENTRATION=100; UNITÉ=MG
FORMES_PHARMACEUTIQUES: Comprimé
VOIES_ADMINISTRATION: Orale
ANNEXES: Médicaments sur ordonnance
ÉTAT_DU_PRODUIT: COMMERCIALISÉ
ENTREPRISE: VERTEX PHARMACEUTICALS (CANADA) INCORPORATED

VARIANTE 2
DRUG_CODE: 101574
DIN: 02526670
NOM_COMMERCIAL: TRIKAFTA
INGRÉDIENTS_ACTIFS:
- NOM=Ivacaftor; CONCENTRATION=37.5; UNITÉ=MG
- NOM=Ivacaftor; CONCENTRATION=75; UNITÉ=MG
- NOM=Tezacaftor; CONCENTRATION=25; UNITÉ=MG
- NOM=Élexacaftor; CONCENTRATION=50; UNITÉ=MG
FORMES_PHARMACEUTIQUES: Comprimé
VOIES_ADMINISTRATION: Orale
ANNEXES: Médicaments sur ordonnance
ÉTAT_DU_PRODUIT: COMMERCIALISÉ
ENTREPRISE: VERTEX PHARMACEUTICALS (CANADA) INCORPORATED

VARIANTE 3
DRUG_CODE: 103085
DIN: 02542277
NOM_COMMERCIAL: TRIKAFTA
INGRÉDIENTS_ACTIFS:
- NOM=Ivacaftor; CONCENTRATION=75; UNITÉ=MG
- NOM=Ivacaftor; CONCENTRATION=75; UNITÉ=MG
- NOM=Tezacaftor; CONCENTRATION=50; UNITÉ=MG
- NOM=Élexacaftor; CONCENTRATION=100; UNITÉ=MG
FORMES_PHARMACEUTIQUES: Granules
VOIES_ADMINISTRATION: Orale
ANNEXES: Médicaments sur ordonnance
ÉTAT_DU_PRODUIT: COMMERCIALISÉ
ENTREPRISE: VERTEX PHARMACEUTICALS (CANADA) INCORPORATED

VARIANTE 4
DRUG_CODE: 103086
DIN: 02542285
NOM_COMMERCIAL: TRIKAFTA
INGRÉDIENTS_ACTIFS:
- NOM=Ivacaftor; CONCENTRATION=59.5; UNITÉ=MG
- NOM=Ivacaftor; CONCENTRATION=60; UNITÉ=MG
- NOM=Tezacaftor; CONCENTRATION=40; UNITÉ=MG
- NOM=Élexacaftor; CONCENTRATION=80; UNITÉ=MG
FORMES_PHARMACEUTIQUES: Granules
VOIES_ADMINISTRATION: Orale
ANNEXES: Médicaments sur ordonnance
ÉTAT_DU_PRODUIT: COMMERCIALISÉ
ENTREPRISE: VERTEX PHARMACEUTICALS (CANADA) INCORPORATED","{""din"":[""02517140"",""02526670"",""02542277"",""02542285""],""brand_name"":""TRIKAFTA"",""active_ingredients"":[{""name"":""Ivacaftor"",""strength"":37.5,""unit"":""MG""},{""name"":""Ivacaftor"",""strength"":59.5,""unit"":""MG""},{""name"":""Ivacaftor"",""strength"":60,""unit"":""MG""},{""name"":""Ivacaftor"",""strength"":75,""unit"":""MG""},{""name"":""Ivacaftor"",""strength"":150,""unit"":""MG""},{""name"":""Tezacaftor"",""strength"":25,""unit"":""MG""},{""name"":""Tezacaftor"",""strength"":40,""unit"":""MG""},{""name"":""Tezacaftor"",""strength"":50,""unit"":""MG""},{""name"":""Élexacaftor"",""strength"":50,""unit"":""MG""},{""name"":""Élexacaftor"",""strength"":80,""unit"":""MG""},{""name"":""Élexacaftor"",""strength"":100,""unit"":""MG""}],""dosage_forms"":[""Comprimé"",""Granules""],""routes"":[""Orale""],""schedule"":[""Médicaments sur ordonnance""],""product_status"":""COMMERCIALISÉ"",""company"":""VERTEX PHARMACEUTICALS (CANADA) INCORPORATED""}","{""archive_file_id"":""dpd_marketed_archive"",""archive_members"":{""comp.txt"":[11028,11504,12434,12435],""drug.txt"":[11028,11504,12434,12435],""form.txt"":[11278,11770,12708,12709],""ingred.txt"":[15949,15950,15951,15952,16657,16658,16659,16660,18069,18070,18071,18072,18073,18074,18075,18076],""route.txt"":[13299,13888,14927,14928],""schedule.txt"":[11366,11880,12869,12870],""status.txt"":[44258,45353,47409,47411]},""archive_sha256"":""94c8ef8639fd07eea9c134d8ede137d77574d4ae6761955f5aa582558ec38b25"",""drug_codes"":[""100648"",""101574"",""103085"",""103086""],""language"":""fr"",""source_dataset_id"":""hc_dpd_source_snapshot"",""source_dataset_version"":""2026.7.2"",""source_manifest_sha256"":""f674732805de6a311d5882c2e7e33747a7e214beb123d9e42c944e1ad195eba0""}",False,0.875,duplicate_items_only,"[""active_ingredients""]","{""din"":[""02517140"",""02526670"",""02542277"",""02542285""],""brand_name"":""TRIKAFTA"",""active_ingredients"":[{""name"":""Ivacaftor"",""strength"":75,""unit"":""MG""},{""name"":""Ivacaftor"",""strength"":150,""unit"":""MG""},{""name"":""Tezacaftor"",""strength"":50,""unit"":""MG""},{""name"":""Élexacaftor"",""strength"":100,""unit"":""MG""},{""name"":""Ivacaftor"",""strength"":37.5,""unit"":""MG""},{""name"":""Tezacaftor"",""strength"":25,""unit"":""MG""},{""name"":""Élexacaftor"",""strength"":50,""unit"":""MG""},{""name"":""Ivacaftor"",""strength"":75,""unit"":""MG""},{""name"":""Ivacaftor"",""strength"":59.5,""unit"":""MG""},{""name"":""Ivacaftor"",""strength"":60,""unit"":""MG""},{""name"":""Tezacaftor"",""strength"":40,""unit"":""MG""},{""name"":""Élexacaftor"",""strength"":80,""unit"":""MG""}],""dosage_forms"":[""Comprimé"",""Granules""],""routes"":[""Orale""],""schedule"":[""Médicaments sur ordonnance""],""product_status"":""COMMERCIALISÉ"",""company"":""VERTEX PHARMACEUTICALS (CANADA) INCORPORATED""}",False,0.75,schema_and_duplicates,"[""active_ingredients"",""product_status""]","{""din"":[""02517140"",""02526670"",""02542277"",""02542285""],""brand_name"":""TRIKAFTA"",""active_ingredients"":[{""name"":""Ivacaftor"",""strength"":""75"",""unit"":""MG""},{""name"":""Ivacaftor"",""strength"":""150"",""unit"":""MG""},{""name"":""Tezacaftor"",""strength"":""50"",""unit"":""MG""},{""name"":""Élexacaftor"",""strength"":""100"",""unit"":""MG""},{""name"":""Ivacaftor"",""strength"":""37.5"",""unit"":""MG""},{""name"":""Tezacaftor"",""strength"":""25"",""unit"":""MG""},{""name"":""Élexacaftor"",""strength"":""50"",""unit"":""MG""},{""name"":""Ivacaftor"",""strength"":""75"",""unit"":""MG""},{""name"":""Ivacaftor"",""strength"":""59.5"",""unit"":""MG""},{""name"":""Ivacaftor"",""strength"":""60"",""unit"":""MG""},{""name"":""Tezacaftor"",""strength"":""40"",""unit"":""MG""},{""name"":""Élexacaftor"",""strength"":""80"",""unit"":""MG""}],""dosage_forms"":[""Comprimé"",""Granules""],""routes"":[""Orale""],""schedule"":[""Médicaments sur ordonnance""],""product_status"":[""COMMERCIALISÉ""],""company"":""VERTEX PHARMACEUTICALS (CANADA) INCORPORATED""}",True,1,pass,[],"{""din"":[""02517140"",""02526670"",""02542277"",""02542285""],""brand_name"":""TRIKAFTA"",""active_ingredients"":[{""name"":""Ivacaftor"",""strength"":""75"",""unit"":""MG""},{""name"":""Ivacaftor"",""strength"":""150"",""unit"":""MG""},{""name"":""Tezacaftor"",""strength"":""50"",""unit"":""MG""},{""name"":""Élexacaftor"",""strength"":""100"",""unit"":""MG""},{""name"":""Ivacaftor"",""strength"":""37.5"",""unit"":""MG""},{""name"":""Tezacaftor"",""strength"":""25"",""unit"":""MG""},{""name"":""Élexacaftor"",""strength"":""50"",""unit"":""MG""},{""name"":""Ivacaftor"",""strength"":""59.5"",""unit"":""MG""},{""name"":""Ivacaftor"",""strength"":""60"",""unit"":""MG""},{""name"":""Tezacaftor"",""strength"":""40"",""unit"":""MG""},{""name"":""Élexacaftor"",""strength"":""80"",""unit"":""MG""}],""dosage_forms"":[""Comprimé"",""Granules""],""routes"":[""Orale""],""schedule"":[""Médicaments sur ordonnance""],""product_status"":""COMMERCIALISÉ"",""company"":""VERTEX PHARMACEUTICALS (CANADA) INCORPORATED""}",True,1,pass,[],"{""din"":[""02517140"",""02526670"",""02542277"",""02542285""],""brand_name"":""TRIKAFTA"",""active_ingredients"":[{""name"":""Ivacaftor"",""strength"":""75"",""unit"":""MG""},{""name"":""Ivacaftor"",""strength"":""150"",""unit"":""MG""},{""name"":""Tezacaftor"",""strength"":""50"",""unit"":""MG""},{""name"":""Élexacaftor"",""strength"":""100"",""unit"":""MG""},{""name"":""Ivacaftor"",""strength"":""37.5"",""unit"":""MG""},{""name"":""Tezacaftor"",""strength"":""25"",""unit"":""MG""},{""name"":""Élexacaftor"",""strength"":""50"",""unit"":""MG""},{""name"":""Ivacaftor"",""strength"":""59.5"",""unit"":""MG""},{""name"":""Ivacaftor"",""strength"":""60"",""unit"":""MG""},{""name"":""Tezacaftor"",""strength"":""40"",""unit"":""MG""},{""name"":""Élexacaftor"",""strength"":""80"",""unit"":""MG""}],""dosage_forms"":[""Comprimé"",""Granules""],""routes"":[""Orale""],""schedule"":[""Médicaments sur ordonnance""],""product_status"":""COMMERCIALISÉ"",""company"":""VERTEX PHARMACEUTICALS (CANADA) INCORPORATED""}",Verify distinct-fact aggregation across product variants.,pending,,,,,,,,,
hc-dpd-review-0061,lower_tier_shared_failure_sample,3,Stratified sample where both lower-tier models failed.,hc_dpd_99d6e37e56d1ed51_fr,hc_dpd_99d6e37e56d1ed51,fr,multi_ingredient_multi_variant,TEVA-LISINOPRIL/HCTZ (TYPE Z),"Extrayez les faits de produit pharmaceutique du dossier source de la Base de données sur les produits pharmaceutiques de Santé Canada ci-dessous. Retournez uniquement un objet JSON avec exactement les clés din, brand_name, active_ingredients, dosage_forms, routes, schedule, product_status et company. din, dosage_forms, routes et schedule doivent être des listes. active_ingredients doit être une liste d'objets ayant les clés name, strength et unit. Regroupez les faits distincts de toutes les variantes, sans rien déduire.

DOSSIER SOURCE DPD (FRANÇAIS)

VARIANTE 1
DRUG_CODE: 78710
DIN: 02301768
NOM_COMMERCIAL: TEVA-LISINOPRIL/HCTZ (TYPE Z)
INGRÉDIENTS_ACTIFS:
- NOM=Lisinopril (Dihydrate de lisinopril); CONCENTRATION=10; UNITÉ=MG
- NOM=Hydrochlorothiazide; CONCENTRATION=12.5; UNITÉ=MG
FORMES_PHARMACEUTIQUES: Comprimé
VOIES_ADMINISTRATION: Orale
ANNEXES: Médicaments sur ordonnance
ÉTAT_DU_PRODUIT: COMMERCIALISÉ
ENTREPRISE: TEVA CANADA LIMITED

VARIANTE 2
DRUG_CODE: 78711
DIN: 02301776
NOM_COMMERCIAL: TEVA-LISINOPRIL/HCTZ (TYPE Z)
INGRÉDIENTS_ACTIFS:
- NOM=Lisinopril (Dihydrate de lisinopril); CONCENTRATION=20; UNITÉ=MG
- NOM=Hydrochlorothiazide; CONCENTRATION=12.5; UNITÉ=MG
FORMES_PHARMACEUTIQUES: Comprimé
VOIES_ADMINISTRATION: Orale
ANNEXES: Médicaments sur ordonnance
ÉTAT_DU_PRODUIT: COMMERCIALISÉ
ENTREPRISE: TEVA CANADA LIMITED

VARIANTE 3
DRUG_CODE: 78712
DIN: 02301784
NOM_COMMERCIAL: TEVA-LISINOPRIL/HCTZ (TYPE Z)
INGRÉDIENTS_ACTIFS:
- NOM=Lisinopril (Dihydrate de lisinopril); CONCENTRATION=20; UNITÉ=MG
- NOM=Hydrochlorothiazide; CONCENTRATION=25; UNITÉ=MG
FORMES_PHARMACEUTIQUES: Comprimé
VOIES_ADMINISTRATION: Orale
ANNEXES: Médicaments sur ordonnance
ÉTAT_DU_PRODUIT: COMMERCIALISÉ
ENTREPRISE: TEVA CANADA LIMITED","{""din"":[""02301768"",""02301776"",""02301784""],""brand_name"":""TEVA-LISINOPRIL/HCTZ (TYPE Z)"",""active_ingredients"":[{""name"":""Hydrochlorothiazide"",""strength"":12.5,""unit"":""MG""},{""name"":""Hydrochlorothiazide"",""strength"":25,""unit"":""MG""},{""name"":""Lisinopril (Dihydrate de lisinopril)"",""strength"":10,""unit"":""MG""},{""name"":""Lisinopril (Dihydrate de lisinopril)"",""strength"":20,""unit"":""MG""}],""dosage_forms"":[""Comprimé""],""routes"":[""Orale""],""schedule"":[""Médicaments sur ordonnance""],""product_status"":""COMMERCIALISÉ"",""company"":""TEVA CANADA LIMITED""}","{""archive_file_id"":""dpd_marketed_archive"",""archive_members"":{""comp.txt"":[4188,4189,4190],""drug.txt"":[4188,4189,4190],""form.txt"":[4233,4234,4235],""ingred.txt"":[6005,6006,6007,6008,6009,6010],""route.txt"":[4991,4992,4993],""schedule.txt"":[4256,4257,4258],""status.txt"":[21803,21806,21813]},""archive_sha256"":""94c8ef8639fd07eea9c134d8ede137d77574d4ae6761955f5aa582558ec38b25"",""drug_codes"":[""78710"",""78711"",""78712""],""language"":""fr"",""source_dataset_id"":""hc_dpd_source_snapshot"",""source_dataset_version"":""2026.7.2"",""source_manifest_sha256"":""f674732805de6a311d5882c2e7e33747a7e214beb123d9e42c944e1ad195eba0""}",False,0.875,duplicate_items_only,"[""active_ingredients""]","{""din"":[""02301768"",""02301776"",""02301784""],""brand_name"":""TEVA-LISINOPRIL/HCTZ (TYPE Z)"",""active_ingredients"":[{""name"":""Lisinopril (Dihydrate de lisinopril)"",""strength"":""10"",""unit"":""MG""},{""name"":""Hydrochlorothiazide"",""strength"":""12.5"",""unit"":""MG""},{""name"":""Lisinopril (Dihydrate de lisinopril)"",""strength"":""20"",""unit"":""MG""},{""name"":""Hydrochlorothiazide"",""strength"":""12.5"",""unit"":""MG""},{""name"":""Lisinopril (Dihydrate de lisinopril)"",""strength"":""20"",""unit"":""MG""},{""name"":""Hydrochlorothiazide"",""strength"":""25"",""unit"":""MG""}],""dosage_forms"":[""Comprimé""],""routes"":[""Orale""],""schedule"":[""Médicaments sur ordonnance""],""product_status"":""COMMERCIALISÉ"",""company"":""TEVA CANADA LIMITED""}",False,0.75,text_or_value_error,"[""active_ingredients"",""product_status""]","{""din"":[""02301768"",""02301776"",""02301784""],""brand_name"":""TEVA-LISINOPRIL/HCTZ (TYPE Z)"",""active_ingredients"":[{""name"":""Lisinopril (Dihydrate de lisinopril)"",""strength"":[""10"",""20""],""unit"":""MG""},{""name"":""Hydrochlorothiazide"",""strength"":[""12.5"",""25""],""unit"":""MG""}],""dosage_forms"":[""Comprimé""],""routes"":[""Orale""],""schedule"":[""Médicaments sur ordonnance""],""product_status"":[""COMMERCIALISÉ""],""company"":""TEVA CANADA LIMITED""}",True,1,pass,[],"{""din"":[""02301768"",""02301776"",""02301784""],""brand_name"":""TEVA-LISINOPRIL/HCTZ (TYPE Z)"",""active_ingredients"":[{""name"":""Lisinopril (Dihydrate de lisinopril)"",""strength"":10,""unit"":""MG""},{""name"":""Hydrochlorothiazide"",""strength"":12.5,""unit"":""MG""},{""name"":""Lisinopril (Dihydrate de lisinopril)"",""strength"":20,""unit"":""MG""},{""name"":""Hydrochlorothiazide"",""strength"":25,""unit"":""MG""}],""dosage_forms"":[""Comprimé""],""routes"":[""Orale""],""schedule"":[""Médicaments sur ordonnance""],""product_status"":""COMMERCIALISÉ"",""company"":""TEVA CANADA LIMITED""}",True,1,pass,[],"{""din"":[""02301768"",""02301776"",""02301784""],""brand_name"":""TEVA-LISINOPRIL/HCTZ (TYPE Z)"",""active_ingredients"":[{""name"":""Lisinopril (Dihydrate de lisinopril)"",""strength"":""10"",""unit"":""MG""},{""name"":""Hydrochlorothiazide"",""strength"":""12.5"",""unit"":""MG""},{""name"":""Lisinopril (Dihydrate de lisinopril)"",""strength"":""20"",""unit"":""MG""},{""name"":""Hydrochlorothiazide"",""strength"":""25"",""unit"":""MG""}],""dosage_forms"":[""Comprimé""],""routes"":[""Orale""],""schedule"":[""Médicaments sur ordonnance""],""product_status"":""COMMERCIALISÉ"",""company"":""TEVA CANADA LIMITED""}",Verify distinct-fact aggregation across product variants.,pending,,,,,,,,,
hc-dpd-review-0062,lower_tier_shared_failure_sample,3,Stratified sample where both lower-tier models failed.,hc_dpd_b2e334c6fd8206ce_fr,hc_dpd_b2e334c6fd8206ce,fr,multi_ingredient_multi_variant,MYLAN-NAPROXEN/ESOMEPRAZOLE MR,"Extrayez les faits de produit pharmaceutique du dossier source de la Base de données sur les produits pharmaceutiques de Santé Canada ci-dessous. Retournez uniquement un objet JSON avec exactement les clés din, brand_name, active_ingredients, dosage_forms, routes, schedule, product_status et company. din, dosage_forms, routes et schedule doivent être des listes. active_ingredients doit être une liste d'objets ayant les clés name, strength et unit. Regroupez les faits distincts de toutes les variantes, sans rien déduire.

DOSSIER SOURCE DPD (FRANÇAIS)

VARIANTE 1
DRUG_CODE: 92813
DIN: 02443449
NOM_COMMERCIAL: MYLAN-NAPROXEN/ESOMEPRAZOLE MR
INGRÉDIENTS_ACTIFS:
- NOM=Naproxène; CONCENTRATION=500; UNITÉ=MG
- NOM=Ésoméprazole (Ésoméprazole magnésien); CONCENTRATION=20; UNITÉ=MG
FORMES_PHARMACEUTIQUES: Comprimé (à libération immédiate et retardée)
VOIES_ADMINISTRATION: Orale
ANNEXES: Médicaments sur ordonnance
ÉTAT_DU_PRODUIT: COMMERCIALISÉ
ENTREPRISE: MYLAN PHARMACEUTICALS ULC

VARIANTE 2
DRUG_CODE: 94575
DIN: 02458608
NOM_COMMERCIAL: MYLAN-NAPROXEN/ESOMEPRAZOLE MR
INGRÉDIENTS_ACTIFS:
- NOM=Naproxène; CONCENTRATION=375; UNITÉ=MG
- NOM=Ésoméprazole (Ésoméprazole magnésien); CONCENTRATION=20; UNITÉ=MG
FORMES_PHARMACEUTIQUES: Comprimé (à libération immédiate et retardée)
VOIES_ADMINISTRATION: Orale
ANNEXES: Médicaments sur ordonnance
ÉTAT_DU_PRODUIT: COMMERCIALISÉ
ENTREPRISE: MYLAN PHARMACEUTICALS ULC","{""din"":[""02443449"",""02458608""],""brand_name"":""MYLAN-NAPROXEN/ESOMEPRAZOLE MR"",""active_ingredients"":[{""name"":""Naproxène"",""strength"":375,""unit"":""MG""},{""name"":""Naproxène"",""strength"":500,""unit"":""MG""},{""name"":""Ésoméprazole (Ésoméprazole magnésien)"",""strength"":20,""unit"":""MG""}],""dosage_forms"":[""Comprimé (à libération immédiate et retardée)""],""routes"":[""Orale""],""schedule"":[""Médicaments sur ordonnance""],""product_status"":""COMMERCIALISÉ"",""company"":""MYLAN PHARMACEUTICALS ULC""}","{""archive_file_id"":""dpd_marketed_archive"",""archive_members"":{""comp.txt"":[7715,8308],""drug.txt"":[7715,8308],""form.txt"":[7853,8467],""ingred.txt"":[11014,11015,11840,11841],""route.txt"":[9080,9799],""schedule.txt"":[7873,8503],""status.txt"":[35570,37295]},""archive_sha256"":""94c8ef8639fd07eea9c134d8ede137d77574d4ae6761955f5aa582558ec38b25"",""drug_codes"":[""92813"",""94575""],""language"":""fr"",""source_dataset_id"":""hc_dpd_source_snapshot"",""source_dataset_version"":""2026.7.2"",""source_manifest_sha256"":""f674732805de6a311d5882c2e7e33747a7e214beb123d9e42c944e1ad195eba0""}",False,0.875,duplicate_items_only,"[""active_ingredients""]","{""din"":[""02443449"",""02458608""],""brand_name"":""MYLAN-NAPROXEN/ESOMEPRAZOLE MR"",""active_ingredients"":[{""name"":""Naproxène"",""strength"":""500"",""unit"":""MG""},{""name"":""Ésoméprazole (Ésoméprazole magnésien)"",""strength"":""20"",""unit"":""MG""},{""name"":""Naproxène"",""strength"":""375"",""unit"":""MG""},{""name"":""Ésoméprazole (Ésoméprazole magnésien)"",""strength"":""20"",""unit"":""MG""}],""dosage_forms"":[""Comprimé (à libération immédiate et retardée)""],""routes"":[""Orale""],""schedule"":[""Médicaments sur ordonnance""],""product_status"":""COMMERCIALISÉ"",""company"":""MYLAN PHARMACEUTICALS ULC""}",False,0.875,schema_type_only,"[""product_status""]","{""din"":[""02443449"",""02458608""],""brand_name"":""MYLAN-NAPROXEN/ESOMEPRAZOLE MR"",""active_ingredients"":[{""name"":""Naproxène"",""strength"":""500"",""unit"":""MG""},{""name"":""Ésoméprazole (Ésoméprazole magnésien)"",""strength"":""20"",""unit"":""MG""},{""name"":""Naproxène"",""strength"":""375"",""unit"":""MG""}],""dosage_forms"":[""Comprimé (à libération immédiate et retardée)""],""routes"":[""Orale""],""schedule"":[""Médicaments sur ordonnance""],""product_status"":[""COMMERCIALISÉ""],""company"":""MYLAN PHARMACEUTICALS ULC""}",True,1,pass,[],"{""din"":[""02443449"",""02458608""],""brand_name"":""MYLAN-NAPROXEN/ESOMEPRAZOLE MR"",""active_ingredients"":[{""name"":""Naproxène"",""strength"":""500"",""unit"":""MG""},{""name"":""Ésoméprazole (Ésoméprazole magnésien)"",""strength"":""20"",""unit"":""MG""},{""name"":""Naproxène"",""strength"":""375"",""unit"":""MG""}],""dosage_forms"":[""Comprimé (à libération immédiate et retardée)""],""routes"":[""Orale""],""schedule"":[""Médicaments sur ordonnance""],""product_status"":""COMMERCIALISÉ"",""company"":""MYLAN PHARMACEUTICALS ULC""}",True,1,pass,[],"{""din"":[""02443449"",""02458608""],""brand_name"":""MYLAN-NAPROXEN/ESOMEPRAZOLE MR"",""active_ingredients"":[{""name"":""Naproxène"",""strength"":""500"",""unit"":""MG""},{""name"":""Ésoméprazole (Ésoméprazole magnésien)"",""strength"":""20"",""unit"":""MG""},{""name"":""Naproxène"",""strength"":""375"",""unit"":""MG""}],""dosage_forms"":[""Comprimé (à libération immédiate et retardée)""],""routes"":[""Orale""],""schedule"":[""Médicaments sur ordonnance""],""product_status"":""COMMERCIALISÉ"",""company"":""MYLAN PHARMACEUTICALS ULC""}",Verify the strict scalar and list JSON contract.,pending,,,,,,,,,
hc-dpd-review-0063,lower_tier_shared_failure_sample,3,Stratified sample where both lower-tier models failed.,hc_dpd_e149e34a1a1ba0c8_en,hc_dpd_e149e34a1a1ba0c8,en,multi_variant,METFORMIN,"Extract drug-product facts from the Health Canada Drug Product Database source record below. Return only one JSON object with exactly the keys din, brand_name, active_ingredients, dosage_forms, routes, schedule, product_status, and company. din, dosage_forms, routes, and schedule must be lists. active_ingredients must be a list of objects with name, strength, and unit keys. Combine distinct facts from every variant and do not infer values.

DPD SOURCE RECORD (ENGLISH)

VARIANT 1
DRUG_CODE: 83857
DIN: 02353377
BRAND_NAME: METFORMIN
ACTIVE_INGREDIENTS:
- NAME=METFORMIN HYDROCHLORIDE; STRENGTH=500; UNIT=MG
DOSAGE_FORMS: TABLET
ROUTES: ORAL
SCHEDULES: PRESCRIPTION
PRODUCT_STATUS: MARKETED
COMPANY: SANIS HEALTH INC

VARIANT 2
DRUG_CODE: 83858
DIN: 02353385
BRAND_NAME: METFORMIN
ACTIVE_INGREDIENTS:
- NAME=METFORMIN HYDROCHLORIDE; STRENGTH=850; UNIT=MG
DOSAGE_FORMS: TABLET
ROUTES: ORAL
SCHEDULES: PRESCRIPTION
PRODUCT_STATUS: MARKETED
COMPANY: SANIS HEALTH INC","{""din"":[""02353377"",""02353385""],""brand_name"":""METFORMIN"",""active_ingredients"":[{""name"":""METFORMIN HYDROCHLORIDE"",""strength"":500,""unit"":""MG""},{""name"":""METFORMIN HYDROCHLORIDE"",""strength"":850,""unit"":""MG""}],""dosage_forms"":[""TABLET""],""routes"":[""ORAL""],""schedule"":[""PRESCRIPTION""],""product_status"":""MARKETED"",""company"":""SANIS HEALTH INC""}","{""archive_file_id"":""dpd_marketed_archive"",""archive_members"":{""comp.txt"":[5156,5157],""drug.txt"":[5156,5157],""form.txt"":[5220,5221],""ingred.txt"":[7455,7456],""route.txt"":[6131,6132],""schedule.txt"":[5250,5251],""status.txt"":[25870,25875]},""archive_sha256"":""94c8ef8639fd07eea9c134d8ede137d77574d4ae6761955f5aa582558ec38b25"",""drug_codes"":[""83857"",""83858""],""language"":""en"",""source_dataset_id"":""hc_dpd_source_snapshot"",""source_dataset_version"":""2026.7.2"",""source_manifest_sha256"":""f674732805de6a311d5882c2e7e33747a7e214beb123d9e42c944e1ad195eba0""}",False,0.625,schema_type_only,"[""brand_name"",""company"",""product_status""]","{""din"":[""02353377"",""02353385""],""brand_name"":[""METFORMIN""],""active_ingredients"":[{""name"":""METFORMIN HYDROCHLORIDE"",""strength"":""500"",""unit"":""MG""},{""name"":""METFORMIN HYDROCHLORIDE"",""strength"":""850"",""unit"":""MG""}],""dosage_forms"":[""TABLET""],""routes"":[""ORAL""],""schedule"":[""PRESCRIPTION""],""product_status"":[""MARKETED""],""company"":[""SANIS HEALTH INC""]}",False,0.875,schema_type_only,"[""product_status""]","{""din"":[""02353377"",""02353385""],""brand_name"":""METFORMIN"",""active_ingredients"":[{""name"":""METFORMIN HYDROCHLORIDE"",""strength"":""500"",""unit"":""MG""},{""name"":""METFORMIN HYDROCHLORIDE"",""strength"":""850"",""unit"":""MG""}],""dosage_forms"":[""TABLET""],""routes"":[""ORAL""],""schedule"":[""PRESCRIPTION""],""product_status"":[""MARKETED""],""company"":""SANIS HEALTH INC""}",True,1,pass,[],"{""din"":[""02353377"",""02353385""],""brand_name"":""METFORMIN"",""active_ingredients"":[{""name"":""METFORMIN HYDROCHLORIDE"",""strength"":""500"",""unit"":""MG""},{""name"":""METFORMIN HYDROCHLORIDE"",""strength"":""850"",""unit"":""MG""}],""dosage_forms"":[""TABLET""],""routes"":[""ORAL""],""schedule"":[""PRESCRIPTION""],""product_status"":""MARKETED"",""company"":""SANIS HEALTH INC""}",True,1,pass,[],"{""din"":[""02353377"",""02353385""],""brand_name"":""METFORMIN"",""active_ingredients"":[{""name"":""METFORMIN HYDROCHLORIDE"",""strength"":""500"",""unit"":""MG""},{""name"":""METFORMIN HYDROCHLORIDE"",""strength"":""850"",""unit"":""MG""}],""dosage_forms"":[""TABLET""],""routes"":[""ORAL""],""schedule"":[""PRESCRIPTION""],""product_status"":""MARKETED"",""company"":""SANIS HEALTH INC""}",Verify the strict scalar and list JSON contract.,pending,,,,,,,,,
hc-dpd-review-0064,lower_tier_shared_failure_sample,3,Stratified sample where both lower-tier models failed.,hc_dpd_a3841b4cdd570a93_en,hc_dpd_a3841b4cdd570a93,en,multi_variant,CIPROFLOXACIN,"Extract drug-product facts from the Health Canada Drug Product Database source record below. Return only one JSON object with exactly the keys din, brand_name, active_ingredients, dosage_forms, routes, schedule, product_status, and company. din, dosage_forms, routes, and schedule must be lists. active_ingredients must be a list of objects with name, strength, and unit keys. Combine distinct facts from every variant and do not infer values.

DPD SOURCE RECORD (ENGLISH)

VARIANT 1
DRUG_CODE: 87170
DIN: 02386119
BRAND_NAME: CIPROFLOXACIN
ACTIVE_INGREDIENTS:
- NAME=CIPROFLOXACIN (CIPROFLOXACIN HYDROCHLORIDE); STRENGTH=250; UNIT=MG
DOSAGE_FORMS: TABLET
ROUTES: ORAL
SCHEDULES: PRESCRIPTION
PRODUCT_STATUS: MARKETED
COMPANY: SIVEM PHARMACEUTICALS ULC

VARIANT 2
DRUG_CODE: 87171
DIN: 02386127
BRAND_NAME: CIPROFLOXACIN
ACTIVE_INGREDIENTS:
- NAME=CIPROFLOXACIN (CIPROFLOXACIN HYDROCHLORIDE); STRENGTH=500; UNIT=MG
DOSAGE_FORMS: TABLET
ROUTES: ORAL
SCHEDULES: PRESCRIPTION
PRODUCT_STATUS: MARKETED
COMPANY: SIVEM PHARMACEUTICALS ULC","{""din"":[""02386119"",""02386127""],""brand_name"":""CIPROFLOXACIN"",""active_ingredients"":[{""name"":""CIPROFLOXACIN (CIPROFLOXACIN HYDROCHLORIDE)"",""strength"":250,""unit"":""MG""},{""name"":""CIPROFLOXACIN (CIPROFLOXACIN HYDROCHLORIDE)"",""strength"":500,""unit"":""MG""}],""dosage_forms"":[""TABLET""],""routes"":[""ORAL""],""schedule"":[""PRESCRIPTION""],""product_status"":""MARKETED"",""company"":""SIVEM PHARMACEUTICALS ULC""}","{""archive_file_id"":""dpd_marketed_archive"",""archive_members"":{""comp.txt"":[6000,6001],""drug.txt"":[6000,6001],""form.txt"":[6081,6082],""ingred.txt"":[8650,8651],""route.txt"":[7111,7112],""schedule.txt"":[6106,6107],""status.txt"":[29030,29036]},""archive_sha256"":""94c8ef8639fd07eea9c134d8ede137d77574d4ae6761955f5aa582558ec38b25"",""drug_codes"":[""87170"",""87171""],""language"":""en"",""source_dataset_id"":""hc_dpd_source_snapshot"",""source_dataset_version"":""2026.7.2"",""source_manifest_sha256"":""f674732805de6a311d5882c2e7e33747a7e214beb123d9e42c944e1ad195eba0""}",False,0.875,text_or_value_error,"[""active_ingredients""]","{""din"":[""02386119"",""02386127""],""brand_name"":""CIPROFLOXACIN"",""active_ingredients"":[{""name"":""CIPROFLOXACIN (CIPROFLOXACIN HYDROCHLORIDE)"",""strength"":""250"",""unit"":""MG""},{""name"":""CIPROFLOXACIN (CIPROFLOXIDE HYDROCHLORIDE)"",""strength"":""500"",""unit"":""MG""}],""dosage_forms"":[""TABLET""],""routes"":[""ORAL""],""schedule"":[""PRESCRIPTION""],""product_status"":""MARKETED"",""company"":""SIVEM PHARMACEUTICALS ULC""}",False,0.625,schema_type_only,"[""brand_name"",""company"",""product_status""]","{""din"":[""02386119"",""02386127""],""brand_name"":[""CIPROFLOXACIN""],""active_ingredients"":[{""name"":""CIPROFLOXACIN (CIPROFLOXACIN HYDROCHLORIDE)"",""strength"":""250"",""unit"":""MG""},{""name"":""CIPROFLOXACIN (CIPROFLOXACIN HYDROCHLORIDE)"",""strength"":""500"",""unit"":""MG""}],""dosage_forms"":[""TABLET""],""routes"":[""ORAL""],""schedule"":[""PRESCRIPTION""],""product_status"":[""MARKETED""],""company"":[""SIVEM PHARMACEUTICALS ULC""]}",True,1,pass,[],"{""din"":[""02386119"",""02386127""],""brand_name"":""CIPROFLOXACIN"",""active_ingredients"":[{""name"":""CIPROFLOXACIN (CIPROFLOXACIN HYDROCHLORIDE)"",""strength"":""250"",""unit"":""MG""},{""name"":""CIPROFLOXACIN (CIPROFLOXACIN HYDROCHLORIDE)"",""strength"":""500"",""unit"":""MG""}],""dosage_forms"":[""TABLET""],""routes"":[""ORAL""],""schedule"":[""PRESCRIPTION""],""product_status"":""MARKETED"",""company"":""SIVEM PHARMACEUTICALS ULC""}",True,1,pass,[],"{""din"":[""02386119"",""02386127""],""brand_name"":""CIPROFLOXACIN"",""active_ingredients"":[{""name"":""CIPROFLOXACIN (CIPROFLOXACIN HYDROCHLORIDE)"",""strength"":""250"",""unit"":""MG""},{""name"":""CIPROFLOXACIN (CIPROFLOXACIN HYDROCHLORIDE)"",""strength"":""500"",""unit"":""MG""}],""dosage_forms"":[""TABLET""],""routes"":[""ORAL""],""schedule"":[""PRESCRIPTION""],""product_status"":""MARKETED"",""company"":""SIVEM PHARMACEUTICALS ULC""}",Verify the strict scalar and list JSON contract.,pending,,,,,,,,,
hc-dpd-review-0065,lower_tier_shared_failure_sample,3,Stratified sample where both lower-tier models failed.,hc_dpd_1664548bce00e3eb_en,hc_dpd_1664548bce00e3eb,en,multi_variant,DIFFERIN,"Extract drug-product facts from the Health Canada Drug Product Database source record below. Return only one JSON object with exactly the keys din, brand_name, active_ingredients, dosage_forms, routes, schedule, product_status, and company. din, dosage_forms, routes, and schedule must be lists. active_ingredients must be a list of objects with name, strength, and unit keys. Combine distinct facts from every variant and do not infer values.

DPD SOURCE RECORD (ENGLISH)

VARIANT 1
DRUG_CODE: 20107
DIN: 02148749
BRAND_NAME: DIFFERIN
ACTIVE_INGREDIENTS:
- NAME=ADAPALENE; STRENGTH=0.1; UNIT=%
DOSAGE_FORMS: GEL
ROUTES: TOPICAL
SCHEDULES: PRESCRIPTION
PRODUCT_STATUS: MARKETED
COMPANY: GALDERMA CANADA INC.

VARIANT 2
DRUG_CODE: 50959
DIN: 02231592
BRAND_NAME: DIFFERIN
ACTIVE_INGREDIENTS:
- NAME=ADAPALENE; STRENGTH=0.1; UNIT=%
DOSAGE_FORMS: CREAM
ROUTES: TOPICAL
SCHEDULES: PRESCRIPTION
PRODUCT_STATUS: MARKETED
COMPANY: GALDERMA CANADA INC.","{""din"":[""02148749"",""02231592""],""brand_name"":""DIFFERIN"",""active_ingredients"":[{""name"":""ADAPALENE"",""strength"":0.1,""unit"":""%""}],""dosage_forms"":[""CREAM"",""GEL""],""routes"":[""TOPICAL""],""schedule"":[""PRESCRIPTION""],""product_status"":""MARKETED"",""company"":""GALDERMA CANADA INC.""}","{""archive_file_id"":""dpd_marketed_archive"",""archive_members"":{""comp.txt"":[1682,2203],""drug.txt"":[1682,2203],""form.txt"":[1692,2224],""ingred.txt"":[2488,3248],""route.txt"":[1990,2641],""schedule.txt"":[1691,2219],""status.txt"":[8705,11916]},""archive_sha256"":""94c8ef8639fd07eea9c134d8ede137d77574d4ae6761955f5aa582558ec38b25"",""drug_codes"":[""20107"",""50959""],""language"":""en"",""source_dataset_id"":""hc_dpd_source_snapshot"",""source_dataset_version"":""2026.7.2"",""source_manifest_sha256"":""f674732805de6a311d5882c2e7e33747a7e214beb123d9e42c944e1ad195eba0""}",False,0.875,duplicate_items_only,"[""active_ingredients""]","{""din"":[""02148749"",""02231592""],""brand_name"":""DIFFERIN"",""active_ingredients"":[{""name"":""ADAPALENE"",""strength"":""0.1"",""unit"":""%""},{""name"":""ADAPALENE"",""strength"":""0.1"",""unit"":""%""}],""dosage_forms"":[""GEL"",""CREAM""],""routes"":[""TOPICAL""],""schedule"":[""PRESCRIPTION""],""product_status"":""MARKETED"",""company"":""GALDERMA CANADA INC.""}",False,0.875,schema_type_only,"[""product_status""]","{""din"":[""02148749"",""02231592""],""brand_name"":""DIFFERIN"",""active_ingredients"":[{""name"":""ADAPALENE"",""strength"":""0.1"",""unit"":""%""}],""dosage_forms"":[""GEL"",""CREAM""],""routes"":[""TOPICAL""],""schedule"":[""PRESCRIPTION""],""product_status"":[""MARKETED""],""company"":""GALDERMA CANADA INC.""}",True,1,pass,[],"{""din"":[""02148749"",""02231592""],""brand_name"":""DIFFERIN"",""active_ingredients"":[{""name"":""ADAPALENE"",""strength"":""0.1"",""unit"":""%""}],""dosage_forms"":[""GEL"",""CREAM""],""routes"":[""TOPICAL""],""schedule"":[""PRESCRIPTION""],""product_status"":""MARKETED"",""company"":""GALDERMA CANADA INC.""}",True,1,pass,[],"{""din"":[""02148749"",""02231592""],""brand_name"":""DIFFERIN"",""active_ingredients"":[{""name"":""ADAPALENE"",""strength"":""0.1"",""unit"":""%""}],""dosage_forms"":[""GEL"",""CREAM""],""routes"":[""TOPICAL""],""schedule"":[""PRESCRIPTION""],""product_status"":""MARKETED"",""company"":""GALDERMA CANADA INC.""}",Verify the strict scalar and list JSON contract.,pending,,,,,,,,,
hc-dpd-review-0066,lower_tier_shared_failure_sample,3,Stratified sample where both lower-tier models failed.,hc_dpd_9dad9b6ec055021e_fr,hc_dpd_9dad9b6ec055021e,fr,multi_variant,PANTOLOC,"Extrayez les faits de produit pharmaceutique du dossier source de la Base de données sur les produits pharmaceutiques de Santé Canada ci-dessous. Retournez uniquement un objet JSON avec exactement les clés din, brand_name, active_ingredients, dosage_forms, routes, schedule, product_status et company. din, dosage_forms, routes et schedule doivent être des listes. active_ingredients doit être une liste d'objets ayant les clés name, strength et unit. Regroupez les faits distincts de toutes les variantes, sans rien déduire.

DOSSIER SOURCE DPD (FRANÇAIS)

VARIANTE 1
DRUG_CODE: 47339
DIN: 02229453
NOM_COMMERCIAL: PANTOLOC
INGRÉDIENTS_ACTIFS:
- NOM=Pantoprazole (Pantoprazole sodique); CONCENTRATION=40; UNITÉ=MG
FORMES_PHARMACEUTIQUES: Comprimé (entérosoluble)
VOIES_ADMINISTRATION: Orale
ANNEXES: Médicaments sur ordonnance
ÉTAT_DU_PRODUIT: COMMERCIALISÉ
ENTREPRISE: TAKEDA CANADA INC

VARIANTE 2
DRUG_CODE: 65469
DIN: 02241804
NOM_COMMERCIAL: PANTOLOC
INGRÉDIENTS_ACTIFS:
- NOM=Pantoprazole (Pantoprazole sodique); CONCENTRATION=20; UNITÉ=MG
FORMES_PHARMACEUTIQUES: Comprimé (entérosoluble)
VOIES_ADMINISTRATION: Orale
ANNEXES: Médicaments sur ordonnance
ÉTAT_DU_PRODUIT: COMMERCIALISÉ
ENTREPRISE: TAKEDA CANADA INC","{""din"":[""02229453"",""02241804""],""brand_name"":""PANTOLOC"",""active_ingredients"":[{""name"":""Pantoprazole (Pantoprazole sodique)"",""strength"":20,""unit"":""MG""},{""name"":""Pantoprazole (Pantoprazole sodique)"",""strength"":40,""unit"":""MG""}],""dosage_forms"":[""Comprimé (entérosoluble)""],""routes"":[""Orale""],""schedule"":[""Médicaments sur ordonnance""],""product_status"":""COMMERCIALISÉ"",""company"":""TAKEDA CANADA INC""}","{""archive_file_id"":""dpd_marketed_archive"",""archive_members"":{""comp.txt"":[2045,2570],""drug.txt"":[2045,2570],""form.txt"":[2063,2595],""ingred.txt"":[3053,3743],""route.txt"":[2447,3067],""schedule.txt"":[2056,2594],""status.txt"":[11024,14065]},""archive_sha256"":""94c8ef8639fd07eea9c134d8ede137d77574d4ae6761955f5aa582558ec38b25"",""drug_codes"":[""47339"",""65469""],""language"":""fr"",""source_dataset_id"":""hc_dpd_source_snapshot"",""source_dataset_version"":""2026.7.2"",""source_manifest_sha256"":""f674732805de6a311d5882c2e7e33747a7e214beb123d9e42c944e1ad195eba0""}",False,0.625,schema_type_only,"[""brand_name"",""company"",""product_status""]","{""din"":[""02229453"",""02241804""],""brand_name"":[""PANTOLOC""],""active_ingredients"":[{""name"":""Pantoprazole (Pantoprazole sodique)"",""strength"":""40"",""unit"":""MG""},{""name"":""Pantoprazole (Pantoprazole sodique)"",""strength"":""20"",""unit"":""MG""}],""dosage_forms"":[""Comprimé (entérosoluble)""],""routes"":[""Orale""],""schedule"":[""Médicaments sur ordonnance""],""product_status"":[""COMMERCIALISÉ""],""company"":[""TAKEDA CANADA INC""]}",False,0.75,schema_type_only,"[""company"",""product_status""]","{""din"":[""02229453"",""02241804""],""brand_name"":""PANTOLOC"",""active_ingredients"":[{""name"":""Pantoprazole (Pantoprazole sodique)"",""strength"":""40"",""unit"":""MG""},{""name"":""Pantoprazole (Pantoprazole sodique)"",""strength"":""20"",""unit"":""MG""}],""dosage_forms"":[""Comprimé (entérosoluble)""],""routes"":[""Orale""],""schedule"":[""Médicaments sur ordonnance""],""product_status"":[""COMMERCIALISÉ""],""company"":[""TAKEDA CANADA INC""]}",True,1,pass,[],"{""din"":[""02229453"",""02241804""],""brand_name"":""PANTOLOC"",""active_ingredients"":[{""name"":""Pantoprazole (Pantoprazole sodique)"",""strength"":""40"",""unit"":""MG""},{""name"":""Pantoprazole (Pantoprazole sodique)"",""strength"":""20"",""unit"":""MG""}],""dosage_forms"":[""Comprimé (entérosoluble)""],""routes"":[""Orale""],""schedule"":[""Médicaments sur ordonnance""],""product_status"":""COMMERCIALISÉ"",""company"":""TAKEDA CANADA INC""}",True,1,pass,[],"{""din"":[""02229453"",""02241804""],""brand_name"":""PANTOLOC"",""active_ingredients"":[{""name"":""Pantoprazole (Pantoprazole sodique)"",""strength"":""40"",""unit"":""MG""},{""name"":""Pantoprazole (Pantoprazole sodique)"",""strength"":""20"",""unit"":""MG""}],""dosage_forms"":[""Comprimé (entérosoluble)""],""routes"":[""Orale""],""schedule"":[""Médicaments sur ordonnance""],""product_status"":""COMMERCIALISÉ"",""company"":""TAKEDA CANADA INC""}",Verify the strict scalar and list JSON contract.,pending,,,,,,,,,
hc-dpd-review-0067,lower_tier_shared_failure_sample,3,Stratified sample where both lower-tier models failed.,hc_dpd_0f77b77b75cd95d4_fr,hc_dpd_0f77b77b75cd95d4,fr,multi_variant,TEVA-TEMOZOLOMIDE,"Extrayez les faits de produit pharmaceutique du dossier source de la Base de données sur les produits pharmaceutiques de Santé Canada ci-dessous. Retournez uniquement un objet JSON avec exactement les clés din, brand_name, active_ingredients, dosage_forms, routes, schedule, product_status et company. din, dosage_forms, routes et schedule doivent être des listes. active_ingredients doit être une liste d'objets ayant les clés name, strength et unit. Regroupez les faits distincts de toutes les variantes, sans rien déduire.

DOSSIER SOURCE DPD (FRANÇAIS)

VARIANTE 1
DRUG_CODE: 88038
DIN: 02395274
NOM_COMMERCIAL: TEVA-TEMOZOLOMIDE
INGRÉDIENTS_ACTIFS:
- NOM=Témozolomide; CONCENTRATION=20; UNITÉ=MG
FORMES_PHARMACEUTIQUES: Capsule
VOIES_ADMINISTRATION: Orale
ANNEXES: Médicaments sur ordonnance
ÉTAT_DU_PRODUIT: COMMERCIALISÉ
ENTREPRISE: TEVA CANADA LIMITED

VARIANTE 2
DRUG_CODE: 88039
DIN: 02395282
NOM_COMMERCIAL: TEVA-TEMOZOLOMIDE
INGRÉDIENTS_ACTIFS:
- NOM=Témozolomide; CONCENTRATION=100; UNITÉ=MG
FORMES_PHARMACEUTIQUES: Capsule
VOIES_ADMINISTRATION: Orale
ANNEXES: Médicaments sur ordonnance
ÉTAT_DU_PRODUIT: COMMERCIALISÉ
ENTREPRISE: TEVA CANADA LIMITED

VARIANTE 3
DRUG_CODE: 88040
DIN: 02395290
NOM_COMMERCIAL: TEVA-TEMOZOLOMIDE
INGRÉDIENTS_ACTIFS:
- NOM=Témozolomide; CONCENTRATION=140; UNITÉ=MG
FORMES_PHARMACEUTIQUES: Capsule
VOIES_ADMINISTRATION: Orale
ANNEXES: Médicaments sur ordonnance
ÉTAT_DU_PRODUIT: COMMERCIALISÉ
ENTREPRISE: TEVA CANADA LIMITED

VARIANTE 4
DRUG_CODE: 88042
DIN: 02395312
NOM_COMMERCIAL: TEVA-TEMOZOLOMIDE
INGRÉDIENTS_ACTIFS:
- NOM=Témozolomide; CONCENTRATION=250; UNITÉ=MG
FORMES_PHARMACEUTIQUES: Capsule
VOIES_ADMINISTRATION: Orale
ANNEXES: Médicaments sur ordonnance
ÉTAT_DU_PRODUIT: COMMERCIALISÉ
ENTREPRISE: TEVA CANADA LIMITED

VARIANTE 5
DRUG_CODE: 92553
DIN: 02441160
NOM_COMMERCIAL: TEVA-TEMOZOLOMIDE
INGRÉDIENTS_ACTIFS:
- NOM=Témozolomide; CONCENTRATION=5; UNITÉ=MG
FORMES_PHARMACEUTIQUES: Capsule
VOIES_ADMINISTRATION: Orale
ANNEXES: Médicaments sur ordonnance
ÉTAT_DU_PRODUIT: COMMERCIALISÉ
ENTREPRISE: TEVA CANADA LIMITED","{""din"":[""02395274"",""02395282"",""02395290"",""02395312"",""02441160""],""brand_name"":""TEVA-TEMOZOLOMIDE"",""active_ingredients"":[{""name"":""Témozolomide"",""strength"":5,""unit"":""MG""},{""name"":""Témozolomide"",""strength"":20,""unit"":""MG""},{""name"":""Témozolomide"",""strength"":100,""unit"":""MG""},{""name"":""Témozolomide"",""strength"":140,""unit"":""MG""},{""name"":""Témozolomide"",""strength"":250,""unit"":""MG""}],""dosage_forms"":[""Capsule""],""routes"":[""Orale""],""schedule"":[""Médicaments sur ordonnance""],""product_status"":""COMMERCIALISÉ"",""company"":""TEVA CANADA LIMITED""}","{""archive_file_id"":""dpd_marketed_archive"",""archive_members"":{""comp.txt"":[6286,6287,6288,6289,7625],""drug.txt"":[6286,6287,6288,6289,7625],""form.txt"":[6370,6371,6372,6373,7763],""ingred.txt"":[9022,9023,9024,9025,10893],""route.txt"":[7441,7442,7443,7444,8973],""schedule.txt"":[6406,6407,6408,6409,7782],""status.txt"":[30059,30072,30082,30099,35189]},""archive_sha256"":""94c8ef8639fd07eea9c134d8ede137d77574d4ae6761955f5aa582558ec38b25"",""drug_codes"":[""88038"",""88039"",""88040"",""88042"",""92553""],""language"":""fr"",""source_dataset_id"":""hc_dpd_source_snapshot"",""source_dataset_version"":""2026.7.2"",""source_manifest_sha256"":""f674732805de6a311d5882c2e7e33747a7e214beb123d9e42c944e1ad195eba0""}",False,0.875,text_or_value_error,"[""active_ingredients""]","{""din"":[""02395274"",""02395282"",""02395290"",""02395312"",""02441160""],""brand_name"":""TEVA-TEMOZOLOMIDE"",""active_ingredients"":[{""name"":""Témozololomide"",""strength"":20,""unit"":""MG""},{""name"":""Témozololomide"",""strength"":100,""unit"":""MG""},{""name"":""Témozololomide"",""strength"":140,""unit"":""MG""},{""name"":""Témozololomide"",""strength"":250,""unit"":""MG""},{""name"":""Témozololomide"",""strength"":5,""unit"":""MG""}],""dosage_forms"":[""Capsule""],""routes"":[""Orale""],""schedule"":[""Médicaments sur ordonnance""],""product_status"":""COMMERCIALISÉ"",""company"":""TEVA CANADA LIMITED""}",False,0.875,schema_type_only,"[""product_status""]","{""din"":[""02395274"",""02395282"",""02395290"",""02395312"",""02441160""],""brand_name"":""TEVA-TEMOZOLOMIDE"",""active_ingredients"":[{""name"":""Témozolomide"",""strength"":20,""unit"":""MG""},{""name"":""Témozolomide"",""strength"":100,""unit"":""MG""},{""name"":""Témozolomide"",""strength"":140,""unit"":""MG""},{""name"":""Témozolomide"",""strength"":250,""unit"":""MG""},{""name"":""Témozolomide"",""strength"":5,""unit"":""MG""}],""dosage_forms"":[""Capsule""],""routes"":[""Orale""],""schedule"":[""Médicaments sur ordonnance""],""product_status"":[""COMMERCIALISÉ""],""company"":""TEVA CANADA LIMITED""}",True,1,pass,[],"{""din"":[""02395274"",""02395282"",""02395290"",""02395312"",""02441160""],""brand_name"":""TEVA-TEMOZOLOMIDE"",""active_ingredients"":[{""name"":""Témozolomide"",""strength"":""20"",""unit"":""MG""},{""name"":""Témozolomide"",""strength"":""100"",""unit"":""MG""},{""name"":""Témozolomide"",""strength"":""140"",""unit"":""MG""},{""name"":""Témozolomide"",""strength"":""250"",""unit"":""MG""},{""name"":""Témozolomide"",""strength"":""5"",""unit"":""MG""}],""dosage_forms"":[""Capsule""],""routes"":[""Orale""],""schedule"":[""Médicaments sur ordonnance""],""product_status"":""COMMERCIALISÉ"",""company"":""TEVA CANADA LIMITED""}",True,1,pass,[],"{""din"":[""02395274"",""02395282"",""02395290"",""02395312"",""02441160""],""brand_name"":""TEVA-TEMOZOLOMIDE"",""active_ingredients"":[{""name"":""Témozolomide"",""strength"":""20"",""unit"":""MG""},{""name"":""Témozolomide"",""strength"":""100"",""unit"":""MG""},{""name"":""Témozolomide"",""strength"":""140"",""unit"":""MG""},{""name"":""Témozolomide"",""strength"":""250"",""unit"":""MG""},{""name"":""Témozolomide"",""strength"":""5"",""unit"":""MG""}],""dosage_forms"":[""Capsule""],""routes"":[""Orale""],""schedule"":[""Médicaments sur ordonnance""],""product_status"":""COMMERCIALISÉ"",""company"":""TEVA CANADA LIMITED""}",Verify the strict scalar and list JSON contract.,pending,,,,,,,,,
hc-dpd-review-0068,lower_tier_shared_failure_sample,3,Stratified sample where both lower-tier models failed.,hc_dpd_b098f5344d27f8ea_fr,hc_dpd_b098f5344d27f8ea,fr,multi_variant,BEYFORTUS,"Extrayez les faits de produit pharmaceutique du dossier source de la Base de données sur les produits pharmaceutiques de Santé Canada ci-dessous. Retournez uniquement un objet JSON avec exactement les clés din, brand_name, active_ingredients, dosage_forms, routes, schedule, product_status et company. din, dosage_forms, routes et schedule doivent être des listes. active_ingredients doit être une liste d'objets ayant les clés name, strength et unit. Regroupez les faits distincts de toutes les variantes, sans rien déduire.

DOSSIER SOURCE DPD (FRANÇAIS)

VARIANTE 1
DRUG_CODE: 102594
DIN: 02537206
NOM_COMMERCIAL: BEYFORTUS
INGRÉDIENTS_ACTIFS:
- NOM=Nirsévimab; CONCENTRATION=50; UNITÉ=MG
FORMES_PHARMACEUTIQUES: Solution
VOIES_ADMINISTRATION: Intramusculaire
ANNEXES: Annexe D
ÉTAT_DU_PRODUIT: COMMERCIALISÉ
ENTREPRISE: SANOFI VACCINES CANADA LTD.

VARIANTE 2
DRUG_CODE: 102595
DIN: 02537214
NOM_COMMERCIAL: BEYFORTUS
INGRÉDIENTS_ACTIFS:
- NOM=Nirsévimab; CONCENTRATION=100; UNITÉ=MG
FORMES_PHARMACEUTIQUES: Solution
VOIES_ADMINISTRATION: Intramusculaire
ANNEXES: Annexe D
ÉTAT_DU_PRODUIT: COMMERCIALISÉ
ENTREPRISE: SANOFI VACCINES CANADA LTD.","{""din"":[""02537206"",""02537214""],""brand_name"":""BEYFORTUS"",""active_ingredients"":[{""name"":""Nirsévimab"",""strength"":50,""unit"":""MG""},{""name"":""Nirsévimab"",""strength"":100,""unit"":""MG""}],""dosage_forms"":[""Solution""],""routes"":[""Intramusculaire""],""schedule"":[""Annexe D""],""product_status"":""COMMERCIALISÉ"",""company"":""SANOFI VACCINES CANADA LTD.""}","{""archive_file_id"":""dpd_marketed_archive"",""archive_members"":{""comp.txt"":[12123,12124],""drug.txt"":[12123,12124],""form.txt"":[12395,12396],""ingred.txt"":[17587,17588],""route.txt"":[14592,14593],""schedule.txt"":[12539,12540],""status.txt"":[46708,46711]},""archive_sha256"":""94c8ef8639fd07eea9c134d8ede137d77574d4ae6761955f5aa582558ec38b25"",""drug_codes"":[""102594"",""102595""],""language"":""fr"",""source_dataset_id"":""hc_dpd_source_snapshot"",""source_dataset_version"":""2026.7.2"",""source_manifest_sha256"":""f674732805de6a311d5882c2e7e33747a7e214beb123d9e42c944e1ad195eba0""}",False,0.625,schema_type_only,"[""brand_name"",""company"",""product_status""]","{""din"":[""02537206"",""02537214""],""brand_name"":[""BEYFORTUS""],""active_ingredients"":[{""name"":""Nirsévimab"",""strength"":""50"",""unit"":""MG""},{""name"":""Nirsévimab"",""strength"":""100"",""unit"":""MG""}],""dosage_forms"":[""Solution""],""routes"":[""Intramusculaire""],""schedule"":[""Annexe D""],""product_status"":[""COMMERCIALISÉ""],""company"":[""SANOFI VACCINES CANADA LTD.""]}",False,0.875,schema_type_only,"[""product_status""]","{""din"":[""02537206"",""02537214""],""brand_name"":""BEYFORTUS"",""active_ingredients"":[{""name"":""Nirsévimab"",""strength"":""50"",""unit"":""MG""},{""name"":""Nirsévimab"",""strength"":""100"",""unit"":""MG""}],""dosage_forms"":[""Solution""],""routes"":[""Intramusculaire""],""schedule"":[""Annexe D""],""product_status"":[""COMMERCIALISÉ""],""company"":""SANOFI VACCINES CANADA LTD.""}",True,1,pass,[],"{""din"":[""02537206"",""02537214""],""brand_name"":""BEYFORTUS"",""active_ingredients"":[{""name"":""Nirsévimab"",""strength"":""50"",""unit"":""MG""},{""name"":""Nirsévimab"",""strength"":""100"",""unit"":""MG""}],""dosage_forms"":[""Solution""],""routes"":[""Intramusculaire""],""schedule"":[""Annexe D""],""product_status"":""COMMERCIALISÉ"",""company"":""SANOFI VACCINES CANADA LTD.""}",True,1,pass,[],"{""din"":[""02537206"",""02537214""],""brand_name"":""BEYFORTUS"",""active_ingredients"":[{""name"":""Nirsévimab"",""strength"":""50"",""unit"":""MG""},{""name"":""Nirsévimab"",""strength"":""100"",""unit"":""MG""}],""dosage_forms"":[""Solution""],""routes"":[""Intramusculaire""],""schedule"":[""Annexe D""],""product_status"":""COMMERCIALISÉ"",""company"":""SANOFI VACCINES CANADA LTD.""}",Verify the strict scalar and list JSON contract.,pending,,,,,,,,,
hc-dpd-review-0069,lower_tier_shared_failure_sample,3,Stratified sample where both lower-tier models failed.,hc_dpd_f4bc47d673dfd894_en,hc_dpd_f4bc47d673dfd894,en,multi_ingredient,WHIP REGENERIST,"Extract drug-product facts from the Health Canada Drug Product Database source record below. Return only one JSON object with exactly the keys din, brand_name, active_ingredients, dosage_forms, routes, schedule, product_status, and company. din, dosage_forms, routes, and schedule must be lists. active_ingredients must be a list of objects with name, strength, and unit keys. Combine distinct facts from every variant and do not infer values.

DPD SOURCE RECORD (ENGLISH)

VARIANT 1
DRUG_CODE: 95202
DIN: 02463938
BRAND_NAME: WHIP REGENERIST
ACTIVE_INGREDIENTS:
- NAME=AVOBENZONE; STRENGTH=3; UNIT=%
- NAME=HOMOSALATE; STRENGTH=8; UNIT=%
- NAME=OCTOCRYLENE; STRENGTH=5; UNIT=%
- NAME=OCTISALATE; STRENGTH=4; UNIT=%
DOSAGE_FORMS: CREAM
ROUTES: TOPICAL
SCHEDULES: NON-PRESCRIPTION DRUGS
PRODUCT_STATUS: MARKETED
COMPANY: PROCTER & GAMBLE INC","{""din"":[""02463938""],""brand_name"":""WHIP REGENERIST"",""active_ingredients"":[{""name"":""AVOBENZONE"",""strength"":3,""unit"":""%""},{""name"":""HOMOSALATE"",""strength"":8,""unit"":""%""},{""name"":""OCTISALATE"",""strength"":4,""unit"":""%""},{""name"":""OCTOCRYLENE"",""strength"":5,""unit"":""%""}],""dosage_forms"":[""CREAM""],""routes"":[""TOPICAL""],""schedule"":[""NON-PRESCRIPTION DRUGS""],""product_status"":""MARKETED"",""company"":""PROCTER & GAMBLE INC""}","{""archive_file_id"":""dpd_marketed_archive"",""archive_members"":{""comp.txt"":[8536],""drug.txt"":[8536],""form.txt"":[8698],""ingred.txt"":[12146,12147,12148,12149],""route.txt"":[10077],""schedule.txt"":[8747],""status.txt"":[37974]},""archive_sha256"":""94c8ef8639fd07eea9c134d8ede137d77574d4ae6761955f5aa582558ec38b25"",""drug_codes"":[""95202""],""language"":""en"",""source_dataset_id"":""hc_dpd_source_snapshot"",""source_dataset_version"":""2026.7.2"",""source_manifest_sha256"":""f674732805de6a311d5882c2e7e33747a7e214beb123d9e42c944e1ad195eba0""}",False,0.625,schema_type_only,"[""brand_name"",""company"",""product_status""]","{""din"":[""02463938""],""brand_name"":[""WHIP REGENERIST""],""active_ingredients"":[{""name"":""AVOBENZONE"",""strength"":""3"",""unit"":""%""},{""name"":""HOMOSALATE"",""strength"":""8"",""unit"":""%""},{""name"":""OCTOCRYLENE"",""strength"":""5"",""unit"":""%""},{""name"":""OCTISALATE"",""strength"":""4"",""unit"":""%""}],""dosage_forms"":[""CREAM""],""routes"":[""TOPICAL""],""schedule"":[""NON-PRESCRIPTION DRUGS""],""product_status"":[""MARKETED""],""company"":[""PROCTER & GAMBLE INC""]}",False,0.875,schema_type_only,"[""din""]","{""din"":""02463938"",""brand_name"":""WHIP REGENERIST"",""active_ingredients"":[{""name"":""AVOBENZONE"",""strength"":""3"",""unit"":""%""},{""name"":""HOMOSALATE"",""strength"":""8"",""unit"":""%""},{""name"":""OCTOCRYLENE"",""strength"":""5"",""unit"":""%""},{""name"":""OCTISALATE"",""strength"":""4"",""unit"":""%""}],""dosage_forms"":[""CREAM""],""routes"":[""TOPICAL""],""schedule"":[""NON-PRESCRIPTION DRUGS""],""product_status"":""MARKETED"",""company"":""PROCTER & GAMBLE INC""}",True,1,pass,[],"{""din"":[""02463938""],""brand_name"":""WHIP REGENERIST"",""active_ingredients"":[{""name"":""AVOBENZONE"",""strength"":""3"",""unit"":""%""},{""name"":""HOMOSALATE"",""strength"":""8"",""unit"":""%""},{""name"":""OCTOCRYLENE"",""strength"":""5"",""unit"":""%""},{""name"":""OCTISALATE"",""strength"":""4"",""unit"":""%""}],""dosage_forms"":[""CREAM""],""routes"":[""TOPICAL""],""schedule"":[""NON-PRESCRIPTION DRUGS""],""product_status"":""MARKETED"",""company"":""PROCTER & GAMBLE INC""}",True,1,pass,[],"{""din"":[""02463938""],""brand_name"":""WHIP REGENERIST"",""active_ingredients"":[{""name"":""AVOBENZONE"",""strength"":""3"",""unit"":""%""},{""name"":""HOMOSALATE"",""strength"":""8"",""unit"":""%""},{""name"":""OCTOCRYLENE"",""strength"":""5"",""unit"":""%""},{""name"":""OCTISALATE"",""strength"":""4"",""unit"":""%""}],""dosage_forms"":[""CREAM""],""routes"":[""TOPICAL""],""schedule"":[""NON-PRESCRIPTION DRUGS""],""product_status"":""MARKETED"",""company"":""PROCTER & GAMBLE INC""}",Verify the strict scalar and list JSON contract.,pending,,,,,,,,,
hc-dpd-review-0070,lower_tier_shared_failure_sample,3,Stratified sample where both lower-tier models failed.,hc_dpd_88b03aeee6c7bbdc_en,hc_dpd_88b03aeee6c7bbdc,en,multi_ingredient,TEVA-TECNAL C 1/4,"Extract drug-product facts from the Health Canada Drug Product Database source record below. Return only one JSON object with exactly the keys din, brand_name, active_ingredients, dosage_forms, routes, schedule, product_status, and company. din, dosage_forms, routes, and schedule must be lists. active_ingredients must be a list of objects with name, strength, and unit keys. Combine distinct facts from every variant and do not infer values.

DPD SOURCE RECORD (ENGLISH)

VARIANT 1
DRUG_CODE: 6479
DIN: 00608203
BRAND_NAME: TEVA-TECNAL C 1/4
ACTIVE_INGREDIENTS:
- NAME=ACETYLSALICYLIC ACID; STRENGTH=330; UNIT=MG
- NAME=BUTALBITAL; STRENGTH=50; UNIT=MG
- NAME=CODEINE PHOSPHATE; STRENGTH=15; UNIT=MG
- NAME=CAFFEINE; STRENGTH=40; UNIT=MG
DOSAGE_FORMS: CAPSULE
ROUTES: ORAL
SCHEDULES: NARCOTICS (CDSA I)
PRODUCT_STATUS: MARKETED
COMPANY: TEVA CANADA LIMITED","{""din"":[""00608203""],""brand_name"":""TEVA-TECNAL C 1/4"",""active_ingredients"":[{""name"":""ACETYLSALICYLIC ACID"",""strength"":330,""unit"":""MG""},{""name"":""BUTALBITAL"",""strength"":50,""unit"":""MG""},{""name"":""CAFFEINE"",""strength"":40,""unit"":""MG""},{""name"":""CODEINE PHOSPHATE"",""strength"":15,""unit"":""MG""}],""dosage_forms"":[""CAPSULE""],""routes"":[""ORAL""],""schedule"":[""NARCOTICS (CDSA I)""],""product_status"":""MARKETED"",""company"":""TEVA CANADA LIMITED""}","{""archive_file_id"":""dpd_marketed_archive"",""archive_members"":{""comp.txt"":[540],""drug.txt"":[540],""form.txt"":[541],""ingred.txt"":[774,775,776,777],""route.txt"":[651],""schedule.txt"":[540],""status.txt"":[2745]},""archive_sha256"":""94c8ef8639fd07eea9c134d8ede137d77574d4ae6761955f5aa582558ec38b25"",""drug_codes"":[""6479""],""language"":""en"",""source_dataset_id"":""hc_dpd_source_snapshot"",""source_dataset_version"":""2026.7.2"",""source_manifest_sha256"":""f674732805de6a311d5882c2e7e33747a7e214beb123d9e42c944e1ad195eba0""}",False,0.625,schema_type_only,"[""brand_name"",""company"",""product_status""]","{""din"":[""00608203""],""brand_name"":[""TEVA-TECNAL C 1/4""],""active_ingredients"":[{""name"":""ACETYLSALICYLIC ACID"",""strength"":""330"",""unit"":""MG""},{""name"":""BUTALBITAL"",""strength"":""50"",""unit"":""MG""},{""name"":""CODEINE PHOSPHATE"",""strength"":""15"",""unit"":""MG""},{""name"":""CAFFEINE"",""strength"":""40"",""unit"":""MG""}],""dosage_forms"":[""CAPSULE""],""routes"":[""ORAL""],""schedule"":[""NARCOTICS (CDSA I)""],""product_status"":[""MARKETED""],""company"":[""TEVA CANADA LIMITED""]}",False,0.875,schema_type_only,"[""din""]","{""din"":""00608203"",""brand_name"":""TEVA-TECNAL C 1/4"",""active_ingredients"":[{""name"":""ACETYLSALICYLIC ACID"",""strength"":""330"",""unit"":""MG""},{""name"":""BUTALBITAL"",""strength"":""50"",""unit"":""MG""},{""name"":""CODEINE PHOSPHATE"",""strength"":""15"",""unit"":""MG""},{""name"":""CAFFEINE"",""strength"":""40"",""unit"":""MG""}],""dosage_forms"":[""CAPSULE""],""routes"":[""ORAL""],""schedule"":[""NARCOTICS (CDSA I)""],""product_status"":""MARKETED"",""company"":""TEVA CANADA LIMITED""}",True,1,pass,[],"{""din"":[""00608203""],""brand_name"":""TEVA-TECNAL C 1/4"",""active_ingredients"":[{""name"":""ACETYLSALICYLIC ACID"",""strength"":""330"",""unit"":""MG""},{""name"":""BUTALBITAL"",""strength"":""50"",""unit"":""MG""},{""name"":""CODEINE PHOSPHATE"",""strength"":""15"",""unit"":""MG""},{""name"":""CAFFEINE"",""strength"":""40"",""unit"":""MG""}],""dosage_forms"":[""CAPSULE""],""routes"":[""ORAL""],""schedule"":[""NARCOTICS (CDSA I)""],""product_status"":""MARKETED"",""company"":""TEVA CANADA LIMITED""}",True,1,pass,[],"{""din"":[""00608203""],""brand_name"":""TEVA-TECNAL C 1/4"",""active_ingredients"":[{""name"":""ACETYLSALICYLIC ACID"",""strength"":""330"",""unit"":""MG""},{""name"":""BUTALBITAL"",""strength"":""50"",""unit"":""MG""},{""name"":""CODEINE PHOSPHATE"",""strength"":""15"",""unit"":""MG""},{""name"":""CAFFEINE"",""strength"":""40"",""unit"":""MG""}],""dosage_forms"":[""CAPSULE""],""routes"":[""ORAL""],""schedule"":[""NARCOTICS (CDSA I)""],""product_status"":""MARKETED"",""company"":""TEVA CANADA LIMITED""}",Verify the strict scalar and list JSON contract.,pending,,,,,,,,,
hc-dpd-review-0071,lower_tier_shared_failure_sample,3,Stratified sample where both lower-tier models failed.,hc_dpd_3e6092b767f70d7f_en,hc_dpd_3e6092b767f70d7f,en,multi_ingredient,INVISIBLE DAILY DEFENSE FACE SERUM SUNSCREEN,"Extract drug-product facts from the Health Canada Drug Product Database source record below. Return only one JSON object with exactly the keys din, brand_name, active_ingredients, dosage_forms, routes, schedule, product_status, and company. din, dosage_forms, routes, and schedule must be lists. active_ingredients must be a list of objects with name, strength, and unit keys. Combine distinct facts from every variant and do not infer values.

DPD SOURCE RECORD (ENGLISH)

VARIANT 1
DRUG_CODE: 102724
DIN: 02538520
BRAND_NAME: INVISIBLE DAILY DEFENSE FACE SERUM SUNSCREEN
ACTIVE_INGREDIENTS:
- NAME=AVOBENZONE; STRENGTH=3; UNIT=%
- NAME=HOMOSALATE; STRENGTH=13.5; UNIT=%
- NAME=OCTOCRYLENE; STRENGTH=10; UNIT=%
- NAME=OCTISALATE; STRENGTH=5; UNIT=%
DOSAGE_FORMS: LOTION
ROUTES: TOPICAL
SCHEDULES: NON-PRESCRIPTION DRUGS
PRODUCT_STATUS: MARKETED
COMPANY: KENVUE CANADA INC.","{""din"":[""02538520""],""brand_name"":""INVISIBLE DAILY DEFENSE FACE SERUM SUNSCREEN"",""active_ingredients"":[{""name"":""AVOBENZONE"",""strength"":3,""unit"":""%""},{""name"":""HOMOSALATE"",""strength"":13.5,""unit"":""%""},{""name"":""OCTISALATE"",""strength"":5,""unit"":""%""},{""name"":""OCTOCRYLENE"",""strength"":10,""unit"":""%""}],""dosage_forms"":[""LOTION""],""routes"":[""TOPICAL""],""schedule"":[""NON-PRESCRIPTION DRUGS""],""product_status"":""MARKETED"",""company"":""KENVUE CANADA INC.""}","{""archive_file_id"":""dpd_marketed_archive"",""archive_members"":{""comp.txt"":[12210],""drug.txt"":[12210],""form.txt"":[12482],""ingred.txt"":[17732,17733,17734,17735],""route.txt"":[14691],""schedule.txt"":[12629],""status.txt"":[46893]},""archive_sha256"":""94c8ef8639fd07eea9c134d8ede137d77574d4ae6761955f5aa582558ec38b25"",""drug_codes"":[""102724""],""language"":""en"",""source_dataset_id"":""hc_dpd_source_snapshot"",""source_dataset_version"":""2026.7.2"",""source_manifest_sha256"":""f674732805de6a311d5882c2e7e33747a7e214beb123d9e42c944e1ad195eba0""}",False,0.625,schema_type_only,"[""brand_name"",""company"",""product_status""]","{""din"":[""02538520""],""brand_name"":[""INVISIBLE DAILY DEFENSE FACE SERUM SUNSCREEN""],""active_ingredients"":[{""name"":""AVOBENZONE"",""strength"":""3"",""unit"":""%""},{""name"":""HOMOSALATE"",""strength"":""13.5"",""unit"":""%""},{""name"":""OCTOCRYLENE"",""strength"":""10"",""unit"":""%""},{""name"":""OCTISALATE"",""strength"":""5"",""unit"":""%""}],""dosage_forms"":[""LOTION""],""routes"":[""TOPICAL""],""schedule"":[""NON-PRESCRIPTION DRUGS""],""product_status"":[""MARKETED""],""company"":[""KENVUE CANADA INC.""]}",False,0.875,schema_type_only,"[""din""]","{""din"":""02538520"",""brand_name"":""INVISIBLE DAILY DEFENSE FACE SERUM SUNSCREEN"",""active_ingredients"":[{""name"":""AVOBENZONE"",""strength"":""3"",""unit"":""%""},{""name"":""HOMOSALATE"",""strength"":""13.5"",""unit"":""%""},{""name"":""OCTOCRYLENE"",""strength"":""10"",""unit"":""%""},{""name"":""OCTISALATE"",""strength"":""5"",""unit"":""%""}],""dosage_forms"":[""LOTION""],""routes"":[""TOPICAL""],""schedule"":[""NON-PRESCRIPTION DRUGS""],""product_status"":""MARKETED"",""company"":""KENVUE CANADA INC.""}",True,1,pass,[],"{""din"":[""02538520""],""brand_name"":""INVISIBLE DAILY DEFENSE FACE SERUM SUNSCREEN"",""active_ingredients"":[{""name"":""AVOBENZONE"",""strength"":""3"",""unit"":""%""},{""name"":""HOMOSALATE"",""strength"":""13.5"",""unit"":""%""},{""name"":""OCTOCRYLENE"",""strength"":""10"",""unit"":""%""},{""name"":""OCTISALATE"",""strength"":""5"",""unit"":""%""}],""dosage_forms"":[""LOTION""],""routes"":[""TOPICAL""],""schedule"":[""NON-PRESCRIPTION DRUGS""],""product_status"":""MARKETED"",""company"":""KENVUE CANADA INC.""}",True,1,pass,[],"{""din"":[""02538520""],""brand_name"":""INVISIBLE DAILY DEFENSE FACE SERUM SUNSCREEN"",""active_ingredients"":[{""name"":""AVOBENZONE"",""strength"":""3"",""unit"":""%""},{""name"":""HOMOSALATE"",""strength"":""13.5"",""unit"":""%""},{""name"":""OCTOCRYLENE"",""strength"":""10"",""unit"":""%""},{""name"":""OCTISALATE"",""strength"":""5"",""unit"":""%""}],""dosage_forms"":[""LOTION""],""routes"":[""TOPICAL""],""schedule"":[""NON-PRESCRIPTION DRUGS""],""product_status"":""MARKETED"",""company"":""KENVUE CANADA INC.""}",Verify the strict scalar and list JSON contract.,pending,,,,,,,,,
hc-dpd-review-0072,lower_tier_shared_failure_sample,3,Stratified sample where both lower-tier models failed.,hc_dpd_852ef569eca0965f_fr,hc_dpd_852ef569eca0965f,fr,multi_ingredient,CALMYLIN ACE,"Extrayez les faits de produit pharmaceutique du dossier source de la Base de données sur les produits pharmaceutiques de Santé Canada ci-dessous. Retournez uniquement un objet JSON avec exactement les clés din, brand_name, active_ingredients, dosage_forms, routes, schedule, product_status et company. din, dosage_forms, routes et schedule doivent être des listes. active_ingredients doit être une liste d'objets ayant les clés name, strength et unit. Regroupez les faits distincts de toutes les variantes, sans rien déduire.

DOSSIER SOURCE DPD (FRANÇAIS)

VARIANTE 1
DRUG_CODE: 19690
DIN: 02198630
NOM_COMMERCIAL: CALMYLIN ACE
INGRÉDIENTS_ACTIFS:
- NOM=Maléate de phéniramine; CONCENTRATION=7.5; UNITÉ=MG
- NOM=Phosphate de codéine; CONCENTRATION=10; UNITÉ=MG
- NOM=Guaïfénésine; CONCENTRATION=100; UNITÉ=MG
FORMES_PHARMACEUTIQUES: Sirop
VOIES_ADMINISTRATION: Orale
ANNEXES: Stupéfiants (LRCDAS I)
ÉTAT_DU_PRODUIT: COMMERCIALISÉ
ENTREPRISE: TEVA CANADA LIMITED","{""din"":[""02198630""],""brand_name"":""CALMYLIN ACE"",""active_ingredients"":[{""name"":""Guaïfénésine"",""strength"":100,""unit"":""MG""},{""name"":""Maléate de phéniramine"",""strength"":7.5,""unit"":""MG""},{""name"":""Phosphate de codéine"",""strength"":10,""unit"":""MG""}],""dosage_forms"":[""Sirop""],""routes"":[""Orale""],""schedule"":[""Stupéfiants (LRCDAS I)""],""product_status"":""COMMERCIALISÉ"",""company"":""TEVA CANADA LIMITED""}","{""archive_file_id"":""dpd_marketed_archive"",""archive_members"":{""comp.txt"":[1635],""drug.txt"":[1635],""form.txt"":[1644],""ingred.txt"":[2411,2412,2413],""route.txt"":[1938],""schedule.txt"":[1641],""status.txt"":[8426]},""archive_sha256"":""94c8ef8639fd07eea9c134d8ede137d77574d4ae6761955f5aa582558ec38b25"",""drug_codes"":[""19690""],""language"":""fr"",""source_dataset_id"":""hc_dpd_source_snapshot"",""source_dataset_version"":""2026.7.2"",""source_manifest_sha256"":""f674732805de6a311d5882c2e7e33747a7e214beb123d9e42c944e1ad195eba0""}",False,0.75,schema_type_only,"[""brand_name"",""company""]","{""din"":[""02198630""],""brand_name"":[""CALMYLIN ACE""],""active_ingredients"":[{""name"":""Maléate de phéniramine"",""strength"":7.5,""unit"":""MG""},{""name"":""Phosphate de codéine"",""strength"":10,""unit"":""MG""},{""name"":""Guaïfénésine"",""strength"":100,""unit"":""MG""}],""dosage_forms"":[""Sirop""],""routes"":[""Orale""],""schedule"":[""Stupéfiants (LRCDAS I)""],""product_status"":""COMMERCIALISÉ"",""company"":[""TEVA CANADA LIMITED""]}",False,0.625,schema_type_only,"[""brand_name"",""company"",""product_status""]","{""din"":[""02198630""],""brand_name"":[""CALMYLIN ACE""],""active_ingredients"":[{""name"":""Maléate de phéniramine"",""strength"":""7.5"",""unit"":""MG""},{""name"":""Phosphate de codéine"",""strength"":""10"",""unit"":""MG""},{""name"":""Guaïfénésine"",""strength"":""100"",""unit"":""MG""}],""dosage_forms"":[""Sirop""],""routes"":[""Orale""],""schedule"":[""Stupéfiants (LRCDAS I)""],""product_status"":[""COMMERCIALISÉ""],""company"":[""TEVA CANADA LIMITED""]}",True,1,pass,[],"{""din"":[""02198630""],""brand_name"":""CALMYLIN ACE"",""active_ingredients"":[{""name"":""Maléate de phéniramine"",""strength"":""7.5"",""unit"":""MG""},{""name"":""Phosphate de codéine"",""strength"":""10"",""unit"":""MG""},{""name"":""Guaïfénésine"",""strength"":""100"",""unit"":""MG""}],""dosage_forms"":[""Sirop""],""routes"":[""Orale""],""schedule"":[""Stupéfiants (LRCDAS I)""],""product_status"":""COMMERCIALISÉ"",""company"":""TEVA CANADA LIMITED""}",True,1,pass,[],"{""din"":[""02198630""],""brand_name"":""CALMYLIN ACE"",""active_ingredients"":[{""name"":""Maléate de phéniramine"",""strength"":""7.5"",""unit"":""MG""},{""name"":""Phosphate de codéine"",""strength"":""10"",""unit"":""MG""},{""name"":""Guaïfénésine"",""strength"":""100"",""unit"":""MG""}],""dosage_forms"":[""Sirop""],""routes"":[""Orale""],""schedule"":[""Stupéfiants (LRCDAS I)""],""product_status"":""COMMERCIALISÉ"",""company"":""TEVA CANADA LIMITED""}",Verify the strict scalar and list JSON contract.,pending,,,,,,,,,
hc-dpd-review-0073,lower_tier_shared_failure_sample,3,Stratified sample where both lower-tier models failed.,hc_dpd_d900242496d8e21c_fr,hc_dpd_d900242496d8e21c,fr,multi_ingredient,NEOCITRAN EXTRA STRENGTH COLD & SINUS NIGHT,"Extrayez les faits de produit pharmaceutique du dossier source de la Base de données sur les produits pharmaceutiques de Santé Canada ci-dessous. Retournez uniquement un objet JSON avec exactement les clés din, brand_name, active_ingredients, dosage_forms, routes, schedule, product_status et company. din, dosage_forms, routes et schedule doivent être des listes. active_ingredients doit être une liste d'objets ayant les clés name, strength et unit. Regroupez les faits distincts de toutes les variantes, sans rien déduire.

DOSSIER SOURCE DPD (FRANÇAIS)

VARIANTE 1
DRUG_CODE: 37051
DIN: 02215403
NOM_COMMERCIAL: NEOCITRAN EXTRA FORT RHUME ET SINUS NUIT
INGRÉDIENTS_ACTIFS:
- NOM=Acétaminophène; CONCENTRATION=650; UNITÉ=MG
- NOM=Maléate de phéniramine; CONCENTRATION=20; UNITÉ=MG
- NOM=Chlorhydrate de phényléphrine; CONCENTRATION=10; UNITÉ=MG
FORMES_PHARMACEUTIQUES: Poudre pour solution
VOIES_ADMINISTRATION: Orale
ANNEXES: Médicaments sans ordonnance
ÉTAT_DU_PRODUIT: COMMERCIALISÉ
ENTREPRISE: HALEON CANADA ULC","{""din"":[""02215403""],""brand_name"":""NEOCITRAN EXTRA FORT RHUME ET SINUS NUIT"",""active_ingredients"":[{""name"":""Acétaminophène"",""strength"":650,""unit"":""MG""},{""name"":""Chlorhydrate de phényléphrine"",""strength"":10,""unit"":""MG""},{""name"":""Maléate de phéniramine"",""strength"":20,""unit"":""MG""}],""dosage_forms"":[""Poudre pour solution""],""routes"":[""Orale""],""schedule"":[""Médicaments sans ordonnance""],""product_status"":""COMMERCIALISÉ"",""company"":""HALEON CANADA ULC""}","{""archive_file_id"":""dpd_marketed_archive"",""archive_members"":{""comp.txt"":[1807],""drug.txt"":[1807],""form.txt"":[1820],""ingred.txt"":[2737,2738,2739],""route.txt"":[2145],""schedule.txt"":[1816],""status.txt"":[9395]},""archive_sha256"":""94c8ef8639fd07eea9c134d8ede137d77574d4ae6761955f5aa582558ec38b25"",""drug_codes"":[""37051""],""language"":""fr"",""source_dataset_id"":""hc_dpd_source_snapshot"",""source_dataset_version"":""2026.7.2"",""source_manifest_sha256"":""f674732805de6a311d5882c2e7e33747a7e214beb123d9e42c944e1ad195eba0""}",False,0.625,schema_type_only,"[""brand_name"",""company"",""product_status""]","{""din"":[""02215403""],""brand_name"":[""NEOCITRAN EXTRA FORT RHUME ET SINUS NUIT""],""active_ingredients"":[{""name"":""Acétaminophène"",""strength"":""650"",""unit"":""MG""},{""name"":""Maléate de phéniramine"",""strength"":""20"",""unit"":""MG""},{""name"":""Chlorhydrate de phényléphrine"",""strength"":""10"",""unit"":""MG""}],""dosage_forms"":[""Poudre pour solution""],""routes"":[""Orale""],""schedule"":[""Médicaments sans ordonnance""],""product_status"":[""COMMERCIALISÉ""],""company"":[""HALEON CANADA ULC""]}",False,0.625,schema_type_only,"[""brand_name"",""company"",""product_status""]","{""din"":[""02215403""],""brand_name"":[""NEOCITRAN EXTRA FORT RHUME ET SINUS NUIT""],""active_ingredients"":[{""name"":""Acétaminophène"",""strength"":""650"",""unit"":""MG""},{""name"":""Maléate de phéniramine"",""strength"":""20"",""unit"":""MG""},{""name"":""Chlorhydrate de phényléphrine"",""strength"":""10"",""unit"":""MG""}],""dosage_forms"":[""Poudre pour solution""],""routes"":[""Orale""],""schedule"":[""Médicaments sans ordonnance""],""product_status"":[""COMMERCIALISÉ""],""company"":[""HALEON CANADA ULC""]}",True,1,pass,[],"{""din"":[""02215403""],""brand_name"":""NEOCITRAN EXTRA FORT RHUME ET SINUS NUIT"",""active_ingredients"":[{""name"":""Acétaminophène"",""strength"":""650"",""unit"":""MG""},{""name"":""Maléate de phéniramine"",""strength"":""20"",""unit"":""MG""},{""name"":""Chlorhydrate de phényléphrine"",""strength"":""10"",""unit"":""MG""}],""dosage_forms"":[""Poudre pour solution""],""routes"":[""Orale""],""schedule"":[""Médicaments sans ordonnance""],""product_status"":""COMMERCIALISÉ"",""company"":""HALEON CANADA ULC""}",True,1,pass,[],"{""din"":[""02215403""],""brand_name"":""NEOCITRAN EXTRA FORT RHUME ET SINUS NUIT"",""active_ingredients"":[{""name"":""Acétaminophène"",""strength"":""650"",""unit"":""MG""},{""name"":""Maléate de phéniramine"",""strength"":""20"",""unit"":""MG""},{""name"":""Chlorhydrate de phényléphrine"",""strength"":""10"",""unit"":""MG""}],""dosage_forms"":[""Poudre pour solution""],""routes"":[""Orale""],""schedule"":[""Médicaments sans ordonnance""],""product_status"":""COMMERCIALISÉ"",""company"":""HALEON CANADA ULC""}",Verify the strict scalar and list JSON contract.,pending,,,,,,,,,
hc-dpd-review-0074,lower_tier_shared_failure_sample,3,Stratified sample where both lower-tier models failed.,hc_dpd_8fa96a494d8bf1ff_fr,hc_dpd_8fa96a494d8bf1ff,fr,multi_ingredient,TRIQUILAR 21,"Extrayez les faits de produit pharmaceutique du dossier source de la Base de données sur les produits pharmaceutiques de Santé Canada ci-dessous. Retournez uniquement un objet JSON avec exactement les clés din, brand_name, active_ingredients, dosage_forms, routes, schedule, product_status et company. din, dosage_forms, routes et schedule doivent être des listes. active_ingredients doit être une liste d'objets ayant les clés name, strength et unit. Regroupez les faits distincts de toutes les variantes, sans rien déduire.

DOSSIER SOURCE DPD (FRANÇAIS)

VARIANTE 1
DRUG_CODE: 8124
DIN: 00707600
NOM_COMMERCIAL: TRIQUILAR 21
INGRÉDIENTS_ACTIFS:
- NOM=Éthinylestradiol; CONCENTRATION=30; UNITÉ=MCG
- NOM=Éthinylestradiol; CONCENTRATION=30; UNITÉ=MCG
- NOM=Éthinylestradiol; CONCENTRATION=40; UNITÉ=MCG
- NOM=Lévonorgestrel; CONCENTRATION=50; UNITÉ=MCG
- NOM=Lévonorgestrel; CONCENTRATION=75; UNITÉ=MCG
- NOM=Lévonorgestrel; CONCENTRATION=125; UNITÉ=MCG
FORMES_PHARMACEUTIQUES: Comprimé
VOIES_ADMINISTRATION: Orale
ANNEXES: Médicaments sur ordonnance
ÉTAT_DU_PRODUIT: COMMERCIALISÉ
ENTREPRISE: BAYER INC","{""din"":[""00707600""],""brand_name"":""TRIQUILAR 21"",""active_ingredients"":[{""name"":""Lévonorgestrel"",""strength"":50,""unit"":""MCG""},{""name"":""Lévonorgestrel"",""strength"":75,""unit"":""MCG""},{""name"":""Lévonorgestrel"",""strength"":125,""unit"":""MCG""},{""name"":""Éthinylestradiol"",""strength"":30,""unit"":""MCG""},{""name"":""Éthinylestradiol"",""strength"":40,""unit"":""MCG""}],""dosage_forms"":[""Comprimé""],""routes"":[""Orale""],""schedule"":[""Médicaments sur ordonnance""],""product_status"":""COMMERCIALISÉ"",""company"":""BAYER INC""}","{""archive_file_id"":""dpd_marketed_archive"",""archive_members"":{""comp.txt"":[639],""drug.txt"":[639],""form.txt"":[640],""ingred.txt"":[937,938,939,940,941,942],""route.txt"":[768],""schedule.txt"":[639],""status.txt"":[3194]},""archive_sha256"":""94c8ef8639fd07eea9c134d8ede137d77574d4ae6761955f5aa582558ec38b25"",""drug_codes"":[""8124""],""language"":""fr"",""source_dataset_id"":""hc_dpd_source_snapshot"",""source_dataset_version"":""2026.7.2"",""source_manifest_sha256"":""f674732805de6a311d5882c2e7e33747a7e214beb123d9e42c944e1ad195eba0""}",False,0.875,duplicate_items_only,"[""active_ingredients""]","{""din"":[""00707600""],""brand_name"":""TRIQUILAR 21"",""active_ingredients"":[{""name"":""Éthinylestradiol"",""strength"":""30"",""unit"":""MCG""},{""name"":""Éthinylestradiol"",""strength"":""30"",""unit"":""MCG""},{""name"":""Éthinylestradiol"",""strength"":""40"",""unit"":""MCG""},{""name"":""Lévonorgestrel"",""strength"":""50"",""unit"":""MCG""},{""name"":""Lévonorgestrel"",""strength"":""75"",""unit"":""MCG""},{""name"":""Lévonorgestrel"",""strength"":""125"",""unit"":""MCG""}],""dosage_forms"":[""Comprimé""],""routes"":[""Orale""],""schedule"":[""Médicaments sur ordonnance""],""product_status"":""COMMERCIALISÉ"",""company"":""BAYER INC""}",False,0.5,schema_and_duplicates,"[""active_ingredients"",""brand_name"",""company"",""product_status""]","{""din"":[""00707600""],""brand_name"":[""TRIQUILAR 21""],""active_ingredients"":[{""name"":""Éthinylestradiol"",""strength"":""30"",""unit"":""MCG""},{""name"":""Éthinylestradiol"",""strength"":""30"",""unit"":""MCG""},{""name"":""Éthinylestradiol"",""strength"":""40"",""unit"":""MCG""},{""name"":""Lévonorgestrel"",""strength"":""50"",""unit"":""MCG""},{""name"":""Lévonorgestrel"",""strength"":""75"",""unit"":""MCG""},{""name"":""Lévonorgestrel"",""strength"":""125"",""unit"":""MCG""}],""dosage_forms"":[""Comprimé""],""routes"":[""Orale""],""schedule"":[""Médicaments sur ordonnance""],""product_status"":[""COMMERCIALISÉ""],""company"":[""BAYER INC""]}",True,1,pass,[],"{""din"":[""00707600""],""brand_name"":""TRIQUILAR 21"",""active_ingredients"":[{""name"":""Éthinylestradiol"",""strength"":""30"",""unit"":""MCG""},{""name"":""Éthinylestradiol"",""strength"":""40"",""unit"":""MCG""},{""name"":""Lévonorgestrel"",""strength"":""50"",""unit"":""MCG""},{""name"":""Lévonorgestrel"",""strength"":""75"",""unit"":""MCG""},{""name"":""Lévonorgestrel"",""strength"":""125"",""unit"":""MCG""}],""dosage_forms"":[""Comprimé""],""routes"":[""Orale""],""schedule"":[""Médicaments sur ordonnance""],""product_status"":""COMMERCIALISÉ"",""company"":""BAYER INC""}",True,1,pass,[],"{""din"":[""00707600""],""brand_name"":""TRIQUILAR 21"",""active_ingredients"":[{""name"":""Éthinylestradiol"",""strength"":""30"",""unit"":""MCG""},{""name"":""Éthinylestradiol"",""strength"":""40"",""unit"":""MCG""},{""name"":""Lévonorgestrel"",""strength"":""50"",""unit"":""MCG""},{""name"":""Lévonorgestrel"",""strength"":""75"",""unit"":""MCG""},{""name"":""Lévonorgestrel"",""strength"":""125"",""unit"":""MCG""}],""dosage_forms"":[""Comprimé""],""routes"":[""Orale""],""schedule"":[""Médicaments sur ordonnance""],""product_status"":""COMMERCIALISÉ"",""company"":""BAYER INC""}",Verify distinct-fact aggregation across product variants.,pending,,,,,,,,,
hc-dpd-review-0075,lower_tier_shared_failure_sample,3,Stratified sample where both lower-tier models failed.,hc_dpd_6751817f4af53f67_en,hc_dpd_6751817f4af53f67,en,single_ingredient,LIDODAN ENDOTRACHEAL NON-AEROSOL SPRAY,"Extract drug-product facts from the Health Canada Drug Product Database source record below. Return only one JSON object with exactly the keys din, brand_name, active_ingredients, dosage_forms, routes, schedule, product_status, and company. din, dosage_forms, routes, and schedule must be lists. active_ingredients must be a list of objects with name, strength, and unit keys. Combine distinct facts from every variant and do not infer values.

DPD SOURCE RECORD (ENGLISH)

VARIANT 1
DRUG_CODE: 50454
DIN: 02231147
BRAND_NAME: LIDODAN ENDOTRACHEAL NON-AEROSOL SPRAY
ACTIVE_INGREDIENTS:
- NAME=LIDOCAINE (LIDOCAINE HYDROCHLORIDE); STRENGTH=10; UNIT=MG
DOSAGE_FORMS: SPRAY, METERED DOSE
ROUTES: TOPICAL
SCHEDULES: ETHICAL
PRODUCT_STATUS: MARKETED
COMPANY: ODAN LABORATORIES LTD","{""din"":[""02231147""],""brand_name"":""LIDODAN ENDOTRACHEAL NON-AEROSOL SPRAY"",""active_ingredients"":[{""name"":""LIDOCAINE (LIDOCAINE HYDROCHLORIDE)"",""strength"":10,""unit"":""MG""}],""dosage_forms"":[""SPRAY, METERED DOSE""],""routes"":[""TOPICAL""],""schedule"":[""ETHICAL""],""product_status"":""MARKETED"",""company"":""ODAN LABORATORIES LTD""}","{""archive_file_id"":""dpd_marketed_archive"",""archive_members"":{""comp.txt"":[2161],""drug.txt"":[2161],""form.txt"":[2180],""ingred.txt"":[3199],""route.txt"":[2585],""schedule.txt"":[2172],""status.txt"":[11644]},""archive_sha256"":""94c8ef8639fd07eea9c134d8ede137d77574d4ae6761955f5aa582558ec38b25"",""drug_codes"":[""50454""],""language"":""en"",""source_dataset_id"":""hc_dpd_source_snapshot"",""source_dataset_version"":""2026.7.2"",""source_manifest_sha256"":""f674732805de6a311d5882c2e7e33747a7e214beb123d9e42c944e1ad195eba0""}",False,0.75,schema_type_only,"[""brand_name"",""company""]","{""din"":[""02231147""],""brand_name"":[""LIDODAN ENDOTRACHEAL NON-AEROSOL SPRAY""],""active_ingredients"":[{""name"":""LIDOCAINE (LIDOCAINE HYDROCHLORIDE)"",""strength"":""10"",""unit"":""MG""}],""dosage_forms"":[""SPRAY, METERED DOSE""],""routes"":[""TOPICAL""],""schedule"":[""ETHICAL""],""product_status"":""MARKETED"",""company"":[""ODAN LABORATORIES LTD""]}",False,0.875,schema_type_only,"[""din""]","{""din"":""02231147"",""brand_name"":""LIDODAN ENDOTRACHEAL NON-AEROSOL SPRAY"",""active_ingredients"":[{""name"":""LIDOCAINE (LIDOCAINE HYDROCHLORIDE)"",""strength"":""10"",""unit"":""MG""}],""dosage_forms"":[""SPRAY, METERED DOSE""],""routes"":[""TOPICAL""],""schedule"":[""ETHICAL""],""product_status"":""MARKETED"",""company"":""ODAN LABORATORIES LTD""}",True,1,pass,[],"{""din"":[""02231147""],""brand_name"":""LIDODAN ENDOTRACHEAL NON-AEROSOL SPRAY"",""active_ingredients"":[{""name"":""LIDOCAINE (LIDOCAINE HYDROCHLORIDE)"",""strength"":""10"",""unit"":""MG""}],""dosage_forms"":[""SPRAY, METERED DOSE""],""routes"":[""TOPICAL""],""schedule"":[""ETHICAL""],""product_status"":""MARKETED"",""company"":""ODAN LABORATORIES LTD""}",True,1,pass,[],"{""din"":[""02231147""],""brand_name"":""LIDODAN ENDOTRACHEAL NON-AEROSOL SPRAY"",""active_ingredients"":[{""name"":""LIDOCAINE (LIDOCAINE HYDROCHLORIDE)"",""strength"":""10"",""unit"":""MG""}],""dosage_forms"":[""SPRAY, METERED DOSE""],""routes"":[""TOPICAL""],""schedule"":[""ETHICAL""],""product_status"":""MARKETED"",""company"":""ODAN LABORATORIES LTD""}",Verify the strict scalar and list JSON contract.,pending,,,,,,,,,
hc-dpd-review-0076,lower_tier_shared_failure_sample,3,Stratified sample where both lower-tier models failed.,hc_dpd_bad3d6b00edb627d_en,hc_dpd_bad3d6b00edb627d,en,single_ingredient,PMS-DOXYCYCLINE,"Extract drug-product facts from the Health Canada Drug Product Database source record below. Return only one JSON object with exactly the keys din, brand_name, active_ingredients, dosage_forms, routes, schedule, product_status, and company. din, dosage_forms, routes, and schedule must be lists. active_ingredients must be a list of objects with name, strength, and unit keys. Combine distinct facts from every variant and do not infer values.

DPD SOURCE RECORD (ENGLISH)

VARIANT 1
DRUG_CODE: 71343
DIN: 02247104
BRAND_NAME: PMS-DOXYCYCLINE
ACTIVE_INGREDIENTS:
- NAME=DOXYCYCLINE (DOXYCYCLINE HYCLATE); STRENGTH=20; UNIT=MG
DOSAGE_FORMS: CAPSULE
ROUTES: ORAL
SCHEDULES: PRESCRIPTION
PRODUCT_STATUS: MARKETED
COMPANY: PHARMASCIENCE INC","{""din"":[""02247104""],""brand_name"":""PMS-DOXYCYCLINE"",""active_ingredients"":[{""name"":""DOXYCYCLINE (DOXYCYCLINE HYCLATE)"",""strength"":20,""unit"":""MG""}],""dosage_forms"":[""CAPSULE""],""routes"":[""ORAL""],""schedule"":[""PRESCRIPTION""],""product_status"":""MARKETED"",""company"":""PHARMASCIENCE INC""}","{""archive_file_id"":""dpd_marketed_archive"",""archive_members"":{""comp.txt"":[3086],""drug.txt"":[3086],""form.txt"":[3114],""ingred.txt"":[4433],""route.txt"":[3698],""schedule.txt"":[3124],""status.txt"":[16630]},""archive_sha256"":""94c8ef8639fd07eea9c134d8ede137d77574d4ae6761955f5aa582558ec38b25"",""drug_codes"":[""71343""],""language"":""en"",""source_dataset_id"":""hc_dpd_source_snapshot"",""source_dataset_version"":""2026.7.2"",""source_manifest_sha256"":""f674732805de6a311d5882c2e7e33747a7e214beb123d9e42c944e1ad195eba0""}",False,0.75,schema_type_only,"[""brand_name"",""company""]","{""din"":[""02247104""],""brand_name"":[""PMS-DOXYCYCLINE""],""active_ingredients"":[{""name"":""DOXYCYCLINE (DOXYCYCLINE HYCLATE)"",""strength"":""20"",""unit"":""MG""}],""dosage_forms"":[""CAPSULE""],""routes"":[""ORAL""],""schedule"":[""PRESCRIPTION""],""product_status"":""MARKETED"",""company"":[""PHARMASCIENCE INC""]}",False,0.875,schema_type_only,"[""din""]","{""din"":""02247104"",""brand_name"":""PMS-DOXYCYCLINE"",""active_ingredients"":[{""name"":""DOXYCYCLINE (DOXYCYCLINE HYCLATE)"",""strength"":20,""unit"":""MG""}],""dosage_forms"":[""CAPSULE""],""routes"":[""ORAL""],""schedule"":[""PRESCRIPTION""],""product_status"":""MARKETED"",""company"":""PHARMASCIENCE INC""}",True,1,pass,[],"{""din"":[""02247104""],""brand_name"":""PMS-DOXYCYCLINE"",""active_ingredients"":[{""name"":""DOXYCYCLINE (DOXYCYCLINE HYCLATE)"",""strength"":""20"",""unit"":""MG""}],""dosage_forms"":[""CAPSULE""],""routes"":[""ORAL""],""schedule"":[""PRESCRIPTION""],""product_status"":""MARKETED"",""company"":""PHARMASCIENCE INC""}",True,1,pass,[],"{""din"":[""02247104""],""brand_name"":""PMS-DOXYCYCLINE"",""active_ingredients"":[{""name"":""DOXYCYCLINE (DOXYCYCLINE HYCLATE)"",""strength"":""20"",""unit"":""MG""}],""dosage_forms"":[""CAPSULE""],""routes"":[""ORAL""],""schedule"":[""PRESCRIPTION""],""product_status"":""MARKETED"",""company"":""PHARMASCIENCE INC""}",Verify the strict scalar and list JSON contract.,pending,,,,,,,,,
hc-dpd-review-0077,lower_tier_shared_failure_sample,3,Stratified sample where both lower-tier models failed.,hc_dpd_cb3c650bffba13d3_en,hc_dpd_cb3c650bffba13d3,en,single_ingredient,ADRENALIN,"Extract drug-product facts from the Health Canada Drug Product Database source record below. Return only one JSON object with exactly the keys din, brand_name, active_ingredients, dosage_forms, routes, schedule, product_status, and company. din, dosage_forms, routes, and schedule must be lists. active_ingredients must be a list of objects with name, strength, and unit keys. Combine distinct facts from every variant and do not infer values.

DPD SOURCE RECORD (ENGLISH)

VARIANT 1
DRUG_CODE: 940
DIN: 00155357
BRAND_NAME: ADRENALIN
ACTIVE_INGREDIENTS:
- NAME=EPINEPHRINE (EPINEPHRINE HYDROCHLORIDE); STRENGTH=1; UNIT=MG
DOSAGE_FORMS: SOLUTION
ROUTES: INTRACARDIAC | INTRAMUSCULAR | INTRASPINAL | INTRAVENOUS | OPHTHALMIC | SUBCUTANEOUS
SCHEDULES: ETHICAL
PRODUCT_STATUS: MARKETED
COMPANY: SEARCHLIGHT PHARMA INC","{""din"":[""00155357""],""brand_name"":""ADRENALIN"",""active_ingredients"":[{""name"":""EPINEPHRINE (EPINEPHRINE HYDROCHLORIDE)"",""strength"":1,""unit"":""MG""}],""dosage_forms"":[""SOLUTION""],""routes"":[""INTRACARDIAC"",""INTRAMUSCULAR"",""INTRASPINAL"",""INTRAVENOUS"",""OPHTHALMIC"",""SUBCUTANEOUS""],""schedule"":[""ETHICAL""],""product_status"":""MARKETED"",""company"":""SEARCHLIGHT PHARMA INC""}","{""archive_file_id"":""dpd_marketed_archive"",""archive_members"":{""comp.txt"":[76],""drug.txt"":[76],""form.txt"":[76],""ingred.txt"":[108],""route.txt"":[100,101,102,103,104,105],""schedule.txt"":[76],""status.txt"":[480]},""archive_sha256"":""94c8ef8639fd07eea9c134d8ede137d77574d4ae6761955f5aa582558ec38b25"",""drug_codes"":[""940""],""language"":""en"",""source_dataset_id"":""hc_dpd_source_snapshot"",""source_dataset_version"":""2026.7.2"",""source_manifest_sha256"":""f674732805de6a311d5882c2e7e33747a7e214beb123d9e42c944e1ad195eba0""}",False,0.875,schema_type_only,"[""company""]","{""din"":[""00155357""],""brand_name"":""ADRENALIN"",""active_ingredients"":[{""name"":""EPINEPHRINE (EPINEPHRINE HYDROCHLORIDE)"",""strength"":""1"",""unit"":""MG""}],""dosage_forms"":[""SOLUTION""],""routes"":[""INTRACARDIAC"",""INTRAMUSCULAR"",""INTRASPINAL"",""INTRAVENOUS"",""OPHTHALMIC"",""SUBCUTANEOUS""],""schedule"":[""ETHICAL""],""product_status"":""MARKETED"",""company"":[""SEARCHLIGHT PHARMA INC""]}",False,0.875,schema_type_only,"[""din""]","{""din"":""00155357"",""brand_name"":""ADRENALIN"",""active_ingredients"":[{""name"":""EPINEPHRINE (EPINEPHRINE HYDROCHLORIDE)"",""strength"":""1"",""unit"":""MG""}],""dosage_forms"":[""SOLUTION""],""routes"":[""INTRACARDIAC"",""INTRAMUSCULAR"",""INTRASPINAL"",""INTRAVENOUS"",""OPHTHALMIC"",""SUBCUTANEOUS""],""schedule"":[""ETHICAL""],""product_status"":""MARKETED"",""company"":""SEARCHLIGHT PHARMA INC""}",True,1,pass,[],"{""din"":[""00155357""],""brand_name"":""ADRENALIN"",""active_ingredients"":[{""name"":""EPINEPHRINE (EPINEPHRINE HYDROCHLORIDE)"",""strength"":""1"",""unit"":""MG""}],""dosage_forms"":[""SOLUTION""],""routes"":[""INTRACARDIAC"",""INTRAMUSCULAR"",""INTRASPINAL"",""INTRAVENOUS"",""OPHTHALMIC"",""SUBCUTANEOUS""],""schedule"":[""ETHICAL""],""product_status"":""MARKETED"",""company"":""SEARCHLIGHT PHARMA INC""}",True,1,pass,[],"{""din"":[""00155357""],""brand_name"":""ADRENALIN"",""active_ingredients"":[{""name"":""EPINEPHRINE (EPINEPHRINE HYDROCHLORIDE)"",""strength"":""1"",""unit"":""MG""}],""dosage_forms"":[""SOLUTION""],""routes"":[""INTRACARDIAC"",""INTRAMUSCULAR"",""INTRASPINAL"",""INTRAVENOUS"",""OPHTHALMIC"",""SUBCUTANEOUS""],""schedule"":[""ETHICAL""],""product_status"":""MARKETED"",""company"":""SEARCHLIGHT PHARMA INC""}",Verify the strict scalar and list JSON contract.,pending,,,,,,,,,
hc-dpd-review-0078,lower_tier_shared_failure_sample,3,Stratified sample where both lower-tier models failed.,hc_dpd_277de732fb6500e9_fr,hc_dpd_277de732fb6500e9,fr,single_ingredient,COLACE CLEAR,"Extrayez les faits de produit pharmaceutique du dossier source de la Base de données sur les produits pharmaceutiques de Santé Canada ci-dessous. Retournez uniquement un objet JSON avec exactement les clés din, brand_name, active_ingredients, dosage_forms, routes, schedule, product_status et company. din, dosage_forms, routes et schedule doivent être des listes. active_ingredients doit être une liste d'objets ayant les clés name, strength et unit. Regroupez les faits distincts de toutes les variantes, sans rien déduire.

DOSSIER SOURCE DPD (FRANÇAIS)

VARIANTE 1
DRUG_CODE: 97454
DIN: 02484226
NOM_COMMERCIAL: COLACE CLEAR
INGRÉDIENTS_ACTIFS:
- NOM=Docusate sodique; CONCENTRATION=100; UNITÉ=MG
FORMES_PHARMACEUTIQUES: Capsule
VOIES_ADMINISTRATION: Orale
ANNEXES: Médicaments sans ordonnance
ÉTAT_DU_PRODUIT: COMMERCIALISÉ
ENTREPRISE: PHARMASCIENCE INC","{""din"":[""02484226""],""brand_name"":""COLACE CLEAR"",""active_ingredients"":[{""name"":""Docusate sodique"",""strength"":100,""unit"":""MG""}],""dosage_forms"":[""Capsule""],""routes"":[""Orale""],""schedule"":[""Médicaments sans ordonnance""],""product_status"":""COMMERCIALISÉ"",""company"":""PHARMASCIENCE INC""}","{""archive_file_id"":""dpd_marketed_archive"",""archive_members"":{""comp.txt"":[9466],""drug.txt"":[9466],""form.txt"":[9652],""ingred.txt"":[13440],""route.txt"":[11195],""schedule.txt"":[9729],""status.txt"":[40425]},""archive_sha256"":""94c8ef8639fd07eea9c134d8ede137d77574d4ae6761955f5aa582558ec38b25"",""drug_codes"":[""97454""],""language"":""fr"",""source_dataset_id"":""hc_dpd_source_snapshot"",""source_dataset_version"":""2026.7.2"",""source_manifest_sha256"":""f674732805de6a311d5882c2e7e33747a7e214beb123d9e42c944e1ad195eba0""}",False,0.625,schema_type_only,"[""brand_name"",""company"",""product_status""]","{""din"":[""02484226""],""brand_name"":[""COLACE CLEAR""],""active_ingredients"":[{""name"":""Docusate sodique"",""strength"":""100"",""unit"":""MG""}],""dosage_forms"":[""Capsule""],""routes"":[""Orale""],""schedule"":[""Médicaments sans ordonnance""],""product_status"":[""COMMERCIALISÉ""],""company"":[""PHARMASCIENCE INC""]}",False,0.75,schema_type_only,"[""company"",""product_status""]","{""din"":[""02484226""],""brand_name"":""COLACE CLEAR"",""active_ingredients"":[{""name"":""Docusate sodique"",""strength"":""100"",""unit"":""MG""}],""dosage_forms"":[""Capsule""],""routes"":[""Orale""],""schedule"":[""Médicaments sans ordonnance""],""product_status"":[""COMMERCIALISÉ""],""company"":[""PHARMASCIENCE INC""]}",True,1,pass,[],"{""din"":[""02484226""],""brand_name"":""COLACE CLEAR"",""active_ingredients"":[{""name"":""Docusate sodique"",""strength"":""100"",""unit"":""MG""}],""dosage_forms"":[""Capsule""],""routes"":[""Orale""],""schedule"":[""Médicaments sans ordonnance""],""product_status"":""COMMERCIALISÉ"",""company"":""PHARMASCIENCE INC""}",True,1,pass,[],"{""din"":[""02484226""],""brand_name"":""COLACE CLEAR"",""active_ingredients"":[{""name"":""Docusate sodique"",""strength"":""100"",""unit"":""MG""}],""dosage_forms"":[""Capsule""],""routes"":[""Orale""],""schedule"":[""Médicaments sans ordonnance""],""product_status"":""COMMERCIALISÉ"",""company"":""PHARMASCIENCE INC""}",Verify the strict scalar and list JSON contract.,pending,,,,,,,,,
hc-dpd-review-0079,lower_tier_shared_failure_sample,3,Stratified sample where both lower-tier models failed.,hc_dpd_a46aff1c92799229_fr,hc_dpd_a46aff1c92799229,fr,single_ingredient,DEXMEDETOMIDINE HYDROCHLORIDE FOR INJECTION,"Extrayez les faits de produit pharmaceutique du dossier source de la Base de données sur les produits pharmaceutiques de Santé Canada ci-dessous. Retournez uniquement un objet JSON avec exactement les clés din, brand_name, active_ingredients, dosage_forms, routes, schedule, product_status et company. din, dosage_forms, routes et schedule doivent être des listes. active_ingredients doit être une liste d'objets ayant les clés name, strength et unit. Regroupez les faits distincts de toutes les variantes, sans rien déduire.

DOSSIER SOURCE DPD (FRANÇAIS)

VARIANTE 1
DRUG_CODE: 96831
DIN: 02477327
NOM_COMMERCIAL: DEXMEDETOMIDINE HYDROCHLORIDE FOR INJECTION
INGRÉDIENTS_ACTIFS:
- NOM=Dexmédétomidine (Chlorhydrate de dexmédétomidine); CONCENTRATION=100; UNITÉ=MCG
FORMES_PHARMACEUTIQUES: Solution
VOIES_ADMINISTRATION: Intraveineuse
ANNEXES: Médicaments sur ordonnance
ÉTAT_DU_PRODUIT: COMMERCIALISÉ
ENTREPRISE: ACCORD HEALTHCARE INC","{""din"":[""02477327""],""brand_name"":""DEXMEDETOMIDINE HYDROCHLORIDE FOR INJECTION"",""active_ingredients"":[{""name"":""Dexmédétomidine (Chlorhydrate de dexmédétomidine)"",""strength"":100,""unit"":""MCG""}],""dosage_forms"":[""Solution""],""routes"":[""Intraveineuse""],""schedule"":[""Médicaments sur ordonnance""],""product_status"":""COMMERCIALISÉ"",""company"":""ACCORD HEALTHCARE INC""}","{""archive_file_id"":""dpd_marketed_archive"",""archive_members"":{""comp.txt"":[9150],""drug.txt"":[9150],""form.txt"":[9325],""ingred.txt"":[12964],""route.txt"":[10828],""schedule.txt"":[9391],""status.txt"":[39626]},""archive_sha256"":""94c8ef8639fd07eea9c134d8ede137d77574d4ae6761955f5aa582558ec38b25"",""drug_codes"":[""96831""],""language"":""fr"",""source_dataset_id"":""hc_dpd_source_snapshot"",""source_dataset_version"":""2026.7.2"",""source_manifest_sha256"":""f674732805de6a311d5882c2e7e33747a7e214beb123d9e42c944e1ad195eba0""}",False,0.625,schema_type_only,"[""brand_name"",""company"",""product_status""]","{""din"":[""02477327""],""brand_name"":[""DEXMEDETOMIDINE HYDROCHLORIDE FOR INJECTION""],""active_ingredients"":[{""name"":""Dexmédétomidine (Chlorhydrate de dexmédétomidine)"",""strength"":""100"",""unit"":""MCG""}],""dosage_forms"":[""Solution""],""routes"":[""Intraveineuse""],""schedule"":[""Médicaments sur ordonnance""],""product_status"":[""COMMERCIALISÉ""],""company"":[""ACCORD HEALTHCARE INC""]}",False,0.875,schema_type_only,"[""product_status""]","{""din"":[""02477327""],""brand_name"":""DEXMEDETOMIDINE HYDROCHLORIDE FOR INJECTION"",""active_ingredients"":[{""name"":""Dexmédétomidine (Chlorhydrate de dexmédétomidine)"",""strength"":""100"",""unit"":""MCG""}],""dosage_forms"":[""Solution""],""routes"":[""Intraveineuse""],""schedule"":[""Médicaments sur ordonnance""],""product_status"":[""COMMERCIALISÉ""],""company"":""ACCORD HEALTHCARE INC""}",True,1,pass,[],"{""din"":[""02477327""],""brand_name"":""DEXMEDETOMIDINE HYDROCHLORIDE FOR INJECTION"",""active_ingredients"":[{""name"":""Dexmédétomidine (Chlorhydrate de dexmédétomidine)"",""strength"":""100"",""unit"":""MCG""}],""dosage_forms"":[""Solution""],""routes"":[""Intraveineuse""],""schedule"":[""Médicaments sur ordonnance""],""product_status"":""COMMERCIALISÉ"",""company"":""ACCORD HEALTHCARE INC""}",True,1,pass,[],"{""din"":[""02477327""],""brand_name"":""DEXMEDETOMIDINE HYDROCHLORIDE FOR INJECTION"",""active_ingredients"":[{""name"":""Dexmédétomidine (Chlorhydrate de dexmédétomidine)"",""strength"":""100"",""unit"":""MCG""}],""dosage_forms"":[""Solution""],""routes"":[""Intraveineuse""],""schedule"":[""Médicaments sur ordonnance""],""product_status"":""COMMERCIALISÉ"",""company"":""ACCORD HEALTHCARE INC""}",Verify the strict scalar and list JSON contract.,pending,,,,,,,,,
hc-dpd-review-0080,lower_tier_shared_failure_sample,3,Stratified sample where both lower-tier models failed.,hc_dpd_37e5d8fcd2415f71_fr,hc_dpd_37e5d8fcd2415f71,fr,single_ingredient,YESCARTA,"Extrayez les faits de produit pharmaceutique du dossier source de la Base de données sur les produits pharmaceutiques de Santé Canada ci-dessous. Retournez uniquement un objet JSON avec exactement les clés din, brand_name, active_ingredients, dosage_forms, routes, schedule, product_status et company. din, dosage_forms, routes et schedule doivent être des listes. active_ingredients doit être une liste d'objets ayant les clés name, strength et unit. Regroupez les faits distincts de toutes les variantes, sans rien déduire.

DOSSIER SOURCE DPD (FRANÇAIS)

VARIANTE 1
DRUG_CODE: 97587
DIN: 02485648
NOM_COMMERCIAL: YESCARTA
INGRÉDIENTS_ACTIFS:
- NOM=Axicabtagène ciloleucel; CONCENTRATION=200000000; UNITÉ=Cellules
FORMES_PHARMACEUTIQUES: Suspension
VOIES_ADMINISTRATION: Intraveineuse
ANNEXES: Médicaments sur ordonnance | Annexe D
ÉTAT_DU_PRODUIT: COMMERCIALISÉ
ENTREPRISE: GILEAD SCIENCES CANADA INC","{""din"":[""02485648""],""brand_name"":""YESCARTA"",""active_ingredients"":[{""name"":""Axicabtagène ciloleucel"",""strength"":200000000,""unit"":""Cellules""}],""dosage_forms"":[""Suspension""],""routes"":[""Intraveineuse""],""schedule"":[""Annexe D"",""Médicaments sur ordonnance""],""product_status"":""COMMERCIALISÉ"",""company"":""GILEAD SCIENCES CANADA INC""}","{""archive_file_id"":""dpd_marketed_archive"",""archive_members"":{""comp.txt"":[9528],""drug.txt"":[9528],""form.txt"":[9716],""ingred.txt"":[13521],""route.txt"":[11273],""schedule.txt"":[9794,9795],""status.txt"":[40588]},""archive_sha256"":""94c8ef8639fd07eea9c134d8ede137d77574d4ae6761955f5aa582558ec38b25"",""drug_codes"":[""97587""],""language"":""fr"",""source_dataset_id"":""hc_dpd_source_snapshot"",""source_dataset_version"":""2026.7.2"",""source_manifest_sha256"":""f674732805de6a311d5882c2e7e33747a7e214beb123d9e42c944e1ad195eba0""}",False,0.625,schema_type_only,"[""brand_name"",""company"",""product_status""]","{""din"":[""02485648""],""brand_name"":[""YESCARTA""],""active_ingredients"":[{""name"":""Axicabtagène ciloleucel"",""strength"":""200000000"",""unit"":""Cellules""}],""dosage_forms"":[""Suspension""],""routes"":[""Intraveineuse""],""schedule"":[""Médicaments sur ordonnance"",""Annexe D""],""product_status"":[""COMMERCIALISÉ""],""company"":[""GILEAD SCIENCES CANADA INC""]}",False,0.75,schema_type_only,"[""company"",""product_status""]","{""din"":[""02485648""],""brand_name"":""YESCARTA"",""active_ingredients"":[{""name"":""Axicabtagène ciloleucel"",""strength"":""200000000"",""unit"":""Cellules""}],""dosage_forms"":[""Suspension""],""routes"":[""Intraveineuse""],""schedule"":[""Médicaments sur ordonnance"",""Annexe D""],""product_status"":[""COMMERCIALISÉ""],""company"":[""GILEAD SCIENCES CANADA INC""]}",True,1,pass,[],"{""din"":[""02485648""],""brand_name"":""YESCARTA"",""active_ingredients"":[{""name"":""Axicabtagène ciloleucel"",""strength"":""200000000"",""unit"":""Cellules""}],""dosage_forms"":[""Suspension""],""routes"":[""Intraveineuse""],""schedule"":[""Médicaments sur ordonnance"",""Annexe D""],""product_status"":""COMMERCIALISÉ"",""company"":""GILEAD SCIENCES CANADA INC""}",True,1,pass,[],"{""din"":[""02485648""],""brand_name"":""YESCARTA"",""active_ingredients"":[{""name"":""Axicabtagène ciloleucel"",""strength"":""200000000"",""unit"":""Cellules""}],""dosage_forms"":[""Suspension""],""routes"":[""Intraveineuse""],""schedule"":[""Médicaments sur ordonnance"",""Annexe D""],""product_status"":""COMMERCIALISÉ"",""company"":""GILEAD SCIENCES CANADA INC""}",Verify the strict scalar and list JSON contract.,pending,,,,,,,,,
hc-dpd-review-0081,all_model_pass_sample,4,Stratified sample where every model passed.,hc_dpd_faeef7186ede897c_en,hc_dpd_faeef7186ede897c,en,multi_ingredient_multi_variant,TEVA-OLMESARTAN / HCTZ,"Extract drug-product facts from the Health Canada Drug Product Database source record below. Return only one JSON object with exactly the keys din, brand_name, active_ingredients, dosage_forms, routes, schedule, product_status, and company. din, dosage_forms, routes, and schedule must be lists. active_ingredients must be a list of objects with name, strength, and unit keys. Combine distinct facts from every variant and do not infer values.

DPD SOURCE RECORD (ENGLISH)

VARIANT 1
DRUG_CODE: 92768
DIN: 02443112
BRAND_NAME: TEVA-OLMESARTAN / HCTZ
ACTIVE_INGREDIENTS:
- NAME=HYDROCHLOROTHIAZIDE; STRENGTH=12.5; UNIT=MG
- NAME=OLMESARTAN MEDOXOMIL; STRENGTH=20; UNIT=MG
DOSAGE_FORMS: TABLET
ROUTES: ORAL
SCHEDULES: PRESCRIPTION
PRODUCT_STATUS: MARKETED
COMPANY: TEVA CANADA LIMITED

VARIANT 2
DRUG_CODE: 92771
DIN: 02443120
BRAND_NAME: TEVA-OLMESARTAN / HCTZ
ACTIVE_INGREDIENTS:
- NAME=HYDROCHLOROTHIAZIDE; STRENGTH=12.5; UNIT=MG
- NAME=OLMESARTAN MEDOXOMIL; STRENGTH=40; UNIT=MG
DOSAGE_FORMS: TABLET
ROUTES: ORAL
SCHEDULES: PRESCRIPTION
PRODUCT_STATUS: MARKETED
COMPANY: TEVA CANADA LIMITED

VARIANT 3
DRUG_CODE: 92772
DIN: 02443139
BRAND_NAME: TEVA-OLMESARTAN / HCTZ
ACTIVE_INGREDIENTS:
- NAME=HYDROCHLOROTHIAZIDE; STRENGTH=25; UNIT=MG
- NAME=OLMESARTAN MEDOXOMIL; STRENGTH=40; UNIT=MG
DOSAGE_FORMS: TABLET
ROUTES: ORAL
SCHEDULES: PRESCRIPTION
PRODUCT_STATUS: MARKETED
COMPANY: TEVA CANADA LIMITED","{""din"":[""02443112"",""02443120"",""02443139""],""brand_name"":""TEVA-OLMESARTAN / HCTZ"",""active_ingredients"":[{""name"":""HYDROCHLOROTHIAZIDE"",""strength"":12.5,""unit"":""MG""},{""name"":""HYDROCHLOROTHIAZIDE"",""strength"":25,""unit"":""MG""},{""name"":""OLMESARTAN MEDOXOMIL"",""strength"":20,""unit"":""MG""},{""name"":""OLMESARTAN MEDOXOMIL"",""strength"":40,""unit"":""MG""}],""dosage_forms"":[""TABLET""],""routes"":[""ORAL""],""schedule"":[""PRESCRIPTION""],""product_status"":""MARKETED"",""company"":""TEVA CANADA LIMITED""}","{""archive_file_id"":""dpd_marketed_archive"",""archive_members"":{""comp.txt"":[7702,7703,7704],""drug.txt"":[7702,7703,7704],""form.txt"":[7840,7841,7842],""ingred.txt"":[10988,10989,10990,10991,10992,10993],""route.txt"":[9066,9067,9068],""schedule.txt"":[7860,7861,7862],""status.txt"":[35515,35522,35531]},""archive_sha256"":""94c8ef8639fd07eea9c134d8ede137d77574d4ae6761955f5aa582558ec38b25"",""drug_codes"":[""92768"",""92771"",""92772""],""language"":""en"",""source_dataset_id"":""hc_dpd_source_snapshot"",""source_dataset_version"":""2026.7.2"",""source_manifest_sha256"":""f674732805de6a311d5882c2e7e33747a7e214beb123d9e42c944e1ad195eba0""}",True,1,pass,[],"{""din"":[""02443112"",""02443120"",""02443139""],""brand_name"":""TEVA-OLMESARTAN / HCTZ"",""active_ingredients"":[{""name"":""HYDROCHLOROTHIAZIDE"",""strength"":""12.5"",""unit"":""MG""},{""name"":""OLMESARTAN MEDOXOMIL"",""strength"":""20"",""unit"":""MG""},{""name"":""OLMESARTAN MEDOXOMIL"",""strength"":""40"",""unit"":""MG""},{""name"":""HYDROCHLOROTHIAZIDE"",""strength"":""25"",""unit"":""MG""}],""dosage_forms"":[""TABLET""],""routes"":[""ORAL""],""schedule"":[""PRESCRIPTION""],""product_status"":""MARKETED"",""company"":""TEVA CANADA LIMITED""}",True,1,pass,[],"{""din"":[""02443112"",""02443120"",""02443139""],""brand_name"":""TEVA-OLMESARTAN / HCTZ"",""active_ingredients"":[{""name"":""HYDROCHLOROTHIAZIDE"",""strength"":""12.5"",""unit"":""MG""},{""name"":""OLMESARTAN MEDOXOMIL"",""strength"":""20"",""unit"":""MG""},{""name"":""OLMESARTAN MEDOXOMIL"",""strength"":""40"",""unit"":""MG""},{""name"":""HYDROCHLOROTHIAZIDE"",""strength"":""25"",""unit"":""MG""}],""dosage_forms"":[""TABLET""],""routes"":[""ORAL""],""schedule"":[""PRESCRIPTION""],""product_status"":""MARKETED"",""company"":""TEVA CANADA LIMITED""}",True,1,pass,[],"{""din"":[""02443112"",""02443120"",""02443139""],""brand_name"":""TEVA-OLMESARTAN / HCTZ"",""active_ingredients"":[{""name"":""HYDROCHLOROTHIAZIDE"",""strength"":""12.5"",""unit"":""MG""},{""name"":""OLMESARTAN MEDOXOMIL"",""strength"":""20"",""unit"":""MG""},{""name"":""OLMESARTAN MEDOXOMIL"",""strength"":""40"",""unit"":""MG""},{""name"":""HYDROCHLOROTHIAZIDE"",""strength"":""25"",""unit"":""MG""}],""dosage_forms"":[""TABLET""],""routes"":[""ORAL""],""schedule"":[""PRESCRIPTION""],""product_status"":""MARKETED"",""company"":""TEVA CANADA LIMITED""}",True,1,pass,[],"{""din"":[""02443112"",""02443120"",""02443139""],""brand_name"":""TEVA-OLMESARTAN / HCTZ"",""active_ingredients"":[{""name"":""HYDROCHLOROTHIAZIDE"",""strength"":""12.5"",""unit"":""MG""},{""name"":""OLMESARTAN MEDOXOMIL"",""strength"":""20"",""unit"":""MG""},{""name"":""OLMESARTAN MEDOXOMIL"",""strength"":""40"",""unit"":""MG""},{""name"":""HYDROCHLOROTHIAZIDE"",""strength"":""25"",""unit"":""MG""}],""dosage_forms"":[""TABLET""],""routes"":[""ORAL""],""schedule"":[""PRESCRIPTION""],""product_status"":""MARKETED"",""company"":""TEVA CANADA LIMITED""}","Verify the source record, expected answer, and strict score.",pending,,,,,,,,,
hc-dpd-review-0082,all_model_pass_sample,4,Stratified sample where every model passed.,hc_dpd_c11595f8385723f4_en,hc_dpd_c11595f8385723f4,en,multi_ingredient_multi_variant,AURO-DAPAGLIFLOZIN / METFORMIN,"Extract drug-product facts from the Health Canada Drug Product Database source record below. Return only one JSON object with exactly the keys din, brand_name, active_ingredients, dosage_forms, routes, schedule, product_status, and company. din, dosage_forms, routes, and schedule must be lists. active_ingredients must be a list of objects with name, strength, and unit keys. Combine distinct facts from every variant and do not infer values.

DPD SOURCE RECORD (ENGLISH)

VARIANT 1
DRUG_CODE: 102210
DIN: 02533073
BRAND_NAME: AURO-DAPAGLIFLOZIN / METFORMIN
ACTIVE_INGREDIENTS:
- NAME=METFORMIN HYDROCHLORIDE; STRENGTH=850; UNIT=MG
- NAME=DAPAGLIFLOZIN; STRENGTH=5; UNIT=MG
DOSAGE_FORMS: TABLET
ROUTES: ORAL
SCHEDULES: PRESCRIPTION
PRODUCT_STATUS: MARKETED
COMPANY: AURO PHARMA INC

VARIANT 2
DRUG_CODE: 102211
DIN: 02533081
BRAND_NAME: AURO-DAPAGLIFLOZIN / METFORMIN
ACTIVE_INGREDIENTS:
- NAME=METFORMIN HYDROCHLORIDE; STRENGTH=1000; UNIT=MG
- NAME=DAPAGLIFLOZIN; STRENGTH=5; UNIT=MG
DOSAGE_FORMS: TABLET
ROUTES: ORAL
SCHEDULES: PRESCRIPTION
PRODUCT_STATUS: MARKETED
COMPANY: AURO PHARMA INC","{""din"":[""02533073"",""02533081""],""brand_name"":""AURO-DAPAGLIFLOZIN / METFORMIN"",""active_ingredients"":[{""name"":""DAPAGLIFLOZIN"",""strength"":5,""unit"":""MG""},{""name"":""METFORMIN HYDROCHLORIDE"",""strength"":850,""unit"":""MG""},{""name"":""METFORMIN HYDROCHLORIDE"",""strength"":1000,""unit"":""MG""}],""dosage_forms"":[""TABLET""],""routes"":[""ORAL""],""schedule"":[""PRESCRIPTION""],""product_status"":""MARKETED"",""company"":""AURO PHARMA INC""}","{""archive_file_id"":""dpd_marketed_archive"",""archive_members"":{""comp.txt"":[11871,11872],""drug.txt"":[11871,11872],""form.txt"":[12140,12141],""ingred.txt"":[17178,17179,17180,17181],""route.txt"":[14309,14310],""schedule.txt"":[12275,12276],""status.txt"":[46155,46156]},""archive_sha256"":""94c8ef8639fd07eea9c134d8ede137d77574d4ae6761955f5aa582558ec38b25"",""drug_codes"":[""102210"",""102211""],""language"":""en"",""source_dataset_id"":""hc_dpd_source_snapshot"",""source_dataset_version"":""2026.7.2"",""source_manifest_sha256"":""f674732805de6a311d5882c2e7e33747a7e214beb123d9e42c944e1ad195eba0""}",True,1,pass,[],"{""din"":[""02533073"",""02533081""],""brand_name"":""AURO-DAPAGLIFLOZIN / METFORMIN"",""active_ingredients"":[{""name"":""METFORMIN HYDROCHLORIDE"",""strength"":""850"",""unit"":""MG""},{""name"":""DAPAGLIFLOZIN"",""strength"":""5"",""unit"":""MG""},{""name"":""METFORMIN HYDROCHLORIDE"",""strength"":""1000"",""unit"":""MG""}],""dosage_forms"":[""TABLET""],""routes"":[""ORAL""],""schedule"":[""PRESCRIPTION""],""product_status"":""MARKETED"",""company"":""AURO PHARMA INC""}",True,1,pass,[],"{""din"":[""02533073"",""02533081""],""brand_name"":""AURO-DAPAGLIFLOZIN / METFORMIN"",""active_ingredients"":[{""name"":""METFORMIN HYDROCHLORIDE"",""strength"":""850"",""unit"":""MG""},{""name"":""DAPAGLIFLOZIN"",""strength"":""5"",""unit"":""MG""},{""name"":""METFORMIN HYDROCHLORIDE"",""strength"":""1000"",""unit"":""MG""}],""dosage_forms"":[""TABLET""],""routes"":[""ORAL""],""schedule"":[""PRESCRIPTION""],""product_status"":""MARKETED"",""company"":""AURO PHARMA INC""}",True,1,pass,[],"{""din"":[""02533073"",""02533081""],""brand_name"":""AURO-DAPAGLIFLOZIN / METFORMIN"",""active_ingredients"":[{""name"":""METFORMIN HYDROCHLORIDE"",""strength"":""850"",""unit"":""MG""},{""name"":""DAPAGLIFLOZIN"",""strength"":""5"",""unit"":""MG""},{""name"":""METFORMIN HYDROCHLORIDE"",""strength"":""1000"",""unit"":""MG""}],""dosage_forms"":[""TABLET""],""routes"":[""ORAL""],""schedule"":[""PRESCRIPTION""],""product_status"":""MARKETED"",""company"":""AURO PHARMA INC""}",True,1,pass,[],"{""din"":[""02533073"",""02533081""],""brand_name"":""AURO-DAPAGLIFLOZIN / METFORMIN"",""active_ingredients"":[{""name"":""METFORMIN HYDROCHLORIDE"",""strength"":""850"",""unit"":""MG""},{""name"":""DAPAGLIFLOZIN"",""strength"":""5"",""unit"":""MG""},{""name"":""METFORMIN HYDROCHLORIDE"",""strength"":""1000"",""unit"":""MG""}],""dosage_forms"":[""TABLET""],""routes"":[""ORAL""],""schedule"":[""PRESCRIPTION""],""product_status"":""MARKETED"",""company"":""AURO PHARMA INC""}","Verify the source record, expected answer, and strict score.",pending,,,,,,,,,
hc-dpd-review-0083,all_model_pass_sample,4,Stratified sample where every model passed.,hc_dpd_d0114751082d9428_en,hc_dpd_d0114751082d9428,en,multi_ingredient_multi_variant,APO-AMLODIPINE-ATORVASTATIN,"Extract drug-product facts from the Health Canada Drug Product Database source record below. Return only one JSON object with exactly the keys din, brand_name, active_ingredients, dosage_forms, routes, schedule, product_status, and company. din, dosage_forms, routes, and schedule must be lists. active_ingredients must be a list of objects with name, strength, and unit keys. Combine distinct facts from every variant and do not infer values.

DPD SOURCE RECORD (ENGLISH)

VARIANT 1
DRUG_CODE: 89588
DIN: 02411253
BRAND_NAME: APO-AMLODIPINE-ATORVASTATIN
ACTIVE_INGREDIENTS:
- NAME=AMLODIPINE (AMLODIPINE BESYLATE); STRENGTH=5; UNIT=MG
- NAME=ATORVASTATIN (ATORVASTATIN CALCIUM PROPYLENE GLYCOL SOLVATE); STRENGTH=10; UNIT=MG
DOSAGE_FORMS: TABLET
ROUTES: ORAL
SCHEDULES: PRESCRIPTION
PRODUCT_STATUS: MARKETED
COMPANY: APOTEX INC

VARIANT 2
DRUG_CODE: 89589
DIN: 02411261
BRAND_NAME: APO-AMLODIPINE-ATORVASTATIN
ACTIVE_INGREDIENTS:
- NAME=AMLODIPINE (AMLODIPINE BESYLATE); STRENGTH=5; UNIT=MG
- NAME=ATORVASTATIN (ATORVASTATIN CALCIUM PROPYLENE GLYCOL SOLVATE); STRENGTH=20; UNIT=MG
DOSAGE_FORMS: TABLET
ROUTES: ORAL
SCHEDULES: PRESCRIPTION
PRODUCT_STATUS: MARKETED
COMPANY: APOTEX INC

VARIANT 3
DRUG_CODE: 89590
DIN: 02411288
BRAND_NAME: APO-AMLODIPINE-ATORVASTATIN
ACTIVE_INGREDIENTS:
- NAME=AMLODIPINE (AMLODIPINE BESYLATE); STRENGTH=5; UNIT=MG
- NAME=ATORVASTATIN (ATORVASTATIN CALCIUM PROPYLENE GLYCOL SOLVATE); STRENGTH=40; UNIT=MG
DOSAGE_FORMS: TABLET
ROUTES: ORAL
SCHEDULES: PRESCRIPTION
PRODUCT_STATUS: MARKETED
COMPANY: APOTEX INC

VARIANT 4
DRUG_CODE: 89591
DIN: 02411296
BRAND_NAME: APO-AMLODIPINE-ATORVASTATIN
ACTIVE_INGREDIENTS:
- NAME=AMLODIPINE (AMLODIPINE BESYLATE); STRENGTH=5; UNIT=MG
- NAME=ATORVASTATIN (ATORVASTATIN CALCIUM PROPYLENE GLYCOL SOLVATE); STRENGTH=80; UNIT=MG
DOSAGE_FORMS: TABLET
ROUTES: ORAL
SCHEDULES: PRESCRIPTION
PRODUCT_STATUS: MARKETED
COMPANY: APOTEX INC

VARIANT 5
DRUG_CODE: 89592
DIN: 02411318
BRAND_NAME: APO-AMLODIPINE-ATORVASTATIN
ACTIVE_INGREDIENTS:
- NAME=AMLODIPINE (AMLODIPINE BESYLATE); STRENGTH=10; UNIT=MG
- NAME=ATORVASTATIN (ATORVASTATIN CALCIUM PROPYLENE GLYCOL SOLVATE); STRENGTH=10; UNIT=MG
DOSAGE_FORMS: TABLET
ROUTES: ORAL
SCHEDULES: PRESCRIPTION
PRODUCT_STATUS: MARKETED
COMPANY: APOTEX INC

VARIANT 6
DRUG_CODE: 89593
DIN: 02411326
BRAND_NAME: APO-AMLODIPINE-ATORVASTATIN
ACTIVE_INGREDIENTS:
- NAME=AMLODIPINE (AMLODIPINE BESYLATE); STRENGTH=10; UNIT=MG
- NAME=ATORVASTATIN (ATORVASTATIN CALCIUM PROPYLENE GLYCOL SOLVATE); STRENGTH=20; UNIT=MG
DOSAGE_FORMS: TABLET
ROUTES: ORAL
SCHEDULES: PRESCRIPTION
PRODUCT_STATUS: MARKETED
COMPANY: APOTEX INC

VARIANT 7
DRUG_CODE: 89594
DIN: 02411334
BRAND_NAME: APO-AMLODIPINE-ATORVASTATIN
ACTIVE_INGREDIENTS:
- NAME=AMLODIPINE (AMLODIPINE BESYLATE); STRENGTH=10; UNIT=MG
- NAME=ATORVASTATIN (ATORVASTATIN CALCIUM PROPYLENE GLYCOL SOLVATE); STRENGTH=40; UNIT=MG
DOSAGE_FORMS: TABLET
ROUTES: ORAL
SCHEDULES: PRESCRIPTION
PRODUCT_STATUS: MARKETED
COMPANY: APOTEX INC

VARIANT 8
DRUG_CODE: 89595
DIN: 02411342
BRAND_NAME: APO-AMLODIPINE-ATORVASTATIN
ACTIVE_INGREDIENTS:
- NAME=AMLODIPINE (AMLODIPINE BESYLATE); STRENGTH=10; UNIT=MG
- NAME=ATORVASTATIN (ATORVASTATIN CALCIUM PROPYLENE GLYCOL SOLVATE); STRENGTH=80; UNIT=MG
DOSAGE_FORMS: TABLET
ROUTES: ORAL
SCHEDULES: PRESCRIPTION
PRODUCT_STATUS: MARKETED
COMPANY: APOTEX INC","{""din"":[""02411253"",""02411261"",""02411288"",""02411296"",""02411318"",""02411326"",""02411334"",""02411342""],""brand_name"":""APO-AMLODIPINE-ATORVASTATIN"",""active_ingredients"":[{""name"":""AMLODIPINE (AMLODIPINE BESYLATE)"",""strength"":5,""unit"":""MG""},{""name"":""AMLODIPINE (AMLODIPINE BESYLATE)"",""strength"":10,""unit"":""MG""},{""name"":""ATORVASTATIN (ATORVASTATIN CALCIUM PROPYLENE GLYCOL SOLVATE)"",""strength"":10,""unit"":""MG""},{""name"":""ATORVASTATIN (ATORVASTATIN CALCIUM PROPYLENE GLYCOL SOLVATE)"",""strength"":20,""unit"":""MG""},{""name"":""ATORVASTATIN (ATORVASTATIN CALCIUM PROPYLENE GLYCOL SOLVATE)"",""strength"":40,""unit"":""MG""},{""name"":""ATORVASTATIN (ATORVASTATIN CALCIUM PROPYLENE GLYCOL SOLVATE)"",""strength"":80,""unit"":""MG""}],""dosage_forms"":[""TABLET""],""routes"":[""ORAL""],""schedule"":[""PRESCRIPTION""],""product_status"":""MARKETED"",""company"":""APOTEX INC""}","{""archive_file_id"":""dpd_marketed_archive"",""archive_members"":{""comp.txt"":[6730,6731,6732,6733,6734,6735,6736,6737],""drug.txt"":[6730,6731,6732,6733,6734,6735,6736,6737],""form.txt"":[6824,6825,6826,6827,6828,6829,6830,6831],""ingred.txt"":[9627,9628,9629,9630,9631,9632,9633,9634,9635,9636,9637,9638,9639,9640,9641,9642],""route.txt"":[7927,7928,7929,7930,7931,7932,7933,7934],""schedule.txt"":[6866,6867,6868,6869,6870,6871,6872,6873],""status.txt"":[31838,31839,31841,31844,31846,31847,31849,31852]},""archive_sha256"":""94c8ef8639fd07eea9c134d8ede137d77574d4ae6761955f5aa582558ec38b25"",""drug_codes"":[""89588"",""89589"",""89590"",""89591"",""89592"",""89593"",""89594"",""89595""],""language"":""en"",""source_dataset_id"":""hc_dpd_source_snapshot"",""source_dataset_version"":""2026.7.2"",""source_manifest_sha256"":""f674732805de6a311d5882c2e7e33747a7e214beb123d9e42c944e1ad195eba0""}",True,1,pass,[],"{""din"":[""02411253"",""02411261"",""02411288"",""02411296"",""02411318"",""02411326"",""02411334"",""02411342""],""brand_name"":""APO-AMLODIPINE-ATORVASTATIN"",""active_ingredients"":[{""name"":""AMLODIPINE (AMLODIPINE BESYLATE)"",""strength"":""5"",""unit"":""MG""},{""name"":""ATORVASTATIN (ATORVASTATIN CALCIUM PROPYLENE GLYCOL SOLVATE)"",""strength"":""10"",""unit"":""MG""},{""name"":""ATORVASTATIN (ATORVASTATIN CALCIUM PROPYLENE GLYCOL SOLVATE)"",""strength"":""20"",""unit"":""MG""},{""name"":""ATORVASTATIN (ATORVASTATIN CALCIUM PROPYLENE GLYCOL SOLVATE)"",""strength"":""40"",""unit"":""MG""},{""name"":""ATORVASTATIN (ATORVASTATIN CALCIUM PROPYLENE GLYCOL SOLVATE)"",""strength"":""80"",""unit"":""MG""},{""name"":""AMLODIPINE (AMLODIPINE BESYLATE)"",""strength"":""10"",""unit"":""MG""}],""dosage_forms"":[""TABLET""],""routes"":[""ORAL""],""schedule"":[""PRESCRIPTION""],""product_status"":""MARKETED"",""company"":""APOTEX INC""}",True,1,pass,[],"{""din"":[""02411253"",""02411261"",""02411288"",""02411296"",""02411318"",""02411326"",""02411334"",""02411342""],""brand_name"":""APO-AMLODIPINE-ATORVASTATIN"",""active_ingredients"":[{""name"":""AMLODIPINE (AMLODIPINE BESYLATE)"",""strength"":5,""unit"":""MG""},{""name"":""ATORVASTATIN (ATORVASTATIN CALCIUM PROPYLENE GLYCOL SOLVATE)"",""strength"":10,""unit"":""MG""},{""name"":""ATORVASTATIN (ATORVASTATIN CALCIUM PROPYLENE GLYCOL SOLVATE)"",""strength"":20,""unit"":""MG""},{""name"":""ATORVASTATIN (ATORVASTATIN CALCIUM PROPYLENE GLYCOL SOLVATE)"",""strength"":40,""unit"":""MG""},{""name"":""ATORVASTATIN (ATORVASTATIN CALCIUM PROPYLENE GLYCOL SOLVATE)"",""strength"":80,""unit"":""MG""},{""name"":""AMLODIPINE (AMLODIPINE BESYLATE)"",""strength"":10,""unit"":""MG""}],""dosage_forms"":[""TABLET""],""routes"":[""ORAL""],""schedule"":[""PRESCRIPTION""],""product_status"":""MARKETED"",""company"":""APOTEX INC""}",True,1,pass,[],"{""din"":[""02411253"",""02411261"",""02411288"",""02411296"",""02411318"",""02411326"",""02411334"",""02411342""],""brand_name"":""APO-AMLODIPINE-ATORVASTATIN"",""active_ingredients"":[{""name"":""AMLODIPINE (AMLODIPINE BESYLATE)"",""strength"":""5"",""unit"":""MG""},{""name"":""ATORVASTATIN (ATORVASTATIN CALCIUM PROPYLENE GLYCOL SOLVATE)"",""strength"":""10"",""unit"":""MG""},{""name"":""ATORVASTATIN (ATORVASTATIN CALCIUM PROPYLENE GLYCOL SOLVATE)"",""strength"":""20"",""unit"":""MG""},{""name"":""ATORVASTATIN (ATORVASTATIN CALCIUM PROPYLENE GLYCOL SOLVATE)"",""strength"":""40"",""unit"":""MG""},{""name"":""ATORVASTATIN (ATORVASTATIN CALCIUM PROPYLENE GLYCOL SOLVATE)"",""strength"":""80"",""unit"":""MG""},{""name"":""AMLODIPINE (AMLODIPINE BESYLATE)"",""strength"":""10"",""unit"":""MG""}],""dosage_forms"":[""TABLET""],""routes"":[""ORAL""],""schedule"":[""PRESCRIPTION""],""product_status"":""MARKETED"",""company"":""APOTEX INC""}",True,1,pass,[],"{""din"":[""02411253"",""02411261"",""02411288"",""02411296"",""02411318"",""02411326"",""02411334"",""02411342""],""brand_name"":""APO-AMLODIPINE-ATORVASTATIN"",""active_ingredients"":[{""name"":""AMLODIPINE (AMLODIPINE BESYLATE)"",""strength"":""5"",""unit"":""MG""},{""name"":""ATORVASTATIN (ATORVASTATIN CALCIUM PROPYLENE GLYCOL SOLVATE)"",""strength"":""10"",""unit"":""MG""},{""name"":""ATORVASTATIN (ATORVASTATIN CALCIUM PROPYLENE GLYCOL SOLVATE)"",""strength"":""20"",""unit"":""MG""},{""name"":""ATORVASTATIN (ATORVASTATIN CALCIUM PROPYLENE GLYCOL SOLVATE)"",""strength"":""40"",""unit"":""MG""},{""name"":""ATORVASTATIN (ATORVASTATIN CALCIUM PROPYLENE GLYCOL SOLVATE)"",""strength"":""80"",""unit"":""MG""},{""name"":""AMLODIPINE (AMLODIPINE BESYLATE)"",""strength"":""10"",""unit"":""MG""}],""dosage_forms"":[""TABLET""],""routes"":[""ORAL""],""schedule"":[""PRESCRIPTION""],""product_status"":""MARKETED"",""company"":""APOTEX INC""}","Verify the source record, expected answer, and strict score.",pending,,,,,,,,,
hc-dpd-review-0084,all_model_pass_sample,4,Stratified sample where every model passed.,hc_dpd_b3b12d9f0a6ec538_en,hc_dpd_b3b12d9f0a6ec538,en,multi_ingredient_multi_variant,VALSARTAN HCT,"Extract drug-product facts from the Health Canada Drug Product Database source record below. Return only one JSON object with exactly the keys din, brand_name, active_ingredients, dosage_forms, routes, schedule, product_status, and company. din, dosage_forms, routes, and schedule must be lists. active_ingredients must be a list of objects with name, strength, and unit keys. Combine distinct facts from every variant and do not infer values.

DPD SOURCE RECORD (ENGLISH)

VARIANT 1
DRUG_CODE: 85182
DIN: 02367009
BRAND_NAME: VALSARTAN HCT
ACTIVE_INGREDIENTS:
- NAME=HYDROCHLOROTHIAZIDE; STRENGTH=12.5; UNIT=MG
- NAME=VALSARTAN; STRENGTH=80; UNIT=MG
DOSAGE_FORMS: TABLET
ROUTES: ORAL
SCHEDULES: PRESCRIPTION
PRODUCT_STATUS: MARKETED
COMPANY: SANIS HEALTH INC

VARIANT 2
DRUG_CODE: 85183
DIN: 02367017
BRAND_NAME: VALSARTAN HCT
ACTIVE_INGREDIENTS:
- NAME=HYDROCHLOROTHIAZIDE; STRENGTH=12.5; UNIT=MG
- NAME=VALSARTAN; STRENGTH=160; UNIT=MG
DOSAGE_FORMS: TABLET
ROUTES: ORAL
SCHEDULES: PRESCRIPTION
PRODUCT_STATUS: MARKETED
COMPANY: SANIS HEALTH INC

VARIANT 3
DRUG_CODE: 85184
DIN: 02367025
BRAND_NAME: VALSARTAN HCT
ACTIVE_INGREDIENTS:
- NAME=HYDROCHLOROTHIAZIDE; STRENGTH=25; UNIT=MG
- NAME=VALSARTAN; STRENGTH=160; UNIT=MG
DOSAGE_FORMS: TABLET
ROUTES: ORAL
SCHEDULES: PRESCRIPTION
PRODUCT_STATUS: MARKETED
COMPANY: SANIS HEALTH INC

VARIANT 4
DRUG_CODE: 85185
DIN: 02367033
BRAND_NAME: VALSARTAN HCT
ACTIVE_INGREDIENTS:
- NAME=HYDROCHLOROTHIAZIDE; STRENGTH=12.5; UNIT=MG
- NAME=VALSARTAN; STRENGTH=320; UNIT=MG
DOSAGE_FORMS: TABLET
ROUTES: ORAL
SCHEDULES: PRESCRIPTION
PRODUCT_STATUS: MARKETED
COMPANY: SANIS HEALTH INC

VARIANT 5
DRUG_CODE: 85186
DIN: 02367041
BRAND_NAME: VALSARTAN HCT
ACTIVE_INGREDIENTS:
- NAME=HYDROCHLOROTHIAZIDE; STRENGTH=25; UNIT=MG
- NAME=VALSARTAN; STRENGTH=320; UNIT=MG
DOSAGE_FORMS: TABLET
ROUTES: ORAL
SCHEDULES: PRESCRIPTION
PRODUCT_STATUS: MARKETED
COMPANY: SANIS HEALTH INC","{""din"":[""02367009"",""02367017"",""02367025"",""02367033"",""02367041""],""brand_name"":""VALSARTAN HCT"",""active_ingredients"":[{""name"":""HYDROCHLOROTHIAZIDE"",""strength"":12.5,""unit"":""MG""},{""name"":""HYDROCHLOROTHIAZIDE"",""strength"":25,""unit"":""MG""},{""name"":""VALSARTAN"",""strength"":80,""unit"":""MG""},{""name"":""VALSARTAN"",""strength"":160,""unit"":""MG""},{""name"":""VALSARTAN"",""strength"":320,""unit"":""MG""}],""dosage_forms"":[""TABLET""],""routes"":[""ORAL""],""schedule"":[""PRESCRIPTION""],""product_status"":""MARKETED"",""company"":""SANIS HEALTH INC""}","{""archive_file_id"":""dpd_marketed_archive"",""archive_members"":{""comp.txt"":[5497,5498,5499,5500,5501],""drug.txt"":[5497,5498,5499,5500,5501],""form.txt"":[5564,5565,5566,5567,5568],""ingred.txt"":[7939,7940,7941,7942,7943,7944,7945,7946,7947,7948],""route.txt"":[6521,6522,6523,6524,6525],""schedule.txt"":[5594,5595,5596,5597,5598],""status.txt"":[27083,27086,27092,27097,27103]},""archive_sha256"":""94c8ef8639fd07eea9c134d8ede137d77574d4ae6761955f5aa582558ec38b25"",""drug_codes"":[""85182"",""85183"",""85184"",""85185"",""85186""],""language"":""en"",""source_dataset_id"":""hc_dpd_source_snapshot"",""source_dataset_version"":""2026.7.2"",""source_manifest_sha256"":""f674732805de6a311d5882c2e7e33747a7e214beb123d9e42c944e1ad195eba0""}",True,1,pass,[],"{""din"":[""02367009"",""02367017"",""02367025"",""02367033"",""02367041""],""brand_name"":""VALSARTAN HCT"",""active_ingredients"":[{""name"":""HYDROCHLOROTHIAZIDE"",""strength"":""12.5"",""unit"":""MG""},{""name"":""VALSARTAN"",""strength"":""80"",""unit"":""MG""},{""name"":""VALSARTAN"",""strength"":""160"",""unit"":""MG""},{""name"":""HYDROCHLOROTHIAZIDE"",""strength"":""25"",""unit"":""MG""},{""name"":""VALSARTAN"",""strength"":""320"",""unit"":""MG""}],""dosage_forms"":[""TABLET""],""routes"":[""ORAL""],""schedule"":[""PRESCRIPTION""],""product_status"":""MARKETED"",""company"":""SANIS HEALTH INC""}",True,1,pass,[],"{""din"":[""02367009"",""02367017"",""02367025"",""02367033"",""02367041""],""brand_name"":""VALSARTAN HCT"",""active_ingredients"":[{""name"":""HYDROCHLOROTHIAZIDE"",""strength"":""12.5"",""unit"":""MG""},{""name"":""VALSARTAN"",""strength"":""80"",""unit"":""MG""},{""name"":""VALSARTAN"",""strength"":""160"",""unit"":""MG""},{""name"":""HYDROCHLOROTHIAZIDE"",""strength"":""25"",""unit"":""MG""},{""name"":""VALSARTAN"",""strength"":""320"",""unit"":""MG""}],""dosage_forms"":[""TABLET""],""routes"":[""ORAL""],""schedule"":[""PRESCRIPTION""],""product_status"":""MARKETED"",""company"":""SANIS HEALTH INC""}",True,1,pass,[],"{""din"":[""02367009"",""02367017"",""02367025"",""02367033"",""02367041""],""brand_name"":""VALSARTAN HCT"",""active_ingredients"":[{""name"":""HYDROCHLOROTHIAZIDE"",""strength"":""12.5"",""unit"":""MG""},{""name"":""VALSARTAN"",""strength"":""80"",""unit"":""MG""},{""name"":""VALSARTAN"",""strength"":""160"",""unit"":""MG""},{""name"":""HYDROCHLOROTHIAZIDE"",""strength"":""25"",""unit"":""MG""},{""name"":""VALSARTAN"",""strength"":""320"",""unit"":""MG""}],""dosage_forms"":[""TABLET""],""routes"":[""ORAL""],""schedule"":[""PRESCRIPTION""],""product_status"":""MARKETED"",""company"":""SANIS HEALTH INC""}",True,1,pass,[],"{""din"":[""02367009"",""02367017"",""02367025"",""02367033"",""02367041""],""brand_name"":""VALSARTAN HCT"",""active_ingredients"":[{""name"":""HYDROCHLOROTHIAZIDE"",""strength"":""12.5"",""unit"":""MG""},{""name"":""VALSARTAN"",""strength"":""80"",""unit"":""MG""},{""name"":""VALSARTAN"",""strength"":""160"",""unit"":""MG""},{""name"":""HYDROCHLOROTHIAZIDE"",""strength"":""25"",""unit"":""MG""},{""name"":""VALSARTAN"",""strength"":""320"",""unit"":""MG""}],""dosage_forms"":[""TABLET""],""routes"":[""ORAL""],""schedule"":[""PRESCRIPTION""],""product_status"":""MARKETED"",""company"":""SANIS HEALTH INC""}","Verify the source record, expected answer, and strict score.",pending,,,,,,,,,
hc-dpd-review-0085,all_model_pass_sample,4,Stratified sample where every model passed.,hc_dpd_658e5f53b36f4190_fr,hc_dpd_658e5f53b36f4190,fr,multi_ingredient_multi_variant,SSP+,"Extrayez les faits de produit pharmaceutique du dossier source de la Base de données sur les produits pharmaceutiques de Santé Canada ci-dessous. Retournez uniquement un objet JSON avec exactement les clés din, brand_name, active_ingredients, dosage_forms, routes, schedule, product_status et company. din, dosage_forms, routes et schedule doivent être des listes. active_ingredients doit être une liste d'objets ayant les clés name, strength et unit. Regroupez les faits distincts de toutes les variantes, sans rien déduire.

DOSSIER SOURCE DPD (FRANÇAIS)

VARIANTE 1
DRUG_CODE: 98197
DIN: 02492067
NOM_COMMERCIAL: SSP+
INGRÉDIENTS_ACTIFS:
- NOM=Chlorure de magnésium; CONCENTRATION=0.3; UNITÉ=G
- NOM=Chlorure de potassium; CONCENTRATION=0.37; UNITÉ=G
- NOM=Chlorure de sodium; CONCENTRATION=4.05; UNITÉ=G
- NOM=Phosphate de sodium monobasique; CONCENTRATION=1.05; UNITÉ=G
- NOM=Citrate de sodium; CONCENTRATION=3.18; UNITÉ=G
- NOM=Acétate de sodium; CONCENTRATION=4.42; UNITÉ=G
- NOM=DISODIUM PHOSPHATE; CONCENTRATION=3.05; UNITÉ=G
FORMES_PHARMACEUTIQUES: Solution
VOIES_ADMINISTRATION: Intraveineuse
ANNEXES: Spécialité médicale
ÉTAT_DU_PRODUIT: COMMERCIALISÉ
ENTREPRISE: MACO PHARMA

VARIANTE 2
DRUG_CODE: 98207
DIN: 02492075
NOM_COMMERCIAL: SSP+
INGRÉDIENTS_ACTIFS:
- NOM=Chlorure de magnésium; CONCENTRATION=0.3; UNITÉ=G
- NOM=Chlorure de potassium; CONCENTRATION=0.37; UNITÉ=G
- NOM=Chlorure de sodium; CONCENTRATION=4.05; UNITÉ=G
- NOM=Phosphate de sodium monobasique; CONCENTRATION=1.05; UNITÉ=G
- NOM=Citrate de sodium; CONCENTRATION=3.18; UNITÉ=G
- NOM=Acétate de sodium; CONCENTRATION=4.42; UNITÉ=G
- NOM=DISODIUM PHOSPHATE; CONCENTRATION=3.05; UNITÉ=G
FORMES_PHARMACEUTIQUES: Solution
VOIES_ADMINISTRATION: Intraveineuse
ANNEXES: Spécialité médicale
ÉTAT_DU_PRODUIT: COMMERCIALISÉ
ENTREPRISE: MACO PHARMA","{""din"":[""02492067"",""02492075""],""brand_name"":""SSP+"",""active_ingredients"":[{""name"":""Acétate de sodium"",""strength"":4.42,""unit"":""G""},{""name"":""Chlorure de magnésium"",""strength"":0.3,""unit"":""G""},{""name"":""Chlorure de potassium"",""strength"":0.37,""unit"":""G""},{""name"":""Chlorure de sodium"",""strength"":4.05,""unit"":""G""},{""name"":""Citrate de sodium"",""strength"":3.18,""unit"":""G""},{""name"":""DISODIUM PHOSPHATE"",""strength"":3.05,""unit"":""G""},{""name"":""Phosphate de sodium monobasique"",""strength"":1.05,""unit"":""G""}],""dosage_forms"":[""Solution""],""routes"":[""Intraveineuse""],""schedule"":[""Spécialité médicale""],""product_status"":""COMMERCIALISÉ"",""company"":""MACO PHARMA""}","{""archive_file_id"":""dpd_marketed_archive"",""archive_members"":{""comp.txt"":[9840,9846],""drug.txt"":[9840,9846],""form.txt"":[10039,10045],""ingred.txt"":[14009,14010,14011,14012,14013,14014,14015,14024,14025,14026,14027,14028,14029,14030],""route.txt"":[11641,11647],""schedule.txt"":[10119,10125],""status.txt"":[41385,41397]},""archive_sha256"":""94c8ef8639fd07eea9c134d8ede137d77574d4ae6761955f5aa582558ec38b25"",""drug_codes"":[""98197"",""98207""],""language"":""fr"",""source_dataset_id"":""hc_dpd_source_snapshot"",""source_dataset_version"":""2026.7.2"",""source_manifest_sha256"":""f674732805de6a311d5882c2e7e33747a7e214beb123d9e42c944e1ad195eba0""}",True,1,pass,[],"{""din"":[""02492067"",""02492075""],""brand_name"":""SSP+"",""active_ingredients"":[{""name"":""Chlorure de magnésium"",""strength"":0.3,""unit"":""G""},{""name"":""Chlorure de potassium"",""strength"":0.37,""unit"":""G""},{""name"":""Chlorure de sodium"",""strength"":4.05,""unit"":""G""},{""name"":""Phosphate de sodium monobasique"",""strength"":1.05,""unit"":""G""},{""name"":""Citrate de sodium"",""strength"":3.18,""unit"":""G""},{""name"":""Acétate de sodium"",""strength"":4.42,""unit"":""G""},{""name"":""DISODIUM PHOSPHATE"",""strength"":3.05,""unit"":""G""}],""dosage_forms"":[""Solution""],""routes"":[""Intraveineuse""],""schedule"":[""Spécialité médicale""],""product_status"":""COMMERCIALISÉ"",""company"":""MACO PHARMA""}",True,1,pass,[],"{""din"":[""02492067"",""02492075""],""brand_name"":""SSP+"",""active_ingredients"":[{""name"":""Chlorure de magnésium"",""strength"":""0.3"",""unit"":""G""},{""name"":""Chlorure de potassium"",""strength"":""0.37"",""unit"":""G""},{""name"":""Chlorure de sodium"",""strength"":""4.05"",""unit"":""G""},{""name"":""Phosphate de sodium monobasique"",""strength"":""1.05"",""unit"":""G""},{""name"":""Citrate de sodium"",""strength"":""3.18"",""unit"":""G""},{""name"":""Acétate de sodium"",""strength"":""4.42"",""unit"":""G""},{""name"":""DISODIUM PHOSPHATE"",""strength"":""3.05"",""unit"":""G""}],""dosage_forms"":[""Solution""],""routes"":[""Intraveineuse""],""schedule"":[""Spécialité médicale""],""product_status"":""COMMERCIALISÉ"",""company"":""MACO PHARMA""}",True,1,pass,[],"{""din"":[""02492067"",""02492075""],""brand_name"":""SSP+"",""active_ingredients"":[{""name"":""Chlorure de magnésium"",""strength"":0.3,""unit"":""G""},{""name"":""Chlorure de potassium"",""strength"":0.37,""unit"":""G""},{""name"":""Chlorure de sodium"",""strength"":4.05,""unit"":""G""},{""name"":""Phosphate de sodium monobasique"",""strength"":1.05,""unit"":""G""},{""name"":""Citrate de sodium"",""strength"":3.18,""unit"":""G""},{""name"":""Acétate de sodium"",""strength"":4.42,""unit"":""G""},{""name"":""DISODIUM PHOSPHATE"",""strength"":3.05,""unit"":""G""}],""dosage_forms"":[""Solution""],""routes"":[""Intraveineuse""],""schedule"":[""Spécialité médicale""],""product_status"":""COMMERCIALISÉ"",""company"":""MACO PHARMA""}",True,1,pass,[],"{""din"":[""02492067"",""02492075""],""brand_name"":""SSP+"",""active_ingredients"":[{""name"":""Chlorure de magnésium"",""strength"":""0.3"",""unit"":""G""},{""name"":""Chlorure de potassium"",""strength"":""0.37"",""unit"":""G""},{""name"":""Chlorure de sodium"",""strength"":""4.05"",""unit"":""G""},{""name"":""Phosphate de sodium monobasique"",""strength"":""1.05"",""unit"":""G""},{""name"":""Citrate de sodium"",""strength"":""3.18"",""unit"":""G""},{""name"":""Acétate de sodium"",""strength"":""4.42"",""unit"":""G""},{""name"":""DISODIUM PHOSPHATE"",""strength"":""3.05"",""unit"":""G""}],""dosage_forms"":[""Solution""],""routes"":[""Intraveineuse""],""schedule"":[""Spécialité médicale""],""product_status"":""COMMERCIALISÉ"",""company"":""MACO PHARMA""}","Verify the source record, expected answer, and strict score.",pending,,,,,,,,,
hc-dpd-review-0086,all_model_pass_sample,4,Stratified sample where every model passed.,hc_dpd_b071a3a191aaa1f2_fr,hc_dpd_b071a3a191aaa1f2,fr,multi_ingredient_multi_variant,TEVA-BUPRENORPHINE/NALOXONE,"Extrayez les faits de produit pharmaceutique du dossier source de la Base de données sur les produits pharmaceutiques de Santé Canada ci-dessous. Retournez uniquement un objet JSON avec exactement les clés din, brand_name, active_ingredients, dosage_forms, routes, schedule, product_status et company. din, dosage_forms, routes et schedule doivent être des listes. active_ingredients doit être une liste d'objets ayant les clés name, strength et unit. Regroupez les faits distincts de toutes les variantes, sans rien déduire.

DOSSIER SOURCE DPD (FRANÇAIS)

VARIANTE 1
DRUG_CODE: 94043
DIN: 02453908
NOM_COMMERCIAL: TEVA-BUPRENORPHINE/NALOXONE
INGRÉDIENTS_ACTIFS:
- NOM=Buprénorphine (Chlorhydrate de buprénorphine); CONCENTRATION=2; UNITÉ=MG
- NOM=Naloxone (Chlorhydrate dihydraté de naloxone); CONCENTRATION=0.5; UNITÉ=MG
FORMES_PHARMACEUTIQUES: Comprimé
VOIES_ADMINISTRATION: Sublinguale
ANNEXES: Stupéfiants (LRCDAS I)
ÉTAT_DU_PRODUIT: COMMERCIALISÉ
ENTREPRISE: TEVA CANADA LIMITED

VARIANTE 2
DRUG_CODE: 94044
DIN: 02453916
NOM_COMMERCIAL: TEVA-BUPRENORPHINE/NALOXONE
INGRÉDIENTS_ACTIFS:
- NOM=Buprénorphine (Chlorhydrate de buprénorphine); CONCENTRATION=8; UNITÉ=MG
- NOM=Naloxone (Chlorhydrate dihydraté de naloxone); CONCENTRATION=2; UNITÉ=MG
FORMES_PHARMACEUTIQUES: Comprimé
VOIES_ADMINISTRATION: Sublinguale
ANNEXES: Stupéfiants (LRCDAS I)
ÉTAT_DU_PRODUIT: COMMERCIALISÉ
ENTREPRISE: TEVA CANADA LIMITED","{""din"":[""02453908"",""02453916""],""brand_name"":""TEVA-BUPRENORPHINE/NALOXONE"",""active_ingredients"":[{""name"":""Buprénorphine (Chlorhydrate de buprénorphine)"",""strength"":2,""unit"":""MG""},{""name"":""Buprénorphine (Chlorhydrate de buprénorphine)"",""strength"":8,""unit"":""MG""},{""name"":""Naloxone (Chlorhydrate dihydraté de naloxone)"",""strength"":0.5,""unit"":""MG""},{""name"":""Naloxone (Chlorhydrate dihydraté de naloxone)"",""strength"":2,""unit"":""MG""}],""dosage_forms"":[""Comprimé""],""routes"":[""Sublinguale""],""schedule"":[""Stupéfiants (LRCDAS I)""],""product_status"":""COMMERCIALISÉ"",""company"":""TEVA CANADA LIMITED""}","{""archive_file_id"":""dpd_marketed_archive"",""archive_members"":{""comp.txt"":[8099,8100],""drug.txt"":[8099,8100],""form.txt"":[8254,8255],""ingred.txt"":[11545,11546,11547,11548],""route.txt"":[9547,9548],""schedule.txt"":[8280,8281],""status.txt"":[36729,36733]},""archive_sha256"":""94c8ef8639fd07eea9c134d8ede137d77574d4ae6761955f5aa582558ec38b25"",""drug_codes"":[""94043"",""94044""],""language"":""fr"",""source_dataset_id"":""hc_dpd_source_snapshot"",""source_dataset_version"":""2026.7.2"",""source_manifest_sha256"":""f674732805de6a311d5882c2e7e33747a7e214beb123d9e42c944e1ad195eba0""}",True,1,pass,[],"{""din"":[""02453908"",""02453916""],""brand_name"":""TEVA-BUPRENORPHINE/NALOXONE"",""active_ingredients"":[{""name"":""Buprénorphine (Chlorhydrate de buprénorphine)"",""strength"":""2"",""unit"":""MG""},{""name"":""Naloxone (Chlorhydrate dihydraté de naloxone)"",""strength"":""0.5"",""unit"":""MG""},{""name"":""Buprénorphine (Chlorhydrate de buprénorphine)"",""strength"":""8"",""unit"":""MG""},{""name"":""Naloxone (Chlorhydrate dihydraté de naloxone)"",""strength"":""2"",""unit"":""MG""}],""dosage_forms"":[""Comprimé""],""routes"":[""Sublinguale""],""schedule"":[""Stupéfiants (LRCDAS I)""],""product_status"":""COMMERCIALISÉ"",""company"":""TEVA CANADA LIMITED""}",True,1,pass,[],"{""din"":[""02453908"",""02453916""],""brand_name"":""TEVA-BUPRENORPHINE/NALOXONE"",""active_ingredients"":[{""name"":""Buprénorphine (Chlorhydrate de buprénorphine)"",""strength"":""2"",""unit"":""MG""},{""name"":""Naloxone (Chlorhydrate dihydraté de naloxone)"",""strength"":""0.5"",""unit"":""MG""},{""name"":""Buprénorphine (Chlorhydrate de buprénorphine)"",""strength"":""8"",""unit"":""MG""},{""name"":""Naloxone (Chlorhydrate dihydraté de naloxone)"",""strength"":""2"",""unit"":""MG""}],""dosage_forms"":[""Comprimé""],""routes"":[""Sublinguale""],""schedule"":[""Stupéfiants (LRCDAS I)""],""product_status"":""COMMERCIALISÉ"",""company"":""TEVA CANADA LIMITED""}",True,1,pass,[],"{""din"":[""02453908"",""02453916""],""brand_name"":""TEVA-BUPRENORPHINE/NALOXONE"",""active_ingredients"":[{""name"":""Buprénorphine (Chlorhydrate de buprénorphine)"",""strength"":""2"",""unit"":""MG""},{""name"":""Naloxone (Chlorhydrate dihydraté de naloxone)"",""strength"":""0.5"",""unit"":""MG""},{""name"":""Buprénorphine (Chlorhydrate de buprénorphine)"",""strength"":""8"",""unit"":""MG""},{""name"":""Naloxone (Chlorhydrate dihydraté de naloxone)"",""strength"":""2"",""unit"":""MG""}],""dosage_forms"":[""Comprimé""],""routes"":[""Sublinguale""],""schedule"":[""Stupéfiants (LRCDAS I)""],""product_status"":""COMMERCIALISÉ"",""company"":""TEVA CANADA LIMITED""}",True,1,pass,[],"{""din"":[""02453908"",""02453916""],""brand_name"":""TEVA-BUPRENORPHINE/NALOXONE"",""active_ingredients"":[{""name"":""Buprénorphine (Chlorhydrate de buprénorphine)"",""strength"":""2"",""unit"":""MG""},{""name"":""Naloxone (Chlorhydrate dihydraté de naloxone)"",""strength"":""0.5"",""unit"":""MG""},{""name"":""Buprénorphine (Chlorhydrate de buprénorphine)"",""strength"":""8"",""unit"":""MG""},{""name"":""Naloxone (Chlorhydrate dihydraté de naloxone)"",""strength"":""2"",""unit"":""MG""}],""dosage_forms"":[""Comprimé""],""routes"":[""Sublinguale""],""schedule"":[""Stupéfiants (LRCDAS I)""],""product_status"":""COMMERCIALISÉ"",""company"":""TEVA CANADA LIMITED""}","Verify the source record, expected answer, and strict score.",pending,,,,,,,,,
hc-dpd-review-0087,all_model_pass_sample,4,Stratified sample where every model passed.,hc_dpd_5051660932864bfd_fr,hc_dpd_5051660932864bfd,fr,multi_ingredient_multi_variant,APO-QUINAPRIL/HCTZ,"Extrayez les faits de produit pharmaceutique du dossier source de la Base de données sur les produits pharmaceutiques de Santé Canada ci-dessous. Retournez uniquement un objet JSON avec exactement les clés din, brand_name, active_ingredients, dosage_forms, routes, schedule, product_status et company. din, dosage_forms, routes et schedule doivent être des listes. active_ingredients doit être une liste d'objets ayant les clés name, strength et unit. Regroupez les faits distincts de toutes les variantes, sans rien déduire.

DOSSIER SOURCE DPD (FRANÇAIS)

VARIANTE 1
DRUG_CODE: 89352
DIN: 02408767
NOM_COMMERCIAL: APO-QUINAPRIL/HCTZ
INGRÉDIENTS_ACTIFS:
- NOM=Hydrochlorothiazide; CONCENTRATION=12.5; UNITÉ=MG
- NOM=Quinapril (Chlorhydrate de quinapril); CONCENTRATION=10; UNITÉ=MG
FORMES_PHARMACEUTIQUES: Comprimé
VOIES_ADMINISTRATION: Orale
ANNEXES: Médicaments sur ordonnance
ÉTAT_DU_PRODUIT: COMMERCIALISÉ
ENTREPRISE: APOTEX INC

VARIANTE 2
DRUG_CODE: 89353
DIN: 02408775
NOM_COMMERCIAL: APO-QUINAPRIL/HCTZ
INGRÉDIENTS_ACTIFS:
- NOM=Hydrochlorothiazide; CONCENTRATION=12.5; UNITÉ=MG
- NOM=Quinapril (Chlorhydrate de quinapril); CONCENTRATION=20; UNITÉ=MG
FORMES_PHARMACEUTIQUES: Comprimé
VOIES_ADMINISTRATION: Orale
ANNEXES: Médicaments sur ordonnance
ÉTAT_DU_PRODUIT: COMMERCIALISÉ
ENTREPRISE: APOTEX INC

VARIANTE 3
DRUG_CODE: 89354
DIN: 02408783
NOM_COMMERCIAL: APO-QUINAPRIL/HCTZ
INGRÉDIENTS_ACTIFS:
- NOM=Hydrochlorothiazide; CONCENTRATION=25; UNITÉ=MG
- NOM=Quinapril (Chlorhydrate de quinapril); CONCENTRATION=20; UNITÉ=MG
FORMES_PHARMACEUTIQUES: Comprimé
VOIES_ADMINISTRATION: Orale
ANNEXES: Médicaments sur ordonnance
ÉTAT_DU_PRODUIT: COMMERCIALISÉ
ENTREPRISE: APOTEX INC","{""din"":[""02408767"",""02408775"",""02408783""],""brand_name"":""APO-QUINAPRIL/HCTZ"",""active_ingredients"":[{""name"":""Hydrochlorothiazide"",""strength"":12.5,""unit"":""MG""},{""name"":""Hydrochlorothiazide"",""strength"":25,""unit"":""MG""},{""name"":""Quinapril (Chlorhydrate de quinapril)"",""strength"":10,""unit"":""MG""},{""name"":""Quinapril (Chlorhydrate de quinapril)"",""strength"":20,""unit"":""MG""}],""dosage_forms"":[""Comprimé""],""routes"":[""Orale""],""schedule"":[""Médicaments sur ordonnance""],""product_status"":""COMMERCIALISÉ"",""company"":""APOTEX INC""}","{""archive_file_id"":""dpd_marketed_archive"",""archive_members"":{""comp.txt"":[6662,6663,6664],""drug.txt"":[6662,6663,6664],""form.txt"":[6755,6756,6757],""ingred.txt"":[9514,9515,9516,9517,9518,9519],""route.txt"":[7846,7847,7848],""schedule.txt"":[6798,6799,6800],""status.txt"":[31544,31552,31560]},""archive_sha256"":""94c8ef8639fd07eea9c134d8ede137d77574d4ae6761955f5aa582558ec38b25"",""drug_codes"":[""89352"",""89353"",""89354""],""language"":""fr"",""source_dataset_id"":""hc_dpd_source_snapshot"",""source_dataset_version"":""2026.7.2"",""source_manifest_sha256"":""f674732805de6a311d5882c2e7e33747a7e214beb123d9e42c944e1ad195eba0""}",True,1,pass,[],"{""din"":[""02408767"",""02408775"",""02408783""],""brand_name"":""APO-QUINAPRIL/HCTZ"",""active_ingredients"":[{""name"":""Hydrochlorothiazide"",""strength"":""12.5"",""unit"":""MG""},{""name"":""Quinapril (Chlorhydrate de quinapril)"",""strength"":""10"",""unit"":""MG""},{""name"":""Quinapril (Chlorhydrate de quinapril)"",""strength"":""20"",""unit"":""MG""},{""name"":""Hydrochlorothiazide"",""strength"":""25"",""unit"":""MG""}],""dosage_forms"":[""Comprimé""],""routes"":[""Orale""],""schedule"":[""Médicaments sur ordonnance""],""product_status"":""COMMERCIALISÉ"",""company"":""APOTEX INC""}",True,1,pass,[],"{""din"":[""02408767"",""02408775"",""02408783""],""brand_name"":""APO-QUINAPRIL/HCTZ"",""active_ingredients"":[{""name"":""Hydrochlorothiazide"",""strength"":""12.5"",""unit"":""MG""},{""name"":""Quinapril (Chlorhydrate de quinapril)"",""strength"":""10"",""unit"":""MG""},{""name"":""Quinapril (Chlorhydrate de quinapril)"",""strength"":""20"",""unit"":""MG""},{""name"":""Hydrochlorothiazide"",""strength"":""25"",""unit"":""MG""}],""dosage_forms"":[""Comprimé""],""routes"":[""Orale""],""schedule"":[""Médicaments sur ordonnance""],""product_status"":""COMMERCIALISÉ"",""company"":""APOTEX INC""}",True,1,pass,[],"{""din"":[""02408767"",""02408775"",""02408783""],""brand_name"":""APO-QUINAPRIL/HCTZ"",""active_ingredients"":[{""name"":""Hydrochlorothiazide"",""strength"":12.5,""unit"":""MG""},{""name"":""Quinapril (Chlorhydrate de quinapril)"",""strength"":10,""unit"":""MG""},{""name"":""Quinapril (Chlorhydrate de quinapril)"",""strength"":20,""unit"":""MG""},{""name"":""Hydrochlorothiazide"",""strength"":25,""unit"":""MG""}],""dosage_forms"":[""Comprimé""],""routes"":[""Orale""],""schedule"":[""Médicaments sur ordonnance""],""product_status"":""COMMERCIALISÉ"",""company"":""APOTEX INC""}",True,1,pass,[],"{""din"":[""02408767"",""02408775"",""02408783""],""brand_name"":""APO-QUINAPRIL/HCTZ"",""active_ingredients"":[{""name"":""Hydrochlorothiazide"",""strength"":""12.5"",""unit"":""MG""},{""name"":""Quinapril (Chlorhydrate de quinapril)"",""strength"":""10"",""unit"":""MG""},{""name"":""Quinapril (Chlorhydrate de quinapril)"",""strength"":""20"",""unit"":""MG""},{""name"":""Hydrochlorothiazide"",""strength"":""25"",""unit"":""MG""}],""dosage_forms"":[""Comprimé""],""routes"":[""Orale""],""schedule"":[""Médicaments sur ordonnance""],""product_status"":""COMMERCIALISÉ"",""company"":""APOTEX INC""}","Verify the source record, expected answer, and strict score.",pending,,,,,,,,,
hc-dpd-review-0088,all_model_pass_sample,4,Stratified sample where every model passed.,hc_dpd_915c98251ea6d86b_en,hc_dpd_915c98251ea6d86b,en,multi_variant,AURO-DAPAGLIFLOZIN,"Extract drug-product facts from the Health Canada Drug Product Database source record below. Return only one JSON object with exactly the keys din, brand_name, active_ingredients, dosage_forms, routes, schedule, product_status, and company. din, dosage_forms, routes, and schedule must be lists. active_ingredients must be a list of objects with name, strength, and unit keys. Combine distinct facts from every variant and do not infer values.

DPD SOURCE RECORD (ENGLISH)

VARIANT 1
DRUG_CODE: 102054
DIN: 02531402
BRAND_NAME: AURO-DAPAGLIFLOZIN
ACTIVE_INGREDIENTS:
- NAME=DAPAGLIFLOZIN; STRENGTH=5; UNIT=MG
DOSAGE_FORMS: TABLET
ROUTES: ORAL
SCHEDULES: PRESCRIPTION
PRODUCT_STATUS: MARKETED
COMPANY: AURO PHARMA INC

VARIANT 2
DRUG_CODE: 102055
DIN: 02531410
BRAND_NAME: AURO-DAPAGLIFLOZIN
ACTIVE_INGREDIENTS:
- NAME=DAPAGLIFLOZIN; STRENGTH=10; UNIT=MG
DOSAGE_FORMS: TABLET
ROUTES: ORAL
SCHEDULES: PRESCRIPTION
PRODUCT_STATUS: MARKETED
COMPANY: AURO PHARMA INC","{""din"":[""02531402"",""02531410""],""brand_name"":""AURO-DAPAGLIFLOZIN"",""active_ingredients"":[{""name"":""DAPAGLIFLOZIN"",""strength"":5,""unit"":""MG""},{""name"":""DAPAGLIFLOZIN"",""strength"":10,""unit"":""MG""}],""dosage_forms"":[""TABLET""],""routes"":[""ORAL""],""schedule"":[""PRESCRIPTION""],""product_status"":""MARKETED"",""company"":""AURO PHARMA INC""}","{""archive_file_id"":""dpd_marketed_archive"",""archive_members"":{""comp.txt"":[11777,11778],""drug.txt"":[11777,11778],""form.txt"":[12045,12046],""ingred.txt"":[17064,17065],""route.txt"":[14197,14198],""schedule.txt"":[12176,12177],""status.txt"":[45964,45965]},""archive_sha256"":""94c8ef8639fd07eea9c134d8ede137d77574d4ae6761955f5aa582558ec38b25"",""drug_codes"":[""102054"",""102055""],""language"":""en"",""source_dataset_id"":""hc_dpd_source_snapshot"",""source_dataset_version"":""2026.7.2"",""source_manifest_sha256"":""f674732805de6a311d5882c2e7e33747a7e214beb123d9e42c944e1ad195eba0""}",True,1,pass,[],"{""din"":[""02531402"",""02531410""],""brand_name"":""AURO-DAPAGLIFLOZIN"",""active_ingredients"":[{""name"":""DAPAGLIFLOZIN"",""strength"":""5"",""unit"":""MG""},{""name"":""DAPAGLIFLOZIN"",""strength"":""10"",""unit"":""MG""}],""dosage_forms"":[""TABLET""],""routes"":[""ORAL""],""schedule"":[""PRESCRIPTION""],""product_status"":""MARKETED"",""company"":""AURO PHARMA INC""}",True,1,pass,[],"{""din"":[""02531402"",""02531410""],""brand_name"":""AURO-DAPAGLIFLOZIN"",""active_ingredients"":[{""name"":""DAPAGLIFLOZIN"",""strength"":""5"",""unit"":""MG""},{""name"":""DAPAGLIFLOZIN"",""strength"":""10"",""unit"":""MG""}],""dosage_forms"":[""TABLET""],""routes"":[""ORAL""],""schedule"":[""PRESCRIPTION""],""product_status"":""MARKETED"",""company"":""AURO PHARMA INC""}",True,1,pass,[],"{""din"":[""02531402"",""02531410""],""brand_name"":""AURO-DAPAGLIFLOZIN"",""active_ingredients"":[{""name"":""DAPAGLIFLOZIN"",""strength"":""5"",""unit"":""MG""},{""name"":""DAPAGLIFLOZIN"",""strength"":""10"",""unit"":""MG""}],""dosage_forms"":[""TABLET""],""routes"":[""ORAL""],""schedule"":[""PRESCRIPTION""],""product_status"":""MARKETED"",""company"":""AURO PHARMA INC""}",True,1,pass,[],"{""din"":[""02531402"",""02531410""],""brand_name"":""AURO-DAPAGLIFLOZIN"",""active_ingredients"":[{""name"":""DAPAGLIFLOZIN"",""strength"":""5"",""unit"":""MG""},{""name"":""DAPAGLIFLOZIN"",""strength"":""10"",""unit"":""MG""}],""dosage_forms"":[""TABLET""],""routes"":[""ORAL""],""schedule"":[""PRESCRIPTION""],""product_status"":""MARKETED"",""company"":""AURO PHARMA INC""}","Verify the source record, expected answer, and strict score.",pending,,,,,,,,,
hc-dpd-review-0089,all_model_pass_sample,4,Stratified sample where every model passed.,hc_dpd_f877fe90f1949f74_en,hc_dpd_f877fe90f1949f74,en,multi_variant,TAGRISSO,"Extract drug-product facts from the Health Canada Drug Product Database source record below. Return only one JSON object with exactly the keys din, brand_name, active_ingredients, dosage_forms, routes, schedule, product_status, and company. din, dosage_forms, routes, and schedule must be lists. active_ingredients must be a list of objects with name, strength, and unit keys. Combine distinct facts from every variant and do not infer values.

DPD SOURCE RECORD (ENGLISH)

VARIANT 1
DRUG_CODE: 94310
DIN: 02456214
BRAND_NAME: TAGRISSO
ACTIVE_INGREDIENTS:
- NAME=OSIMERTINIB (OSIMERTINIB MESYLATE); STRENGTH=40; UNIT=MG
DOSAGE_FORMS: TABLET
ROUTES: ORAL
SCHEDULES: PRESCRIPTION
PRODUCT_STATUS: MARKETED
COMPANY: ASTRAZENECA CANADA INC

VARIANT 2
DRUG_CODE: 94311
DIN: 02456222
BRAND_NAME: TAGRISSO
ACTIVE_INGREDIENTS:
- NAME=OSIMERTINIB (OSIMERTINIB MESYLATE); STRENGTH=80; UNIT=MG
DOSAGE_FORMS: TABLET
ROUTES: ORAL
SCHEDULES: PRESCRIPTION
PRODUCT_STATUS: MARKETED
COMPANY: ASTRAZENECA CANADA INC","{""din"":[""02456214"",""02456222""],""brand_name"":""TAGRISSO"",""active_ingredients"":[{""name"":""OSIMERTINIB (OSIMERTINIB MESYLATE)"",""strength"":40,""unit"":""MG""},{""name"":""OSIMERTINIB (OSIMERTINIB MESYLATE)"",""strength"":80,""unit"":""MG""}],""dosage_forms"":[""TABLET""],""routes"":[""ORAL""],""schedule"":[""PRESCRIPTION""],""product_status"":""MARKETED"",""company"":""ASTRAZENECA CANADA INC""}","{""archive_file_id"":""dpd_marketed_archive"",""archive_members"":{""comp.txt"":[8187,8188],""drug.txt"":[8187,8188],""form.txt"":[8342,8343],""ingred.txt"":[11687,11688],""route.txt"":[9657,9658],""schedule.txt"":[8377,8378],""status.txt"":[36969,36972]},""archive_sha256"":""94c8ef8639fd07eea9c134d8ede137d77574d4ae6761955f5aa582558ec38b25"",""drug_codes"":[""94310"",""94311""],""language"":""en"",""source_dataset_id"":""hc_dpd_source_snapshot"",""source_dataset_version"":""2026.7.2"",""source_manifest_sha256"":""f674732805de6a311d5882c2e7e33747a7e214beb123d9e42c944e1ad195eba0""}",True,1,pass,[],"{""din"":[""02456214"",""02456222""],""brand_name"":""TAGRISSO"",""active_ingredients"":[{""name"":""OSIMERTINIB (OSIMERTINIB MESYLATE)"",""strength"":""40"",""unit"":""MG""},{""name"":""OSIMERTINIB (OSIMERTINIB MESYLATE)"",""strength"":""80"",""unit"":""MG""}],""dosage_forms"":[""TABLET""],""routes"":[""ORAL""],""schedule"":[""PRESCRIPTION""],""product_status"":""MARKETED"",""company"":""ASTRAZENECA CANADA INC""}",True,1,pass,[],"{""din"":[""02456214"",""02456222""],""brand_name"":""TAGRISSO"",""active_ingredients"":[{""name"":""OSIMERTINIB (OSIMERTINIB MESYLATE)"",""strength"":""40"",""unit"":""MG""},{""name"":""OSIMERTINIB (OSIMERTINIB MESYLATE)"",""strength"":""80"",""unit"":""MG""}],""dosage_forms"":[""TABLET""],""routes"":[""ORAL""],""schedule"":[""PRESCRIPTION""],""product_status"":""MARKETED"",""company"":""ASTRAZENECA CANADA INC""}",True,1,pass,[],"{""din"":[""02456214"",""02456222""],""brand_name"":""TAGRISSO"",""active_ingredients"":[{""name"":""OSIMERTINIB (OSIMERTINIB MESYLATE)"",""strength"":""40"",""unit"":""MG""},{""name"":""OSIMERTINIB (OSIMERTINIB MESYLATE)"",""strength"":""80"",""unit"":""MG""}],""dosage_forms"":[""TABLET""],""routes"":[""ORAL""],""schedule"":[""PRESCRIPTION""],""product_status"":""MARKETED"",""company"":""ASTRAZENECA CANADA INC""}",True,1,pass,[],"{""din"":[""02456214"",""02456222""],""brand_name"":""TAGRISSO"",""active_ingredients"":[{""name"":""OSIMERTINIB (OSIMERTINIB MESYLATE)"",""strength"":""40"",""unit"":""MG""},{""name"":""OSIMERTINIB (OSIMERTINIB MESYLATE)"",""strength"":""80"",""unit"":""MG""}],""dosage_forms"":[""TABLET""],""routes"":[""ORAL""],""schedule"":[""PRESCRIPTION""],""product_status"":""MARKETED"",""company"":""ASTRAZENECA CANADA INC""}","Verify the source record, expected answer, and strict score.",pending,,,,,,,,,
hc-dpd-review-0090,all_model_pass_sample,4,Stratified sample where every model passed.,hc_dpd_f25c5cc2645bd8c9_en,hc_dpd_f25c5cc2645bd8c9,en,multi_variant,RIVA-ZOPICLONE,"Extract drug-product facts from the Health Canada Drug Product Database source record below. Return only one JSON object with exactly the keys din, brand_name, active_ingredients, dosage_forms, routes, schedule, product_status, and company. din, dosage_forms, routes, and schedule must be lists. active_ingredients must be a list of objects with name, strength, and unit keys. Combine distinct facts from every variant and do not infer values.

DPD SOURCE RECORD (ENGLISH)

VARIANT 1
DRUG_CODE: 76362
DIN: 02278030
BRAND_NAME: RIVA-ZOPICLONE
ACTIVE_INGREDIENTS:
- NAME=ZOPICLONE; STRENGTH=5; UNIT=MG
DOSAGE_FORMS: TABLET
ROUTES: ORAL
SCHEDULES: PRESCRIPTION
PRODUCT_STATUS: MARKETED
COMPANY: LABORATOIRE RIVA INC.

VARIANT 2
DRUG_CODE: 76363
DIN: 02278049
BRAND_NAME: RIVA-ZOPICLONE
ACTIVE_INGREDIENTS:
- NAME=ZOPICLONE; STRENGTH=7.5; UNIT=MG
DOSAGE_FORMS: TABLET
ROUTES: ORAL
SCHEDULES: PRESCRIPTION
PRODUCT_STATUS: MARKETED
COMPANY: LABORATOIRE RIVA INC.","{""din"":[""02278030"",""02278049""],""brand_name"":""RIVA-ZOPICLONE"",""active_ingredients"":[{""name"":""ZOPICLONE"",""strength"":5,""unit"":""MG""},{""name"":""ZOPICLONE"",""strength"":7.5,""unit"":""MG""}],""dosage_forms"":[""TABLET""],""routes"":[""ORAL""],""schedule"":[""PRESCRIPTION""],""product_status"":""MARKETED"",""company"":""LABORATOIRE RIVA INC.""}","{""archive_file_id"":""dpd_marketed_archive"",""archive_members"":{""comp.txt"":[3738,3739],""drug.txt"":[3738,3739],""form.txt"":[3777,3778],""ingred.txt"":[5431,5432],""route.txt"":[4458,4459],""schedule.txt"":[3798,3799],""status.txt"":[19690,19692]},""archive_sha256"":""94c8ef8639fd07eea9c134d8ede137d77574d4ae6761955f5aa582558ec38b25"",""drug_codes"":[""76362"",""76363""],""language"":""en"",""source_dataset_id"":""hc_dpd_source_snapshot"",""source_dataset_version"":""2026.7.2"",""source_manifest_sha256"":""f674732805de6a311d5882c2e7e33747a7e214beb123d9e42c944e1ad195eba0""}",True,1,pass,[],"{""din"":[""02278030"",""02278049""],""brand_name"":""RIVA-ZOPICLONE"",""active_ingredients"":[{""name"":""ZOPICLONE"",""strength"":""5"",""unit"":""MG""},{""name"":""ZOPICLONE"",""strength"":""7.5"",""unit"":""MG""}],""dosage_forms"":[""TABLET""],""routes"":[""ORAL""],""schedule"":[""PRESCRIPTION""],""product_status"":""MARKETED"",""company"":""LABORATOIRE RIVA INC.""}",True,1,pass,[],"{""din"":[""02278030"",""02278049""],""brand_name"":""RIVA-ZOPICLONE"",""active_ingredients"":[{""name"":""ZOPICLONE"",""strength"":""5"",""unit"":""MG""},{""name"":""ZOPICLONE"",""strength"":""7.5"",""unit"":""MG""}],""dosage_forms"":[""TABLET""],""routes"":[""ORAL""],""schedule"":[""PRESCRIPTION""],""product_status"":""MARKETED"",""company"":""LABORATOIRE RIVA INC.""}",True,1,pass,[],"{""din"":[""02278030"",""02278049""],""brand_name"":""RIVA-ZOPICLONE"",""active_ingredients"":[{""name"":""ZOPICLONE"",""strength"":""5"",""unit"":""MG""},{""name"":""ZOPICLONE"",""strength"":""7.5"",""unit"":""MG""}],""dosage_forms"":[""TABLET""],""routes"":[""ORAL""],""schedule"":[""PRESCRIPTION""],""product_status"":""MARKETED"",""company"":""LABORATOIRE RIVA INC.""}",True,1,pass,[],"{""din"":[""02278030"",""02278049""],""brand_name"":""RIVA-ZOPICLONE"",""active_ingredients"":[{""name"":""ZOPICLONE"",""strength"":""5"",""unit"":""MG""},{""name"":""ZOPICLONE"",""strength"":""7.5"",""unit"":""MG""}],""dosage_forms"":[""TABLET""],""routes"":[""ORAL""],""schedule"":[""PRESCRIPTION""],""product_status"":""MARKETED"",""company"":""LABORATOIRE RIVA INC.""}","Verify the source record, expected answer, and strict score.",pending,,,,,,,,,
hc-dpd-review-0091,all_model_pass_sample,4,Stratified sample where every model passed.,hc_dpd_b19bf6af207cb2ac_fr,hc_dpd_b19bf6af207cb2ac,fr,multi_variant,TEVA-PREGABALIN,"Extrayez les faits de produit pharmaceutique du dossier source de la Base de données sur les produits pharmaceutiques de Santé Canada ci-dessous. Retournez uniquement un objet JSON avec exactement les clés din, brand_name, active_ingredients, dosage_forms, routes, schedule, product_status et company. din, dosage_forms, routes et schedule doivent être des listes. active_ingredients doit être une liste d'objets ayant les clés name, strength et unit. Regroupez les faits distincts de toutes les variantes, sans rien déduire.

DOSSIER SOURCE DPD (FRANÇAIS)

VARIANTE 1
DRUG_CODE: 84620
DIN: 02361159
NOM_COMMERCIAL: TEVA-PREGABALIN
INGRÉDIENTS_ACTIFS:
- NOM=Prégabaline; CONCENTRATION=25; UNITÉ=MG
FORMES_PHARMACEUTIQUES: Capsule
VOIES_ADMINISTRATION: Orale
ANNEXES: Médicaments sur ordonnance
ÉTAT_DU_PRODUIT: COMMERCIALISÉ
ENTREPRISE: TEVA CANADA LIMITED

VARIANTE 2
DRUG_CODE: 84623
DIN: 02361175
NOM_COMMERCIAL: TEVA-PREGABALIN
INGRÉDIENTS_ACTIFS:
- NOM=Prégabaline; CONCENTRATION=50; UNITÉ=MG
FORMES_PHARMACEUTIQUES: Capsule
VOIES_ADMINISTRATION: Orale
ANNEXES: Médicaments sur ordonnance
ÉTAT_DU_PRODUIT: COMMERCIALISÉ
ENTREPRISE: TEVA CANADA LIMITED

VARIANTE 3
DRUG_CODE: 84624
DIN: 02361183
NOM_COMMERCIAL: TEVA-PREGABALIN
INGRÉDIENTS_ACTIFS:
- NOM=Prégabaline; CONCENTRATION=75; UNITÉ=MG
FORMES_PHARMACEUTIQUES: Capsule
VOIES_ADMINISTRATION: Orale
ANNEXES: Médicaments sur ordonnance
ÉTAT_DU_PRODUIT: COMMERCIALISÉ
ENTREPRISE: TEVA CANADA LIMITED

VARIANTE 4
DRUG_CODE: 84626
DIN: 02361205
NOM_COMMERCIAL: TEVA-PREGABALIN
INGRÉDIENTS_ACTIFS:
- NOM=Prégabaline; CONCENTRATION=150; UNITÉ=MG
FORMES_PHARMACEUTIQUES: Capsule
VOIES_ADMINISTRATION: Orale
ANNEXES: Médicaments sur ordonnance
ÉTAT_DU_PRODUIT: COMMERCIALISÉ
ENTREPRISE: TEVA CANADA LIMITED

VARIANTE 5
DRUG_CODE: 84628
DIN: 02361221
NOM_COMMERCIAL: TEVA-PREGABALIN
INGRÉDIENTS_ACTIFS:
- NOM=Prégabaline; CONCENTRATION=225; UNITÉ=MG
FORMES_PHARMACEUTIQUES: Capsule
VOIES_ADMINISTRATION: Orale
ANNEXES: Médicaments sur ordonnance
ÉTAT_DU_PRODUIT: COMMERCIALISÉ
ENTREPRISE: TEVA CANADA LIMITED

VARIANTE 6
DRUG_CODE: 84629
DIN: 02361248
NOM_COMMERCIAL: TEVA-PREGABALIN
INGRÉDIENTS_ACTIFS:
- NOM=Prégabaline; CONCENTRATION=300; UNITÉ=MG
FORMES_PHARMACEUTIQUES: Capsule
VOIES_ADMINISTRATION: Orale
ANNEXES: Médicaments sur ordonnance
ÉTAT_DU_PRODUIT: COMMERCIALISÉ
ENTREPRISE: TEVA CANADA LIMITED","{""din"":[""02361159"",""02361175"",""02361183"",""02361205"",""02361221"",""02361248""],""brand_name"":""TEVA-PREGABALIN"",""active_ingredients"":[{""name"":""Prégabaline"",""strength"":25,""unit"":""MG""},{""name"":""Prégabaline"",""strength"":50,""unit"":""MG""},{""name"":""Prégabaline"",""strength"":75,""unit"":""MG""},{""name"":""Prégabaline"",""strength"":150,""unit"":""MG""},{""name"":""Prégabaline"",""strength"":225,""unit"":""MG""},{""name"":""Prégabaline"",""strength"":300,""unit"":""MG""}],""dosage_forms"":[""Capsule""],""routes"":[""Orale""],""schedule"":[""Médicaments sur ordonnance""],""product_status"":""COMMERCIALISÉ"",""company"":""TEVA CANADA LIMITED""}","{""archive_file_id"":""dpd_marketed_archive"",""archive_members"":{""comp.txt"":[5365,5366,5367,5368,5369,5370],""drug.txt"":[5365,5366,5367,5368,5369,5370],""form.txt"":[5431,5432,5433,5434,5435,5436],""ingred.txt"":[7729,7730,7731,7732,7733,7734],""route.txt"":[6370,6371,6372,6373,6374,6375],""schedule.txt"":[5462,5463,5464,5465,5466,5467],""status.txt"":[26578,26579,26583,26588,26593,26598]},""archive_sha256"":""94c8ef8639fd07eea9c134d8ede137d77574d4ae6761955f5aa582558ec38b25"",""drug_codes"":[""84620"",""84623"",""84624"",""84626"",""84628"",""84629""],""language"":""fr"",""source_dataset_id"":""hc_dpd_source_snapshot"",""source_dataset_version"":""2026.7.2"",""source_manifest_sha256"":""f674732805de6a311d5882c2e7e33747a7e214beb123d9e42c944e1ad195eba0""}",True,1,pass,[],"{""din"":[""02361159"",""02361175"",""02361183"",""02361205"",""02361221"",""02361248""],""brand_name"":""TEVA-PREGABALIN"",""active_ingredients"":[{""name"":""Prégabaline"",""strength"":""25"",""unit"":""MG""},{""name"":""Prégabaline"",""strength"":""50"",""unit"":""MG""},{""name"":""Prégabaline"",""strength"":""75"",""unit"":""MG""},{""name"":""Prégabaline"",""strength"":""150"",""unit"":""MG""},{""name"":""Prégabaline"",""strength"":""225"",""unit"":""MG""},{""name"":""Prégabaline"",""strength"":""300"",""unit"":""MG""}],""dosage_forms"":[""Capsule""],""routes"":[""Orale""],""schedule"":[""Médicaments sur ordonnance""],""product_status"":""COMMERCIALISÉ"",""company"":""TEVA CANADA LIMITED""}",True,1,pass,[],"{""din"":[""02361159"",""02361175"",""02361183"",""02361205"",""02361221"",""02361248""],""brand_name"":""TEVA-PREGABALIN"",""active_ingredients"":[{""name"":""Prégabaline"",""strength"":""25"",""unit"":""MG""},{""name"":""Prégabaline"",""strength"":""50"",""unit"":""MG""},{""name"":""Prégabaline"",""strength"":""75"",""unit"":""MG""},{""name"":""Prégabaline"",""strength"":""150"",""unit"":""MG""},{""name"":""Prégabaline"",""strength"":""225"",""unit"":""MG""},{""name"":""Prégabaline"",""strength"":""300"",""unit"":""MG""}],""dosage_forms"":[""Capsule""],""routes"":[""Orale""],""schedule"":[""Médicaments sur ordonnance""],""product_status"":""COMMERCIALISÉ"",""company"":""TEVA CANADA LIMITED""}",True,1,pass,[],"{""din"":[""02361159"",""02361175"",""02361183"",""02361205"",""02361221"",""02361248""],""brand_name"":""TEVA-PREGABALIN"",""active_ingredients"":[{""name"":""Prégabaline"",""strength"":""25"",""unit"":""MG""},{""name"":""Prégabaline"",""strength"":""50"",""unit"":""MG""},{""name"":""Prégabaline"",""strength"":""75"",""unit"":""MG""},{""name"":""Prégabaline"",""strength"":""150"",""unit"":""MG""},{""name"":""Prégabaline"",""strength"":""225"",""unit"":""MG""},{""name"":""Prégabaline"",""strength"":""300"",""unit"":""MG""}],""dosage_forms"":[""Capsule""],""routes"":[""Orale""],""schedule"":[""Médicaments sur ordonnance""],""product_status"":""COMMERCIALISÉ"",""company"":""TEVA CANADA LIMITED""}",True,1,pass,[],"{""din"":[""02361159"",""02361175"",""02361183"",""02361205"",""02361221"",""02361248""],""brand_name"":""TEVA-PREGABALIN"",""active_ingredients"":[{""name"":""Prégabaline"",""strength"":""25"",""unit"":""MG""},{""name"":""Prégabaline"",""strength"":""50"",""unit"":""MG""},{""name"":""Prégabaline"",""strength"":""75"",""unit"":""MG""},{""name"":""Prégabaline"",""strength"":""150"",""unit"":""MG""},{""name"":""Prégabaline"",""strength"":""225"",""unit"":""MG""},{""name"":""Prégabaline"",""strength"":""300"",""unit"":""MG""}],""dosage_forms"":[""Capsule""],""routes"":[""Orale""],""schedule"":[""Médicaments sur ordonnance""],""product_status"":""COMMERCIALISÉ"",""company"":""TEVA CANADA LIMITED""}","Verify the source record, expected answer, and strict score.",pending,,,,,,,,,
hc-dpd-review-0092,all_model_pass_sample,4,Stratified sample where every model passed.,hc_dpd_f128682503428282_fr,hc_dpd_f128682503428282,fr,multi_variant,CEFAZOLIN FOR INJECTION,"Extrayez les faits de produit pharmaceutique du dossier source de la Base de données sur les produits pharmaceutiques de Santé Canada ci-dessous. Retournez uniquement un objet JSON avec exactement les clés din, brand_name, active_ingredients, dosage_forms, routes, schedule, product_status et company. din, dosage_forms, routes et schedule doivent être des listes. active_ingredients doit être une liste d'objets ayant les clés name, strength et unit. Regroupez les faits distincts de toutes les variantes, sans rien déduire.

DOSSIER SOURCE DPD (FRANÇAIS)

VARIANTE 1
DRUG_CODE: 19521
DIN: 02108119
NOM_COMMERCIAL: CEFAZOLIN FOR INJECTION
INGRÉDIENTS_ACTIFS:
- NOM=Céfazoline (Céfazoline sodique); CONCENTRATION=500; UNITÉ=MG
FORMES_PHARMACEUTIQUES: Poudre pour solution
VOIES_ADMINISTRATION: Intramusculaire | Intraveineuse
ANNEXES: Médicaments sur ordonnance
ÉTAT_DU_PRODUIT: COMMERCIALISÉ
ENTREPRISE: TEVA CANADA LIMITED

VARIANTE 2
DRUG_CODE: 19532
DIN: 02108127
NOM_COMMERCIAL: CEFAZOLIN FOR INJECTION
INGRÉDIENTS_ACTIFS:
- NOM=Céfazoline (Céfazoline sodique); CONCENTRATION=1; UNITÉ=G
FORMES_PHARMACEUTIQUES: Poudre pour solution
VOIES_ADMINISTRATION: Intramusculaire | Intraveineuse
ANNEXES: Médicaments sur ordonnance
ÉTAT_DU_PRODUIT: COMMERCIALISÉ
ENTREPRISE: TEVA CANADA LIMITED

VARIANTE 3
DRUG_CODE: 19534
DIN: 02108135
NOM_COMMERCIAL: CEFAZOLIN FOR INJECTION
INGRÉDIENTS_ACTIFS:
- NOM=Céfazoline (Céfazoline sodique); CONCENTRATION=10; UNITÉ=G
FORMES_PHARMACEUTIQUES: Poudre pour solution
VOIES_ADMINISTRATION: Intraveineuse
ANNEXES: Médicaments sur ordonnance
ÉTAT_DU_PRODUIT: COMMERCIALISÉ
ENTREPRISE: TEVA CANADA LIMITED","{""din"":[""02108119"",""02108127"",""02108135""],""brand_name"":""CEFAZOLIN FOR INJECTION"",""active_ingredients"":[{""name"":""Céfazoline (Céfazoline sodique)"",""strength"":1,""unit"":""G""},{""name"":""Céfazoline (Céfazoline sodique)"",""strength"":10,""unit"":""G""},{""name"":""Céfazoline (Céfazoline sodique)"",""strength"":500,""unit"":""MG""}],""dosage_forms"":[""Poudre pour solution""],""routes"":[""Intramusculaire"",""Intraveineuse""],""schedule"":[""Médicaments sur ordonnance""],""product_status"":""COMMERCIALISÉ"",""company"":""TEVA CANADA LIMITED""}","{""archive_file_id"":""dpd_marketed_archive"",""archive_members"":{""comp.txt"":[1604,1607,1608],""drug.txt"":[1604,1607,1608],""form.txt"":[1613,1616,1617],""ingred.txt"":[2362,2365,2366],""route.txt"":[1901,1902,1905,1906,1907],""schedule.txt"":[1610,1613,1614],""status.txt"":[8248,8260,8262]},""archive_sha256"":""94c8ef8639fd07eea9c134d8ede137d77574d4ae6761955f5aa582558ec38b25"",""drug_codes"":[""19521"",""19532"",""19534""],""language"":""fr"",""source_dataset_id"":""hc_dpd_source_snapshot"",""source_dataset_version"":""2026.7.2"",""source_manifest_sha256"":""f674732805de6a311d5882c2e7e33747a7e214beb123d9e42c944e1ad195eba0""}",True,1,pass,[],"{""din"":[""02108119"",""02108127"",""02108135""],""brand_name"":""CEFAZOLIN FOR INJECTION"",""active_ingredients"":[{""name"":""Céfazoline (Céfazoline sodique)"",""strength"":""500"",""unit"":""MG""},{""name"":""Céfazoline (Céfazoline sodique)"",""strength"":""1"",""unit"":""G""},{""name"":""Céfazoline (Céfazoline sodique)"",""strength"":""10"",""unit"":""G""}],""dosage_forms"":[""Poudre pour solution""],""routes"":[""Intramusculaire"",""Intraveineuse""],""schedule"":[""Médicaments sur ordonnance""],""product_status"":""COMMERCIALISÉ"",""company"":""TEVA CANADA LIMITED""}",True,1,pass,[],"{""din"":[""02108119"",""02108127"",""02108135""],""brand_name"":""CEFAZOLIN FOR INJECTION"",""active_ingredients"":[{""name"":""Céfazoline (Céfazoline sodique)"",""strength"":""500"",""unit"":""MG""},{""name"":""Céfazoline (Céfazoline sodique)"",""strength"":""1"",""unit"":""G""},{""name"":""Céfazoline (Céfazoline sodique)"",""strength"":""10"",""unit"":""G""}],""dosage_forms"":[""Poudre pour solution""],""routes"":[""Intramusculaire"",""Intraveineuse""],""schedule"":[""Médicaments sur ordonnance""],""product_status"":""COMMERCIALISÉ"",""company"":""TEVA CANADA LIMITED""}",True,1,pass,[],"{""din"":[""02108119"",""02108127"",""02108135""],""brand_name"":""CEFAZOLIN FOR INJECTION"",""active_ingredients"":[{""name"":""Céfazoline (Céfazoline sodique)"",""strength"":""500"",""unit"":""MG""},{""name"":""Céfazoline (Céfazoline sodique)"",""strength"":""1"",""unit"":""G""},{""name"":""Céfazoline (Céfazoline sodique)"",""strength"":""10"",""unit"":""G""}],""dosage_forms"":[""Poudre pour solution""],""routes"":[""Intramusculaire"",""Intraveineuse""],""schedule"":[""Médicaments sur ordonnance""],""product_status"":""COMMERCIALISÉ"",""company"":""TEVA CANADA LIMITED""}",True,1,pass,[],"{""din"":[""02108119"",""02108127"",""02108135""],""brand_name"":""CEFAZOLIN FOR INJECTION"",""active_ingredients"":[{""name"":""Céfazoline (Céfazoline sodique)"",""strength"":""500"",""unit"":""MG""},{""name"":""Céfazoline (Céfazoline sodique)"",""strength"":""1"",""unit"":""G""},{""name"":""Céfazoline (Céfazoline sodique)"",""strength"":""10"",""unit"":""G""}],""dosage_forms"":[""Poudre pour solution""],""routes"":[""Intramusculaire"",""Intraveineuse""],""schedule"":[""Médicaments sur ordonnance""],""product_status"":""COMMERCIALISÉ"",""company"":""TEVA CANADA LIMITED""}","Verify the source record, expected answer, and strict score.",pending,,,,,,,,,
hc-dpd-review-0093,all_model_pass_sample,4,Stratified sample where every model passed.,hc_dpd_ba8eacd8df2bdd0b_fr,hc_dpd_ba8eacd8df2bdd0b,fr,multi_variant,METHOFILL SELF-DOSE INJECTOR,"Extrayez les faits de produit pharmaceutique du dossier source de la Base de données sur les produits pharmaceutiques de Santé Canada ci-dessous. Retournez uniquement un objet JSON avec exactement les clés din, brand_name, active_ingredients, dosage_forms, routes, schedule, product_status et company. din, dosage_forms, routes et schedule doivent être des listes. active_ingredients doit être une liste d'objets ayant les clés name, strength et unit. Regroupez les faits distincts de toutes les variantes, sans rien déduire.

DOSSIER SOURCE DPD (FRANÇAIS)

VARIANTE 1
DRUG_CODE: 101993
DIN: 02530775
NOM_COMMERCIAL: METHOFILL AUTO-DOSE INJECTEUR
INGRÉDIENTS_ACTIFS:
- NOM=Méthotrexate (Méthotrexate sodique); CONCENTRATION=10; UNITÉ=MG
FORMES_PHARMACEUTIQUES: Solution
VOIES_ADMINISTRATION: Sous-cutanée
ANNEXES: Médicaments sur ordonnance
ÉTAT_DU_PRODUIT: COMMERCIALISÉ
ENTREPRISE: ACCORD HEALTHCARE INC

VARIANTE 2
DRUG_CODE: 101994
DIN: 02530783
NOM_COMMERCIAL: METHOFILL AUTO-DOSE INJECTEUR
INGRÉDIENTS_ACTIFS:
- NOM=Méthotrexate (Méthotrexate sodique); CONCENTRATION=12.5; UNITÉ=MG
FORMES_PHARMACEUTIQUES: Solution
VOIES_ADMINISTRATION: Sous-cutanée
ANNEXES: Médicaments sur ordonnance
ÉTAT_DU_PRODUIT: COMMERCIALISÉ
ENTREPRISE: ACCORD HEALTHCARE INC

VARIANTE 3
DRUG_CODE: 101995
DIN: 02530791
NOM_COMMERCIAL: METHOFILL AUTO-DOSE INJECTEUR
INGRÉDIENTS_ACTIFS:
- NOM=Méthotrexate (Méthotrexate sodique); CONCENTRATION=15; UNITÉ=MG
FORMES_PHARMACEUTIQUES: Solution
VOIES_ADMINISTRATION: Sous-cutanée
ANNEXES: Médicaments sur ordonnance
ÉTAT_DU_PRODUIT: COMMERCIALISÉ
ENTREPRISE: ACCORD HEALTHCARE INC

VARIANTE 4
DRUG_CODE: 101996
DIN: 02530805
NOM_COMMERCIAL: METHOFILL AUTO-DOSE INJECTEUR
INGRÉDIENTS_ACTIFS:
- NOM=Méthotrexate (Méthotrexate sodique); CONCENTRATION=17.5; UNITÉ=MG
FORMES_PHARMACEUTIQUES: Solution
VOIES_ADMINISTRATION: Sous-cutanée
ANNEXES: Médicaments sur ordonnance
ÉTAT_DU_PRODUIT: COMMERCIALISÉ
ENTREPRISE: ACCORD HEALTHCARE INC

VARIANTE 5
DRUG_CODE: 101999
DIN: 02530813
NOM_COMMERCIAL: METHOFILL AUTO-DOSE INJECTEUR
INGRÉDIENTS_ACTIFS:
- NOM=Méthotrexate (Méthotrexate sodique); CONCENTRATION=20; UNITÉ=MG
FORMES_PHARMACEUTIQUES: Solution
VOIES_ADMINISTRATION: Sous-cutanée
ANNEXES: Médicaments sur ordonnance
ÉTAT_DU_PRODUIT: COMMERCIALISÉ
ENTREPRISE: ACCORD HEALTHCARE INC

VARIANTE 6
DRUG_CODE: 102001
DIN: 02530848
NOM_COMMERCIAL: METHOFILL AUTO-DOSE INJECTEUR
INGRÉDIENTS_ACTIFS:
- NOM=Méthotrexate (Méthotrexate sodique); CONCENTRATION=22.5; UNITÉ=MG
FORMES_PHARMACEUTIQUES: Solution
VOIES_ADMINISTRATION: Sous-cutanée
ANNEXES: Médicaments sur ordonnance
ÉTAT_DU_PRODUIT: COMMERCIALISÉ
ENTREPRISE: ACCORD HEALTHCARE INC

VARIANTE 7
DRUG_CODE: 102002
DIN: 02530856
NOM_COMMERCIAL: METHOFILL AUTO-DOSE INJECTEUR
INGRÉDIENTS_ACTIFS:
- NOM=Méthotrexate (Méthotrexate sodique); CONCENTRATION=25; UNITÉ=MG
FORMES_PHARMACEUTIQUES: Solution
VOIES_ADMINISTRATION: Sous-cutanée
ANNEXES: Médicaments sur ordonnance
ÉTAT_DU_PRODUIT: COMMERCIALISÉ
ENTREPRISE: ACCORD HEALTHCARE INC","{""din"":[""02530775"",""02530783"",""02530791"",""02530805"",""02530813"",""02530848"",""02530856""],""brand_name"":""METHOFILL AUTO-DOSE INJECTEUR"",""active_ingredients"":[{""name"":""Méthotrexate (Méthotrexate sodique)"",""strength"":10,""unit"":""MG""},{""name"":""Méthotrexate (Méthotrexate sodique)"",""strength"":12.5,""unit"":""MG""},{""name"":""Méthotrexate (Méthotrexate sodique)"",""strength"":15,""unit"":""MG""},{""name"":""Méthotrexate (Méthotrexate sodique)"",""strength"":17.5,""unit"":""MG""},{""name"":""Méthotrexate (Méthotrexate sodique)"",""strength"":20,""unit"":""MG""},{""name"":""Méthotrexate (Méthotrexate sodique)"",""strength"":22.5,""unit"":""MG""},{""name"":""Méthotrexate (Méthotrexate sodique)"",""strength"":25,""unit"":""MG""}],""dosage_forms"":[""Solution""],""routes"":[""Sous-cutanée""],""schedule"":[""Médicaments sur ordonnance""],""product_status"":""COMMERCIALISÉ"",""company"":""ACCORD HEALTHCARE INC""}","{""archive_file_id"":""dpd_marketed_archive"",""archive_members"":{""comp.txt"":[11752,11753,11754,11755,11757,11758,11759],""drug.txt"":[11752,11753,11754,11755,11757,11758,11759],""form.txt"":[12020,12021,12022,12023,12025,12026,12027],""ingred.txt"":[17030,17031,17032,17033,17035,17036,17037],""route.txt"":[14169,14170,14171,14172,14174,14175,14176],""schedule.txt"":[12150,12151,12152,12153,12156,12157,12158],""status.txt"":[45911,45912,45915,45917,45920,45922,45925]},""archive_sha256"":""94c8ef8639fd07eea9c134d8ede137d77574d4ae6761955f5aa582558ec38b25"",""drug_codes"":[""101993"",""101994"",""101995"",""101996"",""101999"",""102001"",""102002""],""language"":""fr"",""source_dataset_id"":""hc_dpd_source_snapshot"",""source_dataset_version"":""2026.7.2"",""source_manifest_sha256"":""f674732805de6a311d5882c2e7e33747a7e214beb123d9e42c944e1ad195eba0""}",True,1,pass,[],"{""din"":[""02530775"",""02530783"",""02530791"",""02530805"",""02530813"",""02530848"",""02530856""],""brand_name"":""METHOFILL AUTO-DOSE INJECTEUR"",""active_ingredients"":[{""name"":""Méthotrexate (Méthotrexate sodique)"",""strength"":""10"",""unit"":""MG""},{""name"":""Méthotrexate (Méthotrexate sodique)"",""strength"":""12.5"",""unit"":""MG""},{""name"":""Méthotrexate (Méthotrexate sodique)"",""strength"":""15"",""unit"":""MG""},{""name"":""Méthotrexate (Méthotrexate sodique)"",""strength"":""17.5"",""unit"":""MG""},{""name"":""Méthotrexate (Méthotrexate sodique)"",""strength"":""20"",""unit"":""MG""},{""name"":""Méthotrexate (Méthotrexate sodique)"",""strength"":""22.5"",""unit"":""MG""},{""name"":""Méthotrexate (Méthotrexate sodique)"",""strength"":""25"",""unit"":""MG""}],""dosage_forms"":[""Solution""],""routes"":[""Sous-cutanée""],""schedule"":[""Médicaments sur ordonnance""],""product_status"":""COMMERCIALISÉ"",""company"":""ACCORD HEALTHCARE INC""}",True,1,pass,[],"{""din"":[""02530775"",""02530783"",""02530791"",""02530805"",""02530813"",""02530848"",""02530856""],""brand_name"":""METHOFILL AUTO-DOSE INJECTEUR"",""active_ingredients"":[{""name"":""Méthotrexate (Méthotrexate sodique)"",""strength"":10,""unit"":""MG""},{""name"":""Méthotrexate (Méthotrexate sodique)"",""strength"":12.5,""unit"":""MG""},{""name"":""Méthotrexate (Méthotrexate sodique)"",""strength"":15,""unit"":""MG""},{""name"":""Méthotrexate (Méthotrexate sodique)"",""strength"":17.5,""unit"":""MG""},{""name"":""Méthotrexate (Méthotrexate sodique)"",""strength"":20,""unit"":""MG""},{""name"":""Méthotrexate (Méthotrexate sodique)"",""strength"":22.5,""unit"":""MG""},{""name"":""Méthotrexate (Méthotrexate sodique)"",""strength"":25,""unit"":""MG""}],""dosage_forms"":[""Solution""],""routes"":[""Sous-cutanée""],""schedule"":[""Médicaments sur ordonnance""],""product_status"":""COMMERCIALISÉ"",""company"":""ACCORD HEALTHCARE INC""}",True,1,pass,[],"{""din"":[""02530775"",""02530783"",""02530791"",""02530805"",""02530813"",""02530848"",""02530856""],""brand_name"":""METHOFILL AUTO-DOSE INJECTEUR"",""active_ingredients"":[{""name"":""Méthotrexate (Méthotrexate sodique)"",""strength"":""10"",""unit"":""MG""},{""name"":""Méthotrexate (Méthotrexate sodique)"",""strength"":""12.5"",""unit"":""MG""},{""name"":""Méthotrexate (Méthotrexate sodique)"",""strength"":""15"",""unit"":""MG""},{""name"":""Méthotrexate (Méthotrexate sodique)"",""strength"":""17.5"",""unit"":""MG""},{""name"":""Méthotrexate (Méthotrexate sodique)"",""strength"":""20"",""unit"":""MG""},{""name"":""Méthotrexate (Méthotrexate sodique)"",""strength"":""22.5"",""unit"":""MG""},{""name"":""Méthotrexate (Méthotrexate sodique)"",""strength"":""25"",""unit"":""MG""}],""dosage_forms"":[""Solution""],""routes"":[""Sous-cutanée""],""schedule"":[""Médicaments sur ordonnance""],""product_status"":""COMMERCIALISÉ"",""company"":""ACCORD HEALTHCARE INC""}",True,1,pass,[],"{""din"":[""02530775"",""02530783"",""02530791"",""02530805"",""02530813"",""02530848"",""02530856""],""brand_name"":""METHOFILL AUTO-DOSE INJECTEUR"",""active_ingredients"":[{""name"":""Méthotrexate (Méthotrexate sodique)"",""strength"":""10"",""unit"":""MG""},{""name"":""Méthotrexate (Méthotrexate sodique)"",""strength"":""12.5"",""unit"":""MG""},{""name"":""Méthotrexate (Méthotrexate sodique)"",""strength"":""15"",""unit"":""MG""},{""name"":""Méthotrexate (Méthotrexate sodique)"",""strength"":""17.5"",""unit"":""MG""},{""name"":""Méthotrexate (Méthotrexate sodique)"",""strength"":""20"",""unit"":""MG""},{""name"":""Méthotrexate (Méthotrexate sodique)"",""strength"":""22.5"",""unit"":""MG""},{""name"":""Méthotrexate (Méthotrexate sodique)"",""strength"":""25"",""unit"":""MG""}],""dosage_forms"":[""Solution""],""routes"":[""Sous-cutanée""],""schedule"":[""Médicaments sur ordonnance""],""product_status"":""COMMERCIALISÉ"",""company"":""ACCORD HEALTHCARE INC""}","Verify the source record, expected answer, and strict score.",pending,,,,,,,,,
hc-dpd-review-0094,all_model_pass_sample,4,Stratified sample where every model passed.,hc_dpd_20d98f70f8248f79_en,hc_dpd_20d98f70f8248f79,en,multi_ingredient,APO-EFAVIRENZ-EMTRICITABINE-TENOFOVIR,"Extract drug-product facts from the Health Canada Drug Product Database source record below. Return only one JSON object with exactly the keys din, brand_name, active_ingredients, dosage_forms, routes, schedule, product_status, and company. din, dosage_forms, routes, and schedule must be lists. active_ingredients must be a list of objects with name, strength, and unit keys. Combine distinct facts from every variant and do not infer values.

DPD SOURCE RECORD (ENGLISH)

VARIANT 1
DRUG_CODE: 95665
DIN: 02468247
BRAND_NAME: APO-EFAVIRENZ-EMTRICITABINE-TENOFOVIR
ACTIVE_INGREDIENTS:
- NAME=EFAVIRENZ; STRENGTH=600; UNIT=MG
- NAME=TENOFOVIR DISOPROXIL FUMARATE; STRENGTH=300; UNIT=MG
- NAME=EMTRICITABINE; STRENGTH=200; UNIT=MG
DOSAGE_FORMS: TABLET
ROUTES: ORAL
SCHEDULES: PRESCRIPTION
PRODUCT_STATUS: MARKETED
COMPANY: APOTEX INC","{""din"":[""02468247""],""brand_name"":""APO-EFAVIRENZ-EMTRICITABINE-TENOFOVIR"",""active_ingredients"":[{""name"":""EFAVIRENZ"",""strength"":600,""unit"":""MG""},{""name"":""EMTRICITABINE"",""strength"":200,""unit"":""MG""},{""name"":""TENOFOVIR DISOPROXIL FUMARATE"",""strength"":300,""unit"":""MG""}],""dosage_forms"":[""TABLET""],""routes"":[""ORAL""],""schedule"":[""PRESCRIPTION""],""product_status"":""MARKETED"",""company"":""APOTEX INC""}","{""archive_file_id"":""dpd_marketed_archive"",""archive_members"":{""comp.txt"":[8706],""drug.txt"":[8706],""form.txt"":[8871],""ingred.txt"":[12380,12381,12382],""route.txt"":[10286],""schedule.txt"":[8920],""status.txt"":[38417]},""archive_sha256"":""94c8ef8639fd07eea9c134d8ede137d77574d4ae6761955f5aa582558ec38b25"",""drug_codes"":[""95665""],""language"":""en"",""source_dataset_id"":""hc_dpd_source_snapshot"",""source_dataset_version"":""2026.7.2"",""source_manifest_sha256"":""f674732805de6a311d5882c2e7e33747a7e214beb123d9e42c944e1ad195eba0""}",True,1,pass,[],"{""din"":[""02468247""],""brand_name"":""APO-EFAVIRENZ-EMTRICITABINE-TENOFOVIR"",""active_ingredients"":[{""name"":""EFAVIRENZ"",""strength"":""600"",""unit"":""MG""},{""name"":""TENOFOVIR DISOPROXIL FUMARATE"",""strength"":""300"",""unit"":""MG""},{""name"":""EMTRICITABINE"",""strength"":""200"",""unit"":""MG""}],""dosage_forms"":[""TABLET""],""routes"":[""ORAL""],""schedule"":[""PRESCRIPTION""],""product_status"":""MARKETED"",""company"":""APOTEX INC""}",True,1,pass,[],"{""din"":[""02468247""],""brand_name"":""APO-EFAVIRENZ-EMTRICITABINE-TENOFOVIR"",""active_ingredients"":[{""name"":""EFAVIRENZ"",""strength"":""600"",""unit"":""MG""},{""name"":""TENOFOVIR DISOPROXIL FUMARATE"",""strength"":""300"",""unit"":""MG""},{""name"":""EMTRICITABINE"",""strength"":""200"",""unit"":""MG""}],""dosage_forms"":[""TABLET""],""routes"":[""ORAL""],""schedule"":[""PRESCRIPTION""],""product_status"":""MARKETED"",""company"":""APOTEX INC""}",True,1,pass,[],"{""din"":[""02468247""],""brand_name"":""APO-EFAVIRENZ-EMTRICITABINE-TENOFOVIR"",""active_ingredients"":[{""name"":""EFAVIRENZ"",""strength"":""600"",""unit"":""MG""},{""name"":""TENOFOVIR DISOPROXIL FUMARATE"",""strength"":""300"",""unit"":""MG""},{""name"":""EMTRICITABINE"",""strength"":""200"",""unit"":""MG""}],""dosage_forms"":[""TABLET""],""routes"":[""ORAL""],""schedule"":[""PRESCRIPTION""],""product_status"":""MARKETED"",""company"":""APOTEX INC""}",True,1,pass,[],"{""din"":[""02468247""],""brand_name"":""APO-EFAVIRENZ-EMTRICITABINE-TENOFOVIR"",""active_ingredients"":[{""name"":""EFAVIRENZ"",""strength"":""600"",""unit"":""MG""},{""name"":""TENOFOVIR DISOPROXIL FUMARATE"",""strength"":""300"",""unit"":""MG""},{""name"":""EMTRICITABINE"",""strength"":""200"",""unit"":""MG""}],""dosage_forms"":[""TABLET""],""routes"":[""ORAL""],""schedule"":[""PRESCRIPTION""],""product_status"":""MARKETED"",""company"":""APOTEX INC""}","Verify the source record, expected answer, and strict score.",pending,,,,,,,,,
hc-dpd-review-0095,all_model_pass_sample,4,Stratified sample where every model passed.,hc_dpd_a993bbc5c100ff08_en,hc_dpd_a993bbc5c100ff08,en,multi_ingredient,PHENOL SALINE INJ,"Extract drug-product facts from the Health Canada Drug Product Database source record below. Return only one JSON object with exactly the keys din, brand_name, active_ingredients, dosage_forms, routes, schedule, product_status, and company. din, dosage_forms, routes, and schedule must be lists. active_ingredients must be a list of objects with name, strength, and unit keys. Combine distinct facts from every variant and do not infer values.

DPD SOURCE RECORD (ENGLISH)

VARIANT 1
DRUG_CODE: 1911
DIN: 00298409
BRAND_NAME: PHENOL SALINE INJ
ACTIVE_INGREDIENTS:
- NAME=SODIUM CHLORIDE; STRENGTH=0.9; UNIT=%
- NAME=PHENOL; STRENGTH=0.4; UNIT=%
DOSAGE_FORMS: SOLUTION
ROUTES: INTRADERMAL | SUBCUTANEOUS
SCHEDULES: ETHICAL
PRODUCT_STATUS: MARKETED
COMPANY: ALK-ABELLO INC","{""din"":[""00298409""],""brand_name"":""PHENOL SALINE INJ"",""active_ingredients"":[{""name"":""PHENOL"",""strength"":0.4,""unit"":""%""},{""name"":""SODIUM CHLORIDE"",""strength"":0.9,""unit"":""%""}],""dosage_forms"":[""SOLUTION""],""routes"":[""INTRADERMAL"",""SUBCUTANEOUS""],""schedule"":[""ETHICAL""],""product_status"":""MARKETED"",""company"":""ALK-ABELLO INC""}","{""archive_file_id"":""dpd_marketed_archive"",""archive_members"":{""comp.txt"":[149],""drug.txt"":[149],""form.txt"":[149],""ingred.txt"":[216,217],""route.txt"":[192,193],""schedule.txt"":[149],""status.txt"":[956]},""archive_sha256"":""94c8ef8639fd07eea9c134d8ede137d77574d4ae6761955f5aa582558ec38b25"",""drug_codes"":[""1911""],""language"":""en"",""source_dataset_id"":""hc_dpd_source_snapshot"",""source_dataset_version"":""2026.7.2"",""source_manifest_sha256"":""f674732805de6a311d5882c2e7e33747a7e214beb123d9e42c944e1ad195eba0""}",True,1,pass,[],"{""din"":[""00298409""],""brand_name"":""PHENOL SALINE INJ"",""active_ingredients"":[{""name"":""SODIUM CHLORIDE"",""strength"":""0.9"",""unit"":""%""},{""name"":""PHENOL"",""strength"":""0.4"",""unit"":""%""}],""dosage_forms"":[""SOLUTION""],""routes"":[""INTRADERMAL"",""SUBCUTANEOUS""],""schedule"":[""ETHICAL""],""product_status"":""MARKETED"",""company"":""ALK-ABELLO INC""}",True,1,pass,[],"{""din"":[""00298409""],""brand_name"":""PHENOL SALINE INJ"",""active_ingredients"":[{""name"":""SODIUM CHLORIDE"",""strength"":""0.9"",""unit"":""%""},{""name"":""PHENOL"",""strength"":""0.4"",""unit"":""%""}],""dosage_forms"":[""SOLUTION""],""routes"":[""INTRADERMAL"",""SUBCUTANEOUS""],""schedule"":[""ETHICAL""],""product_status"":""MARKETED"",""company"":""ALK-ABELLO INC""}",True,1,pass,[],"{""din"":[""00298409""],""brand_name"":""PHENOL SALINE INJ"",""active_ingredients"":[{""name"":""SODIUM CHLORIDE"",""strength"":""0.9"",""unit"":""%""},{""name"":""PHENOL"",""strength"":""0.4"",""unit"":""%""}],""dosage_forms"":[""SOLUTION""],""routes"":[""INTRADERMAL"",""SUBCUTANEOUS""],""schedule"":[""ETHICAL""],""product_status"":""MARKETED"",""company"":""ALK-ABELLO INC""}",True,1,pass,[],"{""din"":[""00298409""],""brand_name"":""PHENOL SALINE INJ"",""active_ingredients"":[{""name"":""SODIUM CHLORIDE"",""strength"":""0.9"",""unit"":""%""},{""name"":""PHENOL"",""strength"":""0.4"",""unit"":""%""}],""dosage_forms"":[""SOLUTION""],""routes"":[""INTRADERMAL"",""SUBCUTANEOUS""],""schedule"":[""ETHICAL""],""product_status"":""MARKETED"",""company"":""ALK-ABELLO INC""}","Verify the source record, expected answer, and strict score.",pending,,,,,,,,,
hc-dpd-review-0096,all_model_pass_sample,4,Stratified sample where every model passed.,hc_dpd_64121586ffa12940_en,hc_dpd_64121586ffa12940,en,multi_ingredient,CLINIQUE FOR MEN DAILY HYDRATOR SPF 50,"Extract drug-product facts from the Health Canada Drug Product Database source record below. Return only one JSON object with exactly the keys din, brand_name, active_ingredients, dosage_forms, routes, schedule, product_status, and company. din, dosage_forms, routes, and schedule must be lists. active_ingredients must be a list of objects with name, strength, and unit keys. Combine distinct facts from every variant and do not infer values.

DPD SOURCE RECORD (ENGLISH)

VARIANT 1
DRUG_CODE: 106149
DIN: 02558203
BRAND_NAME: CLINIQUE FOR MEN DAILY HYDRATOR SPF 50
ACTIVE_INGREDIENTS:
- NAME=AVOBENZONE; STRENGTH=3; UNIT=%
- NAME=HOMOSALATE; STRENGTH=7; UNIT=%
- NAME=OCTOCRYLENE; STRENGTH=5; UNIT=%
- NAME=OCTISALATE; STRENGTH=4.5; UNIT=%
DOSAGE_FORMS: CREAM
ROUTES: TOPICAL
SCHEDULES: NON-PRESCRIPTION DRUGS
PRODUCT_STATUS: MARKETED
COMPANY: CLINIQUE LABORATORIES DIST","{""din"":[""02558203""],""brand_name"":""CLINIQUE FOR MEN DAILY HYDRATOR SPF 50"",""active_ingredients"":[{""name"":""AVOBENZONE"",""strength"":3,""unit"":""%""},{""name"":""HOMOSALATE"",""strength"":7,""unit"":""%""},{""name"":""OCTISALATE"",""strength"":4.5,""unit"":""%""},{""name"":""OCTOCRYLENE"",""strength"":5,""unit"":""%""}],""dosage_forms"":[""CREAM""],""routes"":[""TOPICAL""],""schedule"":[""NON-PRESCRIPTION DRUGS""],""product_status"":""MARKETED"",""company"":""CLINIQUE LABORATORIES DIST""}","{""archive_file_id"":""dpd_marketed_archive"",""archive_members"":{""comp.txt"":[13297],""drug.txt"":[13297],""form.txt"":[13592],""ingred.txt"":[19383,19384,19385,19386],""route.txt"":[15893],""schedule.txt"":[13811],""status.txt"":[49244]},""archive_sha256"":""94c8ef8639fd07eea9c134d8ede137d77574d4ae6761955f5aa582558ec38b25"",""drug_codes"":[""106149""],""language"":""en"",""source_dataset_id"":""hc_dpd_source_snapshot"",""source_dataset_version"":""2026.7.2"",""source_manifest_sha256"":""f674732805de6a311d5882c2e7e33747a7e214beb123d9e42c944e1ad195eba0""}",True,1,pass,[],"{""din"":[""02558203""],""brand_name"":""CLINIQUE FOR MEN DAILY HYDRATOR SPF 50"",""active_ingredients"":[{""name"":""AVOBENZONE"",""strength"":""3"",""unit"":""%""},{""name"":""HOMOSALATE"",""strength"":""7"",""unit"":""%""},{""name"":""OCTOCRYLENE"",""strength"":""5"",""unit"":""%""},{""name"":""OCTISALATE"",""strength"":""4.5"",""unit"":""%""}],""dosage_forms"":[""CREAM""],""routes"":[""TOPICAL""],""schedule"":[""NON-PRESCRIPTION DRUGS""],""product_status"":""MARKETED"",""company"":""CLINIQUE LABORATORIES DIST""}",True,1,pass,[],"{""din"":[""02558203""],""brand_name"":""CLINIQUE FOR MEN DAILY HYDRATOR SPF 50"",""active_ingredients"":[{""name"":""AVOBENZONE"",""strength"":""3"",""unit"":""%""},{""name"":""HOMOSALATE"",""strength"":""7"",""unit"":""%""},{""name"":""OCTOCRYLENE"",""strength"":""5"",""unit"":""%""},{""name"":""OCTISALATE"",""strength"":""4.5"",""unit"":""%""}],""dosage_forms"":[""CREAM""],""routes"":[""TOPICAL""],""schedule"":[""NON-PRESCRIPTION DRUGS""],""product_status"":""MARKETED"",""company"":""CLINIQUE LABORATORIES DIST""}",True,1,pass,[],"{""din"":[""02558203""],""brand_name"":""CLINIQUE FOR MEN DAILY HYDRATOR SPF 50"",""active_ingredients"":[{""name"":""AVOBENZONE"",""strength"":""3"",""unit"":""%""},{""name"":""HOMOSALATE"",""strength"":""7"",""unit"":""%""},{""name"":""OCTOCRYLENE"",""strength"":""5"",""unit"":""%""},{""name"":""OCTISALATE"",""strength"":""4.5"",""unit"":""%""}],""dosage_forms"":[""CREAM""],""routes"":[""TOPICAL""],""schedule"":[""NON-PRESCRIPTION DRUGS""],""product_status"":""MARKETED"",""company"":""CLINIQUE LABORATORIES DIST""}",True,1,pass,[],"{""din"":[""02558203""],""brand_name"":""CLINIQUE FOR MEN DAILY HYDRATOR SPF 50"",""active_ingredients"":[{""name"":""AVOBENZONE"",""strength"":""3"",""unit"":""%""},{""name"":""HOMOSALATE"",""strength"":""7"",""unit"":""%""},{""name"":""OCTOCRYLENE"",""strength"":""5"",""unit"":""%""},{""name"":""OCTISALATE"",""strength"":""4.5"",""unit"":""%""}],""dosage_forms"":[""CREAM""],""routes"":[""TOPICAL""],""schedule"":[""NON-PRESCRIPTION DRUGS""],""product_status"":""MARKETED"",""company"":""CLINIQUE LABORATORIES DIST""}","Verify the source record, expected answer, and strict score.",pending,,,,,,,,,
hc-dpd-review-0097,all_model_pass_sample,4,Stratified sample where every model passed.,hc_dpd_a1a45e0e92bf4ca4_fr,hc_dpd_a1a45e0e92bf4ca4,fr,multi_ingredient,UVA/UVB MOISTURIZING CREAM,"Extrayez les faits de produit pharmaceutique du dossier source de la Base de données sur les produits pharmaceutiques de Santé Canada ci-dessous. Retournez uniquement un objet JSON avec exactement les clés din, brand_name, active_ingredients, dosage_forms, routes, schedule, product_status et company. din, dosage_forms, routes et schedule doivent être des listes. active_ingredients doit être une liste d'objets ayant les clés name, strength et unit. Regroupez les faits distincts de toutes les variantes, sans rien déduire.

DOSSIER SOURCE DPD (FRANÇAIS)

VARIANTE 1
DRUG_CODE: 92717
DIN: 02442779
NOM_COMMERCIAL: UVA/UVB MOISTURIZING CREAM
INGRÉDIENTS_ACTIFS:
- NOM=Avobenzone; CONCENTRATION=3; UNITÉ=%
- NOM=Homosalate; CONCENTRATION=4; UNITÉ=%
- NOM=Octocrilène; CONCENTRATION=2.6; UNITÉ=%
- NOM=Octisalate; CONCENTRATION=4.5; UNITÉ=%
FORMES_PHARMACEUTIQUES: Crème
VOIES_ADMINISTRATION: Topique
ANNEXES: Médicaments sans ordonnance
ÉTAT_DU_PRODUIT: COMMERCIALISÉ
ENTREPRISE: PROCTER & GAMBLE INC","{""din"":[""02442779""],""brand_name"":""UVA/UVB MOISTURIZING CREAM"",""active_ingredients"":[{""name"":""Avobenzone"",""strength"":3,""unit"":""%""},{""name"":""Homosalate"",""strength"":4,""unit"":""%""},{""name"":""Octisalate"",""strength"":4.5,""unit"":""%""},{""name"":""Octocrilène"",""strength"":2.6,""unit"":""%""}],""dosage_forms"":[""Crème""],""routes"":[""Topique""],""schedule"":[""Médicaments sans ordonnance""],""product_status"":""COMMERCIALISÉ"",""company"":""PROCTER & GAMBLE INC""}","{""archive_file_id"":""dpd_marketed_archive"",""archive_members"":{""comp.txt"":[7684],""drug.txt"":[7684],""form.txt"":[7822],""ingred.txt"":[10966,10967,10968,10969],""route.txt"":[9045],""schedule.txt"":[7842],""status.txt"":[35442]},""archive_sha256"":""94c8ef8639fd07eea9c134d8ede137d77574d4ae6761955f5aa582558ec38b25"",""drug_codes"":[""92717""],""language"":""fr"",""source_dataset_id"":""hc_dpd_source_snapshot"",""source_dataset_version"":""2026.7.2"",""source_manifest_sha256"":""f674732805de6a311d5882c2e7e33747a7e214beb123d9e42c944e1ad195eba0""}",True,1,pass,[],"{""din"":[""02442779""],""brand_name"":""UVA/UVB MOISTURIZING CREAM"",""active_ingredients"":[{""name"":""Avobenzone"",""strength"":""3"",""unit"":""%""},{""name"":""Homosalate"",""strength"":""4"",""unit"":""%""},{""name"":""Octocrilène"",""strength"":""2.6"",""unit"":""%""},{""name"":""Octisalate"",""strength"":""4.5"",""unit"":""%""}],""dosage_forms"":[""Crème""],""routes"":[""Topique""],""schedule"":[""Médicaments sans ordonnance""],""product_status"":""COMMERCIALISÉ"",""company"":""PROCTER & GAMBLE INC""}",True,1,pass,[],"{""din"":[""02442779""],""brand_name"":""UVA/UVB MOISTURIZING CREAM"",""active_ingredients"":[{""name"":""Avobenzone"",""strength"":""3"",""unit"":""%""},{""name"":""Homosalate"",""strength"":""4"",""unit"":""%""},{""name"":""Octocrilène"",""strength"":""2.6"",""unit"":""%""},{""name"":""Octisalate"",""strength"":""4.5"",""unit"":""%""}],""dosage_forms"":[""Crème""],""routes"":[""Topique""],""schedule"":[""Médicaments sans ordonnance""],""product_status"":""COMMERCIALISÉ"",""company"":""PROCTER & GAMBLE INC""}",True,1,pass,[],"{""din"":[""02442779""],""brand_name"":""UVA/UVB MOISTURIZING CREAM"",""active_ingredients"":[{""name"":""Avobenzone"",""strength"":""3"",""unit"":""%""},{""name"":""Homosalate"",""strength"":""4"",""unit"":""%""},{""name"":""Octocrilène"",""strength"":""2.6"",""unit"":""%""},{""name"":""Octisalate"",""strength"":""4.5"",""unit"":""%""}],""dosage_forms"":[""Crème""],""routes"":[""Topique""],""schedule"":[""Médicaments sans ordonnance""],""product_status"":""COMMERCIALISÉ"",""company"":""PROCTER & GAMBLE INC""}",True,1,pass,[],"{""din"":[""02442779""],""brand_name"":""UVA/UVB MOISTURIZING CREAM"",""active_ingredients"":[{""name"":""Avobenzone"",""strength"":""3"",""unit"":""%""},{""name"":""Homosalate"",""strength"":""4"",""unit"":""%""},{""name"":""Octocrilène"",""strength"":""2.6"",""unit"":""%""},{""name"":""Octisalate"",""strength"":""4.5"",""unit"":""%""}],""dosage_forms"":[""Crème""],""routes"":[""Topique""],""schedule"":[""Médicaments sans ordonnance""],""product_status"":""COMMERCIALISÉ"",""company"":""PROCTER & GAMBLE INC""}","Verify the source record, expected answer, and strict score.",pending,,,,,,,,,
hc-dpd-review-0098,all_model_pass_sample,4,Stratified sample where every model passed.,hc_dpd_efb8f057e5adba63_fr,hc_dpd_efb8f057e5adba63,fr,multi_ingredient,SULFATRIM PEDIATRIC,"Extrayez les faits de produit pharmaceutique du dossier source de la Base de données sur les produits pharmaceutiques de Santé Canada ci-dessous. Retournez uniquement un objet JSON avec exactement les clés din, brand_name, active_ingredients, dosage_forms, routes, schedule, product_status et company. din, dosage_forms, routes et schedule doivent être des listes. active_ingredients doit être une liste d'objets ayant les clés name, strength et unit. Regroupez les faits distincts de toutes les variantes, sans rien déduire.

DOSSIER SOURCE DPD (FRANÇAIS)

VARIANTE 1
DRUG_CODE: 3677
DIN: 00445266
NOM_COMMERCIAL: SULFATRIM PEDIATRIC
INGRÉDIENTS_ACTIFS:
- NOM=Sulfaméthoxazole; CONCENTRATION=100; UNITÉ=MG
- NOM=Triméthoprime; CONCENTRATION=20; UNITÉ=MG
FORMES_PHARMACEUTIQUES: Comprimé
VOIES_ADMINISTRATION: Orale
ANNEXES: Médicaments sur ordonnance
ÉTAT_DU_PRODUIT: COMMERCIALISÉ
ENTREPRISE: AA PHARMA INC","{""din"":[""00445266""],""brand_name"":""SULFATRIM PEDIATRIC"",""active_ingredients"":[{""name"":""Sulfaméthoxazole"",""strength"":100,""unit"":""MG""},{""name"":""Triméthoprime"",""strength"":20,""unit"":""MG""}],""dosage_forms"":[""Comprimé""],""routes"":[""Orale""],""schedule"":[""Médicaments sur ordonnance""],""product_status"":""COMMERCIALISÉ"",""company"":""AA PHARMA INC""}","{""archive_file_id"":""dpd_marketed_archive"",""archive_members"":{""comp.txt"":[290],""drug.txt"":[290],""form.txt"":[290],""ingred.txt"":[421,422],""route.txt"":[369],""schedule.txt"":[290],""status.txt"":[1575]},""archive_sha256"":""94c8ef8639fd07eea9c134d8ede137d77574d4ae6761955f5aa582558ec38b25"",""drug_codes"":[""3677""],""language"":""fr"",""source_dataset_id"":""hc_dpd_source_snapshot"",""source_dataset_version"":""2026.7.2"",""source_manifest_sha256"":""f674732805de6a311d5882c2e7e33747a7e214beb123d9e42c944e1ad195eba0""}",True,1,pass,[],"{""din"":[""00445266""],""brand_name"":""SULFATRIM PEDIATRIC"",""active_ingredients"":[{""name"":""Sulfaméthoxazole"",""strength"":""100"",""unit"":""MG""},{""name"":""Triméthoprime"",""strength"":""20"",""unit"":""MG""}],""dosage_forms"":[""Comprimé""],""routes"":[""Orale""],""schedule"":[""Médicaments sur ordonnance""],""product_status"":""COMMERCIALISÉ"",""company"":""AA PHARMA INC""}",True,1,pass,[],"{""din"":[""00445266""],""brand_name"":""SULFATRIM PEDIATRIC"",""active_ingredients"":[{""name"":""Sulfaméthoxazole"",""strength"":""100"",""unit"":""MG""},{""name"":""Triméthoprime"",""strength"":""20"",""unit"":""MG""}],""dosage_forms"":[""Comprimé""],""routes"":[""Orale""],""schedule"":[""Médicaments sur ordonnance""],""product_status"":""COMMERCIALISÉ"",""company"":""AA PHARMA INC""}",True,1,pass,[],"{""din"":[""00445266""],""brand_name"":""SULFATRIM PEDIATRIC"",""active_ingredients"":[{""name"":""Sulfaméthoxazole"",""strength"":""100"",""unit"":""MG""},{""name"":""Triméthoprime"",""strength"":""20"",""unit"":""MG""}],""dosage_forms"":[""Comprimé""],""routes"":[""Orale""],""schedule"":[""Médicaments sur ordonnance""],""product_status"":""COMMERCIALISÉ"",""company"":""AA PHARMA INC""}",True,1,pass,[],"{""din"":[""00445266""],""brand_name"":""SULFATRIM PEDIATRIC"",""active_ingredients"":[{""name"":""Sulfaméthoxazole"",""strength"":""100"",""unit"":""MG""},{""name"":""Triméthoprime"",""strength"":""20"",""unit"":""MG""}],""dosage_forms"":[""Comprimé""],""routes"":[""Orale""],""schedule"":[""Médicaments sur ordonnance""],""product_status"":""COMMERCIALISÉ"",""company"":""AA PHARMA INC""}","Verify the source record, expected answer, and strict score.",pending,,,,,,,,,
hc-dpd-review-0099,all_model_pass_sample,4,Stratified sample where every model passed.,hc_dpd_b8668141f58737b9_fr,hc_dpd_b8668141f58737b9,fr,multi_ingredient,JAMP-ACET-TRAMADOL,"Extrayez les faits de produit pharmaceutique du dossier source de la Base de données sur les produits pharmaceutiques de Santé Canada ci-dessous. Retournez uniquement un objet JSON avec exactement les clés din, brand_name, active_ingredients, dosage_forms, routes, schedule, product_status et company. din, dosage_forms, routes et schedule doivent être des listes. active_ingredients doit être une liste d'objets ayant les clés name, strength et unit. Regroupez les faits distincts de toutes les variantes, sans rien déduire.

DOSSIER SOURCE DPD (FRANÇAIS)

VARIANTE 1
DRUG_CODE: 87385
DIN: 02388308
NOM_COMMERCIAL: JAMP-ACET-TRAMADOL
INGRÉDIENTS_ACTIFS:
- NOM=Acétaminophène; CONCENTRATION=325; UNITÉ=MG
- NOM=Chlorhydrate de tramadol; CONCENTRATION=37.5; UNITÉ=MG
FORMES_PHARMACEUTIQUES: Comprimé
VOIES_ADMINISTRATION: Orale
ANNEXES: Stupéfiants (LRCDAS I)
ÉTAT_DU_PRODUIT: COMMERCIALISÉ
ENTREPRISE: JAMP PHARMA CORPORATION","{""din"":[""02388308""],""brand_name"":""JAMP-ACET-TRAMADOL"",""active_ingredients"":[{""name"":""Acétaminophène"",""strength"":325,""unit"":""MG""},{""name"":""Chlorhydrate de tramadol"",""strength"":37.5,""unit"":""MG""}],""dosage_forms"":[""Comprimé""],""routes"":[""Orale""],""schedule"":[""Stupéfiants (LRCDAS I)""],""product_status"":""COMMERCIALISÉ"",""company"":""JAMP PHARMA CORPORATION""}","{""archive_file_id"":""dpd_marketed_archive"",""archive_members"":{""comp.txt"":[6078],""drug.txt"":[6078],""form.txt"":[6161],""ingred.txt"":[8761,8762],""route.txt"":[7200],""schedule.txt"":[6185],""status.txt"":[29304]},""archive_sha256"":""94c8ef8639fd07eea9c134d8ede137d77574d4ae6761955f5aa582558ec38b25"",""drug_codes"":[""87385""],""language"":""fr"",""source_dataset_id"":""hc_dpd_source_snapshot"",""source_dataset_version"":""2026.7.2"",""source_manifest_sha256"":""f674732805de6a311d5882c2e7e33747a7e214beb123d9e42c944e1ad195eba0""}",True,1,pass,[],"{""din"":[""02388308""],""brand_name"":""JAMP-ACET-TRAMADOL"",""active_ingredients"":[{""name"":""Acétaminophène"",""strength"":""325"",""unit"":""MG""},{""name"":""Chlorhydrate de tramadol"",""strength"":""37.5"",""unit"":""MG""}],""dosage_forms"":[""Comprimé""],""routes"":[""Orale""],""schedule"":[""Stupéfiants (LRCDAS I)""],""product_status"":""COMMERCIALISÉ"",""company"":""JAMP PHARMA CORPORATION""}",True,1,pass,[],"{""din"":[""02388308""],""brand_name"":""JAMP-ACET-TRAMADOL"",""active_ingredients"":[{""name"":""Acétaminophène"",""strength"":""325"",""unit"":""MG""},{""name"":""Chlorhydrate de tramadol"",""strength"":""37.5"",""unit"":""MG""}],""dosage_forms"":[""Comprimé""],""routes"":[""Orale""],""schedule"":[""Stupéfiants (LRCDAS I)""],""product_status"":""COMMERCIALISÉ"",""company"":""JAMP PHARMA CORPORATION""}",True,1,pass,[],"{""din"":[""02388308""],""brand_name"":""JAMP-ACET-TRAMADOL"",""active_ingredients"":[{""name"":""Acétaminophène"",""strength"":""325"",""unit"":""MG""},{""name"":""Chlorhydrate de tramadol"",""strength"":""37.5"",""unit"":""MG""}],""dosage_forms"":[""Comprimé""],""routes"":[""Orale""],""schedule"":[""Stupéfiants (LRCDAS I)""],""product_status"":""COMMERCIALISÉ"",""company"":""JAMP PHARMA CORPORATION""}",True,1,pass,[],"{""din"":[""02388308""],""brand_name"":""JAMP-ACET-TRAMADOL"",""active_ingredients"":[{""name"":""Acétaminophène"",""strength"":""325"",""unit"":""MG""},{""name"":""Chlorhydrate de tramadol"",""strength"":""37.5"",""unit"":""MG""}],""dosage_forms"":[""Comprimé""],""routes"":[""Orale""],""schedule"":[""Stupéfiants (LRCDAS I)""],""product_status"":""COMMERCIALISÉ"",""company"":""JAMP PHARMA CORPORATION""}","Verify the source record, expected answer, and strict score.",pending,,,,,,,,,
hc-dpd-review-0100,all_model_pass_sample,4,Stratified sample where every model passed.,hc_dpd_515034c2dbcf1d8a_en,hc_dpd_515034c2dbcf1d8a,en,single_ingredient,HYDROMORPH CONTIN-CONTROLLED RELEASE CAP - 3MG,"Extract drug-product facts from the Health Canada Drug Product Database source record below. Return only one JSON object with exactly the keys din, brand_name, active_ingredients, dosage_forms, routes, schedule, product_status, and company. din, dosage_forms, routes, and schedule must be lists. active_ingredients must be a list of objects with name, strength, and unit keys. Combine distinct facts from every variant and do not infer values.

DPD SOURCE RECORD (ENGLISH)

VARIANT 1
DRUG_CODE: 18556
DIN: 02125323
BRAND_NAME: HYDROMORPH CONTIN-CONTROLLED RELEASE CAP - 3MG
ACTIVE_INGREDIENTS:
- NAME=HYDROMORPHONE HYDROCHLORIDE; STRENGTH=3; UNIT=MG
DOSAGE_FORMS: CAPSULE (SUSTAINED-RELEASE)
ROUTES: ORAL
SCHEDULES: NARCOTICS (CDSA I)
PRODUCT_STATUS: MARKETED
COMPANY: PURDUE PHARMA","{""din"":[""02125323""],""brand_name"":""HYDROMORPH CONTIN-CONTROLLED RELEASE CAP - 3MG"",""active_ingredients"":[{""name"":""HYDROMORPHONE HYDROCHLORIDE"",""strength"":3,""unit"":""MG""}],""dosage_forms"":[""CAPSULE (SUSTAINED-RELEASE)""],""routes"":[""ORAL""],""schedule"":[""NARCOTICS (CDSA I)""],""product_status"":""MARKETED"",""company"":""PURDUE PHARMA""}","{""archive_file_id"":""dpd_marketed_archive"",""archive_members"":{""comp.txt"":[1481],""drug.txt"":[1481],""form.txt"":[1487],""ingred.txt"":[2197],""route.txt"":[1759],""schedule.txt"":[1486],""status.txt"":[7545]},""archive_sha256"":""94c8ef8639fd07eea9c134d8ede137d77574d4ae6761955f5aa582558ec38b25"",""drug_codes"":[""18556""],""language"":""en"",""source_dataset_id"":""hc_dpd_source_snapshot"",""source_dataset_version"":""2026.7.2"",""source_manifest_sha256"":""f674732805de6a311d5882c2e7e33747a7e214beb123d9e42c944e1ad195eba0""}",True,1,pass,[],"{""din"":[""02125323""],""brand_name"":""HYDROMORPH CONTIN-CONTROLLED RELEASE CAP - 3MG"",""active_ingredients"":[{""name"":""HYDROMORPHONE HYDROCHLORIDE"",""strength"":""3"",""unit"":""MG""}],""dosage_forms"":[""CAPSULE (SUSTAINED-RELEASE)""],""routes"":[""ORAL""],""schedule"":[""NARCOTICS (CDSA I)""],""product_status"":""MARKETED"",""company"":""PURDUE PHARMA""}",True,1,pass,[],"{""din"":[""02125323""],""brand_name"":""HYDROMORPH CONTIN-CONTROLLED RELEASE CAP - 3MG"",""active_ingredients"":[{""name"":""HYDROMORPHONE HYDROCHLORIDE"",""strength"":""3"",""unit"":""MG""}],""dosage_forms"":[""CAPSULE (SUSTAINED-RELEASE)""],""routes"":[""ORAL""],""schedule"":[""NARCOTICS (CDSA I)""],""product_status"":""MARKETED"",""company"":""PURDUE PHARMA""}",True,1,pass,[],"{""din"":[""02125323""],""brand_name"":""HYDROMORPH CONTIN-CONTROLLED RELEASE CAP - 3MG"",""active_ingredients"":[{""name"":""HYDROMORPHONE HYDROCHLORIDE"",""strength"":""3"",""unit"":""MG""}],""dosage_forms"":[""CAPSULE (SUSTAINED-RELEASE)""],""routes"":[""ORAL""],""schedule"":[""NARCOTICS (CDSA I)""],""product_status"":""MARKETED"",""company"":""PURDUE PHARMA""}",True,1,pass,[],"{""din"":[""02125323""],""brand_name"":""HYDROMORPH CONTIN-CONTROLLED RELEASE CAP - 3MG"",""active_ingredients"":[{""name"":""HYDROMORPHONE HYDROCHLORIDE"",""strength"":""3"",""unit"":""MG""}],""dosage_forms"":[""CAPSULE (SUSTAINED-RELEASE)""],""routes"":[""ORAL""],""schedule"":[""NARCOTICS (CDSA I)""],""product_status"":""MARKETED"",""company"":""PURDUE PHARMA""}","Verify the source record, expected answer, and strict score.",pending,,,,,,,,,
hc-dpd-review-0101,all_model_pass_sample,4,Stratified sample where every model passed.,hc_dpd_3040e785527f7768_en,hc_dpd_3040e785527f7768,en,single_ingredient,"METRONIDAZOLE INJECTION, USP","Extract drug-product facts from the Health Canada Drug Product Database source record below. Return only one JSON object with exactly the keys din, brand_name, active_ingredients, dosage_forms, routes, schedule, product_status, and company. din, dosage_forms, routes, and schedule must be lists. active_ingredients must be a list of objects with name, strength, and unit keys. Combine distinct facts from every variant and do not infer values.

DPD SOURCE RECORD (ENGLISH)

VARIANT 1
DRUG_CODE: 10871
DIN: 00870420
BRAND_NAME: METRONIDAZOLE INJECTION, USP
ACTIVE_INGREDIENTS:
- NAME=METRONIDAZOLE; STRENGTH=5; UNIT=MG
DOSAGE_FORMS: SOLUTION
ROUTES: INTRAVENOUS
SCHEDULES: PRESCRIPTION
PRODUCT_STATUS: MARKETED
COMPANY: BAXTER CORPORATION","{""din"":[""00870420""],""brand_name"":""METRONIDAZOLE INJECTION, USP"",""active_ingredients"":[{""name"":""METRONIDAZOLE"",""strength"":5,""unit"":""MG""}],""dosage_forms"":[""SOLUTION""],""routes"":[""INTRAVENOUS""],""schedule"":[""PRESCRIPTION""],""product_status"":""MARKETED"",""company"":""BAXTER CORPORATION""}","{""archive_file_id"":""dpd_marketed_archive"",""archive_members"":{""comp.txt"":[870],""drug.txt"":[870],""form.txt"":[871],""ingred.txt"":[1297],""route.txt"":[1033],""schedule.txt"":[871],""status.txt"":[4193]},""archive_sha256"":""94c8ef8639fd07eea9c134d8ede137d77574d4ae6761955f5aa582558ec38b25"",""drug_codes"":[""10871""],""language"":""en"",""source_dataset_id"":""hc_dpd_source_snapshot"",""source_dataset_version"":""2026.7.2"",""source_manifest_sha256"":""f674732805de6a311d5882c2e7e33747a7e214beb123d9e42c944e1ad195eba0""}",True,1,pass,[],"{""din"":[""00870420""],""brand_name"":""METRONIDAZOLE INJECTION, USP"",""active_ingredients"":[{""name"":""METRONIDAZOLE"",""strength"":""5"",""unit"":""MG""}],""dosage_forms"":[""SOLUTION""],""routes"":[""INTRAVENOUS""],""schedule"":[""PRESCRIPTION""],""product_status"":""MARKETED"",""company"":""BAXTER CORPORATION""}",True,1,pass,[],"{""din"":[""00870420""],""brand_name"":""METRONIDAZOLE INJECTION, USP"",""active_ingredients"":[{""name"":""METRONIDAZOLE"",""strength"":""5"",""unit"":""MG""}],""dosage_forms"":[""SOLUTION""],""routes"":[""INTRAVENOUS""],""schedule"":[""PRESCRIPTION""],""product_status"":""MARKETED"",""company"":""BAXTER CORPORATION""}",True,1,pass,[],"{""din"":[""00870420""],""brand_name"":""METRONIDAZOLE INJECTION, USP"",""active_ingredients"":[{""name"":""METRONIDAZOLE"",""strength"":""5"",""unit"":""MG""}],""dosage_forms"":[""SOLUTION""],""routes"":[""INTRAVENOUS""],""schedule"":[""PRESCRIPTION""],""product_status"":""MARKETED"",""company"":""BAXTER CORPORATION""}",True,1,pass,[],"{""din"":[""00870420""],""brand_name"":""METRONIDAZOLE INJECTION, USP"",""active_ingredients"":[{""name"":""METRONIDAZOLE"",""strength"":""5"",""unit"":""MG""}],""dosage_forms"":[""SOLUTION""],""routes"":[""INTRAVENOUS""],""schedule"":[""PRESCRIPTION""],""product_status"":""MARKETED"",""company"":""BAXTER CORPORATION""}","Verify the source record, expected answer, and strict score.",pending,,,,,,,,,
hc-dpd-review-0102,all_model_pass_sample,4,Stratified sample where every model passed.,hc_dpd_080df8127c1147b9_en,hc_dpd_080df8127c1147b9,en,single_ingredient,"CARBOPROST TROMETHAMINE INJECTION, USP","Extract drug-product facts from the Health Canada Drug Product Database source record below. Return only one JSON object with exactly the keys din, brand_name, active_ingredients, dosage_forms, routes, schedule, product_status, and company. din, dosage_forms, routes, and schedule must be lists. active_ingredients must be a list of objects with name, strength, and unit keys. Combine distinct facts from every variant and do not infer values.

DPD SOURCE RECORD (ENGLISH)

VARIANT 1
DRUG_CODE: 101962
DIN: 02530430
BRAND_NAME: CARBOPROST TROMETHAMINE INJECTION, USP
ACTIVE_INGREDIENTS:
- NAME=CARBOPROST (CARBOPROST TROMETHAMINE); STRENGTH=250; UNIT=MCG
DOSAGE_FORMS: SOLUTION
ROUTES: INTRAMUSCULAR
SCHEDULES: PRESCRIPTION
PRODUCT_STATUS: MARKETED
COMPANY: DR REDDY'S LABORATORIES LTD","{""din"":[""02530430""],""brand_name"":""CARBOPROST TROMETHAMINE INJECTION, USP"",""active_ingredients"":[{""name"":""CARBOPROST (CARBOPROST TROMETHAMINE)"",""strength"":250,""unit"":""MCG""}],""dosage_forms"":[""SOLUTION""],""routes"":[""INTRAMUSCULAR""],""schedule"":[""PRESCRIPTION""],""product_status"":""MARKETED"",""company"":""DR REDDY'S LABORATORIES LTD""}","{""archive_file_id"":""dpd_marketed_archive"",""archive_members"":{""comp.txt"":[11729],""drug.txt"":[11729],""form.txt"":[11997],""ingred.txt"":[17003],""route.txt"":[14142],""schedule.txt"":[12127],""status.txt"":[45865]},""archive_sha256"":""94c8ef8639fd07eea9c134d8ede137d77574d4ae6761955f5aa582558ec38b25"",""drug_codes"":[""101962""],""language"":""en"",""source_dataset_id"":""hc_dpd_source_snapshot"",""source_dataset_version"":""2026.7.2"",""source_manifest_sha256"":""f674732805de6a311d5882c2e7e33747a7e214beb123d9e42c944e1ad195eba0""}",True,1,pass,[],"{""din"":[""02530430""],""brand_name"":""CARBOPROST TROMETHAMINE INJECTION, USP"",""active_ingredients"":[{""name"":""CARBOPROST (CARBOPROST TROMETHAMINE)"",""strength"":""250"",""unit"":""MCG""}],""dosage_forms"":[""SOLUTION""],""routes"":[""INTRAMUSCULAR""],""schedule"":[""PRESCRIPTION""],""product_status"":""MARKETED"",""company"":""DR REDDY'S LABORATORIES LTD""}",True,1,pass,[],"{""din"":[""02530430""],""brand_name"":""CARBOPROST TROMETHAMINE INJECTION, USP"",""active_ingredients"":[{""name"":""CARBOPROST (CARBOPROST TROMETHAMINE)"",""strength"":""250"",""unit"":""MCG""}],""dosage_forms"":[""SOLUTION""],""routes"":[""INTRAMUSCULAR""],""schedule"":[""PRESCRIPTION""],""product_status"":""MARKETED"",""company"":""DR REDDY'S LABORATORIES LTD""}",True,1,pass,[],"{""din"":[""02530430""],""brand_name"":""CARBOPROST TROMETHAMINE INJECTION, USP"",""active_ingredients"":[{""name"":""CARBOPROST (CARBOPROST TROMETHAMINE)"",""strength"":""250"",""unit"":""MCG""}],""dosage_forms"":[""SOLUTION""],""routes"":[""INTRAMUSCULAR""],""schedule"":[""PRESCRIPTION""],""product_status"":""MARKETED"",""company"":""DR REDDY'S LABORATORIES LTD""}",True,1,pass,[],"{""din"":[""02530430""],""brand_name"":""CARBOPROST TROMETHAMINE INJECTION, USP"",""active_ingredients"":[{""name"":""CARBOPROST (CARBOPROST TROMETHAMINE)"",""strength"":""250"",""unit"":""MCG""}],""dosage_forms"":[""SOLUTION""],""routes"":[""INTRAMUSCULAR""],""schedule"":[""PRESCRIPTION""],""product_status"":""MARKETED"",""company"":""DR REDDY'S LABORATORIES LTD""}","Verify the source record, expected answer, and strict score.",pending,,,,,,,,,
hc-dpd-review-0103,all_model_pass_sample,4,Stratified sample where every model passed.,hc_dpd_9601ee1fe49093ee_fr,hc_dpd_9601ee1fe49093ee,fr,single_ingredient,"ALLERGENIC EXTRACT, STANDARDARDIZED MITE, D. FARINAE","Extrayez les faits de produit pharmaceutique du dossier source de la Base de données sur les produits pharmaceutiques de Santé Canada ci-dessous. Retournez uniquement un objet JSON avec exactement les clés din, brand_name, active_ingredients, dosage_forms, routes, schedule, product_status et company. din, dosage_forms, routes et schedule doivent être des listes. active_ingredients doit être une liste d'objets ayant les clés name, strength et unit. Regroupez les faits distincts de toutes les variantes, sans rien déduire.

DOSSIER SOURCE DPD (FRANÇAIS)

VARIANTE 1
DRUG_CODE: 43205
DIN: 02217082
NOM_COMMERCIAL: ALLERGENIC EXTRACT, STANDARDARDIZED MITE, D. FARINAE
INGRÉDIENTS_ACTIFS:
- NOM=Dermatophagoides farinae; CONCENTRATION=10000; UNITÉ=Unité
FORMES_PHARMACEUTIQUES: Liquide
VOIES_ADMINISTRATION: Intradermique | Sous-cutanée | Percutanée
ANNEXES: Annexe D
ÉTAT_DU_PRODUIT: COMMERCIALISÉ
ENTREPRISE: ALK-ABELLO INC","{""din"":[""02217082""],""brand_name"":""ALLERGENIC EXTRACT, STANDARDARDIZED MITE, D. FARINAE"",""active_ingredients"":[{""name"":""Dermatophagoides farinae"",""strength"":10000,""unit"":""Unité""}],""dosage_forms"":[""Liquide""],""routes"":[""Intradermique"",""Percutanée"",""Sous-cutanée""],""schedule"":[""Annexe D""],""product_status"":""COMMERCIALISÉ"",""company"":""ALK-ABELLO INC""}","{""archive_file_id"":""dpd_marketed_archive"",""archive_members"":{""comp.txt"":[1912],""drug.txt"":[1912],""form.txt"":[1928],""ingred.txt"":[2886],""route.txt"":[2274,2275,2276],""schedule.txt"":[1921],""status.txt"":[10076]},""archive_sha256"":""94c8ef8639fd07eea9c134d8ede137d77574d4ae6761955f5aa582558ec38b25"",""drug_codes"":[""43205""],""language"":""fr"",""source_dataset_id"":""hc_dpd_source_snapshot"",""source_dataset_version"":""2026.7.2"",""source_manifest_sha256"":""f674732805de6a311d5882c2e7e33747a7e214beb123d9e42c944e1ad195eba0""}",True,1,pass,[],"{""din"":[""02217082""],""brand_name"":""ALLERGENIC EXTRACT, STANDARDARDIZED MITE, D. FARINAE"",""active_ingredients"":[{""name"":""Dermatophagoides farinae"",""strength"":""10000"",""unit"":""Unité""}],""dosage_forms"":[""Liquide""],""routes"":[""Intradermique"",""Sous-cutanée"",""Percutanée""],""schedule"":[""Annexe D""],""product_status"":""COMMERCIALISÉ"",""company"":""ALK-ABELLO INC""}",True,1,pass,[],"{""din"":[""02217082""],""brand_name"":""ALLERGENIC EXTRACT, STANDARDARDIZED MITE, D. FARINAE"",""active_ingredients"":[{""name"":""Dermatophagoides farinae"",""strength"":""10000"",""unit"":""Unité""}],""dosage_forms"":[""Liquide""],""routes"":[""Intradermique"",""Sous-cutanée"",""Percutanée""],""schedule"":[""Annexe D""],""product_status"":""COMMERCIALISÉ"",""company"":""ALK-ABELLO INC""}",True,1,pass,[],"{""din"":[""02217082""],""brand_name"":""ALLERGENIC EXTRACT, STANDARDARDIZED MITE, D. FARINAE"",""active_ingredients"":[{""name"":""Dermatophagoides farinae"",""strength"":""10000"",""unit"":""Unité""}],""dosage_forms"":[""Liquide""],""routes"":[""Intradermique"",""Sous-cutanée"",""Percutanée""],""schedule"":[""Annexe D""],""product_status"":""COMMERCIALISÉ"",""company"":""ALK-ABELLO INC""}",True,1,pass,[],"{""din"":[""02217082""],""brand_name"":""ALLERGENIC EXTRACT, STANDARDARDIZED MITE, D. FARINAE"",""active_ingredients"":[{""name"":""Dermatophagoides farinae"",""strength"":""10000"",""unit"":""Unité""}],""dosage_forms"":[""Liquide""],""routes"":[""Intradermique"",""Sous-cutanée"",""Percutanée""],""schedule"":[""Annexe D""],""product_status"":""COMMERCIALISÉ"",""company"":""ALK-ABELLO INC""}","Verify the source record, expected answer, and strict score.",pending,,,,,,,,,
hc-dpd-review-0104,all_model_pass_sample,4,Stratified sample where every model passed.,hc_dpd_a0a1a012c86f7f9d_fr,hc_dpd_a0a1a012c86f7f9d,fr,single_ingredient,SURVANTA,"Extrayez les faits de produit pharmaceutique du dossier source de la Base de données sur les produits pharmaceutiques de Santé Canada ci-dessous. Retournez uniquement un objet JSON avec exactement les clés din, brand_name, active_ingredients, dosage_forms, routes, schedule, product_status et company. din, dosage_forms, routes et schedule doivent être des listes. active_ingredients doit être une liste d'objets ayant les clés name, strength et unit. Regroupez les faits distincts de toutes les variantes, sans rien déduire.

DOSSIER SOURCE DPD (FRANÇAIS)

VARIANTE 1
DRUG_CODE: 14318
DIN: 02016109
NOM_COMMERCIAL: SURVANTA
INGRÉDIENTS_ACTIFS:
- NOM=Béractant; CONCENTRATION=25; UNITÉ=MG
FORMES_PHARMACEUTIQUES: Suspension
VOIES_ADMINISTRATION: Intratrachéale
ANNEXES: Médicaments sur ordonnance
ÉTAT_DU_PRODUIT: COMMERCIALISÉ
ENTREPRISE: ABBVIE CORPORATION","{""din"":[""02016109""],""brand_name"":""SURVANTA"",""active_ingredients"":[{""name"":""Béractant"",""strength"":25,""unit"":""MG""}],""dosage_forms"":[""Suspension""],""routes"":[""Intratrachéale""],""schedule"":[""Médicaments sur ordonnance""],""product_status"":""COMMERCIALISÉ"",""company"":""ABBVIE CORPORATION""}","{""archive_file_id"":""dpd_marketed_archive"",""archive_members"":{""comp.txt"":[1205],""drug.txt"":[1205],""form.txt"":[1207],""ingred.txt"":[1802],""route.txt"":[1428],""schedule.txt"":[1208],""status.txt"":[6009]},""archive_sha256"":""94c8ef8639fd07eea9c134d8ede137d77574d4ae6761955f5aa582558ec38b25"",""drug_codes"":[""14318""],""language"":""fr"",""source_dataset_id"":""hc_dpd_source_snapshot"",""source_dataset_version"":""2026.7.2"",""source_manifest_sha256"":""f674732805de6a311d5882c2e7e33747a7e214beb123d9e42c944e1ad195eba0""}",True,1,pass,[],"{""din"":[""02016109""],""brand_name"":""SURVANTA"",""active_ingredients"":[{""name"":""Béractant"",""strength"":""25"",""unit"":""MG""}],""dosage_forms"":[""Suspension""],""routes"":[""Intratrachéale""],""schedule"":[""Médicaments sur ordonnance""],""product_status"":""COMMERCIALISÉ"",""company"":""ABBVIE CORPORATION""}",True,1,pass,[],"{""din"":[""02016109""],""brand_name"":""SURVANTA"",""active_ingredients"":[{""name"":""Béractant"",""strength"":""25"",""unit"":""MG""}],""dosage_forms"":[""Suspension""],""routes"":[""Intratrachéale""],""schedule"":[""Médicaments sur ordonnance""],""product_status"":""COMMERCIALISÉ"",""company"":""ABBVIE CORPORATION""}",True,1,pass,[],"{""din"":[""02016109""],""brand_name"":""SURVANTA"",""active_ingredients"":[{""name"":""Béractant"",""strength"":""25"",""unit"":""MG""}],""dosage_forms"":[""Suspension""],""routes"":[""Intratrachéale""],""schedule"":[""Médicaments sur ordonnance""],""product_status"":""COMMERCIALISÉ"",""company"":""ABBVIE CORPORATION""}",True,1,pass,[],"{""din"":[""02016109""],""brand_name"":""SURVANTA"",""active_ingredients"":[{""name"":""Béractant"",""strength"":""25"",""unit"":""MG""}],""dosage_forms"":[""Suspension""],""routes"":[""Intratrachéale""],""schedule"":[""Médicaments sur ordonnance""],""product_status"":""COMMERCIALISÉ"",""company"":""ABBVIE CORPORATION""}","Verify the source record, expected answer, and strict score.",pending,,,,,,,,,
hc-dpd-review-0105,all_model_pass_sample,4,Stratified sample where every model passed.,hc_dpd_b5a73de41d84e5ea_fr,hc_dpd_b5a73de41d84e5ea,fr,single_ingredient,"0.9% SODIUM CHLORIDE INJECTION, USP","Extrayez les faits de produit pharmaceutique du dossier source de la Base de données sur les produits pharmaceutiques de Santé Canada ci-dessous. Retournez uniquement un objet JSON avec exactement les clés din, brand_name, active_ingredients, dosage_forms, routes, schedule, product_status et company. din, dosage_forms, routes et schedule doivent être des listes. active_ingredients doit être une liste d'objets ayant les clés name, strength et unit. Regroupez les faits distincts de toutes les variantes, sans rien déduire.

DOSSIER SOURCE DPD (FRANÇAIS)

VARIANTE 1
DRUG_CODE: 10040
DIN: 00060208
NOM_COMMERCIAL: 0.9% SODIUM CHLORIDE INJECTION, USP
INGRÉDIENTS_ACTIFS:
- NOM=Chlorure de sodium; CONCENTRATION=900; UNITÉ=MG
FORMES_PHARMACEUTIQUES: Solution
VOIES_ADMINISTRATION: Intraveineuse
ANNEXES: Spécialité médicale
ÉTAT_DU_PRODUIT: COMMERCIALISÉ
ENTREPRISE: BAXTER CORPORATION","{""din"":[""00060208""],""brand_name"":""0.9% SODIUM CHLORIDE INJECTION, USP"",""active_ingredients"":[{""name"":""Chlorure de sodium"",""strength"":900,""unit"":""MG""}],""dosage_forms"":[""Solution""],""routes"":[""Intraveineuse""],""schedule"":[""Spécialité médicale""],""product_status"":""COMMERCIALISÉ"",""company"":""BAXTER CORPORATION""}","{""archive_file_id"":""dpd_marketed_archive"",""archive_members"":{""comp.txt"":[782],""drug.txt"":[782],""form.txt"":[783],""ingred.txt"":[1146],""route.txt"":[931],""schedule.txt"":[782],""status.txt"":[3780]},""archive_sha256"":""94c8ef8639fd07eea9c134d8ede137d77574d4ae6761955f5aa582558ec38b25"",""drug_codes"":[""10040""],""language"":""fr"",""source_dataset_id"":""hc_dpd_source_snapshot"",""source_dataset_version"":""2026.7.2"",""source_manifest_sha256"":""f674732805de6a311d5882c2e7e33747a7e214beb123d9e42c944e1ad195eba0""}",True,1,pass,[],"{""din"":[""00060208""],""brand_name"":""0.9% SODIUM CHLORIDE INJECTION, USP"",""active_ingredients"":[{""name"":""Chlorure de sodium"",""strength"":""900"",""unit"":""MG""}],""dosage_forms"":[""Solution""],""routes"":[""Intraveineuse""],""schedule"":[""Spécialité médicale""],""product_status"":""COMMERCIALISÉ"",""company"":""BAXTER CORPORATION""}",True,1,pass,[],"{""din"":[""00060208""],""brand_name"":""0.9% SODIUM CHLORIDE INJECTION, USP"",""active_ingredients"":[{""name"":""Chlorure de sodium"",""strength"":""900"",""unit"":""MG""}],""dosage_forms"":[""Solution""],""routes"":[""Intraveineuse""],""schedule"":[""Spécialité médicale""],""product_status"":""COMMERCIALISÉ"",""company"":""BAXTER CORPORATION""}",True,1,pass,[],"{""din"":[""00060208""],""brand_name"":""0.9% SODIUM CHLORIDE INJECTION, USP"",""active_ingredients"":[{""name"":""Chlorure de sodium"",""strength"":""900"",""unit"":""MG""}],""dosage_forms"":[""Solution""],""routes"":[""Intraveineuse""],""schedule"":[""Spécialité médicale""],""product_status"":""COMMERCIALISÉ"",""company"":""BAXTER CORPORATION""}",True,1,pass,[],"{""din"":[""00060208""],""brand_name"":""0.9% SODIUM CHLORIDE INJECTION, USP"",""active_ingredients"":[{""name"":""Chlorure de sodium"",""strength"":""900"",""unit"":""MG""}],""dosage_forms"":[""Solution""],""routes"":[""Intraveineuse""],""schedule"":[""Spécialité médicale""],""product_status"":""COMMERCIALISÉ"",""company"":""BAXTER CORPORATION""}","Verify the source record, expected answer, and strict score.",pending,,,,,,,,,
